PM2.5,PM10,NO,NO2,NOx,NH3,CO,SO2,O3,Benzene,Toluene,Xylene
29.22,118.12710293078135,0.06,9.57,7.77,23.48347601937197,0.06,13.58,5.08,1.37,3.65,0.32
27.32,35.75,3.07,2.14,3.41,24.57,0.48,4.84,6.03,0.25,1.34,3.0701278234985114
24.05,41.95,2.97,0.25,3.79,21.6,0.26,8.16,11.09,0.08,0.42,3.0701278234985114
26.47,33.51,2.96,0.08,3.5,26.0,0.31,8.79,5.76,10.03,10.52,3.0701278234985114
35.13,43.65,2.96,0.15,3.69,25.1,0.31,8.49,7.94,0.12,0.52,3.0701278234985114
24.92,31.74,2.97,0.18,3.74,23.73,0.27,8.69,9.67,0.08,0.41,3.0701278234985114
21.7,27.32,4.33,0.12,5.6,26.24,0.27,4.54,8.47,8.27,8.6,3.0701278234985114
28.33,33.24,6.24,0.39,8.44,28.53,0.36,5.3,10.16,0.12,0.57,3.0701278234985114
22.63,28.06,11.4,0.33,15.49,23.59,0.28,5.52,0.79,4.18,4.62,3.0701278234985114
15.06,19.85,11.4,0.36,15.51,14.87,0.22,5.43,2.46,0.05,0.35,3.0701278234985114
19.5,25.12,11.44,0.25,15.38,17.65,0.25,6.06,1.17,0.05,0.31,3.0701278234985114
10.48,14.73,11.44,0.11,15.2,19.03,0.22,6.4,1.27,0.03,0.33,3.0701278234985114
11.79,18.9,11.47,0.95,16.08,19.13,0.25,6.79,8.71,1.02,1.41,3.0701278234985114
9.53,20.94,11.54,0.75,15.94,16.64,0.27,6.62,7.67,10.19,10.54,3.0701278234985114
8.53,11.26,11.47,0.34,15.48,15.61,0.24,6.61,1.3,0.05,0.45,3.0701278234985114
10.42,14.56,11.56,0.26,15.49,16.78,0.26,6.96,1.75,0.06,0.49,3.0701278234985114
5.74,9.67,11.53,0.34,15.57,12.4,0.21,6.79,1.16,0.03,0.31,3.0701278234985114
3.14,5.83,11.51,0.2,14.68,17.91,0.18,7.47,0.55,7.73,8.0,3.0701278234985114
1.97,4.06,11.54,0.13,15.25,12.44,0.18,6.98,1.78,6.7,6.95,3.0701278234985114
5.4,9.88,11.62,0.27,15.57,17.69,0.25,7.21,0.22,8.33,8.74,3.0701278234985114
3.55,7.84,11.7,0.18,15.6,17.07,0.26,6.97,34.49143047551845,6.89,7.42,3.0701278234985114
3.85,6.78,11.6,0.17,15.4,15.28,0.21,7.23,34.49143047551845,13.67,14.03,3.0701278234985114
4.49,8.9,11.7,0.3,15.65,14.49,0.24,6.6,1.55,20.86,21.42,3.0701278234985114
7.92,12.97,11.68,0.35,15.71,18.21,0.3,6.47,1.61,0.06,0.76,3.0701278234985114
8.24,13.13,11.6,0.23,15.48,16.69,0.28,6.46,0.1,10.3,10.91,3.0701278234985114
5.48,9.88,11.53,0.08,15.15,14.56,0.19,6.42,0.07,16.64,17.0,3.0701278234985114
6.32,11.92,11.56,0.22,15.43,15.74,0.23,6.93,0.41,22.57,22.98,3.0701278234985114
10.16,14.63,11.58,0.25,15.58,18.64,0.27,7.6,0.12,6.11,6.56,3.0701278234985114
6.15,8.99,13.16,0.63,16.56,15.26,0.24,7.36,2.82,3.21,3.68,3.0701278234985114
3.93,6.85,11.51,0.18,15.43,19.43,0.27,8.04,0.19,10.76,11.43,3.0701278234985114
13.61,17.4,11.52,0.49,15.75,22.37,0.32,8.51,2.66,22.22,22.76,3.0701278234985114
13.29,19.14,11.54,0.34,15.65,27.89,0.37,8.6,0.24,0.07,1.0,3.0701278234985114
16.09,20.04,11.47,0.09,15.21,32.66,0.31,8.61,0.06,0.06,0.82,3.0701278234985114
25.35,31.71,11.55,0.69,15.98,29.77,0.39,8.87,7.63,12.22,13.15,3.0701278234985114
27.97,33.56,11.51,0.44,15.73,29.94,0.42,8.91,0.18,0.12,1.04,3.0701278234985114
23.72,28.88,11.51,0.6,15.86,21.17,0.37,8.41,1.74,5.14,5.68,3.0701278234985114
21.05,24.86,11.46,0.65,15.85,23.68,0.32,9.08,7.27,8.15,8.56,3.0701278234985114
14.82,19.67,11.65,0.35,15.83,23.19,0.31,9.06,0.05,10.0,10.96,3.0701278234985114
8.3,12.62,11.6,0.29,15.67,22.47,0.27,9.19,34.49143047551845,14.93,15.51,3.0701278234985114
12.42,18.0,11.49,0.12,15.26,25.82,0.23,9.84,0.04,3.280840304500585,8.700972080037227,3.0701278234985114
17.92,25.29,11.55,0.56,15.89,28.94,0.38,10.05,4.03,39.79,40.5,3.0701278234985114
18.83,24.52,11.59,0.48,15.9,25.16,0.36,9.84,1.16,13.31,13.96,3.0701278234985114
6.53,10.27,11.81,0.51,16.12,17.62,0.31,9.81,0.44,3.61,3.97,3.0701278234985114
8.97,14.44,11.41,0.34,15.53,13.24,0.21,10.1,2.88,0.02,0.22,3.0701278234985114
14.67,19.13,11.48,0.36,15.59,11.35,0.25,9.92,1.07,0.02,0.3,3.0701278234985114
16.13,21.52,11.49,0.27,15.52,16.11,0.25,10.88,0.28,28.67,28.82,3.0701278234985114
13.4,19.09,11.38,0.09,15.1,15.75,0.19,11.19,0.68,16.38,16.57,3.0701278234985114
9.72,14.84,11.49,0.28,15.49,14.45,0.19,11.14,1.77,11.99,12.1,3.0701278234985114
9.03,13.23,11.57,0.42,15.65,12.13,0.22,11.09,2.5,0.04,0.26,3.0701278234985114
1.96,4.32,15.59,0.62,20.63,16.72,0.21,11.13,4.82,3.34,3.51,3.0701278234985114
3.47,9.67,11.6,0.35,15.67,19.71,0.24,11.89,2.67,0.38,4.02,3.0701278234985114
3.62,7.84,11.59,0.47,15.72,12.68,0.24,11.24,1.98,3.06,3.58,3.0701278234985114
3.43,7.24,11.61,0.21,15.46,12.93,0.22,11.38,0.24,30.73,31.04,3.0701278234985114
3.68,7.45,11.54,0.08,15.13,12.87,0.17,11.58,0.1,3.280840304500585,8.700972080037227,3.0701278234985114
4.52,9.11,12.06,0.59,15.89,12.84,0.22,11.83,3.37,14.32,14.63,3.0701278234985114
3.96,8.56,11.74,0.21,15.7,13.28,0.24,12.13,34.49143047551845,3.280840304500585,8.700972080037227,3.0701278234985114
2.33,6.33,11.68,0.29,15.65,14.43,0.24,12.24,2.76,36.41,36.5,3.0701278234985114
2.17,4.57,11.64,0.22,15.57,16.06,0.19,12.61,2.8,3.74,4.0,3.0701278234985114
2.49,7.33,20.36,0.7,25.15,25.23,0.24,12.97,3.3,17.11,17.44,3.0701278234985114
2.81,6.19,11.75,0.15,15.62,18.88,0.21,12.82,34.49143047551845,3.280840304500585,8.700972080037227,3.0701278234985114
5.2,118.12710293078135,11.58,0.09,15.25,19.16,0.18,12.16,34.49143047551845,3.280840304500585,8.700972080037227,3.0701278234985114
14.44,22.3,11.79,0.76,16.31,22.38,0.41,13.0,0.87,10.9,11.62,3.0701278234985114
10.08,13.04,11.62,0.13,15.49,24.75,0.33,13.48,34.49143047551845,0.04,0.55,3.0701278234985114
1.54,2.79,11.77,0.1,15.52,21.4,0.22,13.44,34.49143047551845,65.53,65.67,3.0701278234985114
0.99,8.1,11.67,0.25,15.53,21.22,0.2,11.92,3.6,0.03,0.33,3.0701278234985114
1.4,5.8,11.65,0.07,15.31,22.03,0.17,8.11,4.35,81.92,82.01,3.0701278234985114
0.98,4.59,11.63,0.07,15.17,24.59,0.16,8.82,3.77,3.280840304500585,8.700972080037227,3.0701278234985114
1.19,4.99,11.66,0.07,15.3,24.48,0.17,8.52,4.17,3.280840304500585,8.700972080037227,3.0701278234985114
1.14,6.19,11.83,0.37,15.85,20.36,0.17,8.62,4.86,12.62,12.86,3.0701278234985114
67.45057794890306,1.99,13.01,0.33,15.57,19.46,0.16,5.65,4.5,35.02,35.09,3.0701278234985114
1.25,9.1,11.7,0.22,15.6,24.03,0.15,1.76,2.0,23.25,23.25,3.0701278234985114
5.92,19.02,11.74,0.26,15.74,36.73,0.2,2.84,1.58,13.67,13.94,3.0701278234985114
2.46,12.72,11.74,0.08,15.47,34.12,0.22,2.39,34.49143047551845,0.04,0.25,3.0701278234985114
2.63,9.03,11.55,0.06,15.15,29.9,0.15,2.33,0.34,3.280840304500585,8.700972080037227,3.0701278234985114
2.88,13.68,11.74,0.32,15.79,29.98,0.16,1.91,1.79,12.27,12.38,3.0701278234985114
2.76,13.65,11.61,0.38,15.67,25.38,0.05,0.95,2.6,20.29,20.36,3.0701278234985114
8.62,32.1,11.57,0.14,15.41,25.57,0.07,1.08,1.84,17.08,17.17,3.0701278234985114
7.98,28.92,11.57,0.16,15.5,23.4,0.05,1.03,1.76,3.280840304500585,8.700972080037227,3.0701278234985114
1.39,7.21,11.8,0.18,15.71,22.46,0.03,1.24,1.08,3.280840304500585,8.700972080037227,3.0701278234985114
0.16,3.16,11.69,0.07,15.41,22.42,0.02,1.08,1.29,3.280840304500585,8.700972080037227,3.0701278234985114
0.24,1.15,11.56,0.05,15.14,25.45,0.02,1.38,1.4,3.280840304500585,8.700972080037227,3.0701278234985114
0.28,10.02,12.04,0.13,15.96,28.73,0.12,2.03,0.95,3.280840304500585,8.700972080037227,3.0701278234985114
1.89,9.27,11.91,0.1,15.75,28.68,0.11,2.23,1.16,3.280840304500585,8.700972080037227,3.0701278234985114
4.49,5.39,11.44,0.07,15.11,19.41,0.02,2.07,3.39,3.280840304500585,8.700972080037227,3.0701278234985114
7.16,26.39,3.86,5.22,5.99,8.62,0.59,6.62,14.29,0.0,0.95,3.0701278234985114
7.97,33.2,4.26,6.48,7.0,8.66,0.61,6.01,11.52,0.0,1.06,3.0701278234985114
6.48,23.83,2.39,3.54,3.83,8.32,0.47,5.97,11.63,0.0,0.82,3.0701278234985114
7.2,34.11,3.7,5.73,6.14,7.23,0.5,7.01,18.9,0.0,1.07,3.0701278234985114
8.27,27.27,3.72,5.86,6.14,6.04,0.53,6.69,7.51,0.0,0.98,3.0701278234985114
9.21,27.62,2.67,3.26,3.9,6.59,0.44,6.91,11.95,0.0,0.73,3.0701278234985114
8.85,30.54,2.7,3.86,4.26,5.01,0.36,5.44,20.73,0.0,0.74,3.0701278234985114
11.04,38.34,3.76,5.11,5.87,6.78,0.48,6.21,16.31,0.0,0.71,3.0701278234985114
23.9,37.71,4.65,26.74,18.01,12.69,0.56,6.01,12.46,3.280840304500585,8.700972080037227,3.0701278234985114
14.05,30.86,2.4,7.74,6.2,13.78,0.16,6.45,30.33,0.26,0.09,3.0701278234985114
9.85,29.97,3.12,7.5,6.61,15.05,0.4,6.02,21.63,0.22,0.08,3.0701278234985114
8.68,26.62,2.19,5.01,4.44,12.07,0.31,6.29,19.52,0.2,0.06,0.1
7.5,24.01,3.64,6.56,6.54,11.23,0.3,7.42,20.89,0.23,0.08,3.0701278234985114
7.75,28.62,4.99,8.7,8.78,13.07,0.44,10.4,25.38,0.21,0.09,3.0701278234985114
10.45,41.47,4.1,11.13,9.34,14.62,0.47,9.94,28.24,0.21,0.09,0.1
12.7,49.26,4.31,9.81,8.8,11.05,0.42,8.98,32.3,0.22,0.1,3.0701278234985114
14.48,35.5,5.28,12.77,11.09,12.61,0.5,9.81,24.28,0.19,0.07,0.1
16.73,40.15,6.61,16.05,14.0,19.69,0.44,9.02,20.11,0.11,0.07,0.13
18.72,57.71,7.08,25.46,19.29,22.11,0.42,12.33,18.28,0.12,0.15,0.1
11.39,28.72,4.4,11.2,9.63,24.46,0.39,9.47,21.17,0.12,0.07,0.1
10.62,19.96,3.71,9.32,8.1,17.43,0.59,10.32,14.62,0.07,0.03,0.1
8.1,15.83,2.78,8.58,6.84,11.88,0.77,8.72,14.52,0.0,0.0,3.0701278234985114
8.98,37.07,6.59,12.51,12.1,18.93,0.75,8.48,21.47,0.0,0.03,3.0701278234985114
9.7,30.1,20.22,13.81,23.79,16.77,0.72,7.25,14.92,0.01,0.1,3.0701278234985114
16.86,36.56,4.6,26.48,17.83,2.72,0.55,10.19,21.33,0.0,0.05,3.0701278234985114
10.89,19.98,2.2,28.6,17.01,22.45,0.45,12.41,17.5,0.0,0.0,3.0701278234985114
16.38,33.04,4.77,39.69,24.99,23.12,0.67,44.59,19.12,0.0,0.01,3.0701278234985114
27.25,49.07,2.38,27.55,16.59,22.29,0.44,11.04,19.68,0.02,0.06,3.0701278234985114
17.03,46.96,2.89,10.15,7.82,5.53,0.5,13.84,21.8,1.51,3.77,0.25
9.39,36.94,2.81,12.29,8.89,4.58,0.35,17.07,24.65,0.27,2.25,0.14
9.77,35.42,1.48,12.59,7.81,3.34,0.32,21.81,28.75,0.01,2.55,0.14
12.11,40.82,2.1,15.46,9.94,4.07,0.31,12.72,23.43,0.06,1.73,0.13
11.81,43.2,5.0,29.99,20.12,4.69,0.34,13.82,41.43,0.09,1.65,0.13
10.02,31.73,4.88,33.11,21.72,3.35,0.49,17.28,38.1,0.2,2.31,0.1
9.55,31.71,3.23,24.02,15.47,2.09,0.36,16.48,32.84,0.27,1.13,0.12
17.9,39.22,2.87,29.14,17.92,4.79,0.57,16.39,32.98,0.18,2.02,0.15
17.07,40.3,1.54,25.75,15.04,5.54,0.5,16.01,36.19,0.04,1.81,5.99
13.45,34.6,1.0,24.16,13.66,4.77,0.46,14.9,40.53,0.06,1.31,0.2
9.57,26.83,2.1,22.0,13.49,3.36,0.36,19.5,32.37,0.07,0.44,0.1
8.23,21.73,1.72,20.71,12.5,2.82,0.32,18.01,32.91,0.05,0.23,3.0701278234985114
11.55,25.16,1.2,22.16,12.76,2.1,0.35,17.0,40.21,0.03,0.41,0.1
13.4,23.95,4.39,29.37,19.27,2.9,0.42,16.27,29.58,0.11,0.91,0.24
15.17,40.56,0.93,18.2,10.43,1.28,0.39,23.12,30.24,0.09,0.56,0.16
13.1,34.85,2.64,22.88,14.4,1.91,0.33,17.88,25.83,0.17,0.97,0.17
11.3,31.96,4.61,23.47,16.32,1.62,0.28,17.09,27.47,0.11,0.82,0.15
11.17,25.03,5.24,26.2,18.29,2.44,0.34,23.89,26.88,0.2,1.2,0.11
17.22,34.78,1.25,4.58,3.13,3.6,0.42,14.79,36.77,0.2,1.3,0.25
12.68,20.52,0.74,3.7,2.34,2.84,0.4,15.89,31.62,0.03,0.56,0.17
10.73,22.63,2.92,9.95,7.26,2.99,0.36,16.35,32.13,0.12,1.45,0.22
14.44,40.44,4.68,17.05,12.96,2.72,0.47,15.46,27.69,0.18,2.6,0.29
22.28,42.15,2.14,13.16,8.82,6.07,0.54,20.51,33.08,0.08,1.4,0.26
11.14,18.23,1.11,5.65,3.93,5.5,0.44,13.82,37.65,0.05,1.13,0.26
14.72,22.46,1.25,4.64,3.56,4.81,0.49,9.71,34.63,0.03,0.98,0.18
12.89,26.39,2.53,9.64,7.23,4.25,0.5,15.68,29.49,0.09,1.26,0.2
13.53,23.73,8.56,12.71,13.79,3.87,0.42,15.77,22.09,0.09,0.98,0.16
7.48,15.84,4.57,10.04,8.96,3.4,0.38,12.51,20.01,0.09,0.96,0.15
13.25,37.61,0.65,2.08,1.4,2.17,0.33,12.58,22.05,0.0,0.38,0.1
8.0,22.87,5.36,10.03,9.41,1.87,0.31,14.72,22.5,0.19,0.98,0.13
10.62,26.84,2.17,4.4,4.19,2.59,0.38,11.66,24.46,0.2,0.88,0.11
8.71,21.35,1.77,4.43,3.76,2.43,0.39,13.83,20.11,0.06,0.5,0.21
9.31,19.98,1.48,3.35,2.36,4.4,0.32,11.83,20.23,0.09,0.36,0.1
9.09,18.33,1.68,4.02,3.51,6.13,0.34,10.88,23.92,0.19,0.4,3.0701278234985114
7.53,24.18,2.74,6.1,5.55,6.38,0.34,26.08,26.62,0.35,0.49,0.1
6.89,13.83,2.96,6.48,5.95,6.28,0.34,13.35,21.06,0.06,0.61,0.12
7.45,19.56,3.47,7.66,6.99,6.31,0.27,11.94,22.68,0.29,0.5,0.1
10.88,30.31,3.17,10.11,8.05,6.98,0.41,11.86,22.62,0.12,1.08,0.16
18.19,43.56,1.89,7.45,5.5,6.45,0.32,12.44,25.4,0.37,0.73,3.0701278234985114
15.75,34.12,2.8,9.34,7.33,12.08,0.4,28.32,36.06,0.16,1.66,0.17
17.54,31.8,2.74,9.58,7.48,13.57,0.42,20.69,28.25,0.28,3.35,0.12
14.98,36.58,4.5,13.97,11.18,15.31,0.47,14.17,29.78,0.12,0.75,0.14
10.11,23.08,23.03,14.19,14.12,24.24,0.45,16.84,23.09,0.13,0.99,0.13
23.31,39.09,2.21,12.18,8.29,17.46,0.55,18.77,31.69,0.05,1.04,0.3
21.05,31.3,5.93,14.29,12.62,11.94,0.7,12.85,24.81,0.16,2.59,0.27
18.12,33.96,5.09,11.78,10.49,12.69,0.46,14.24,17.41,0.12,2.45,0.54
7.08,21.25,3.19,7.96,6.83,9.64,0.45,13.99,26.75,0.05,1.45,0.37
9.48,25.78,3.47,11.3,8.92,9.41,0.58,12.14,27.95,0.13,2.5,0.32
13.78,24.72,3.08,10.61,8.24,10.25,0.47,11.83,29.61,0.21,3.14,0.24
9.29,20.41,8.72,16.43,15.93,7.32,0.59,11.26,25.66,0.25,2.18,0.28
7.14,23.73,4.15,11.84,9.76,7.79,0.5,8.21,28.73,0.19,1.11,0.23
7.53,26.41,3.75,10.7,8.83,7.21,0.46,5.29,25.04,0.14,1.46,0.16
18.57,36.29,3.0,9.97,7.46,8.32,0.76,14.66,22.53,0.23,3.37,0.22
19.51,39.12,3.98,13.01,10.25,8.33,0.65,15.46,29.36,0.22,3.84,0.24
18.54,35.57,6.02,13.63,12.23,8.18,0.62,12.08,28.76,0.2,2.33,0.22
12.01,28.41,7.47,13.82,13.43,6.44,0.64,11.34,25.6,0.27,4.01,0.29
18.41,39.48,7.8,11.45,12.51,7.12,0.6,11.51,31.08,0.16,1.6,0.16
22.79,38.35,2.27,18.79,11.83,14.34,0.64,19.87,23.59,0.6,5.88,0.24
19.94,42.27,2.1,10.35,7.22,13.25,0.47,13.38,31.97,0.26,0.91,0.13
24.44,47.41,3.38,12.27,9.27,14.49,0.54,15.16,30.12,0.36,0.95,0.17
20.12,42.08,4.32,14.78,11.37,14.0,0.52,15.01,27.59,0.38,1.08,0.17
16.85,37.38,2.13,9.88,6.98,14.69,0.44,18.3,36.72,0.18,0.33,0.13
22.46,41.78,1.94,10.81,7.33,15.98,0.38,20.25,35.46,0.23,0.33,0.1
20.14,31.66,2.18,7.85,5.94,10.82,0.49,18.35,26.21,0.13,0.32,0.1
19.0,31.65,1.94,5.45,4.48,10.31,0.48,17.86,29.66,0.14,0.18,3.0701278234985114
14.26,24.49,2.46,6.19,5.28,10.4,0.52,12.13,26.65,0.13,0.29,0.1
10.28,22.95,2.09,8.15,6.03,8.47,0.49,29.5,24.62,0.1,0.42,0.1
12.37,22.79,3.17,9.77,7.78,9.65,0.54,18.18,19.25,0.09,0.69,0.1
10.63,22.11,2.43,7.78,6.12,9.32,0.46,25.19,24.48,0.09,0.56,0.1
11.08,19.3,2.13,5.99,4.92,8.81,0.48,20.86,23.99,0.03,0.33,3.0701278234985114
12.73,24.73,2.25,5.62,4.83,10.53,0.49,17.37,25.1,0.01,0.26,3.0701278234985114
18.17,33.52,2.24,5.74,4.88,9.23,0.45,14.83,25.04,0.02,0.24,3.0701278234985114
23.78,44.16,1.98,8.07,5.91,9.98,0.49,21.65,27.22,0.11,0.65,0.18
25.83,45.42,2.21,7.94,6.02,9.82,0.47,22.1,28.67,0.18,0.78,0.19
27.28,47.52,2.65,9.42,7.16,10.82,0.57,19.49,28.25,0.19,0.88,0.13
19.45,36.11,2.41,9.54,7.05,9.35,0.58,16.2,31.44,0.11,0.56,0.1
15.23,28.92,2.14,7.4,5.67,10.07,0.49,25.54,28.78,0.08,0.51,0.1
13.9,26.07,1.78,5.15,4.18,8.51,0.49,23.29,25.43,0.04,0.29,0.15
25.49,42.7,1.46,4.19,3.42,10.08,0.48,23.0,27.87,0.05,0.24,3.0701278234985114
17.19,39.17,1.39,4.81,3.69,7.58,0.46,20.71,28.52,0.08,0.42,0.14
16.28,33.84,1.54,3.77,3.25,7.66,2.2485982090856145,20.08,17.23,0.02,0.18,3.0701278234985114
11.01,28.46,1.46,3.53,3.07,7.63,2.2485982090856145,17.69,16.26,0.04,0.19,3.0701278234985114
16.58,36.98,1.45,4.27,3.46,7.28,2.2485982090856145,19.86,25.67,0.01,0.22,0.1
13.72,31.06,1.4,4.58,3.58,6.74,0.0,15.56,26.1,0.05,0.54,0.16
16.75,36.94,1.33,4.59,3.53,6.79,0.0,13.59,25.74,0.05,0.36,3.0701278234985114
18.38,40.46,1.31,4.91,3.66,7.17,0.0,14.3,27.51,0.05,0.38,0.1
19.77,45.79,1.4,4.99,3.77,7.23,0.0,14.56,26.57,0.06,0.36,3.0701278234985114
17.21,38.03,1.45,4.4,3.53,6.84,0.0,13.37,24.22,0.03,0.28,3.0701278234985114
13.28,40.72,1.37,4.83,3.68,7.29,0.0,12.24,25.98,0.06,0.31,0.1
7.38,26.67,1.37,3.7,3.09,6.49,2.2485982090856145,13.63,25.12,0.02,0.25,3.0701278234985114
7.59,24.92,1.44,3.52,3.04,6.17,2.2485982090856145,13.62,23.68,0.03,0.23,3.0701278234985114
7.81,23.53,1.5,4.13,3.42,6.17,2.2485982090856145,15.82,19.01,0.01,0.25,0.1
7.35,20.8,1.47,4.16,3.4,5.9,2.2485982090856145,13.92,18.71,0.02,0.25,3.0701278234985114
9.51,24.12,1.32,3.97,2.97,6.56,0.0,12.29,19.18,0.05,0.23,3.0701278234985114
11.34,26.66,1.39,3.97,3.24,6.59,0.0,14.53197725590996,21.01,0.02,0.23,3.0701278234985114
9.36,26.24,1.39,3.87,3.19,6.41,0.0,14.53197725590996,22.75,0.02,0.19,3.0701278234985114
14.44,38.88,1.36,4.26,3.38,6.81,0.0,14.53197725590996,31.0,0.0,0.2,3.0701278234985114
10.61,33.88,1.46,5.21,3.95,5.9,0.0,14.53197725590996,32.29,0.05,0.43,0.12
35.38,63.42,1.42,11.76,7.42,7.98,0.0,14.53197725590996,34.99,0.36,0.81,0.1
14.28,35.43,1.65,5.46,4.24,8.57,2.2485982090856145,6.68,19.59,0.02,0.29,3.0701278234985114
18.76,41.98,1.52,5.55,3.77,8.35,2.2485982090856145,7.49,19.9,0.02,0.33,3.0701278234985114
18.81,47.91,1.44,5.84,4.27,8.22,2.2485982090856145,8.18,23.44,0.02,0.28,3.0701278234985114
14.26,34.12,1.36,4.75,3.64,7.39,2.2485982090856145,8.02,23.19,0.07,0.47,137.45
17.1,44.23,1.56,6.38,4.65,7.21,2.2485982090856145,5.75,20.46,0.05,0.51,3.0701278234985114
13.9,36.24,1.5,5.16,3.81,7.31,2.2485982090856145,13.56,19.85,0.05,0.36,3.0701278234985114
13.11,36.14,1.52,4.87,3.64,6.48,2.2485982090856145,9.04,19.71,0.04,0.32,3.0701278234985114
12.05,34.03,1.5,4.68,3.71,6.75,2.2485982090856145,7.64,17.21,0.03,0.3,3.0701278234985114
13.47,36.01,1.52,5.95,4.37,5.54,2.2485982090856145,8.83,21.83,0.06,0.54,3.0701278234985114
67.45057794890306,35.01,1.47,5.28,4.02,6.14,2.2485982090856145,9.38,28.31,0.03,0.52,3.0701278234985114
67.45057794890306,44.57,1.78,14.19,8.73,8.16,2.2485982090856145,11.96,29.87,0.05,0.94,3.0701278234985114
8.09,37.02,1.58,9.29,6.22,4.7,0.48,9.85,14.81,0.12,1.75,0.12
12.78,38.24,1.66,9.72,6.52,10.11,0.51,6.61,18.39,0.09,1.19,0.22
10.23,35.22,1.85,10.19,6.6,7.4,0.5,12.47,19.36,0.1,1.18,0.19
7.89,34.52,1.76,11.09,7.33,7.17,0.54,16.74,18.72,0.05,0.45,0.1
10.14,43.39,1.33,7.06,4.83,6.2,0.42,12.83,35.22,0.09,0.55,0.19
11.49,47.69,1.48,6.9,4.87,6.93,0.42,12.34,38.36,0.06,0.36,0.1
4.7,12.83,1.66,10.03,6.69,8.76,0.53,13.34,34.37,0.08,0.52,0.1
4.65,12.76,1.48,8.44,5.7,7.97,0.48,12.34,35.22,0.06,0.28,0.1
11.71,25.81,1.6,8.06,5.6,8.67,0.53,16.01,39.34,0.07,0.57,0.29
10.07,24.04,2.12,9.21,6.62,8.73,0.48,12.19,33.82,0.06,0.41,0.1
11.61,31.52,4.88,16.7,12.86,8.35,0.5,16.28,31.19,0.09,0.78,0.36
8.73,18.33,4.64,16.26,11.66,10.3,0.38,17.54,29.47,0.09,0.54,0.2
11.2,27.86,3.27,12.95,9.54,12.91,0.62,17.81,31.9,0.1,0.81,0.19
11.03,34.97,3.18,13.74,9.89,8.92,0.64,10.39,31.37,0.14,1.43,0.32
12.74,30.83,1.66,10.27,6.81,9.45,0.59,13.28,34.95,0.13,0.77,0.15
17.97,50.49,2.05,12.1,8.1,10.92,0.65,11.68,30.15,0.17,1.55,0.53
20.74,37.36,1.9,8.44,6.03,14.57,0.62,15.38,39.32,0.13,0.89,0.28
10.41,20.55,1.88,7.21,5.37,12.46,0.53,15.86,25.96,0.06,0.3,3.0701278234985114
14.5,24.43,1.53,6.53,4.72,8.97,0.55,13.75,33.76,0.06,0.27,0.15
16.65,28.51,1.43,8.32,5.59,9.77,0.66,10.86,37.34,0.1,0.43,0.12
19.52,21.88,14.77,6.02,32.30912333307031,1.48,0.43,26.24,11.53,3.280840304500585,8.700972080037227,3.0701278234985114
16.38,25.27,13.47,31.72,32.30912333307031,12.84,0.0,3.28,23.22,3.280840304500585,8.700972080037227,3.0701278234985114
20.11,34.76,12.78,30.57,32.30912333307031,12.37,0.0,4.88,25.45,3.280840304500585,8.700972080037227,3.0701278234985114
24.29,39.48,20.48,37.9,32.30912333307031,30.36,0.0,5.14,18.12,3.280840304500585,8.700972080037227,3.0701278234985114
24.3,27.21,12.55,21.26,32.30912333307031,29.06,0.0,3.13,31.65,3.280840304500585,8.700972080037227,3.0701278234985114
25.74,118.12710293078135,17.33,16.62,32.30912333307031,28.63,0.0,5.49,14.42,3.280840304500585,8.700972080037227,3.0701278234985114
28.28,118.12710293078135,15.97,17.11,32.30912333307031,28.5,0.0,5.78,15.2,3.280840304500585,8.700972080037227,3.0701278234985114
25.1,118.12710293078135,14.79,16.71,32.30912333307031,28.27,0.0,7.31,13.77,3.280840304500585,8.700972080037227,3.0701278234985114
25.99,118.12710293078135,14.47,17.07,32.30912333307031,28.26,0.0,12.18,15.0,3.280840304500585,8.700972080037227,3.0701278234985114
27.14,118.12710293078135,15.96,16.78,32.30912333307031,28.42,0.0,7.85,14.22,3.280840304500585,8.700972080037227,3.0701278234985114
25.81,118.12710293078135,15.62,16.07,32.30912333307031,28.3,0.0,5.27,13.02,3.280840304500585,8.700972080037227,3.0701278234985114
23.96,118.12710293078135,15.77,16.56,32.30912333307031,28.38,0.0,9.33,13.83,3.280840304500585,8.700972080037227,3.0701278234985114
25.3,118.12710293078135,11.68,15.02,32.30912333307031,28.01,0.0,9.15,34.49143047551845,6.2,8.700972080037227,3.0701278234985114
20.42,118.12710293078135,11.57,14.94,32.30912333307031,27.94,0.0,9.78,34.49143047551845,5.54,8.700972080037227,3.0701278234985114
17.64,118.12710293078135,11.61,14.63,32.30912333307031,27.84,0.0,6.27,34.49143047551845,5.4,8.700972080037227,3.0701278234985114
19.68,118.12710293078135,11.98,14.75,32.30912333307031,27.86,0.0,3.32,34.49143047551845,5.4,8.700972080037227,3.0701278234985114
26.47,68.35,10.84,14.04,32.30912333307031,27.7,0.0,4.25,28.62,5.16,8.700972080037227,3.0701278234985114
14.6,40.21,10.77,16.86,27.63,5.96,2.2485982090856145,8.09,17.42,0.71,2.2,3.84
26.32,72.24,11.82,17.53,29.34,6.64,2.2485982090856145,9.9,26.17,0.94,2.44,4.51
36.03,55.76,10.43,8.76,19.19,7.64,2.2485982090856145,5.66,25.23,3.29,2.6,3.73
28.43,47.3,9.81,9.41,18.61,7.55,0.0,3.1,29.37,2.58,1.77,5.09
22.09,41.49,10.07,9.35,16.76,7.6,0.0,2.67,34.97,1.92,1.31,4.28
23.24,40.44,9.38,6.02,12.91,4.71,0.36,4.05,39.98,1.54,0.93,6.25
14.82,31.86,10.62,4.83,7.46,6.71,0.13,3.45,27.37,0.93,0.63,1.92
67.45057794890306,28.23,12.49,6.7,19.19,5.32,0.24,1.95,27.33,1.84,1.39,7.89
67.45057794890306,38.77,12.69,6.65,19.32,5.31,0.37,1.92,26.45,1.99,1.55,10.86
67.45057794890306,19.9,12.57,7.92,20.49,3.58,2.2485982090856145,8.37,34.38,1.72,1.27,7.2
67.45057794890306,18.23,13.32,6.56,17.81,3.21,2.2485982090856145,6.67,33.25,1.94,1.4,6.75
67.45057794890306,19.99,5.55,7.11,12.66,7.71,2.2485982090856145,7.22,35.4,1.99,1.39,5.88
67.45057794890306,38.43,5.69,7.67,13.36,7.56,2.2485982090856145,8.7,34.38,2.02,1.63,9.18
67.45057794890306,38.21,5.73,7.76,13.49,7.43,2.2485982090856145,8.69,29.83,2.32,2.04,11.65
67.45057794890306,65.08,5.52,7.83,13.35,7.46,2.2485982090856145,8.41,28.86,2.07,1.73,11.65
67.45057794890306,35.59,9.76,10.34,20.11,5.91,2.2485982090856145,7.25,38.17,1.8,1.36,10.34
67.45057794890306,24.03,7.16,9.47,16.62,5.68,2.2485982090856145,5.18,32.67,1.9,1.45,10.81
19.92,37.9,13.48,12.06,25.24,6.42,1.01,8.09,32.38,2.35,1.35,4.98
67.45057794890306,30.87,12.46,12.01,21.0,7.26,0.0,5.23,25.65,4.85,2.54,7.12
67.45057794890306,47.04,14.88,13.39,25.88,6.29,0.0,6.56,31.61,4.72,2.57,9.67
67.45057794890306,39.17,21.61,11.55,29.63,7.67,0.0,2.99,23.02,4.88,5.88,5.25
67.45057794890306,24.89,10.26,7.84,18.1,4.47,0.0,3.13,22.58,5.02,7.59,8.23
67.45057794890306,34.62,10.88,10.65,21.4,4.37,0.0,2.87,17.87,5.23,7.87,11.46
67.45057794890306,43.28,10.47,10.85,21.24,4.34,0.0,4.32,19.64,5.43,8.11,11.24
67.45057794890306,42.87,15.68,15.46,31.14,10.81,0.0,2.74,21.88,5.44,8.16,11.58
67.45057794890306,47.01,17.18,14.9,32.09,13.52,0.0,2.81,21.21,4.66,6.9,9.22
67.45057794890306,36.96,15.74,11.61,27.34,9.31,0.0,3.01,19.82,4.08,5.91,10.03
67.45057794890306,41.76,15.74,11.37,27.11,9.31,0.0,2.28,22.39,4.09,6.0,10.48
67.45057794890306,56.83,15.24,11.48,26.72,9.5,0.0,3.49,25.12,4.27,6.1,10.36
67.45057794890306,10.81,18.2,3.94,22.06,7.38,0.02,5.15,10.8,3.87,5.72,7.31
67.45057794890306,17.01,5.52,0.79,6.29,6.7,0.0,4.9,16.19,5.77,3.68,6.79
67.45057794890306,27.65,6.39,1.41,7.8,4.63,0.0,3.16,12.47,12.5,0.73,12.25
14.88,35.71,18.18,18.29,32.3,9.36,0.0,14.53197725590996,6.58,4.95,0.52,2.56
9.17,25.17,19.78,18.35,38.13,6.91,0.0,14.53197725590996,9.17,6.1,0.35,2.36
10.42,29.31,17.8,20.46,38.27,4.58,0.0,14.53197725590996,5.93,6.12,0.37,2.76
25.43,54.23,11.04,17.56,28.61,5.87,0.0,14.53197725590996,24.43,5.41,0.75,4.26
19.43,42.71,10.75,12.18,22.94,7.85,0.1,14.53197725590996,20.07,3.52,6.03,2.52
23.77,56.26,8.52,16.42,24.89,6.13,0.21,14.53197725590996,17.42,4.41,6.03,2.57
24.73,49.38,9.45,9.94,18.63,10.66,0.5,11.8,14.03,3.7,1.12,13.25
25.95,51.61,16.38,14.3,23.36,13.78,0.08,11.39,13.14,4.32,1.18,13.25
17.41,41.49,9.36,9.96,17.13,10.51,0.35,12.07,14.03,3.58,1.09,8.2
23.92,45.63,8.83,10.22,17.6,10.46,0.51,21.06,11.71,3.73,1.13,5.79
16.58,37.38,9.06,9.41,17.4,10.23,0.1,9.62,18.66,3.33,1.12,4.83
24.34,49.36,9.15,9.82,17.87,10.23,0.54,5.44,16.52,3.32,1.11,8.31
21.94,49.35,8.25,9.3,17.08,10.06,0.51,7.89,13.87,3.59,1.13,2.47
23.62,49.13,12.23,9.02,21.25,10.42,0.76,5.33,10.8,2.93,1.13,2.0
22.43,46.17,13.5,9.19,22.22,10.72,0.57,5.57,10.14,3.0,1.1,2.7
19.43,39.75,13.5,9.19,22.69,10.72,0.42,6.13,14.29,3.16,1.13,2.0
11.69,37.87,13.5,9.19,22.69,10.72,0.56,9.05,16.87,2.86,1.13,2.15
16.58,35.71,13.46,9.16,21.71,10.68,0.29,6.64,18.05,2.74,1.06,2.92
25.06,53.57,13.5,9.19,22.69,10.72,0.53,6.39,24.63,3.15,1.14,2.0
16.26,48.02,13.12,10.54,23.63,9.32,0.56,16.98,11.52,1.66,1.1,2.0
25.36,39.49,9.52,9.85,19.31,13.04,0.65,12.42,11.47,1.7,2.08,2.0
26.37,51.37,9.83,10.32,19.82,9.12,0.74,13.18,15.19,1.84,2.44,2.0
24.95,35.96,12.59,14.74,22.04,6.11,0.77,4.81,16.97,1.6,1.8,1.98
24.14,31.7,9.89,10.12,18.84,12.01,0.62,6.32,22.11,1.51,1.52,1.9
20.09,34.55,18.33,11.21,28.01,12.03,0.85,8.49,22.14,1.4,1.55,2.0
17.45,38.01,18.7,11.4,28.05,12.66,0.7,7.76,42.81,1.38,1.47,1.98
8.8,18.03,21.51,11.43,31.09,12.4,0.8,5.88,43.02,1.32,1.42,2.0
11.33,30.5,18.12,11.33,27.79,12.74,0.82,8.85,43.02,1.35,1.54,2.0
9.84,39.79,19.48,13.03,29.25,12.24,0.79,13.02,43.02,1.33,1.43,2.0
13.72,51.33,21.63,14.02,31.4,12.69,0.74,9.17,43.02,1.36,1.6,2.0
13.33,25.58,27.84,22.14,37.92,14.22,0.63,8.09,17.0,1.3,1.1,8.72
19.12,33.74,30.02,39.8,34.58,17.15,0.71,11.8,22.8,1.23,1.04,8.33
15.5,24.76,21.22,15.84,30.45,13.12,0.77,8.67,39.85,1.3,1.1,8.72
26.99,43.07,21.13,15.1,30.36,12.77,0.59,6.56,40.04,1.3,1.1,8.81
26.77,60.69,26.99,19.83,34.03,14.94,0.67,4.89,16.48,1.3,1.1,8.81
23.81,118.12710293078135,4.01,6.21,13.57,5.42,2.2485982090856145,26.42,32.79,0.22,8.700972080037227,3.0701278234985114
23.11,118.12710293078135,4.16,6.84,14.07,18.77,3.65,12.35,15.88,3.280840304500585,12.16,3.0701278234985114
19.59,118.12710293078135,4.35,8.42,12.28,17.93,3.1,26.92,157.2,3.280840304500585,2.17,3.0701278234985114
40.74,118.12710293078135,8.61,32.27,20.96,14.66,0.0,2.77,7.96,4.9,1.37,3.0701278234985114
22.68,118.12710293078135,2.8,18.7,9.83,8.31,1.3,1.35,16.42,5.04,1.3,3.0701278234985114
25.14,118.12710293078135,3.59,11.03,7.88,8.39,2.42,2.54,8.9,16.64,1.96,3.0701278234985114
19.16,118.12710293078135,5.08,10.27,7.61,11.91,1.09,3.35,3.53,21.09,2.58,3.0701278234985114
21.86,118.12710293078135,3.06,10.02,6.18,26.16,1.16,3.79,3.29,15.14,1.82,3.0701278234985114
23.54,118.12710293078135,1.75,9.49,6.09,26.12,1.19,2.18,11.57,3.280840304500585,1.19,3.0701278234985114
11.75,118.12710293078135,3.39,11.66,8.49,23.78,1.06,2.54,5.72,3.280840304500585,8.700972080037227,3.0701278234985114
13.18,118.12710293078135,2.99,8.71,7.78,23.94,1.01,2.34,21.33,3.280840304500585,1.01,3.0701278234985114
29.89,118.12710293078135,2.14,15.14,9.02,18.44,1.13,2.62,11.56,11.14,4.74,3.0701278234985114
48.94,118.12710293078135,3.47,8.59,6.93,22.21,1.07,2.62,23.3,3.26,2.23,3.0701278234985114
27.01,39.39,6.67,18.35,15.54,19.96,0.91,4.16,22.93,3.3,3.76,3.0701278234985114
27.51,41.15,11.01,23.46,20.58,36.19,0.47,5.04,20.14,2.43,7.06,3.0701278234985114
28.47,29.97,2.66,5.53,4.62,7.22,0.56,4.42,32.59,1.54,2.92,3.0701278234985114
22.27,33.48,2.09,10.54,6.35,7.84,0.52,3.81,30.79,1.32,3.34,3.0701278234985114
42.52,41.96,1.96,8.91,5.78,8.66,0.42,4.46,29.76,1.35,3.81,3.0701278234985114
25.75,40.98,1.55,6.83,4.57,10.37,0.42,4.91,31.86,1.28,3.75,3.0701278234985114
67.45057794890306,32.45,2.12,8.52,5.85,24.05,0.43,5.53,34.49143047551845,3.280840304500585,1.29,3.0701278234985114
67.45057794890306,34.84,1.87,8.02,5.43,21.54,0.49,7.0,34.49143047551845,3.280840304500585,1.23,3.0701278234985114
67.45057794890306,39.88,1.78,7.12,4.86,21.52,0.43,5.81,34.49143047551845,3.280840304500585,1.14,3.0701278234985114
67.45057794890306,36.26,1.82,7.81,5.28,21.36,0.43,4.2,34.49143047551845,3.280840304500585,1.15,3.0701278234985114
67.45057794890306,19.21,1.69,7.3,4.9,17.98,0.49,2.55,34.49143047551845,3.280840304500585,1.19,3.0701278234985114
35.98,29.59,3.03,14.57,9.75,30.8,0.76,4.5,34.49143047551845,3.280840304500585,1.93,3.0701278234985114
27.6,32.09,5.0,25.1,16.73,56.94,0.65,4.83,34.49143047551845,3.280840304500585,1.64,3.0701278234985114
17.15,26.07,4.41,31.6,19.55,75.14,0.4,4.74,34.49143047551845,3.280840304500585,1.58,3.0701278234985114
17.71,21.58,3.79,18.64,12.31,29.71,0.43,2.68,34.49143047551845,3.280840304500585,1.14,3.0701278234985114
67.45057794890306,33.69,2.59,10.15,6.67,23.48347601937197,0.39,1.9,34.49143047551845,3.280840304500585,8.700972080037227,3.0701278234985114
67.45057794890306,28.67,2.41,10.81,6.86,23.48347601937197,0.41,2.15,34.49143047551845,3.280840304500585,8.700972080037227,3.0701278234985114
67.45057794890306,32.38,2.18,9.08,5.85,23.48347601937197,0.36,2.18,34.49143047551845,3.280840304500585,8.700972080037227,3.0701278234985114
67.45057794890306,21.86,2.14,8.56,5.56,23.48347601937197,0.33,1.82,34.49143047551845,3.280840304500585,8.700972080037227,3.0701278234985114
67.45057794890306,20.31,2.6,11.68,7.43,23.48347601937197,0.36,1.69,34.49143047551845,3.280840304500585,8.700972080037227,3.0701278234985114
67.45057794890306,19.38,2.25,9.28,5.99,23.48347601937197,0.34,2.24,34.49143047551845,3.280840304500585,8.700972080037227,3.0701278234985114
67.45057794890306,19.97,2.3,10.05,6.41,23.48347601937197,0.37,2.28,34.49143047551845,3.280840304500585,8.700972080037227,3.0701278234985114
67.45057794890306,21.74,2.11,10.14,6.31,23.48347601937197,0.35,2.17,34.49143047551845,3.280840304500585,8.700972080037227,3.0701278234985114
67.45057794890306,24.12,2.01,8.84,5.6,23.48347601937197,0.34,1.99,34.49143047551845,3.280840304500585,8.700972080037227,3.0701278234985114
67.45057794890306,23.79,2.28,9.8,6.27,23.48347601937197,0.34,2.16,34.49143047551845,3.280840304500585,8.700972080037227,3.0701278234985114
67.45057794890306,23.6,2.62,12.82,7.99,23.48347601937197,0.41,2.02,34.49143047551845,3.280840304500585,8.700972080037227,3.0701278234985114
67.45057794890306,38.42,2.47,14.43,8.67,23.48347601937197,0.4,2.09,34.49143047551845,3.280840304500585,8.700972080037227,3.0701278234985114
67.45057794890306,27.07,2.27,10.93,6.81,23.48347601937197,0.34,2.0,34.49143047551845,3.280840304500585,8.700972080037227,3.0701278234985114
33.9,48.51,5.99,18.94,14.16,38.77,0.97,3.39,14.93,1.75,9.06,3.0701278234985114
67.45057794890306,118.12710293078135,17.574729662029362,28.560659061126955,32.30912333307031,23.48347601937197,2.2485982090856145,14.53197725590996,34.49143047551845,3.280840304500585,8.700972080037227,3.0701278234985114
16.54,48.92,9.12,26.15,19.61,43.21,3.02,2.1,45.27,1.27,2.65,3.0701278234985114
67.45057794890306,49.66,8.12,18.6,16.82,28.85,0.57,5.22,34.49143047551845,3.280840304500585,0.32,3.0701278234985114
8.98,27.9,3.12,8.98,9.0,25.57,0.38,2.23,34.49143047551845,3.280840304500585,0.34,3.0701278234985114
67.45057794890306,51.32,3.64,13.36,10.15,24.14,0.53,3.13,34.49143047551845,3.280840304500585,0.27,3.0701278234985114
67.45057794890306,40.21,3.27,7.84,5.83,14.47,0.55,1.94,34.49143047551845,3.280840304500585,8.700972080037227,3.0701278234985114
67.45057794890306,52.13,6.23,14.43,11.43,18.34,0.61,2.89,34.49143047551845,3.280840304500585,8.700972080037227,3.0701278234985114
22.79,118.12710293078135,6.29,3.0,7.66,15.69,2.2485982090856145,4.7,34.49143047551845,3.280840304500585,8.700972080037227,3.0701278234985114
17.0,97.59,10.12,10.29,12.98,15.8,0.91,1.58,34.49143047551845,3.280840304500585,8.700972080037227,3.0701278234985114
18.9,138.45,24.37,30.71,28.43,21.24,0.83,1.86,34.49143047551845,3.280840304500585,8.700972080037227,3.0701278234985114
20.06,95.02,6.15,9.27,10.25,0.15,0.69,1.53,34.49143047551845,3.280840304500585,8.700972080037227,3.0701278234985114
25.09,118.12710293078135,5.21,8.97,6.48,40.88,45.96,1.24,16.55,1.44,4.18,3.0701278234985114
21.94,118.12710293078135,5.07,8.83,7.15,40.67,47.93,1.37,18.87,1.29,1.75,3.0701278234985114
21.57,97.04,5.63,14.87,7.1,40.59,3.59,1.75,19.82,4.29,2.84,3.0701278234985114
14.38,61.19,4.9,12.56,6.76,40.86,3.34,2.31,21.54,3.280840304500585,1.08,3.0701278234985114
35.4,29.35,4.85,15.82,2.91,40.19,0.22,2.88,22.79,3.280840304500585,8.700972080037227,3.0701278234985114
6.82,58.75,49.24,42.15,2.75,39.99,0.31,4.72,34.16,3.280840304500585,8.700972080037227,3.0701278234985114
27.16,59.6,4.61,20.93,4.15,40.64,0.77,4.62,28.48,1.94,26.35,3.0701278234985114
35.17,51.69,3.61,19.08,2.06,40.41,0.42,3.7,20.34,10.7,68.02,3.0701278234985114
32.98,44.55,4.23,26.31,12.71,30.77,0.2,4.3,16.09,0.81,0.35,3.0701278234985114
43.4,33.79,4.89,26.08,8.49,55.78,0.38,5.07,17.18,1.0,0.39,3.0701278234985114
29.96,82.83,10.55,36.67,0.0,31.52,0.37,5.26,14.2,0.62,1.54,3.0701278234985114
27.64,56.85,7.72,25.66,0.0,14.03,0.91,5.02,15.65,0.79,1.91,3.0701278234985114
17.99,66.24,7.98,23.84,0.0,33.53,0.28,4.61,8.93,0.86,0.94,3.0701278234985114
28.49,74.8,2.67,23.6,0.0,27.92,0.08,3.68,7.03,1.51,1.41,3.0701278234985114
23.19,74.07,4.28,32.79,0.0,31.83,0.18,2.54,25.26,0.75,0.73,3.0701278234985114
17.43,68.76,9.54,37.75,0.0,23.79,0.37,3.49,21.87,1.43,1.17,3.0701278234985114
16.58,69.24,8.33,33.06,0.0,23.78,0.33,2.99,13.76,1.32,1.25,3.0701278234985114
18.21,44.46,7.45,29.32,0.0,23.57,0.42,3.6,18.34,0.93,1.14,3.0701278234985114
19.75,52.33,6.48,25.4,0.0,23.46,0.28,3.66,12.12,0.62,0.59,3.0701278234985114
21.08,60.65,6.93,26.89,0.0,23.67,0.34,3.32,9.02,0.56,0.39,3.0701278234985114
23.2,56.28,4.93,25.22,0.0,23.64,0.26,3.33,9.85,0.59,0.44,3.0701278234985114
22.87,77.5,4.43,27.67,0.0,23.73,0.17,3.09,9.92,0.65,0.42,3.0701278234985114
20.98,56.9,7.0,33.91,0.0,23.86,0.3,3.08,8.19,0.57,0.25,3.0701278234985114
13.39,118.12710293078135,4.09,24.89,32.30912333307031,23.48347601937197,2.2485982090856145,1.33,7.55,0.75,0.56,3.0701278234985114
21.81,82.88,4.91,31.17,0.0,23.75,0.98,4.21,8.38,0.9,0.78,3.0701278234985114
22.94,32.85,7.4,27.88,0.0,23.83,0.53,4.37,10.29,0.82,0.88,3.0701278234985114
19.12,65.59,7.04,28.24,0.0,23.68,0.58,4.79,19.47,0.68,0.57,3.0701278234985114
21.6,100.65,6.02,28.56,0.0,23.7,0.8,4.33,19.68,0.71,0.61,3.0701278234985114
16.61,85.76,4.02,25.73,0.0,23.76,0.58,4.74,10.17,1.03,1.11,3.0701278234985114
14.14,77.12,10.87,27.85,0.0,24.56,0.61,4.46,9.71,1.01,1.06,3.0701278234985114
3.91,61.7,12.54,32.46,0.0,23.48347601937197,0.86,5.24,18.87,1.02,1.34,3.0701278234985114
14.53,88.86,11.74,28.09,0.0,24.48,0.95,4.92,16.04,0.71,0.56,3.0701278234985114
11.71,48.41,11.76,26.08,0.0,24.2,0.67,4.85,7.65,0.58,0.64,3.0701278234985114
17.58,89.92,15.21,28.01,0.0,24.36,0.86,5.52,13.12,0.55,0.62,3.0701278234985114
8.49,92.8,11.49,31.42,0.0,24.21,0.37,5.42,14.39,0.63,0.67,3.0701278234985114
7.02,52.78,12.3,31.84,0.0,23.37,0.42,5.52,5.9,0.55,0.64,3.0701278234985114
8.57,66.31,8.79,28.46,0.0,23.92,0.42,5.12,6.18,0.5,0.54,3.0701278234985114
7.68,87.05,8.76,29.35,0.0,23.97,0.42,5.56,19.64,0.55,0.55,3.0701278234985114
22.05,27.3,11.58,29.82,22.24,26.93,0.75,3.15,6.75,0.0,0.25,3.0701278234985114
1.72,53.35,8.64,35.74,23.42,23.48347601937197,0.62,2.98,4.61,0.0,0.0,3.0701278234985114
19.28,21.36,9.94,15.8,16.94,18.55,0.91,6.23,11.05,0.05,0.64,3.0701278234985114
23.78,48.19,9.05,13.32,15.48,23.48347601937197,0.99,3.37,13.91,1.11,2.42,3.0701278234985114
27.34,48.59,10.17,15.9,18.48,23.48347601937197,0.95,4.0,12.97,1.03,2.41,3.0701278234985114
16.77,52.28,16.77,15.35,25.21,17.01,0.67,5.76,14.21,0.41,2.41,3.0701278234985114
11.32,30.88,5.87,16.85,20.4,13.18,0.72,4.58,36.82,0.21,0.8,3.0701278234985114
16.38,38.15,7.7,17.76,23.51,12.46,0.66,7.48,25.3,0.66,1.65,3.0701278234985114
15.96,42.66,5.09,21.56,21.45,12.36,0.63,7.4,25.53,0.61,1.14,3.0701278234985114
14.76,30.58,10.3,20.9,24.66,11.72,0.71,4.38,18.42,0.47,1.36,3.0701278234985114
13.63,38.48,8.61,22.07,24.99,12.32,0.72,3.53,18.47,0.33,1.21,3.0701278234985114
12.95,38.27,8.35,19.08,21.33,11.74,0.61,3.57,17.76,0.44,1.28,3.0701278234985114
17.22,44.99,5.15,18.4,19.69,11.37,0.64,5.43,22.19,1.16,1.98,3.0701278234985114
10.98,27.78,3.7,12.39,12.58,8.81,0.64,5.3,21.01,0.52,1.05,3.0701278234985114
9.16,22.16,2.64,9.72,9.4,5.7,0.6,6.78,20.96,0.52,2.56,3.0701278234985114
8.95,19.43,3.09,9.76,10.18,5.13,0.57,6.65,17.46,0.59,2.72,3.0701278234985114
9.69,19.34,4.22,9.78,10.9,4.92,0.6,6.85,19.62,0.67,2.76,3.0701278234985114
10.91,30.11,7.19,11.51,13.01,4.78,0.62,6.94,17.73,0.67,2.74,3.0701278234985114
16.84,35.21,5.17,13.83,15.48,5.93,0.64,7.2,15.56,0.82,2.54,3.0701278234985114
16.79,42.32,5.42,14.67,16.68,6.57,0.72,7.33,15.52,0.81,2.3,3.0701278234985114
16.66,35.74,4.77,12.31,14.6,6.7,0.56,6.86,13.54,0.86,2.29,3.0701278234985114
19.57,36.58,5.15,13.01,15.5,6.55,0.62,7.68,16.22,0.63,2.25,3.0701278234985114
15.65,40.19,5.59,14.45,17.28,6.5,0.62,7.18,13.04,0.46,1.66,3.0701278234985114
17.5,30.48,3.95,13.25,14.83,7.42,0.54,6.66,15.4,0.27,0.65,3.0701278234985114
7.23,27.84,10.21,17.12,17.41,51.91,0.66,5.91,28.85,3.280840304500585,8.700972080037227,3.0701278234985114
15.69,31.69,0.82,8.36,5.13,20.31,0.37,8.4,32.9,3.280840304500585,8.700972080037227,3.0701278234985114
18.05,22.7,5.77,8.37,14.14,4.93,0.0,12.24,6.61,0.25,8.700972080037227,3.0701278234985114
19.71,26.98,4.23,8.59,12.81,5.05,0.0,12.58,8.39,0.99,8.700972080037227,3.0701278234985114
28.03,47.39,6.05,10.14,16.18,4.87,0.0,12.83,7.14,1.05,8.700972080037227,3.0701278234985114
17.97,30.25,6.15,7.62,13.77,4.51,0.0,12.58,5.05,0.15,8.700972080037227,3.0701278234985114
33.1,49.71,7.2,8.73,15.92,4.78,0.0,12.67,5.75,0.57,8.700972080037227,3.0701278234985114
12.71,24.15,4.34,5.31,9.64,4.07,0.0,12.01,5.62,0.17,8.700972080037227,3.0701278234985114
13.45,26.39,5.57,7.31,12.89,3.92,0.0,12.23,4.43,0.1,8.700972080037227,3.0701278234985114
25.56,40.18,6.88,8.27,15.15,3.95,0.0,12.83,4.82,0.26,8.700972080037227,3.0701278234985114
18.22,26.34,4.28,7.29,11.58,3.85,0.03,12.58,5.99,0.11,8.700972080037227,3.0701278234985114
28.1,41.48,17.574729662029362,28.560659061126955,0.0,23.48347601937197,0.0,14.53197725590996,34.49143047551845,0.0,8.700972080037227,3.0701278234985114
13.3,39.83,17.574729662029362,28.560659061126955,0.0,23.48347601937197,0.0,14.53197725590996,34.49143047551845,0.4,8.700972080037227,3.0701278234985114
67.45057794890306,35.92,18.95,17.94,24.29,69.7,0.03,3.6,26.53,0.0,8.700972080037227,3.0701278234985114
67.45057794890306,40.63,17.5,8.87,8.99,113.55,0.01,2.56,23.0,0.67,8.700972080037227,3.0701278234985114
28.56,73.65,17.574729662029362,28.560659061126955,0.0,23.48347601937197,0.34,4.31,34.49143047551845,0.07,8.700972080037227,3.0701278234985114
13.93,49.87,12.76,3.31,7.67,6.1,0.5,14.95,16.21,2.79,1.66,1.55
39.0,70.49,8.42,14.96,14.58,57.1,0.48,10.16,4.84,3.37,0.26,0.99
31.92,43.82,18.41,9.94,19.91,38.98,0.61,7.9,10.9,4.94,0.16,0.91
28.35,47.36,3.41,11.19,8.54,35.22,0.44,5.58,12.51,4.01,0.37,0.81
28.86,59.53,9.04,16.27,15.75,56.93,0.61,9.63,15.11,5.0,0.16,3.21
13.67,38.03,4.61,17.43,12.82,58.92,0.4,7.91,11.92,3.56,0.93,47.4
13.4,26.33,18.12,12.2,20.48,59.19,0.57,6.45,5.37,3.66,2.35,116.62
21.62,53.89,1.64,13.26,8.13,54.32,0.38,7.63,15.71,3.43,2.65,0.87
19.08,38.09,7.16,19.73,15.69,69.07,0.54,8.23,15.5,3.99,2.84,0.64
17.86,40.9,6.34,18.04,14.58,69.88,0.46,8.05,17.15,3.59,2.84,0.78
9.63,23.2,4.21,12.29,9.75,69.21,0.38,10.93,16.26,3.1,2.96,0.75
10.57,36.5,4.62,9.66,8.78,82.11,0.46,9.47,15.62,3.49,2.61,1.0
14.77,38.24,2.41,10.02,7.16,53.38,0.54,11.08,15.03,4.12,0.21,1.18
16.69,34.29,2.07,9.91,6.82,50.69,0.5,11.95,13.7,3.98,0.21,1.22
15.43,37.65,3.62,8.88,6.15,42.77,0.52,11.13,13.78,3.58,0.19,1.17
13.28,40.33,1.85,8.79,6.07,41.23,0.5,10.54,12.43,3.53,0.13,1.11
18.86,34.12,2.98,9.17,6.85,40.12,0.5,9.61,10.49,3.78,0.16,1.09
7.73,15.78,1.67,9.4,6.25,34.53,0.38,9.64,14.02,2.74,0.11,1.06
18.82,41.48,1.33,9.31,5.96,41.67,0.3,10.6,17.01,2.75,1.56,0.78
12.34,29.51,1.55,10.05,6.48,48.87,0.38,9.61,17.27,2.98,0.26,0.83
15.51,39.66,1.46,10.85,6.85,43.04,0.49,9.39,13.55,3.64,0.13,0.99
12.25,26.47,2.32,10.86,7.53,39.2,0.4,10.8,14.86,2.87,0.13,1.08
11.2,31.54,1.47,9.8,6.3,34.46,0.39,8.68,19.4,2.94,0.11,0.99
11.91,22.03,1.53,11.26,7.14,32.8,0.39,7.84,19.39,2.93,0.1,0.95
12.77,29.32,1.47,11.97,7.43,32.37,0.46,10.1,20.12,3.27,0.1,1.01
15.43,34.61,2.15,13.07,8.54,33.74,0.54,10.4,17.37,3.59,0.18,1.2
20.93,47.96,1.66,10.91,6.06,46.0,0.41,12.81,22.15,3.1,0.82,1.48
11.46,40.6,0.98,9.63,5.81,49.62,0.38,7.77,20.86,3.09,0.46,0.86
11.19,33.44,1.66,11.89,7.54,40.9,0.42,9.68,21.26,2.75,0.51,1.02
10.0,24.49,2.22,12.34,8.22,39.61,0.5,9.6,19.04,3.02,0.57,1.17
12.37,35.91,1.98,11.89,7.79,36.11,0.47,9.6,20.02,3.23,0.56,1.14
14.16,42.72,2.58,11.66,8.18,34.48,0.53,10.29,22.93,3.47,0.64,1.22
15.62,44.12,1.34,10.16,6.38,33.38,0.51,12.02,27.2,3.32,0.62,1.13
19.73,44.85,1.68,10.72,6.95,31.33,0.54,9.92,26.65,3.43,0.63,1.16
6.86,22.51,2.12,10.47,7.17,28.76,0.41,8.56,26.86,2.05,0.5,1.08
11.4,20.39,3.53,11.89,9.05,31.13,0.57,9.65,17.41,2.53,0.54,1.37
12.87,32.33,3.78,13.35,9.8,46.36,0.47,13.26,20.84,3.33,0.52,1.12
11.29,24.44,3.23,12.47,9.09,43.25,0.58,9.62,23.17,2.82,0.56,1.23
16.05,35.61,3.05,12.3,8.83,34.79,0.59,10.74,30.31,2.84,0.58,1.23
10.3,21.14,2.82,12.76,8.9,27.6,0.53,11.83,23.89,2.89,0.44,1.19
12.25,34.79,3.56,13.24,9.54,37.29,0.45,10.82,17.08,3.07,3.01,1.12
14.57,40.93,2.7,12.76,8.84,49.89,0.59,13.77,24.1,3.66,0.54,1.05
10.42,27.26,2.14,11.69,7.66,26.5,0.51,8.62,27.24,2.21,0.42,1.11
15.25,43.99,3.25,5.34,8.53,30.48,0.48,9.53,28.26,3.21,0.76,0.77
16.6,31.15,3.11,5.43,8.27,31.62,0.68,9.95,18.6,2.96,0.46,0.99
22.07,34.31,2.2,8.37,6.1,41.78,0.29,13.94,27.05,2.92,0.73,0.8
16.79,29.54,2.71,8.58,6.59,26.44,0.3,8.3,22.17,2.99,0.28,0.87
14.15,33.6,1.88,6.87,5.11,25.67,0.3,13.13,24.25,2.96,0.29,0.88
18.35,118.12710293078135,14.17,18.64,19.07,23.48347601937197,0.09,4.42,38.43,0.69,0.91,3.0701278234985114
34.55,118.12710293078135,6.4,23.17,15.26,23.48347601937197,0.0,1.5,5.94,0.15,0.32,3.0701278234985114
21.64,118.12710293078135,5.13,8.15,8.3,23.48347601937197,0.0,1.76,11.14,0.04,0.08,3.0701278234985114
29.17,118.12710293078135,4.09,8.27,6.34,23.48347601937197,0.03,3.18,16.7,0.11,0.0,3.0701278234985114
27.71,118.12710293078135,6.57,11.5,9.05,23.48347601937197,0.0,3.73,13.38,0.06,0.54,3.0701278234985114
17.58,23.46,7.96,13.98,18.63,16.49,0.58,6.04,31.27,0.05,0.11,3.0701278234985114
22.35,39.35,6.8,13.79,20.1,26.11,0.61,5.02,21.93,0.05,0.04,3.0701278234985114
18.64,25.63,6.12,19.81,25.87,20.03,0.59,5.48,38.69,0.3,0.45,3.0701278234985114
20.95,34.1,6.89,10.0,16.8,61.47,0.46,5.58,22.78,0.05,1.14,3.0701278234985114
18.45,62.97,6.3,12.09,18.24,74.49,0.38,6.84,31.58,0.05,0.16,3.0701278234985114
21.17,41.24,8.03,11.51,19.5,82.54,0.44,8.1,23.57,0.04,0.0,3.0701278234985114
29.31,162.67,9.82,9.78,16.37,52.9,0.52,5.79,33.94,11.7,0.0,3.0701278234985114
25.21,39.66,7.14,7.22,14.36,13.79,0.89,9.53,21.47,0.02,0.13,3.0701278234985114
21.96,32.03,11.49,19.43,30.92,6.06,0.61,11.11,23.59,0.0,0.0,3.0701278234985114
14.62,25.64,8.12,13.32,21.45,6.32,0.5,11.06,20.39,0.02,0.04,3.0701278234985114
16.63,25.53,9.69,16.82,26.51,6.4,0.55,11.74,18.88,0.01,0.01,3.0701278234985114
21.13,34.41,11.93,25.12,37.04,5.15,0.72,11.67,19.13,0.01,0.01,3.0701278234985114
21.5,25.17,0.68,26.92,27.59,23.48347601937197,0.85,6.28,23.81,0.0,0.0,3.0701278234985114
23.91,28.45,17.574729662029362,7.14,5.95,11.92,0.08,6.21,16.71,0.0,0.04,3.0701278234985114
32.22,40.32,17.574729662029362,28.560659061126955,32.30912333307031,18.67,0.07,5.78,14.26,0.0,0.02,3.0701278234985114
18.02,24.7,17.574729662029362,21.38,7.9,4.5,0.89,5.84,23.26,0.0,0.01,3.0701278234985114
27.35,37.02,17.574729662029362,22.21,12.39,6.26,0.84,5.88,21.61,0.0,0.01,3.0701278234985114
19.54,24.5,17.574729662029362,14.92,7.34,6.39,0.86,5.66,25.1,0.0,0.0,3.0701278234985114
19.0,32.8,17.574729662029362,20.91,12.23,8.34,0.88,5.89,23.83,0.0,0.0,3.0701278234985114
16.73,19.83,17.574729662029362,18.03,12.0,9.03,0.95,6.01,27.28,0.0,0.0,3.0701278234985114
25.23,36.65,17.574729662029362,19.41,26.21,8.13,0.92,5.83,18.08,0.0,0.0,3.0701278234985114
13.65,20.34,17.574729662029362,54.71,43.22,23.48347601937197,0.82,5.39,13.62,0.0,0.0,3.0701278234985114
20.53,38.43,17.574729662029362,48.03,36.5,0.23,0.95,6.63,15.52,0.0,0.0,3.0701278234985114
20.88,31.96,17.574729662029362,43.93,32.31,23.48347601937197,0.88,6.65,14.93,0.0,0.0,3.0701278234985114
24.92,36.79,17.574729662029362,47.95,36.39,0.79,0.9,6.84,17.48,0.0,0.01,3.0701278234985114
24.78,40.22,17.574729662029362,51.12,39.55,1.42,0.9,6.75,16.71,0.0,0.02,3.0701278234985114
29.83,45.61,17.574729662029362,53.47,41.98,23.48347601937197,0.94,6.44,15.53,0.01,0.02,3.0701278234985114
16.62,24.31,17.574729662029362,53.72,44.49,23.48347601937197,0.97,5.64,21.05,0.0,0.03,3.0701278234985114
18.67,27.24,17.574729662029362,46.44,28.07,1.53,0.42,6.71,12.87,0.0,0.0,3.0701278234985114
19.26,26.95,17.574729662029362,48.04,29.73,1.8,0.43,6.12,11.1,0.0,0.0,3.0701278234985114
15.04,26.23,17.574729662029362,39.0,20.73,1.33,0.45,6.79,12.35,0.0,0.0,3.0701278234985114
13.03,19.84,17.574729662029362,46.65,28.51,1.37,0.49,6.8,12.38,0.0,0.0,3.0701278234985114
13.7,22.23,17.574729662029362,42.57,24.41,1.56,0.49,6.62,11.23,0.0,0.0,3.0701278234985114
9.79,12.42,17.574729662029362,33.38,15.19,1.33,0.49,6.32,11.52,0.0,0.0,3.0701278234985114
16.44,22.91,17.574729662029362,39.03,21.33,2.15,0.51,6.2,11.71,0.0,0.0,3.0701278234985114
13.99,20.29,17.574729662029362,39.15,20.99,1.72,0.51,5.73,13.0,0.0,0.0,3.0701278234985114
15.65,20.43,17.574729662029362,47.1,29.01,1.4,0.54,5.69,10.79,0.0,0.0,3.0701278234985114
17.2,22.74,17.574729662029362,41.69,24.08,2.12,0.53,5.8,11.0,0.0,0.0,3.0701278234985114
15.8,22.44,17.574729662029362,42.98,25.61,2.95,0.53,5.49,10.25,0.0,0.0,3.0701278234985114
15.52,19.75,17.574729662029362,35.4,19.19,2.4,0.52,5.48,11.98,0.0,0.0,3.0701278234985114
8.32,13.04,17.574729662029362,36.65,18.49,1.71,0.48,5.86,10.2,0.0,0.0,3.0701278234985114
16.23,22.09,17.574729662029362,37.53,19.34,1.52,0.54,5.89,12.13,0.0,0.0,3.0701278234985114
17.74,22.5,17.574729662029362,45.99,27.93,1.41,0.59,6.25,12.35,0.0,0.0,3.0701278234985114
19.89,24.88,17.574729662029362,50.96,32.74,1.94,0.61,6.05,11.72,0.0,0.0,3.0701278234985114
18.81,25.34,17.574729662029362,50.45,32.76,2.63,0.61,6.03,11.49,0.0,0.0,3.0701278234985114
12.81,18.31,17.574729662029362,53.12,35.88,2.45,0.59,6.07,11.68,0.0,0.0,3.0701278234985114
11.81,15.08,17.574729662029362,40.84,23.43,2.49,0.57,6.04,15.42,0.0,0.0,3.0701278234985114
14.04,16.03,17.574729662029362,44.77,26.75,2.63,0.57,5.88,11.45,0.0,0.0,3.0701278234985114
16.26,20.81,17.574729662029362,49.22,31.02,2.01,0.61,6.19,10.09,0.0,0.0,3.0701278234985114
14.21,15.69,17.574729662029362,39.15,20.83,1.72,0.59,5.59,13.85,0.0,0.0,3.0701278234985114
25.83,90.41,44.88,32.97,8.43,41.27,0.0,14.53197725590996,34.49143047551845,0.37,0.0,3.0701278234985114
46.71,246.98,28.86,20.06,5.17,32.02,0.0,14.53197725590996,34.49143047551845,0.58,0.0,3.0701278234985114
22.35,118.12710293078135,25.59,19.98,4.81,27.31,0.0,14.53197725590996,34.49143047551845,0.23,0.0,3.0701278234985114
22.44,118.12710293078135,25.51,21.59,4.86,28.03,0.0,14.53197725590996,34.49143047551845,0.27,0.0,3.0701278234985114
30.35,118.12710293078135,17.2,38.36,5.65,29.06,0.0,14.53197725590996,34.49143047551845,0.23,0.0,3.0701278234985114
18.54,118.12710293078135,20.65,19.9,4.52,23.32,0.0,14.53197725590996,34.49143047551845,0.03,0.0,3.0701278234985114
22.65,118.12710293078135,18.67,18.22,3.76,26.79,0.0,14.53197725590996,34.49143047551845,0.0,0.0,3.0701278234985114
17.52,118.12710293078135,28.89,19.95,5.21,28.58,0.0,14.53197725590996,34.49143047551845,0.09,0.0,3.0701278234985114
22.17,118.12710293078135,21.08,18.1,3.98,28.73,0.0,14.53197725590996,34.49143047551845,0.36,0.0,3.0701278234985114
20.17,118.12710293078135,20.61,21.95,4.61,27.09,0.0,14.53197725590996,34.49143047551845,0.07,0.0,3.0701278234985114
24.42,118.12710293078135,23.71,25.33,5.12,26.74,0.0,14.53197725590996,34.49143047551845,0.0,0.0,3.0701278234985114
25.71,118.12710293078135,23.69,24.07,4.84,25.11,0.0,14.53197725590996,34.49143047551845,0.13,0.0,3.0701278234985114
27.25,118.12710293078135,12.65,22.87,3.3,22.45,0.0,14.53197725590996,34.49143047551845,0.11,0.0,3.0701278234985114
10.88,118.12710293078135,11.6,20.58,3.53,22.24,0.0,14.53197725590996,34.49143047551845,0.01,0.0,3.0701278234985114
17.1,118.12710293078135,28.26,26.19,5.91,32.0,0.0,14.53197725590996,34.49143047551845,0.15,0.0,3.0701278234985114
17.24,118.12710293078135,27.25,23.4,5.48,33.36,0.0,14.53197725590996,34.49143047551845,0.07,0.0,3.0701278234985114
27.56,118.12710293078135,33.12,26.54,6.7,38.35,0.0,14.53197725590996,34.49143047551845,0.15,0.0,3.0701278234985114
27.29,118.12710293078135,28.58,29.16,7.02,34.14,0.0,14.53197725590996,34.49143047551845,0.18,0.0,3.0701278234985114
42.65,118.12710293078135,29.66,33.74,7.71,33.24,0.0,14.53197725590996,34.49143047551845,0.22,0.0,3.0701278234985114
67.45057794890306,118.12710293078135,17.574729662029362,28.560659061126955,0.0,23.48347601937197,0.0,14.53197725590996,34.49143047551845,0.0,0.0,3.0701278234985114
25.5,118.12710293078135,18.02,24.42,1.44,12.14,0.0,14.53197725590996,34.49143047551845,0.0,0.0,3.0701278234985114
27.61,118.12710293078135,1.93,5.85,4.93,23.48347601937197,0.44,2.1,18.53,3.280840304500585,8.700972080037227,3.0701278234985114
19.85,118.12710293078135,3.99,7.11,4.98,23.48347601937197,0.31,1.82,34.49143047551845,3.280840304500585,8.700972080037227,3.0701278234985114
30.53,118.12710293078135,3.99,6.99,4.95,23.48347601937197,0.41,2.1,34.49143047551845,3.280840304500585,8.700972080037227,3.0701278234985114
67.45057794890306,118.12710293078135,17.574729662029362,28.560659061126955,32.30912333307031,23.48347601937197,2.2485982090856145,14.53197725590996,34.49143047551845,3.280840304500585,8.700972080037227,3.0701278234985114
29.33,118.12710293078135,3.23,4.35,6.91,23.48347601937197,0.41,1.76,34.49143047551845,3.280840304500585,8.700972080037227,3.0701278234985114
32.44,118.12710293078135,3.85,7.27,6.97,23.48347601937197,0.38,1.66,34.49143047551845,3.280840304500585,8.700972080037227,3.0701278234985114
31.71,118.12710293078135,17.574729662029362,2.85,32.30912333307031,23.48347601937197,0.38,1.92,34.49143047551845,3.280840304500585,8.700972080037227,3.0701278234985114
27.88,118.12710293078135,1.82,3.01,2.84,23.48347601937197,0.35,1.59,34.49143047551845,3.280840304500585,8.700972080037227,3.0701278234985114
67.45057794890306,118.12710293078135,17.574729662029362,28.560659061126955,32.30912333307031,23.48347601937197,2.2485982090856145,14.53197725590996,34.49143047551845,3.280840304500585,8.700972080037227,3.0701278234985114
31.09,118.12710293078135,8.9,24.98,22.54,23.48347601937197,0.49,5.46,20.04,0.15,8.700972080037227,3.0701278234985114
29.08,118.12710293078135,29.71,20.6,33.85,23.48347601937197,0.46,4.67,4.05,2.03,8.700972080037227,3.0701278234985114
16.85,37.3,9.88,7.95,9.22,23.48347601937197,0.52,13.54,32.22,2.0,6.01,3.0701278234985114
22.51,50.72,12.35,6.82,10.23,23.48347601937197,0.52,13.99,27.14,2.0,6.0,3.0701278234985114
24.52,68.42,9.18,7.25,9.6,23.48347601937197,0.56,16.39,28.63,2.0,6.0,3.0701278234985114
22.4,60.25,4.57,9.79,12.39,23.48347601937197,0.53,10.48,22.32,1.99,5.98,3.0701278234985114
16.25,34.19,5.43,6.99,12.08,23.48347601937197,0.42,10.23,29.17,1.99,5.98,3.0701278234985114
30.32,64.5,5.21,7.5,12.41,23.48347601937197,0.45,7.09,27.38,2.0,5.99,3.0701278234985114
14.18,38.87,5.56,6.9,12.18,23.48347601937197,0.43,14.53197725590996,28.9,1.99,6.01,3.0701278234985114
20.51,118.12710293078135,7.76,4.42,11.63,23.48347601937197,0.4,68.08,25.48,1.99,6.0,3.0701278234985114
14.56,42.51,22.17,14.35,35.64,23.48347601937197,0.68,16.94,20.21,2.0,6.0,3.0701278234985114
23.99,61.95,17.09,13.56,27.87,23.48347601937197,0.53,10.09,17.29,2.0,6.01,3.0701278234985114
17.31,34.47,3.14,9.15,14.94,4.76,0.45,16.17,35.34,0.47,8.700972080037227,3.0701278234985114
12.76,21.4,2.89,6.72,11.94,9.85,0.4,16.83,28.39,0.19,8.700972080037227,3.0701278234985114
19.87,31.33,6.06,8.81,19.4,9.92,0.4,16.85,25.78,0.32,8.700972080037227,3.0701278234985114
20.31,38.23,9.79,10.66,27.48,9.98,0.5,14.04,17.28,0.36,8.700972080037227,3.0701278234985114
25.53,41.4,4.31,13.11,21.11,10.74,0.53,10.42,3.18,0.34,8.700972080037227,3.0701278234985114
17.68,31.6,6.87,13.25,25.47,9.28,0.44,10.44,1.8,0.4,8.700972080037227,3.0701278234985114
24.04,40.88,3.38,9.73,15.98,8.16,0.54,10.49,3.32,0.38,8.700972080037227,3.0701278234985114
25.93,43.13,3.0,11.79,17.53,8.27,0.52,10.56,3.79,0.32,8.700972080037227,3.0701278234985114
34.51,49.9,2.2,13.27,17.82,6.8,0.53,10.55,3.63,0.38,8.700972080037227,3.0701278234985114
19.01,35.11,1.61,6.61,9.74,7.31,0.35,10.64,4.39,0.16,8.700972080037227,3.0701278234985114
23.66,43.56,2.36,9.02,13.53,12.36,0.38,11.33,5.01,0.2,8.700972080037227,3.0701278234985114
18.59,29.17,2.16,10.41,14.69,9.14,0.44,10.59,2.94,0.26,8.700972080037227,3.0701278234985114
18.79,25.88,2.24,8.46,12.74,8.35,0.46,10.63,2.2,0.5,8.700972080037227,3.0701278234985114
29.61,43.21,4.86,14.92,23.96,6.99,0.58,10.65,2.04,33.25,8.700972080037227,3.0701278234985114
22.27,34.39,5.93,12.56,23.19,6.28,0.51,10.73,1.98,0.74,8.700972080037227,3.0701278234985114
13.73,27.33,3.66,9.45,16.12,6.07,0.38,10.65,1.97,3.86,8.700972080037227,3.0701278234985114
12.9,25.28,4.91,9.95,18.74,5.19,0.34,10.78,1.5,3.86,8.700972080037227,3.0701278234985114
15.47,32.63,2.88,9.96,15.36,4.53,0.42,10.7,4.22,0.5,8.700972080037227,3.0701278234985114
21.1,43.36,5.24,12.65,22.14,5.7,0.51,10.59,13.59,0.05,8.700972080037227,3.0701278234985114
7.74,75.98,4.13,10.04,17.54,4.99,0.3,10.37,21.24,0.04,8.700972080037227,3.0701278234985114
10.63,76.75,3.84,6.73,13.49,3.68,0.27,10.27,20.61,20.5,8.700972080037227,3.0701278234985114
23.66,34.66,4.77,10.55,19.13,8.86,0.55,10.5,13.14,3.64,8.700972080037227,3.0701278234985114
24.52,43.9,5.88,11.17,21.58,9.95,0.55,10.47,9.18,0.19,8.700972080037227,3.0701278234985114
21.76,69.57,4.12,9.4,16.85,6.56,0.48,10.67,7.88,0.19,8.700972080037227,3.0701278234985114
79.19,194.51,6.5,10.05,21.44,3.8,0.44,11.09,18.4,0.14,8.700972080037227,3.0701278234985114
12.02,66.2,4.91,9.24,17.96,8.16,0.35,11.41,15.61,17.42,8.700972080037227,3.0701278234985114
19.03,35.6,4.78,6.07,14.3,9.78,0.37,11.9,15.83,4.24,8.700972080037227,3.0701278234985114
22.78,67.25,11.27,13.33,32.79,7.37,0.51,11.79,15.86,21.63,8.700972080037227,3.0701278234985114
23.21,43.52,2.52,6.35,10.94,5.28,0.44,11.73,15.89,0.0,8.700972080037227,3.0701278234985114
19.03,38.04,4.58,8.63,16.75,4.87,0.36,11.74,15.98,91.16,8.700972080037227,3.0701278234985114
25.11,47.12,2.84,7.61,12.82,5.4,0.44,11.85,16.4,22.79,8.700972080037227,3.0701278234985114
26.75,49.44,2.52,8.73,13.49,5.81,0.4,11.87,16.34,19.63,8.700972080037227,3.0701278234985114
8.55,19.11,2.39,6.88,11.3,5.57,0.34,12.06,16.25,3.280840304500585,8.700972080037227,3.0701278234985114
11.11,21.98,1.83,5.98,9.42,3.72,0.34,11.95,16.5,3.280840304500585,8.700972080037227,3.0701278234985114
21.45,36.86,8.49,11.68,26.44,4.58,0.44,12.24,19.68,59.86,8.700972080037227,3.0701278234985114
26.74,42.76,6.92,12.48,24.73,5.28,0.59,11.83,20.58,66.77,8.700972080037227,3.0701278234985114
20.83,35.25,3.76,9.24,16.06,5.79,0.52,11.79,12.59,87.29,8.700972080037227,3.0701278234985114
17.61,32.1,12.9,10.16,32.06,3.49,0.56,12.18,9.97,8.02,8.700972080037227,3.0701278234985114
13.85,29.83,10.12,9.13,26.37,5.16,0.59,12.51,11.06,0.0,8.700972080037227,3.0701278234985114
12.24,26.77,3.91,6.3,13.18,4.3,0.43,12.21,12.73,5.57,8.700972080037227,3.0701278234985114
24.75,47.56,7.87,9.07,22.66,2.7,0.48,12.0,14.7,0.0,8.700972080037227,3.0701278234985114
23.45,44.1,9.06,8.83,24.32,2.0,0.56,12.1,15.53,0.0,8.700972080037227,3.0701278234985114
17.8,28.7,4.71,7.01,15.22,2.28,0.46,12.85,16.14,23.67,8.700972080037227,3.0701278234985114
23.58,44.23,5.71,8.08,18.04,2.27,0.5,12.66,16.45,0.04,8.700972080037227,3.0701278234985114
19.88,42.48,5.45,5.59,14.95,2.11,0.49,12.72,17.39,14.8,8.700972080037227,3.0701278234985114
22.61,42.44,1.65,7.02,10.23,2.32,0.43,12.55,17.21,0.0,8.700972080037227,3.0701278234985114
25.35,48.51,8.38,10.34,24.85,2.35,0.59,12.42,16.84,0.02,8.700972080037227,3.0701278234985114
32.73,66.47,11.97,14.64,35.35,1.86,0.55,13.89,17.26,0.3,8.700972080037227,3.0701278234985114
11.65,21.62,2.55,5.22,9.81,1.84,0.36,13.36,17.16,0.29,8.700972080037227,3.0701278234985114
11.83,18.96,4.29,7.54,15.1,1.93,0.44,13.18,17.1,1.2,8.700972080037227,3.0701278234985114
12.59,21.57,6.27,5.97,16.7,1.64,0.48,13.16,17.38,0.61,8.700972080037227,3.0701278234985114
21.98,43.0,10.76,9.97,28.36,1.42,0.6,13.7,17.26,0.0,8.700972080037227,3.0701278234985114
22.12,38.18,11.25,9.48,28.62,1.28,0.54,13.7,17.39,0.0,8.700972080037227,3.0701278234985114
20.06,32.53,9.66,7.97,24.39,1.6,0.57,13.83,17.28,13.65,8.700972080037227,3.0701278234985114
11.78,22.1,7.12,7.16,19.36,2.28,0.55,13.73,17.38,0.0,8.700972080037227,3.0701278234985114
19.97,41.61,11.06,6.86,25.51,1.98,0.48,13.63,17.54,0.0,8.700972080037227,3.0701278234985114
12.8,26.86,3.5,7.53,13.81,1.55,0.45,14.17,17.86,0.0,8.700972080037227,3.0701278234985114
18.44,32.5,5.92,7.62,17.87,1.3,0.45,14.03,17.9,0.0,8.700972080037227,3.0701278234985114
20.81,40.97,16.9,11.06,39.57,1.41,0.47,14.25,18.3,0.0,8.700972080037227,3.0701278234985114
10.4,16.8,7.91,8.85,22.46,6.74,0.36,9.64,17.77,0.0,8.700972080037227,3.0701278234985114
5.85,12.02,7.36,7.05,19.64,4.83,0.32,9.77,17.84,0.0,8.700972080037227,3.0701278234985114
96.59,124.95,21.02,7.33,42.38,4.26,0.45,9.81,17.86,0.0,8.700972080037227,3.0701278234985114
15.96,28.8,11.05,8.88,27.67,2.95,0.54,10.1,18.07,1.99,8.700972080037227,3.0701278234985114
25.98,50.97,18.57,11.88,43.23,2.34,0.52,10.01,18.12,2.0,8.700972080037227,3.0701278234985114
18.06,26.17,2.89,6.67,5.4,23.01,0.33,16.7,27.85,0.04,8.700972080037227,3.0701278234985114
35.6,46.15,4.1,5.59,5.78,25.38,0.45,16.91,24.25,0.06,8.700972080037227,3.0701278234985114
15.84,28.89,1.82,5.79,4.19,11.71,0.34,13.92,32.44,0.02,8.700972080037227,3.0701278234985114
23.36,35.06,2.94,6.81,5.5,9.66,0.39,13.94,24.83,0.06,8.700972080037227,3.0701278234985114
26.52,46.48,2.21,7.14,5.12,10.16,0.38,13.86,31.74,0.06,8.700972080037227,3.0701278234985114
19.09,30.65,1.56,6.56,4.35,2.57,0.35,13.95,36.5,2.32,8.700972080037227,3.0701278234985114
28.02,42.15,5.89,10.71,9.61,2.47,0.42,14.17,31.9,0.06,8.700972080037227,3.0701278234985114
23.83,36.16,1.85,7.68,5.11,4.63,0.39,14.01,30.84,0.04,8.700972080037227,3.0701278234985114
23.15,32.95,2.17,7.83,5.42,4.28,0.41,14.1,28.57,0.05,8.700972080037227,3.0701278234985114
23.05,36.19,5.7,12.37,10.27,3.93,0.38,14.31,32.12,0.07,8.700972080037227,3.0701278234985114
26.98,41.37,3.15,9.76,7.09,5.28,0.39,14.5,30.28,32.96,8.700972080037227,3.0701278234985114
21.27,33.11,1.42,7.34,4.63,5.87,0.36,14.29,32.09,0.0,8.700972080037227,3.0701278234985114
23.78,35.6,1.04,7.21,4.29,4.52,0.38,14.34,26.59,0.0,8.700972080037227,3.0701278234985114
27.19,52.66,2.48,12.02,7.7,5.86,0.4,14.54,30.32,0.0,8.700972080037227,3.0701278234985114
18.75,30.16,1.46,9.36,5.65,3.9,0.37,14.76,34.29,0.0,8.700972080037227,3.0701278234985114
18.7,27.08,1.24,6.52,4.1,3.82,0.37,14.55,32.84,0.0,8.700972080037227,3.0701278234985114
19.4,29.4,1.11,5.69,3.59,3.44,0.34,14.49,34.31,0.0,8.700972080037227,3.0701278234985114
16.33,27.04,2.07,9.57,6.2,3.68,0.35,14.52,36.94,0.0,8.700972080037227,3.0701278234985114
34.04,65.9,12.56,19.51,18.87,3.77,0.53,14.64,29.84,0.0,8.700972080037227,3.0701278234985114
9.98,15.91,1.43,9.51,5.69,4.46,0.26,14.68,28.79,0.0,8.700972080037227,3.0701278234985114
8.42,37.4,0.84,5.04,3.08,1.12,0.26,14.84,37.79,0.0,8.700972080037227,3.0701278234985114
13.18,22.34,1.46,6.8,4.4,1.34,0.38,14.73,24.65,0.0,8.700972080037227,3.0701278234985114
11.73,18.58,1.58,6.31,4.25,1.33,0.4,14.76,23.5,0.0,8.700972080037227,3.0701278234985114
17.99,29.98,2.33,10.22,6.71,2.7,0.43,14.8,26.45,0.0,8.700972080037227,3.0701278234985114
8.71,15.15,0.8,5.95,3.5,4.3,0.34,14.88,33.65,0.0,8.700972080037227,3.0701278234985114
28.03,44.54,3.14,11.2,7.8,2.61,0.56,15.31,26.35,0.0,8.700972080037227,3.0701278234985114
23.06,40.33,2.21,6.54,4.83,3.67,0.5,15.21,26.84,0.0,8.700972080037227,3.0701278234985114
10.8,26.6,0.9,4.28,2.75,1.61,0.32,15.44,40.33,0.0,8.700972080037227,3.0701278234985114
15.57,25.37,1.1,6.29,3.87,1.3,0.38,15.42,31.39,0.0,8.700972080037227,3.0701278234985114
12.45,20.53,1.24,6.97,4.32,1.38,0.39,15.7,30.37,0.0,8.700972080037227,3.0701278234985114
18.92,30.78,1.51,6.8,4.44,1.22,0.41,15.65,22.93,0.0,8.700972080037227,3.0701278234985114
28.74,46.41,1.03,8.0,4.66,3.03,0.47,15.6,29.94,0.0,8.700972080037227,3.0701278234985114
15.44,26.0,2.18,11.08,7.02,3.71,0.48,15.52,22.58,0.0,8.700972080037227,3.0701278234985114
18.75,29.81,3.84,10.19,7.82,2.37,0.46,15.5,21.77,0.0,8.700972080037227,3.0701278234985114
17.75,26.31,9.24,10.51,12.01,1.65,0.4,15.62,21.27,0.0,8.700972080037227,3.0701278234985114
15.67,27.58,1.84,8.73,5.63,1.84,0.36,15.63,20.42,0.0,8.700972080037227,3.0701278234985114
16.03,26.82,1.89,9.27,5.92,1.6,0.4,15.63,24.49,0.0,8.700972080037227,3.0701278234985114
9.88,17.95,1.96,6.26,4.52,0.72,0.31,15.69,23.73,0.0,8.700972080037227,3.0701278234985114
5.6,11.66,1.26,5.42,3.58,0.91,0.31,15.72,26.3,0.0,8.700972080037227,3.0701278234985114
12.18,21.4,1.25,5.73,3.72,2.92,0.38,15.89,22.25,0.0,8.700972080037227,3.0701278234985114
24.36,40.94,3.25,10.26,7.42,4.15,0.52,15.86,24.91,0.0,8.700972080037227,3.0701278234985114
20.77,34.82,4.4,7.49,6.92,3.76,0.46,15.75,24.06,0.0,8.700972080037227,3.0701278234985114
19.46,35.88,6.39,10.55,9.9,4.03,0.56,15.99,21.95,0.0,8.700972080037227,3.0701278234985114
18.53,34.18,1.6,6.61,4.4,3.84,0.4,16.06,19.74,0.0,8.700972080037227,3.0701278234985114
21.36,34.42,1.05,5.43,3.42,3.13,0.4,15.97,22.36,0.0,8.700972080037227,3.0701278234985114
18.8,31.55,4.85,12.57,9.73,4.47,0.46,15.9,22.73,0.0,8.700972080037227,3.0701278234985114
16.6,23.75,2.8,7.72,5.85,4.08,0.48,16.1,19.46,0.0,8.700972080037227,3.0701278234985114
17.82,25.71,2.3,8.37,5.78,2.85,0.51,16.09,21.5,0.0,8.700972080037227,3.0701278234985114
18.95,28.79,1.31,8.12,4.92,2.32,0.44,15.91,27.36,0.0,8.700972080037227,3.0701278234985114
21.38,33.14,2.06,6.38,4.65,3.51,0.46,15.66,27.12,0.0,8.700972080037227,3.0701278234985114
20.32,32.51,1.78,5.11,3.82,3.38,0.43,15.83,24.38,0.0,8.700972080037227,3.0701278234985114
40.0,53.0,0.55,6.59,3.59,5.02,0.61,16.07,21.32,0.0,8.700972080037227,3.0701278234985114
23.04,118.12710293078135,4.75,5.28,10.03,23.48347601937197,0.24,2.89,10.84,3.280840304500585,8.700972080037227,3.0701278234985114
24.17,118.12710293078135,4.64,5.33,9.95,23.48347601937197,0.22,3.23,9.41,3.280840304500585,8.700972080037227,3.0701278234985114
25.12,118.12710293078135,5.6,5.65,11.25,23.48347601937197,0.24,3.52,11.09,3.280840304500585,8.700972080037227,3.0701278234985114
25.77,118.12710293078135,5.79,7.09,12.88,23.48347601937197,0.26,2.81,9.13,3.280840304500585,8.700972080037227,3.0701278234985114
24.78,118.12710293078135,5.75,7.0,12.75,23.48347601937197,0.27,3.08,9.71,3.280840304500585,8.700972080037227,3.0701278234985114
22.92,118.12710293078135,10.55,7.27,17.82,23.48347601937197,0.32,3.19,13.11,3.280840304500585,8.700972080037227,3.0701278234985114
20.52,118.12710293078135,4.71,5.95,10.66,23.48347601937197,0.29,3.58,14.19,3.280840304500585,8.700972080037227,3.0701278234985114
20.58,118.12710293078135,4.68,5.33,9.99,23.48347601937197,0.24,3.49,15.79,3.280840304500585,8.700972080037227,3.0701278234985114
24.08,118.12710293078135,5.26,5.95,11.15,23.48347601937197,0.26,3.88,12.82,3.280840304500585,8.700972080037227,3.0701278234985114
24.46,118.12710293078135,5.38,5.82,11.15,23.48347601937197,0.22,4.0,13.88,0.53,0.73,17.23
28.17,118.12710293078135,6.04,7.71,13.65,23.48347601937197,0.22,5.13,12.75,0.64,0.86,0.05
19.83,118.12710293078135,7.36,8.28,15.58,23.48347601937197,0.21,9.01,13.68,0.69,0.85,0.07
163.16,118.12710293078135,11.35,10.55,21.89,23.48347601937197,0.32,13.13,10.08,0.15,0.87,0.15
8.95,118.12710293078135,7.01,14.39,21.4,23.48347601937197,0.43,2.12,6.92,0.19,1.17,0.19
7.29,118.12710293078135,8.99,8.52,17.51,23.48347601937197,0.75,7.02,9.19,0.08,0.5,0.06
23.0,62.17,6.93,46.21,3.46,44.05,0.07,3.71,14.74,0.01,0.04,0.06
7.0,11.0,9.66,43.87,3.57,28.86,0.09,15.62,17.76,0.02,0.11,0.11
11.98,35.51,9.57,42.12,13.8,9.0,0.03,6.74,22.95,0.03,0.11,0.09
5.56,11.67,8.02,8.47,5.4,11.35,0.07,3.57,27.08,0.0,0.84,0.13
8.48,18.17,5.28,10.62,4.97,5.02,0.15,2.97,26.27,0.04,0.47,0.19
5.72,14.48,5.47,12.4,5.52,4.38,0.15,3.27,25.0,0.05,0.46,0.15
6.54,16.81,5.06,9.5,4.58,4.54,0.14,3.09,26.17,0.03,0.58,0.07
10.83,34.66,5.01,9.71,4.57,4.26,0.15,4.23,28.25,0.03,1.0,0.14
13.35,44.95,8.9,18.12,8.43,7.5,0.17,5.55,24.55,0.38,1.86,0.43
15.67,27.18,10.04,12.72,4.23,3.75,0.04,3.3,31.75,0.04,0.63,0.25
14.61,29.85,1.97,18.2,10.99,8.52,0.53,6.94,23.9,0.2,1.92,0.21
16.99,37.87,3.05,20.56,13.25,13.2,0.23,6.42,19.13,0.26,2.86,0.26
16.31,41.38,2.77,20.7,13.14,10.75,0.27,6.36,17.31,0.23,1.84,0.21
16.23,41.54,3.95,23.21,15.22,12.73,0.26,5.93,17.5,0.24,1.79,0.19
17.64,46.04,4.42,28.07,18.17,15.93,0.26,4.6,15.07,0.28,2.36,0.28
18.93,50.36,4.19,24.39,16.02,12.61,0.28,5.05,17.65,0.32,3.21,0.31
20.05,48.6,4.7,26.0,17.26,11.89,0.3,5.06,18.73,1.08,8.65,8.65
16.63,36.37,4.05,23.21,15.32,21.08,0.22,5.45,18.43,0.5,2.8,1.61
19.7,44.03,4.15,21.7,14.62,13.74,0.25,5.47,16.26,0.37,3.24,0.35
11.93,16.09,4.73,22.14,15.24,19.37,0.25,4.96,20.46,0.36,4.2,0.6
13.21,26.26,4.5,20.22,14.07,10.32,0.27,6.21,15.7,0.39,4.02,0.25
17.97,40.97,5.45,26.02,17.84,11.15,0.28,6.88,15.88,0.68,4.67,0.69
12.14,26.59,4.39,20.54,14.0,9.09,0.26,6.46,14.86,0.42,2.55,0.27
14.13,36.01,4.36,22.64,15.15,13.41,0.27,6.95,13.58,0.8,4.43,4.49
14.39,38.34,4.55,21.97,15.57,9.65,0.26,7.32,14.75,0.59,2.8,2.47
12.58,32.59,4.27,22.18,14.61,17.89,0.31,9.52,13.12,0.88,3.02,0.34
19.61,51.45,2.81,23.18,14.44,13.67,0.3,9.11,15.35,0.69,5.28,3.97
17.69,53.6,4.08,21.69,14.24,14.25,0.26,7.41,15.37,0.48,3.01,0.28
18.07,37.67,8.38,27.7,21.0,14.77,0.36,5.9,12.64,1.04,13.0,2.69
17.09,41.09,6.04,24.89,17.3,17.35,0.31,6.07,14.98,0.76,10.03,4.27
16.39,29.84,7.35,24.46,18.46,16.95,0.28,6.09,11.86,0.65,5.23,0.98
11.98,28.35,6.15,18.71,14.38,22.8,0.31,6.15,14.52,0.68,3.91,0.37
11.66,24.68,5.61,17.79,13.61,15.41,0.32,6.65,13.69,0.43,2.71,0.28
16.97,46.65,8.16,27.16,20.02,13.27,0.31,7.29,10.2,0.84,7.87,4.19
7.78,10.87,3.77,19.87,13.35,11.71,0.3,5.69,15.01,0.49,1.88,0.15
18.56,46.57,4.25,20.71,14.14,11.21,0.3,7.17,18.05,0.39,2.55,0.22
15.3,41.14,4.16,17.73,12.67,13.6,0.29,8.0,18.6,0.36,2.64,0.21
15.28,34.82,11.75,24.8,21.07,15.8,0.32,6.84,15.02,0.76,4.1,1.33
13.19,31.47,5.97,21.95,15.99,17.78,0.27,5.98,14.53,0.5,2.58,0.16
10.08,23.02,5.47,19.61,14.4,14.88,0.25,6.73,14.24,0.44,1.95,0.1
10.33,29.62,6.19,22.71,16.5,12.65,0.29,8.08,13.14,0.35,2.27,0.18
12.51,38.94,6.62,23.7,17.2,16.78,0.29,8.73,11.2,0.62,2.32,0.22
14.36,56.52,5.88,24.14,16.98,18.06,0.31,8.55,12.62,0.76,3.43,1.41
14.61,45.18,5.98,24.79,17.43,18.28,0.27,7.85,11.18,0.53,3.42,1.4
15.31,40.27,9.65,27.1,21.01,13.22,0.3,7.61,9.29,0.81,3.76,0.73
16.51,45.72,6.63,27.6,19.35,10.85,0.28,6.97,12.08,3.66,9.47,4.2
18.51,47.92,7.14,25.86,19.12,13.55,0.34,6.4,14.04,1.16,11.12,1.95
15.84,39.37,7.38,23.73,18.24,21.2,0.34,7.13,13.7,0.83,5.4,1.42
20.36,66.88,7.58,25.6,19.27,14.84,0.31,7.74,13.86,1.35,11.11,9.86
8.7,31.33,1.64,15.47,9.48,7.84,0.32,5.25,34.8,0.18,1.13,0.2
11.21,28.99,2.12,17.24,10.7,11.45,0.32,5.75,25.66,0.15,0.94,0.05
15.94,40.79,1.83,14.46,8.74,7.89,0.32,4.75,25.63,0.17,0.86,0.06
9.85,25.11,2.18,11.88,7.95,10.9,0.27,4.55,26.41,0.17,0.84,0.06
9.89,21.02,1.94,9.71,6.9,7.43,0.34,3.51,24.92,0.16,0.7,0.07
12.75,24.02,2.15,13.54,8.61,7.07,0.34,3.99,21.45,0.18,1.0,0.07
18.55,35.16,2.28,16.94,9.97,15.94,0.34,5.0,24.0,0.32,2.43,0.16
18.32,38.86,2.64,14.66,8.9,15.43,0.35,5.62,21.07,0.32,1.89,0.09
17.75,29.98,2.93,14.34,8.62,9.48,0.36,3.99,17.96,0.22,1.12,0.09
20.08,45.27,2.08,12.48,7.4,7.7,0.35,3.65,19.24,0.21,2.06,0.1
17.71,38.88,2.08,13.84,8.29,8.77,0.36,4.07,18.73,0.36,1.19,0.26
16.27,33.26,2.18,13.5,8.12,7.13,0.37,3.39,17.83,0.21,1.58,0.12
15.95,38.56,1.88,8.82,5.39,5.7,0.39,3.28,19.48,0.2,1.44,0.37
15.22,37.91,1.61,7.09,4.34,5.32,0.36,3.48,20.16,0.12,1.88,0.04
16.51,44.22,1.98,10.33,6.2,6.61,0.34,4.35,16.37,0.12,0.28,0.02
15.35,34.76,2.34,10.7,6.72,5.67,0.35,4.2,16.83,0.14,0.47,0.04
12.67,31.67,2.39,9.99,6.38,4.88,0.33,4.32,16.24,0.08,0.23,0.01
16.54,39.46,2.57,12.01,7.99,8.42,0.35,5.19,16.63,0.17,0.79,0.04
18.41,39.59,3.63,15.07,10.1,13.38,0.42,8.4,16.69,0.26,2.87,0.09
12.8,34.14,3.74,12.2,9.79,8.86,0.35,9.88,17.36,0.15,1.27,0.07
14.43,42.52,3.72,14.78,10.4,4.83,0.39,4.59,16.68,0.48,3.49,0.29
15.96,40.84,4.06,13.46,10.75,7.26,0.39,5.51,18.62,0.37,3.24,0.17
12.01,37.69,3.63,15.41,10.45,9.86,0.46,5.78,21.49,0.43,3.31,0.31
8.13,27.42,2.51,10.58,7.35,8.31,0.35,5.06,22.08,0.19,1.56,0.09
10.24,33.46,2.75,11.32,8.04,6.89,0.37,6.43,21.22,0.25,2.22,0.09
12.86,34.31,3.65,12.51,9.19,8.83,0.42,7.48,18.8,0.24,1.72,0.15
14.72,37.9,3.89,14.61,10.63,20.96,0.38,9.89,15.66,0.29,1.64,0.06
12.96,32.82,2.56,11.87,8.24,9.57,0.36,6.52,19.4,0.13,0.66,0.03
13.46,32.98,2.38,11.57,8.08,7.3,0.36,4.07,19.12,0.16,0.66,0.08
8.99,24.55,2.31,11.77,8.17,7.06,0.37,4.02,18.19,0.16,0.53,0.02
8.48,16.54,2.8,12.12,8.76,9.02,0.3,6.56,17.98,0.12,0.55,0.03
10.95,24.67,3.45,13.33,9.93,10.54,0.37,9.55,16.46,0.21,1.16,0.09
10.31,22.89,3.84,14.94,10.97,6.75,0.42,6.72,14.78,0.13,0.58,0.02
8.01,14.41,3.38,13.12,9.48,5.18,0.36,5.84,13.76,0.92,0.39,0.0
6.75,12.53,2.95,11.92,8.49,4.52,0.33,4.24,14.61,1.36,0.7,0.03
6.24,12.61,2.92,12.57,8.68,4.28,0.3,5.03,17.5,1.28,0.98,0.02
7.95,16.23,3.65,12.93,9.21,13.28,0.33,5.9,17.12,1.09,0.6,0.14
9.72,20.37,4.1,16.76,12.04,16.85,0.38,5.86,12.08,0.09,0.62,0.08
12.45,31.7,3.46,19.4,12.81,14.56,0.42,5.75,14.47,0.06,1.06,0.07
12.46,36.39,2.33,13.58,8.84,13.47,0.36,10.95,18.47,0.08,1.26,0.12
11.94,36.04,2.51,15.1,10.03,8.7,0.32,9.39,19.37,0.05,0.54,0.05
17.37,49.51,3.48,16.94,11.86,11.66,0.37,11.43,18.34,0.1,0.7,0.06
13.98,26.77,7.38,15.96,11.37,17.6,0.38,6.72,13.47,0.14,1.27,0.6
11.85,19.79,3.19,12.75,8.8,10.97,0.4,6.07,14.1,0.06,0.48,0.03
15.72,31.72,3.76,11.79,8.14,19.91,0.38,8.25,14.05,0.1,1.44,0.02
12.92,25.24,4.15,12.69,8.44,24.34,0.36,11.3,12.22,0.21,0.89,0.04
12.2,22.06,3.48,12.34,8.08,12.93,0.38,7.72,13.7,0.07,0.42,0.01
11.14,23.81,3.19,15.09,9.16,9.44,0.3,7.29,16.22,0.09,0.72,0.06
11.92,26.23,3.32,12.37,8.05,13.51,0.28,7.28,14.98,0.08,0.67,0.06
13.65,26.13,3.35,12.65,8.2,11.54,0.3,7.33,14.41,0.06,0.56,0.04
10.31,23.28,2.43,11.43,6.92,9.23,0.31,6.93,17.15,0.06,0.42,0.04
13.26,31.13,3.16,13.38,8.32,9.64,0.34,8.12,14.98,0.09,0.6,0.05
14.98,39.67,2.63,13.26,7.91,7.77,0.31,6.41,16.46,0.08,0.6,0.05
18.19,52.44,3.7,16.45,10.0,10.04,0.35,5.51,15.16,0.09,0.56,0.03
16.32,39.18,2.78,13.08,7.93,9.73,0.34,9.74,15.49,0.07,0.8,0.03
18.39,43.73,3.62,15.41,9.61,13.02,0.36,9.21,16.87,0.17,1.36,0.09
22.37,34.73,3.79,21.84,12.51,9.31,0.45,2.49,17.82,0.43,3.0,0.33
15.49,30.07,4.02,14.23,9.31,7.66,0.33,4.7,14.37,0.38,2.6,0.12
25.85,47.6,2.88,15.5,9.06,9.7,0.4,4.62,17.95,0.37,2.75,0.16
25.12,46.3,7.57,26.18,18.57,17.45,0.39,4.56,23.58,0.94,5.18,0.22
11.74,24.32,4.76,20.72,14.0,15.97,0.34,5.12,18.84,0.5,4.81,0.54
13.93,28.72,5.38,18.89,13.16,13.38,0.3,5.56,21.39,0.34,1.75,0.26
19.57,52.74,4.86,22.78,15.07,14.51,0.3,6.89,20.05,0.53,2.81,0.23
20.26,42.43,7.09,21.57,16.09,15.23,0.28,5.72,17.59,1.2,8.26,2.59
19.96,45.14,7.54,23.97,17.06,19.95,0.27,6.7,13.48,1.24,8.63,2.73
17.19,35.96,5.99,21.01,15.04,23.05,0.28,6.02,15.47,0.8,3.5,0.39
9.87,23.48,5.26,19.35,13.7,10.64,0.29,5.32,16.2,0.43,1.65,0.16
9.8,22.79,5.45,19.97,14.15,11.98,0.26,6.34,17.74,0.38,3.14,0.11
13.53,31.78,5.84,19.95,14.57,12.69,0.31,6.19,15.24,0.42,2.91,0.18
10.31,20.76,5.49,17.7,12.66,9.12,0.31,5.28,13.05,0.29,3.21,0.21
10.31,20.97,5.89,18.86,13.65,9.94,0.28,5.7,14.37,0.48,1.66,0.22
14.04,33.09,5.66,18.92,13.77,9.71,0.26,5.94,13.99,0.37,1.48,0.32
20.19,55.14,7.31,20.73,15.44,18.62,0.27,7.96,12.04,0.64,4.58,0.49
15.8,32.18,5.79,22.73,14.89,11.09,0.36,6.36,22.25,0.82,6.48,1.11
20.24,44.74,3.96,27.59,17.09,13.09,0.38,6.29,19.98,1.31,10.83,2.71
19.38,41.95,2.63,24.58,14.59,10.8,0.39,5.3,17.4,1.45,13.07,2.51
26.83,66.5,2.94,27.18,16.13,9.32,0.43,6.07,13.2,1.31,16.51,2.62
16.8,14.47,4.56,5.9,32.30912333307031,23.48347601937197,0.67,8.49,1.27,0.0,0.36,3.0701278234985114
14.37,23.25,4.52,5.7,32.30912333307031,23.48347601937197,0.57,8.89,1.21,0.0,0.18,3.0701278234985114
16.14,35.13,6.77,8.97,13.4,24.65,0.51,10.69,24.24,0.15,2.41,3.0701278234985114
18.96,35.01,12.11,20.54,28.72,30.37,0.58,9.48,22.86,0.33,3.33,3.0701278234985114
67.45057794890306,54.63,7.07,11.37,32.30912333307031,23.48347601937197,0.35,15.39,34.49143047551845,3.280840304500585,8.700972080037227,3.0701278234985114
67.45057794890306,25.83,6.9,9.37,32.30912333307031,23.48347601937197,0.32,13.27,34.49143047551845,3.280840304500585,8.700972080037227,3.0701278234985114
67.45057794890306,18.49,6.96,9.56,32.30912333307031,23.48347601937197,0.34,12.3,3.89,3.280840304500585,8.700972080037227,3.0701278234985114
67.45057794890306,29.83,6.82,9.63,32.30912333307031,23.48347601937197,0.3,12.91,34.49143047551845,3.280840304500585,8.700972080037227,3.0701278234985114
15.0,27.46,8.67,9.24,32.30912333307031,6.28,2.2485982090856145,3.43,5.25,3.280840304500585,8.700972080037227,3.0701278234985114
15.0,28.54,8.75,9.29,32.30912333307031,6.25,2.2485982090856145,3.41,5.76,3.280840304500585,8.700972080037227,3.0701278234985114
15.0,28.1,8.92,9.25,32.30912333307031,6.31,2.2485982090856145,3.6,4.83,3.280840304500585,8.700972080037227,3.0701278234985114
15.0,31.77,8.87,9.19,32.30912333307031,6.28,2.2485982090856145,3.46,7.92,3.280840304500585,8.700972080037227,3.0701278234985114
15.0,69.54,8.7,9.25,32.30912333307031,6.3,2.2485982090856145,3.55,12.52,3.280840304500585,8.700972080037227,3.0701278234985114
45.2,42.67,9.04,9.4,32.30912333307031,6.26,2.2485982090856145,3.57,4.36,3.280840304500585,8.700972080037227,3.0701278234985114
22.95,44.58,1.14,25.76,26.85,5.38,0.38,1.06,22.84,1.67,2.63,3.0701278234985114
24.61,46.54,0.86,25.49,26.32,3.96,0.4,1.1,23.13,1.51,2.28,3.0701278234985114
28.6,45.36,1.95,43.45,45.37,3.62,0.41,1.11,13.56,2.58,4.17,3.0701278234985114
24.4,26.42,1.95,20.88,22.79,6.38,0.31,1.06,23.24,1.08,2.21,3.0701278234985114
16.11,35.0,1.34,22.85,24.17,5.29,0.33,4.46,27.59,1.19,2.3,3.0701278234985114
28.7,55.13,0.59,17.93,18.5,4.44,0.32,4.76,31.3,1.01,2.2,3.0701278234985114
27.81,50.73,4.36,29.82,33.96,1.65,0.39,1.63,21.63,2.04,2.81,3.0701278234985114
9.84,28.42,3.09,17.9,20.99,5.91,0.3,1.35,27.19,1.48,1.8,3.0701278234985114
15.7,30.91,9.46,34.35,43.82,3.46,0.36,1.16,16.92,7.31,5.3,3.0701278234985114
18.01,36.07,4.76,29.23,33.98,5.65,0.38,1.11,18.3,2.12,2.41,3.0701278234985114
18.38,36.92,4.68,27.7,32.37,11.69,0.4,1.28,16.2,2.36,2.53,3.0701278234985114
13.55,40.49,7.16,27.36,34.51,10.37,0.38,0.97,13.9,3.59,2.76,3.0701278234985114
12.25,30.87,4.49,21.61,26.11,9.79,0.37,1.01,12.06,6.55,4.03,3.0701278234985114
7.72,19.72,3.11,15.6,18.71,9.52,0.37,1.08,17.87,1.31,1.81,3.0701278234985114
7.64,20.65,4.93,22.24,27.0,8.72,0.37,1.0,16.58,1.81,2.07,3.0701278234985114
12.9,28.06,7.34,31.74,39.08,8.99,0.38,1.24,13.37,6.47,4.16,3.0701278234985114
14.91,29.44,5.89,28.42,34.29,10.72,0.51,1.03,11.05,3.33,2.83,3.0701278234985114
16.16,33.09,9.08,28.22,37.31,6.39,0.76,1.01,17.28,4.43,5.84,3.0701278234985114
6.06,16.48,3.7,15.58,19.28,7.47,0.63,1.34,16.18,5.3,8.68,3.0701278234985114
6.68,12.6,3.4,16.74,20.14,4.9,0.64,1.63,20.36,0.96,11.04,3.0701278234985114
22.03,36.75,9.06,32.64,41.7,3.33,0.7,1.38,15.98,1.42,9.26,3.0701278234985114
17.81,83.54,4.57,21.57,26.14,13.63,0.34,1.99,20.38,1.93,6.53,3.0701278234985114
16.59,56.12,3.37,15.73,19.09,13.3,0.41,1.73,26.59,3.16,5.81,3.0701278234985114
22.34,39.22,5.73,25.68,31.4,12.25,0.55,2.6,28.41,2.33,6.55,3.0701278234985114
20.3,34.49,5.7,17.88,21.88,4.83,0.42,1.82,27.06,20.4,47.17,13.54
19.04,33.84,5.92,17.24,21.69,4.5,0.43,1.89,32.87,24.01,10.48,10.75
15.87,29.35,7.36,14.2,20.32,4.49,0.41,1.87,29.98,10.55,6.31,4.34
19.23,36.22,11.63,16.82,28.31,8.33,0.39,1.72,23.86,45.57,7.45,3.23
17.6,30.71,4.85,13.65,18.18,11.31,0.51,3.24,31.38,16.35,10.59,3.07
22.92,44.3,5.29,14.3,19.42,11.54,0.39,2.49,24.96,12.41,7.78,2.56
19.9,43.33,7.72,14.33,19.9,11.88,0.37,3.5,19.35,9.5,9.06,2.33
16.06,34.69,6.65,14.13,20.78,8.85,0.37,4.71,15.84,11.51,10.45,2.49
14.63,33.81,6.44,18.29,24.72,8.27,0.38,6.15,20.87,12.91,10.46,2.52
12.07,23.33,5.36,13.68,18.79,9.13,0.41,2.55,17.95,14.66,8.57,2.7
10.12,20.56,7.37,17.97,25.32,8.11,0.44,2.34,21.18,14.58,8.44,2.43
21.44,43.61,8.17,23.09,31.25,7.88,0.5,2.65,17.36,15.78,12.55,4.64
17.93,34.63,13.68,19.92,33.58,11.22,0.51,4.42,17.22,16.44,12.62,10.3
9.07,16.56,6.29,11.38,17.38,12.7,0.35,2.12,24.01,12.29,9.39,2.92
11.36,22.78,7.95,16.73,24.05,9.84,0.4,2.49,14.48,12.36,8.82,2.28
21.7,45.74,7.96,20.52,26.26,9.3,0.48,8.29,17.08,13.57,7.97,2.71
13.17,22.97,7.54,18.01,23.81,11.33,0.49,3.5,16.11,10.6,7.9,2.66
29.6,54.22,6.88,21.27,27.35,10.46,0.44,3.99,18.14,20.03,7.76,2.25
20.92,26.95,7.49,19.29,27.0,14.84,0.57,2.14,15.6,38.98,9.96,3.1
18.3,24.3,4.8,13.58,18.57,11.63,0.46,2.49,23.59,29.97,7.07,2.49
13.95,30.32,6.97,15.32,22.21,11.51,0.44,2.37,20.74,24.65,7.78,2.1
27.41,46.94,4.87,24.09,27.65,11.93,0.49,4.33,22.33,28.68,8.44,2.37
13.74,24.22,7.22,17.02,24.21,10.58,0.4,2.63,24.58,21.92,10.79,1.46
12.82,22.87,12.89,18.34,26.58,11.7,0.41,3.91,25.8,20.27,11.23,1.42
16.68,28.91,7.61,17.33,24.22,11.55,0.42,3.03,21.5,18.32,11.32,2.16
18.83,36.56,11.96,16.93,24.06,10.58,0.4,2.92,14.54,18.99,15.68,2.32
16.54,35.74,10.89,14.93,24.46,12.45,0.38,3.43,15.37,18.69,14.33,1.66
26.16,50.5,8.48,20.14,26.02,12.37,0.48,3.54,18.66,18.81,15.13,1.55
10.64,19.67,22.93,14.85,25.61,31.02,0.46,3.06,13.67,23.38,9.25,2.14
10.37,21.58,8.33,10.63,16.45,8.86,0.39,3.71,15.78,7.91,11.04,1.5
10.02,21.17,6.8,12.4,18.86,11.23,0.38,3.44,18.85,18.69,15.34,2.84
8.77,20.17,6.43,13.0,19.24,13.53,0.36,3.66,20.62,19.85,15.78,1.62
11.06,21.3,5.86,13.9,19.42,13.16,0.42,3.3,17.55,21.63,17.62,2.54
12.63,23.51,6.03,15.62,21.28,9.32,0.42,3.04,16.11,18.39,14.45,1.39
18.89,33.89,4.99,15.5,20.16,14.19,0.4,4.14,25.56,16.69,12.56,1.02
20.96,43.09,3.85,12.27,15.97,16.92,0.39,3.36,27.4,12.24,12.76,1.34
15.06,34.89,5.15,17.5,22.48,13.58,0.46,3.91,18.56,15.68,12.95,1.09
18.3,34.87,7.84,19.49,27.28,15.07,0.45,3.62,11.89,22.17,14.37,1.41
13.73,39.58,5.36,17.01,22.35,13.49,0.38,4.15,20.21,13.76,15.95,1.14
19.19,38.64,6.37,12.62,18.91,12.69,0.35,4.23,15.73,8.18,11.97,1.07
12.38,26.69,5.85,12.2,18.06,9.94,0.37,3.59,17.47,18.99,17.01,1.75
9.88,22.6,6.75,11.9,18.63,9.6,0.37,3.35,14.86,19.45,18.1,1.53
13.46,27.79,5.37,15.08,20.36,10.81,0.44,3.93,23.79,17.44,16.08,1.61
7.86,19.38,6.52,12.54,19.05,10.95,0.32,3.52,15.08,22.55,19.38,1.76
11.71,22.26,9.76,18.31,28.02,9.79,0.53,3.39,10.42,25.57,20.93,2.19
18.45,31.97,9.05,19.79,28.81,10.36,0.53,4.13,16.25,23.51,20.91,3.0
19.27,33.53,10.16,22.59,32.53,12.21,0.53,4.82,18.09,24.31,22.17,2.16
19.66,33.92,14.96,21.08,35.71,13.45,0.56,4.81,12.16,28.94,24.97,2.78
14.96,26.69,7.84,18.02,25.86,10.91,0.44,3.97,15.97,24.06,21.56,2.09
14.36,30.44,7.87,19.59,27.37,12.37,0.43,6.14,20.4,18.95,19.19,1.66
18.37,39.71,3.94,8.91,12.9,12.76,0.36,8.1,32.05,1.21,5.94,0.32
14.57,30.86,3.92,7.56,11.52,12.55,0.34,6.68,31.48,1.23,5.7,0.28
13.48,27.12,4.03,9.0,13.08,12.63,0.32,6.14,25.54,1.36,5.96,0.33
10.49,23.68,3.97,8.56,12.58,12.42,0.33,7.5,36.42,1.22,5.38,0.29
10.67,36.11,3.9,8.2,12.12,12.23,0.32,5.52,33.34,1.5,5.56,0.36
7.71,19.98,3.95,9.15,13.15,12.33,0.34,5.21,29.82,1.6,6.06,0.43
16.81,32.46,4.15,10.69,14.88,12.49,0.39,5.57,30.12,2.15,7.01,0.49
22.15,42.76,3.96,9.69,13.71,12.4,0.38,5.25,32.76,1.97,6.16,0.46
17.49,35.85,3.82,8.59,12.46,11.35,0.34,5.75,33.08,1.86,5.78,0.34
12.3,31.18,3.3,5.35,8.71,6.88,0.27,5.58,23.89,1.08,5.35,0.24
11.23,30.52,3.22,5.27,8.55,6.68,0.27,5.08,25.59,1.12,5.43,0.26
10.61,31.76,3.28,5.42,8.77,6.39,0.28,5.26,26.23,1.32,4.75,0.27
12.93,33.06,3.56,5.99,9.63,6.63,0.28,4.03,17.99,1.58,4.7,0.3
8.32,22.93,3.82,5.94,9.82,7.39,0.28,3.71,17.86,1.22,4.8,0.36
10.3,23.54,4.21,6.05,10.31,9.29,0.26,4.79,31.72,0.96,5.44,0.38
7.3,32.25,3.85,6.66,10.57,8.02,0.36,4.39,24.14,1.33,8.53,0.57
17.4,38.11,3.42,6.8,10.28,7.59,0.36,4.44,26.47,1.33,8.99,0.62
21.78,55.17,3.0,5.53,8.59,9.64,0.34,3.9,27.39,0.93,8.51,0.52
18.89,49.54,2.94,5.08,8.07,9.92,0.35,5.09,27.68,0.8,9.23,0.49
16.54,51.67,2.9,5.14,8.09,10.04,0.34,5.28,25.14,0.71,8.41,0.45
15.14,47.74,3.06,5.53,8.64,9.09,0.34,6.54,21.19,0.66,8.59,0.43
13.81,39.88,3.31,6.09,9.45,9.03,0.33,5.8,22.34,0.76,8.81,0.48
15.07,31.97,3.48,10.72,14.26,8.75,0.41,5.29,31.07,1.59,9.18,0.76
12.65,32.89,4.26,9.78,14.08,11.93,0.34,6.54,28.56,1.29,12.32,0.61
11.25,28.39,4.02,7.44,10.97,9.35,0.32,6.83,30.31,1.28,13.57,1.04
14.39,35.54,4.09,9.41,13.59,8.65,0.35,5.5,20.74,2.59,11.72,1.08
6.99,21.41,4.03,9.52,13.74,8.14,0.37,4.65,18.87,3.68,16.39,1.23
8.7,22.11,3.88,11.15,15.2,8.52,0.37,5.05,21.71,5.75,18.28,1.39
8.96,25.88,3.75,9.69,13.68,8.81,0.38,4.69,20.87,4.05,13.18,1.3
9.93,25.89,3.57,8.63,12.34,8.37,0.36,4.56,17.17,2.21,12.68,1.1
11.99,31.75,3.77,10.35,13.94,9.37,0.37,4.65,19.79,2.23,13.39,0.92
9.9,27.05,3.79,10.69,14.34,8.64,0.36,5.44,24.17,2.5,11.14,0.82
14.57,41.37,3.92,12.68,16.77,9.69,0.39,5.29,21.46,2.96,15.84,0.95
15.18,39.77,3.71,11.92,15.67,9.53,0.37,5.71,24.53,2.62,14.93,0.87
18.5,46.04,4.19,11.68,15.91,10.15,0.39,5.75,26.06,2.6,13.58,0.9
11.11,34.98,4.1,8.06,12.21,11.48,0.34,5.45,18.8,1.59,11.32,1.09
9.3,27.62,3.97,7.36,11.38,11.6,0.35,5.75,25.04,1.98,9.35,0.94
13.7,36.69,4.32,9.13,13.5,11.77,0.36,5.45,27.12,1.3,8.89,0.89
15.9,43.17,4.35,9.47,13.86,11.16,0.37,4.63,21.69,1.89,9.92,0.92
9.59,28.44,6.38,7.91,14.35,10.35,0.34,8.2,22.66,1.09,8.42,0.24
7.89,24.73,5.24,9.25,14.52,8.39,0.35,5.73,23.14,1.68,11.31,0.24
10.58,25.56,5.94,12.63,18.62,6.92,0.38,5.92,27.76,1.32,11.07,0.34
14.53,32.4,5.42,15.98,21.45,7.59,0.45,7.01,30.64,3.18,9.78,0.34
14.0,35.85,6.25,12.29,18.12,9.64,0.37,5.66,24.59,2.46,10.75,0.27
10.53,31.58,6.25,10.01,16.29,12.87,0.3,4.32,15.52,1.82,10.25,0.18
67.45057794890306,118.12710293078135,17.574729662029362,28.560659061126955,32.30912333307031,23.48347601937197,4.27,6.69,34.49143047551845,0.06,0.12,3.0701278234985114
33.78,118.12710293078135,6.21,23.23,2.5,23.48347601937197,1.52,5.15,26.09,1.74,0.86,3.0701278234985114
25.9,118.12710293078135,7.02,30.18,6.24,23.48347601937197,2.2485982090856145,4.17,18.25,3.280840304500585,8.700972080037227,3.0701278234985114
67.45057794890306,118.12710293078135,17.574729662029362,28.560659061126955,32.30912333307031,23.48347601937197,2.2485982090856145,14.53197725590996,34.49143047551845,3.280840304500585,8.700972080037227,3.0701278234985114
45.45,118.12710293078135,8.34,33.81,7.08,23.48347601937197,1.01,5.43,17.6,0.65,8.700972080037227,3.0701278234985114
17.17,118.12710293078135,24.18,25.08,5.69,23.48347601937197,2.2485982090856145,4.94,33.9,0.32,0.04,3.0701278234985114
41.88,118.12710293078135,8.02,17.17,6.24,23.48347601937197,1.15,9.64,25.12,0.19,0.04,3.0701278234985114
41.89,118.12710293078135,2.9,16.52,6.24,23.48347601937197,2.2485982090856145,3.62,19.31,0.12,8.700972080037227,3.0701278234985114
29.38,118.12710293078135,13.19,23.54,6.24,23.48347601937197,1.22,2.56,17.51,0.51,0.31,3.0701278234985114
17.39,118.12710293078135,2.16,15.27,32.30912333307031,23.48347601937197,2.2485982090856145,4.82,24.12,0.13,0.1,3.0701278234985114
16.44,118.12710293078135,4.16,13.81,6.24,23.48347601937197,1.86,4.9,14.28,0.16,1.21,3.0701278234985114
21.53,118.12710293078135,9.11,14.36,32.30912333307031,23.48347601937197,1.21,3.01,13.23,0.52,1.55,3.0701278234985114
11.61,118.12710293078135,11.22,17.95,32.30912333307031,23.48347601937197,1.34,6.46,13.54,1.63,3.14,3.0701278234985114
22.21,118.12710293078135,5.27,15.26,32.30912333307031,23.48347601937197,1.13,4.85,18.2,1.5,3.11,3.0701278234985114
15.6,118.12710293078135,10.66,26.68,22.69,12.91,0.59,5.21,19.64,0.18,0.13,3.0701278234985114
16.22,61.49,8.42,15.83,24.25,23.48347601937197,1.23,9.29,24.03,0.39,8.700972080037227,3.0701278234985114
8.06,23.05,16.04,8.7,24.19,15.24,0.39,10.29,13.76,1.73,8.700972080037227,3.0701278234985114
10.3,35.88,15.93,7.87,23.05,12.79,0.4,10.12,13.98,1.45,8.700972080037227,3.0701278234985114
5.68,20.38,13.76,10.54,24.08,12.98,0.6,11.37,10.26,1.28,8.700972080037227,3.0701278234985114
7.6,29.36,12.54,10.81,23.05,11.7,0.57,10.93,9.62,1.06,8.700972080037227,3.0701278234985114
10.71,34.27,13.36,11.97,24.75,10.07,0.62,11.08,9.12,1.24,8.700972080037227,3.0701278234985114
8.39,22.71,15.69,12.29,27.95,14.47,0.39,7.44,10.11,2.41,8.700972080037227,3.0701278234985114
8.32,27.38,18.67,10.2,28.84,16.88,0.28,7.82,7.38,2.92,8.700972080037227,3.0701278234985114
9.62,32.07,17.97,9.67,27.5,12.28,0.28,8.2,7.3,2.55,8.700972080037227,3.0701278234985114
8.33,26.16,21.75,9.8,31.46,12.68,0.32,8.42,6.25,2.81,8.700972080037227,3.0701278234985114
10.46,42.8,25.55,8.67,33.31,12.79,0.35,8.4,6.29,1.95,8.700972080037227,3.0701278234985114
11.51,33.77,19.77,5.21,23.67,5.86,0.28,11.52,14.68,2.52,8.700972080037227,3.0701278234985114
7.33,30.7,14.79,7.02,21.64,3.74,0.26,7.58,17.14,0.63,8.700972080037227,3.0701278234985114
10.08,42.19,15.83,6.63,22.16,3.61,0.27,6.93,14.37,0.8,8.700972080037227,3.0701278234985114
17.27,44.22,15.13,13.22,28.31,3.4,0.33,7.68,25.44,2.39,8.700972080037227,3.0701278234985114
8.38,19.05,11.06,12.38,23.44,6.58,0.28,7.7,22.89,1.18,8.700972080037227,3.0701278234985114
20.53,47.52,14.01,15.73,29.74,6.41,0.34,10.03,17.66,1.67,8.700972080037227,3.0701278234985114
9.38,30.27,16.51,10.81,27.32,12.51,0.28,11.76,14.98,1.83,8.700972080037227,3.0701278234985114
10.85,35.86,18.3,10.79,28.76,11.73,0.31,10.8,14.68,1.95,8.700972080037227,3.0701278234985114
8.92,25.63,13.86,13.93,27.72,11.24,0.33,11.19,20.42,1.29,8.700972080037227,3.0701278234985114
8.93,28.08,16.24,10.65,26.88,9.74,0.33,11.95,15.69,2.03,8.700972080037227,3.0701278234985114
10.43,34.98,18.59,8.75,27.17,7.54,0.33,12.71,12.88,1.83,8.700972080037227,3.0701278234985114
9.0,28.18,18.46,8.24,26.64,6.45,0.32,12.79,12.38,1.21,8.700972080037227,3.0701278234985114
10.58,27.54,17.7,14.08,31.75,10.34,0.4,11.14,9.59,2.47,8.700972080037227,3.0701278234985114
6.62,21.38,15.53,14.26,29.79,10.46,0.41,11.22,10.55,2.32,8.700972080037227,3.0701278234985114
7.46,26.97,20.39,16.02,36.41,10.77,0.43,10.89,8.84,2.34,8.700972080037227,3.0701278234985114
18.42,26.65,1.28,3.5,1.33,3.64,0.29,5.15,28.46,0.22,0.72,3.0701278234985114
18.36,26.11,1.33,3.53,1.28,3.63,0.31,5.85,33.5,0.12,0.55,3.0701278234985114
17.45,25.16,1.31,3.49,1.27,3.65,0.34,5.97,27.85,0.09,0.17,3.0701278234985114
16.96,25.31,1.32,3.54,1.29,3.65,0.29,5.86,22.17,0.18,0.14,3.0701278234985114
8.89,14.37,1.31,3.52,1.3,3.63,0.23,5.76,29.69,0.1,0.73,3.0701278234985114
8.32,16.12,1.23,3.55,1.44,3.65,0.29,4.93,18.72,0.32,1.37,3.0701278234985114
4.2,9.07,1.23,3.56,1.44,3.65,0.18,5.0,25.14,0.14,0.77,3.0701278234985114
4.34,8.67,1.26,3.57,1.41,3.64,0.18,5.11,28.71,0.13,0.79,3.0701278234985114
4.94,10.61,1.22,3.55,1.45,3.65,0.21,5.14,29.84,0.16,0.83,3.0701278234985114
9.82,15.96,1.21,3.53,1.45,3.65,0.24,5.46,28.78,0.19,0.86,3.0701278234985114
11.37,19.57,1.29,3.54,1.35,3.64,0.29,6.12,25.39,0.24,0.69,3.0701278234985114
5.79,10.72,1.3,3.51,1.32,3.65,0.23,5.69,23.95,0.16,0.99,3.0701278234985114
7.94,13.81,1.27,3.61,1.44,3.64,0.32,5.13,23.52,0.28,1.18,3.0701278234985114
5.9,13.28,1.17,3.49,1.46,3.64,0.17,5.23,34.68,0.11,0.49,3.0701278234985114
11.9,22.69,1.22,3.55,1.46,3.64,0.23,5.34,29.16,0.19,0.72,3.0701278234985114
13.02,23.29,2.94,5.07,0.96,3.66,0.22,5.4,34.46,0.21,0.64,3.0701278234985114
13.23,23.69,1.42,3.42,1.29,3.66,0.27,5.53,31.21,0.26,0.82,3.0701278234985114
17.9,27.86,1.23,3.56,1.46,3.64,0.32,5.63,24.68,0.42,1.04,3.0701278234985114
18.81,27.76,1.18,3.54,1.48,3.66,0.28,5.69,23.7,0.38,0.97,3.0701278234985114
14.72,25.65,1.21,3.53,1.45,3.66,0.27,5.59,25.26,0.4,1.17,3.0701278234985114
10.24,18.57,1.2,3.59,1.51,3.65,0.35,5.54,31.03,0.37,1.27,3.0701278234985114
13.24,22.97,1.16,3.55,1.52,3.66,0.49,5.49,27.48,0.47,1.57,3.0701278234985114
8.71,13.85,1.15,3.54,1.52,3.66,0.43,5.48,24.93,0.4,1.44,3.0701278234985114
6.63,12.66,1.14,3.52,1.52,3.66,0.4,5.55,25.75,0.43,1.73,3.0701278234985114
13.14,21.3,1.17,3.59,1.55,3.66,0.46,5.66,26.7,0.48,1.34,3.0701278234985114
8.52,15.84,1.15,3.55,1.53,3.66,0.24,5.68,37.11,0.21,0.49,3.0701278234985114
8.08,15.48,1.13,3.54,1.55,3.66,0.26,5.63,33.34,0.2,0.53,3.0701278234985114
11.79,20.79,1.15,3.56,1.54,3.67,0.46,5.68,31.49,0.49,1.46,3.0701278234985114
5.11,10.05,1.16,3.57,1.53,3.68,0.32,5.69,31.71,0.26,0.8,3.0701278234985114
15.38,21.8,1.12,3.58,1.58,3.66,0.29,5.75,38.39,0.33,0.64,3.0701278234985114
19.67,32.09,1.11,3.5,0.63,3.62,0.29,5.77,41.42,0.12,0.15,3.0701278234985114
67.45057794890306,20.9,17.574729662029362,28.560659061126955,0.0,23.48347601937197,0.29,5.46,40.26,0.0,0.0,3.0701278234985114
67.45057794890306,20.78,17.574729662029362,28.560659061126955,0.0,23.48347601937197,0.47,5.58,32.71,0.0,0.0,3.0701278234985114
17.72,19.46,1.23,3.63,0.76,3.62,0.44,5.76,29.2,0.0,0.0,3.0701278234985114
21.02,34.85,1.14,3.58,1.58,3.66,0.31,6.14,36.64,0.0,0.0,3.0701278234985114
17.32,27.42,1.16,3.54,1.51,3.65,0.26,6.26,35.77,0.0,0.0,3.0701278234985114
17.79,31.72,1.19,3.55,1.48,3.65,0.31,6.44,35.82,3.6,3.79,3.0701278234985114
16.72,27.24,1.16,3.57,1.54,3.66,0.33,6.5,30.84,0.33,0.6,3.0701278234985114
20.46,31.51,1.15,3.54,1.53,3.63,0.38,6.61,31.97,0.45,0.65,3.0701278234985114
9.46,15.75,1.12,3.56,1.58,3.68,0.36,6.54,28.51,0.36,0.78,3.0701278234985114
6.56,8.7,0.29,0.95,0.36,0.98,0.06,2.08,8.83,0.12,0.08,3.0701278234985114
13.61,18.78,0.58,1.83,0.73,1.87,0.15,3.96,16.16,0.27,0.35,3.0701278234985114
10.31,13.97,0.47,1.52,0.62,1.6,0.17,3.38,10.43,0.28,0.4,3.0701278234985114
16.74,22.3,0.61,1.91,0.75,2.03,0.2,4.43,16.75,0.32,0.45,3.0701278234985114
12.69,15.68,0.53,1.62,0.54,1.64,0.17,3.58,11.6,0.25,0.2,3.0701278234985114
12.47,17.01,0.59,1.85,0.75,1.89,0.12,4.23,18.27,0.48,0.22,3.0701278234985114
10.44,2.86,0.85,2.6,0.92,2.66,0.16,5.91,32.86,0.45,0.24,3.0701278234985114
22.59,30.4,0.91,2.96,1.32,3.05,0.28,7.95,32.79,0.41,0.28,3.0701278234985114
17.46,24.25,0.76,2.47,1.11,2.5,0.2,6.64,28.35,0.29,0.19,3.0701278234985114
34.74,45.92,0.74,2.36,0.38,2.45,0.14,6.99,29.39,0.16,0.12,3.0701278234985114
25.11,31.22,0.82,2.56,1.12,2.61,0.34,3.23,28.84,266.83,266.28,3.0701278234985114
21.18,26.77,0.86,2.72,1.17,2.78,0.23,3.3,33.19,132.8,132.8,3.0701278234985114
17.24,24.88,0.79,2.44,1.04,2.49,0.24,3.09,25.66,405.21,405.05,3.0701278234985114
37.88,59.49,0.96,2.69,1.05,2.75,0.31,6.19,6.77,50.59,50.7,3.0701278234985114
21.58,29.57,0.79,2.46,1.07,2.55,0.24,4.53,6.48,0.09,0.13,3.0701278234985114
30.19,39.11,0.87,2.67,1.15,2.75,0.22,5.24,1.73,0.17,0.05,3.0701278234985114
12.54,18.18,0.81,2.42,1.01,2.48,0.17,5.85,1.61,5.31,5.47,3.0701278234985114
13.9,18.23,0.88,2.65,1.12,2.71,0.16,6.65,0.9,0.04,0.14,3.0701278234985114
10.46,13.6,0.9,2.65,1.09,2.72,0.15,6.66,0.8,0.04,0.12,3.0701278234985114
13.97,18.44,0.89,2.65,1.11,2.73,0.2,6.95,0.11,0.04,0.19,3.0701278234985114
16.18,23.91,0.88,2.58,1.05,2.66,0.16,6.96,4.15,0.09,0.14,3.0701278234985114
12.39,16.49,0.9,2.62,1.07,2.71,0.18,7.0,9.44,0.15,0.15,3.0701278234985114
11.76,16.65,0.92,2.65,1.06,2.7,0.18,7.38,18.51,0.05,0.16,3.0701278234985114
21.41,32.61,0.92,2.62,1.04,2.66,0.19,8.0,21.39,0.05,0.16,3.0701278234985114
21.75,30.97,1.0,2.74,1.02,2.84,0.2,8.55,12.28,9.78,9.84,3.0701278234985114
30.47,43.71,0.92,2.62,1.03,2.72,0.19,8.1,19.25,0.06,0.03,3.0701278234985114
21.18,31.19,0.75,2.14,0.85,2.21,0.15,6.56,11.21,0.0,0.0,3.0701278234985114
17.18,25.41,0.66,1.89,0.73,1.97,0.13,5.95,9.43,0.0,0.0,3.0701278234985114
14.34,23.35,0.61,1.72,0.67,1.78,0.11,5.39,11.43,0.0,0.0,3.0701278234985114
16.06,29.21,0.91,2.53,0.98,2.61,0.16,8.27,11.87,0.0,0.0,3.0701278234985114
26.59,49.0,0.96,2.67,1.03,2.77,0.21,9.14,15.21,0.07,0.06,3.0701278234985114
17.42,26.03,0.93,2.65,1.06,2.71,0.19,8.35,9.25,0.07,0.13,3.0701278234985114
3.45,4.98,0.88,2.58,1.06,2.67,0.17,7.77,34.49143047551845,98.96,99.01,3.0701278234985114
8.58,12.38,0.99,2.84,1.14,2.91,0.22,8.62,1.45,205.43,205.43,3.0701278234985114
24.57,40.46,0.95,2.66,1.04,2.8,0.19,8.76,14.18,0.02,0.08,3.0701278234985114
16.11,24.92,0.94,2.66,1.03,2.75,0.16,8.68,5.76,0.0,0.02,3.0701278234985114
11.5,19.73,0.97,2.74,1.06,2.83,0.14,8.54,8.87,0.0,0.0,3.0701278234985114
7.42,11.94,0.97,2.69,1.05,2.76,0.14,8.65,7.42,0.0,0.05,3.0701278234985114
8.61,13.44,0.97,2.69,1.04,2.74,0.16,8.37,19.84,0.01,0.08,3.0701278234985114
12.87,19.67,0.93,2.66,1.05,2.73,0.24,8.49,5.3,0.03,0.19,3.0701278234985114
11.74,15.88,1.0,2.8,1.09,2.88,0.18,8.98,3.65,0.02,0.24,3.0701278234985114
12.82,20.52,0.97,2.75,1.07,2.81,0.17,8.61,3.28,0.0,0.12,3.0701278234985114
12.93,20.92,0.99,2.84,1.14,2.94,0.17,9.09,6.03,0.0,0.08,3.0701278234985114
16.52,28.89,0.97,2.78,1.12,2.9,0.16,9.14,11.35,63.67,63.69,3.0701278234985114
19.38,31.27,0.97,2.73,1.06,2.81,0.15,9.47,16.35,0.11,0.27,3.0701278234985114
19.65,27.54,0.96,2.65,1.02,2.74,0.17,9.84,12.45,0.23,0.45,3.0701278234985114
20.5,28.99,0.98,2.73,1.07,2.84,0.18,10.76,11.24,0.26,0.54,3.0701278234985114
12.72,18.14,0.99,2.75,1.06,2.85,0.15,10.76,1.17,0.14,0.64,3.0701278234985114
13.5,17.99,1.0,2.73,1.04,2.79,0.16,10.49,1.83,0.19,0.58,3.0701278234985114
17.94,25.5,1.05,2.88,1.09,2.93,0.18,11.33,5.11,0.26,0.67,3.0701278234985114
23.76,32.93,0.97,2.71,1.05,2.76,0.21,10.7,5.94,0.43,1.09,3.0701278234985114
24.94,33.44,0.98,2.73,1.06,2.84,0.25,10.96,0.01,0.5,1.22,3.0701278234985114
9.99,14.39,0.95,2.62,1.0,2.73,0.17,10.71,34.49143047551845,0.18,0.98,3.0701278234985114
5.28,10.75,0.97,2.64,1.0,2.77,0.16,10.19,17.41,0.25,0.91,3.0701278234985114
3.44,5.82,0.98,2.76,1.09,2.86,0.14,9.5,22.11,0.01,0.09,3.0701278234985114
3.9,6.79,0.92,2.63,1.03,2.71,0.13,8.92,20.96,0.01,0.08,3.0701278234985114
4.38,10.06,0.9,2.41,0.87,2.5,0.12,9.22,14.21,0.02,0.16,3.0701278234985114
3.87,5.38,1.09,3.06,1.18,3.17,0.14,11.18,26.65,0.01,0.11,3.0701278234985114
4.56,6.79,1.1,3.09,1.2,6.2,0.15,11.29,31.77,0.01,0.08,3.0701278234985114
10.64,15.77,1.09,3.03,1.16,3.13,0.2,11.89,33.9,0.01,0.1,3.0701278234985114
14.8,23.66,1.11,3.03,1.13,3.12,0.22,13.84,29.12,0.02,0.1,3.0701278234985114
5.35,9.42,1.09,2.92,1.07,3.04,0.14,12.33,25.35,0.01,0.06,3.0701278234985114
8.14,12.93,1.08,2.94,1.1,3.07,0.15,12.47,35.8,0.01,0.07,3.0701278234985114
9.65,20.87,1.06,2.97,1.15,3.09,0.13,12.67,42.14,0.01,0.03,3.0701278234985114
10.21,15.34,1.13,3.07,1.14,3.2,0.14,10.89,29.17,0.01,0.03,3.0701278234985114
9.62,16.37,1.08,2.95,1.11,3.03,0.13,5.46,10.18,0.01,0.02,3.0701278234985114
6.33,8.76,1.08,3.01,1.17,3.09,0.12,4.94,11.83,0.01,0.03,3.0701278234985114
9.41,9.77,0.99,2.89,1.16,2.93,0.16,4.76,24.97,0.01,0.05,3.0701278234985114
9.53,13.4,1.07,3.05,1.22,3.14,0.18,5.33,10.85,0.02,0.13,3.0701278234985114
14.74,20.8,1.01,2.85,1.12,2.96,0.2,5.05,6.2,0.02,0.14,3.0701278234985114
16.7,29.4,0.97,2.7,1.04,2.66,0.1,4.29,17.71,0.0,0.02,3.0701278234985114
67.45057794890306,0.04,17.574729662029362,31.52,32.30912333307031,31.5,2.2485982090856145,0.87,12.6,3.280840304500585,8.700972080037227,3.0701278234985114
67.45057794890306,0.06,17.574729662029362,36.26,32.30912333307031,27.98,2.2485982090856145,0.26,12.29,3.280840304500585,8.700972080037227,3.0701278234985114
67.45057794890306,0.13,17.574729662029362,38.4,32.30912333307031,27.52,2.2485982090856145,1.51,12.42,3.280840304500585,8.700972080037227,3.0701278234985114
67.45057794890306,0.14,17.574729662029362,43.88,32.30912333307031,24.65,2.2485982090856145,0.89,13.33,3.280840304500585,8.700972080037227,3.0701278234985114
67.45057794890306,0.16,17.574729662029362,51.75,32.30912333307031,24.28,2.2485982090856145,2.24,12.83,3.280840304500585,8.700972080037227,3.0701278234985114
67.45057794890306,0.14,17.574729662029362,56.73,32.30912333307031,26.21,2.2485982090856145,3.36,14.33,3.280840304500585,8.700972080037227,3.0701278234985114
67.45057794890306,0.24,17.574729662029362,51.56,32.30912333307031,23.53,2.2485982090856145,3.43,14.23,3.280840304500585,8.700972080037227,3.0701278234985114
67.45057794890306,0.21,17.574729662029362,44.06,32.30912333307031,22.65,2.2485982090856145,1.99,15.47,3.280840304500585,8.700972080037227,3.0701278234985114
67.45057794890306,0.17,17.574729662029362,54.75,32.30912333307031,23.75,2.2485982090856145,3.09,14.37,3.280840304500585,8.700972080037227,3.0701278234985114
67.45057794890306,118.12710293078135,17.574729662029362,65.89,32.30912333307031,22.32,2.2485982090856145,7.37,14.88,3.280840304500585,8.700972080037227,3.0701278234985114
67.45057794890306,0.03,17.574729662029362,18.5,32.30912333307031,21.43,2.2485982090856145,0.04,14.84,3.280840304500585,8.700972080037227,3.0701278234985114
67.45057794890306,0.07,17.574729662029362,51.49,32.30912333307031,23.46,2.2485982090856145,3.53,10.33,3.280840304500585,8.700972080037227,3.0701278234985114
67.45057794890306,0.13,17.574729662029362,70.9,32.30912333307031,24.71,2.2485982090856145,5.78,11.82,3.280840304500585,8.700972080037227,3.0701278234985114
67.45057794890306,0.17,17.574729662029362,97.79,32.30912333307031,25.81,2.2485982090856145,17.31,11.27,3.280840304500585,8.700972080037227,3.0701278234985114
79.71,0.22,221.74,79.92,146.19,26.32,3.08,12.57,12.18,3.280840304500585,8.700972080037227,3.0701278234985114
9.55,37.88,20.31,9.36,29.66,7.25,0.86,1.87,0.77,0.0,8.700972080037227,3.0701278234985114
14.8,32.29,37.28,1.98,39.26,8.26,1.05,1.99,0.89,0.0,8.700972080037227,3.0701278234985114
13.82,17.21,6.63,21.31,27.25,23.48347601937197,0.54,15.73,34.49143047551845,0.0,8.700972080037227,3.0701278234985114
18.24,22.76,17.574729662029362,28.560659061126955,0.0,23.48347601937197,0.59,16.62,34.49143047551845,0.0,8.700972080037227,3.0701278234985114
15.08,31.09,1.94,5.8,4.65,23.48347601937197,0.71,4.65,17.54,3.280840304500585,8.700972080037227,3.0701278234985114
11.15,22.15,1.87,6.07,4.69,23.48347601937197,0.6,4.12,16.65,3.280840304500585,8.700972080037227,3.0701278234985114
12.25,23.53,1.88,5.22,4.29,23.48347601937197,0.56,3.83,18.7,3.280840304500585,8.700972080037227,3.0701278234985114
10.06,22.58,1.98,4.74,4.13,23.48347601937197,0.47,3.73,19.53,3.280840304500585,8.700972080037227,3.0701278234985114
13.03,21.61,1.9,6.64,5.03,23.48347601937197,0.64,4.0,14.46,3.280840304500585,8.700972080037227,3.0701278234985114
14.19,31.38,1.89,6.95,5.22,23.48347601937197,0.64,4.59,15.22,3.280840304500585,8.700972080037227,3.0701278234985114
15.81,38.45,1.93,5.13,4.3,23.48347601937197,0.57,3.77,15.44,3.280840304500585,8.700972080037227,3.0701278234985114
14.91,36.71,1.89,5.98,4.71,23.48347601937197,0.56,3.28,16.46,3.280840304500585,8.700972080037227,3.0701278234985114
14.69,39.71,2.05,4.08,3.84,23.48347601937197,0.68,3.34,13.63,3.280840304500585,8.700972080037227,3.0701278234985114
10.59,27.62,2.14,1.58,2.57,23.48347601937197,0.57,4.14,14.29,3.280840304500585,8.700972080037227,3.0701278234985114
10.4,22.56,2.05,3.45,3.51,23.48347601937197,0.65,4.6,21.13,3.280840304500585,8.700972080037227,3.0701278234985114
19.2,43.69,2.02,6.88,5.3,23.48347601937197,0.66,3.86,19.87,3.280840304500585,8.700972080037227,3.0701278234985114
15.94,31.78,1.92,7.1,5.31,23.48347601937197,0.68,4.36,17.31,3.280840304500585,8.700972080037227,3.0701278234985114
8.74,18.65,1.84,5.09,4.21,23.48347601937197,0.53,5.05,16.83,3.280840304500585,8.700972080037227,3.0701278234985114
17.33,36.27,1.9,7.54,5.55,23.48347601937197,0.65,4.06,15.24,3.280840304500585,8.700972080037227,3.0701278234985114
17.62,47.88,1.97,5.82,4.69,23.48347601937197,0.63,2.88,15.47,3.280840304500585,8.700972080037227,3.0701278234985114
14.44,46.79,2.05,6.83,5.3,23.48347601937197,0.55,4.29,16.82,3.280840304500585,8.700972080037227,3.0701278234985114
19.72,52.15,1.98,6.07,4.83,23.48347601937197,0.46,3.32,14.89,3.280840304500585,8.700972080037227,3.0701278234985114
14.38,38.51,1.97,4.62,4.04,23.48347601937197,0.47,3.6,14.04,3.280840304500585,8.700972080037227,3.0701278234985114
13.47,35.72,1.93,4.14,3.72,23.48347601937197,0.63,4.36,12.35,3.280840304500585,8.700972080037227,3.0701278234985114
7.42,22.98,1.99,4.14,3.79,23.48347601937197,0.49,3.33,14.18,3.280840304500585,8.700972080037227,3.0701278234985114
15.53,37.17,1.94,6.61,5.1,23.48347601937197,0.58,3.72,17.67,3.280840304500585,8.700972080037227,3.0701278234985114
15.07,32.19,2.05,5.15,4.39,23.48347601937197,0.52,2.91,19.56,3.280840304500585,8.700972080037227,3.0701278234985114
24.12,54.45,2.06,3.22,3.14,23.48347601937197,0.55,3.98,18.43,3.280840304500585,8.700972080037227,3.0701278234985114
6.15,13.37,1.09,1.96,1.0,2.22,0.23,1.86,4.38,3.280840304500585,8.700972080037227,3.0701278234985114
11.68,22.6,3.15,13.39,9.69,2.72,0.72,4.82,30.1,3.280840304500585,8.700972080037227,3.0701278234985114
5.19,36.92,3.19,1.89,3.16,2.39,0.58,5.36,23.88,3.280840304500585,8.700972080037227,3.0701278234985114
13.23,43.69,3.06,5.15,5.14,2.1,0.8,5.64,24.69,3.280840304500585,8.700972080037227,3.0701278234985114
13.45,28.3,3.18,9.14,7.36,1.83,0.7,5.79,28.12,3.280840304500585,8.700972080037227,3.0701278234985114
12.81,30.9,3.21,9.67,7.75,1.97,0.76,5.97,28.01,3.280840304500585,8.700972080037227,3.0701278234985114
11.32,31.95,3.25,11.75,8.89,1.56,0.76,5.44,20.83,3.280840304500585,8.700972080037227,3.0701278234985114
13.66,41.84,3.15,8.46,7.0,2.29,0.62,5.71,25.78,3.280840304500585,8.700972080037227,3.0701278234985114
17.1,38.49,3.04,8.25,6.86,3.6,0.83,5.19,29.35,3.280840304500585,8.700972080037227,3.0701278234985114
17.82,33.89,3.26,7.74,6.75,3.45,0.68,6.42,33.36,3.280840304500585,8.700972080037227,3.0701278234985114
19.23,34.53,3.1,9.0,7.28,3.03,0.74,5.33,32.83,3.280840304500585,8.700972080037227,3.0701278234985114
7.0,36.83,3.17,7.14,6.37,1.98,0.72,5.98,29.37,3.280840304500585,8.700972080037227,3.0701278234985114
15.77,29.21,3.28,11.32,8.48,1.88,0.79,7.12,29.82,3.280840304500585,8.700972080037227,3.0701278234985114
11.88,36.38,3.06,8.59,7.06,1.99,0.75,6.97,27.58,3.280840304500585,8.700972080037227,3.0701278234985114
9.01,21.69,3.06,6.91,5.91,1.91,0.66,6.22,28.42,3.280840304500585,8.700972080037227,3.0701278234985114
10.5,26.23,2.95,5.67,5.21,1.99,0.67,4.0,31.16,3.280840304500585,8.700972080037227,3.0701278234985114
11.1,27.05,2.97,5.97,5.03,1.84,0.62,5.61,34.97,3.280840304500585,8.700972080037227,3.0701278234985114
15.43,41.07,2.9,8.0,6.61,1.72,0.71,6.37,35.13,3.280840304500585,8.700972080037227,3.0701278234985114
12.69,34.25,2.99,6.46,5.86,1.8,0.75,6.28,30.52,3.280840304500585,8.700972080037227,3.0701278234985114
16.1,46.1,3.0,6.93,6.11,1.77,0.9,6.64,30.17,3.280840304500585,8.700972080037227,3.0701278234985114
18.96,43.82,2.77,8.43,6.74,3.02,0.83,6.45,35.51,3.280840304500585,8.700972080037227,3.0701278234985114
11.42,24.47,2.99,3.84,4.45,3.18,0.8,5.49,8.17,3.280840304500585,8.700972080037227,3.0701278234985114
12.44,34.61,1.1,4.36,2.5,1.67,0.5,1.25,37.65,3.280840304500585,8.700972080037227,3.0701278234985114
17.4,52.68,1.19,4.78,2.72,1.85,0.55,1.47,32.51,3.280840304500585,8.700972080037227,3.0701278234985114
13.33,35.77,0.55,2.43,1.74,1.4,0.46,1.6,21.26,3.280840304500585,8.700972080037227,3.0701278234985114
9.27,29.82,1.1,4.09,2.39,2.4,0.65,1.38,35.1,3.280840304500585,8.700972080037227,3.0701278234985114
19.83,45.83,0.76,5.01,2.75,1.71,0.77,2.91,28.36,3.280840304500585,8.700972080037227,3.0701278234985114
7.83,24.78,0.92,3.12,1.84,1.29,0.56,2.03,27.8,3.280840304500585,8.700972080037227,3.0701278234985114
67.45057794890306,118.12710293078135,17.574729662029362,28.560659061126955,32.30912333307031,23.48347601937197,2.2485982090856145,14.53197725590996,34.49143047551845,3.280840304500585,8.700972080037227,3.0701278234985114
10.26,47.92,1.07,2.21,8.95,10.74,0.08,1.77,14.52,3.280840304500585,8.700972080037227,3.0701278234985114
13.43,45.05,1.01,2.24,5.93,6.06,0.58,0.95,14.21,3.280840304500585,8.700972080037227,3.0701278234985114
17.03,46.9,1.1,3.08,9.72,6.12,0.68,2.32,14.87,3.280840304500585,8.700972080037227,3.0701278234985114
8.74,40.2,1.62,2.69,9.83,5.96,0.6,2.39,14.65,3.280840304500585,8.700972080037227,3.0701278234985114
9.89,36.12,1.81,2.32,10.09,5.6,0.77,0.94,15.03,3.280840304500585,8.700972080037227,3.0701278234985114
11.09,43.52,1.54,3.27,9.76,4.98,0.79,1.68,15.31,3.280840304500585,8.700972080037227,3.0701278234985114
12.48,34.86,1.57,3.29,15.43,5.57,0.82,0.65,17.14,3.280840304500585,8.700972080037227,3.0701278234985114
13.47,28.95,1.38,2.83,10.62,2.4,0.55,1.6,17.67,3.280840304500585,8.700972080037227,3.0701278234985114
8.94,26.17,0.98,2.21,16.66,2.78,0.62,1.26,17.75,3.280840304500585,8.700972080037227,3.0701278234985114
17.42,37.18,0.82,3.62,2.21,1.97,0.64,0.97,22.26,3.280840304500585,8.700972080037227,3.0701278234985114
10.78,27.74,0.74,2.95,11.58,1.92,0.57,1.66,24.72,3.280840304500585,8.700972080037227,3.0701278234985114
9.3,26.98,0.85,3.48,11.78,1.68,0.61,1.31,26.31,3.280840304500585,8.700972080037227,3.0701278234985114
4.25,21.07,0.79,3.55,1.93,1.5,0.56,0.9,26.2,3.280840304500585,8.700972080037227,3.0701278234985114
7.19,17.91,1.05,3.88,2.14,1.78,0.42,1.96,24.33,3.280840304500585,8.700972080037227,3.0701278234985114
7.22,21.05,1.03,3.01,1.76,1.78,0.33,0.86,28.29,3.280840304500585,8.700972080037227,3.0701278234985114
6.05,16.86,1.09,2.19,11.27,1.72,0.42,0.71,29.51,3.280840304500585,8.700972080037227,3.0701278234985114
15.15,33.9,1.14,3.61,2.02,1.51,0.68,0.44,22.94,3.280840304500585,8.700972080037227,3.0701278234985114
11.41,38.04,0.85,2.71,1.67,1.5,0.65,1.09,18.84,3.280840304500585,8.700972080037227,3.0701278234985114
4.44,14.72,0.9,2.34,1.32,2.01,0.39,0.89,30.75,3.280840304500585,8.700972080037227,3.0701278234985114
5.56,17.06,0.89,2.29,1.51,2.14,0.45,0.94,31.66,3.280840304500585,8.700972080037227,3.0701278234985114
7.9,24.9,0.91,3.94,2.19,1.64,0.63,1.13,31.87,3.280840304500585,8.700972080037227,3.0701278234985114
20.37,38.29,0.85,4.17,2.35,1.54,0.72,1.08,21.62,3.280840304500585,8.700972080037227,3.0701278234985114
13.58,31.07,0.73,3.64,2.15,1.44,0.67,1.36,19.92,3.280840304500585,8.700972080037227,3.0701278234985114
8.02,23.18,1.37,4.01,2.12,1.44,0.7,0.73,22.72,3.280840304500585,8.700972080037227,3.0701278234985114
7.98,22.64,0.84,3.03,6.66,1.66,0.63,1.57,26.12,3.280840304500585,8.700972080037227,3.0701278234985114
12.11,30.07,1.16,3.65,2.08,1.65,0.64,1.79,30.67,3.280840304500585,8.700972080037227,3.0701278234985114
6.82,21.39,1.11,3.12,1.81,1.7,0.59,1.36,31.24,3.280840304500585,8.700972080037227,3.0701278234985114
15.48,31.92,0.92,3.61,2.06,1.33,0.67,1.29,26.61,3.280840304500585,8.700972080037227,3.0701278234985114
13.65,39.05,0.88,3.86,11.85,1.33,0.66,1.34,19.78,3.280840304500585,8.700972080037227,3.0701278234985114
10.55,28.91,0.88,2.97,1.79,1.24,0.68,1.38,18.16,3.280840304500585,8.700972080037227,3.0701278234985114
11.86,27.14,0.77,2.66,1.56,1.39,0.7,1.33,24.46,3.280840304500585,8.700972080037227,3.0701278234985114
13.06,28.23,0.54,1.42,1.2,1.4,0.67,0.58,20.23,3.280840304500585,8.700972080037227,3.0701278234985114
17.36,33.53,0.62,3.3,1.93,1.3,0.73,1.25,23.88,3.280840304500585,8.700972080037227,3.0701278234985114
14.02,30.52,0.72,3.17,1.86,1.29,0.77,1.01,20.82,3.280840304500585,8.700972080037227,3.0701278234985114
11.18,33.91,0.78,3.16,1.84,1.43,0.84,1.12,20.47,3.280840304500585,8.700972080037227,3.0701278234985114
7.42,22.56,0.85,3.18,1.88,1.61,0.74,1.21,28.73,3.280840304500585,8.700972080037227,3.0701278234985114
15.59,26.06,5.9,6.31,10.07,6.14,0.49,5.9,36.95,3.280840304500585,8.700972080037227,3.0701278234985114
10.74,20.13,5.07,6.07,9.55,4.97,0.38,5.05,28.32,3.280840304500585,8.700972080037227,3.0701278234985114
15.01,27.65,3.25,7.99,9.71,6.01,0.48,5.8,29.78,3.280840304500585,8.700972080037227,3.0701278234985114
15.97,35.6,5.62,8.08,11.93,6.01,0.42,5.17,29.95,3.280840304500585,8.700972080037227,3.0701278234985114
12.83,29.49,4.93,10.69,9.56,4.54,0.57,6.3,27.01,3.280840304500585,8.700972080037227,3.0701278234985114
12.19,29.47,6.75,11.68,14.99,5.69,0.5,5.09,32.17,3.280840304500585,8.700972080037227,3.0701278234985114
11.41,30.8,7.22,11.6,15.45,5.89,0.54,5.12,35.45,3.280840304500585,8.700972080037227,3.0701278234985114
14.91,37.29,7.33,10.08,14.7,6.1,0.51,5.73,25.23,3.280840304500585,8.700972080037227,3.0701278234985114
16.15,35.54,5.73,6.67,10.44,4.7,0.43,6.1,32.04,3.280840304500585,8.700972080037227,3.0701278234985114
18.14,47.13,8.22,11.59,16.38,6.56,0.53,5.78,21.75,3.280840304500585,8.700972080037227,3.0701278234985114
16.22,35.47,7.76,12.74,17.08,6.18,0.62,5.93,25.07,3.280840304500585,8.700972080037227,3.0701278234985114
9.51,17.71,4.85,5.53,8.54,4.29,0.43,6.92,34.17,3.280840304500585,8.700972080037227,3.0701278234985114
9.56,16.64,6.81,9.5,13.12,4.89,0.5,5.32,23.69,3.280840304500585,8.700972080037227,3.0701278234985114
12.31,22.06,7.57,13.1,18.25,7.55,0.47,4.94,16.83,3.280840304500585,8.700972080037227,3.0701278234985114
11.92,23.91,4.73,9.15,12.28,5.13,0.25,4.64,14.84,3.280840304500585,8.700972080037227,3.0701278234985114
16.61,34.41,7.87,10.73,17.32,7.86,0.27,3.39,8.66,3.280840304500585,8.700972080037227,3.0701278234985114
16.81,36.22,8.15,12.68,18.52,7.49,0.29,3.74,9.92,3.280840304500585,8.700972080037227,3.0701278234985114
10.76,23.4,5.12,12.19,10.6,3.88,0.46,6.39,23.05,3.280840304500585,8.700972080037227,3.0701278234985114
10.15,118.12710293078135,6.64,4.65,7.37,7.24,0.42,8.92,27.2,3.280840304500585,8.700972080037227,3.0701278234985114
14.49,118.12710293078135,10.48,13.05,15.09,6.39,0.64,6.82,24.13,3.280840304500585,8.700972080037227,3.0701278234985114
23.6,49.5,4.86,8.09,9.2,6.04,0.38,6.87,20.87,3.280840304500585,8.700972080037227,3.0701278234985114
22.93,45.57,6.4,11.56,14.88,7.44,0.53,6.08,19.07,3.280840304500585,8.700972080037227,3.0701278234985114
24.21,42.51,13.87,15.02,23.87,7.02,0.61,6.31,16.1,3.280840304500585,8.700972080037227,3.0701278234985114
28.64,48.84,12.96,15.66,23.12,6.59,0.54,6.27,12.38,3.280840304500585,8.700972080037227,3.0701278234985114
17.45,34.44,7.95,7.41,11.95,5.74,0.42,7.35,23.68,3.280840304500585,8.700972080037227,3.0701278234985114
28.24,47.31,10.3,13.69,17.64,6.29,0.65,7.19,21.01,3.280840304500585,8.700972080037227,3.0701278234985114
20.32,41.01,6.52,11.08,14.82,6.91,0.43,6.04,20.45,3.280840304500585,8.700972080037227,3.0701278234985114
19.9,40.99,8.88,11.77,17.46,7.66,0.56,5.35,20.2,3.280840304500585,8.700972080037227,3.0701278234985114
15.74,31.24,6.47,7.52,12.11,5.85,0.38,5.56,20.74,3.280840304500585,8.700972080037227,3.0701278234985114
16.89,34.27,8.19,10.63,15.98,7.19,0.56,4.98,23.96,3.280840304500585,8.700972080037227,3.0701278234985114
28.45,54.74,8.77,14.36,19.22,7.8,0.67,5.36,26.45,3.280840304500585,8.700972080037227,3.0701278234985114
18.78,32.5,8.81,11.17,14.67,6.34,0.56,6.23,30.8,3.280840304500585,8.700972080037227,3.0701278234985114
18.06,36.04,8.19,9.5,12.46,6.57,0.61,8.38,29.89,3.280840304500585,8.700972080037227,3.0701278234985114
22.51,43.97,7.0,7.38,9.57,6.09,0.61,8.32,27.73,3.280840304500585,8.700972080037227,3.0701278234985114
23.17,46.71,8.87,10.75,12.88,5.65,0.68,8.07,25.61,3.280840304500585,8.700972080037227,3.0701278234985114
20.66,41.53,8.65,9.93,12.41,5.88,0.53,8.4,26.0,3.280840304500585,8.700972080037227,3.0701278234985114
2.0,35.0,1.68,2.3,2.58,5.62,0.42,6.15,22.1,3.280840304500585,8.700972080037227,3.0701278234985114
13.75,29.45,7.76,14.05,14.1,12.09,0.4,10.11,26.54,2.87,6.38,3.3
13.9,54.07,7.84,19.48,16.05,9.87,0.44,13.13,11.69,3.19,6.02,1.96
13.64,50.59,10.64,22.38,20.56,10.12,0.35,8.21,9.98,3.87,9.89,2.22
11.32,39.54,7.05,20.52,16.65,10.89,0.27,5.47,12.88,3.06,14.07,1.12
13.25,31.62,4.89,13.2,11.0,10.11,0.3,2.76,21.74,2.98,6.81,1.76
14.42,43.25,6.27,20.85,16.04,10.73,0.35,4.16,17.36,3.12,9.82,1.27
11.04,32.91,3.75,14.93,10.99,6.7,0.54,3.22,37.97,2.19,5.81,1.4
11.34,36.49,4.36,14.72,11.38,7.15,0.56,2.65,29.71,2.33,7.77,1.5
7.47,29.02,4.44,12.91,10.48,6.46,0.54,1.93,26.99,1.87,5.55,1.27
8.24,28.92,3.68,10.16,8.4,5.85,0.54,2.07,29.15,1.68,5.04,0.95
11.35,38.83,10.19,17.47,17.57,6.06,0.6,2.72,22.95,2.14,5.12,1.68
8.6,26.8,5.11,20.6,15.12,7.57,0.46,2.81,37.63,2.44,6.18,1.84
15.89,52.28,5.49,14.77,11.88,18.19,0.45,4.55,24.44,1.26,1.92,0.59
13.18,50.34,4.75,18.79,13.85,25.06,0.58,5.3,10.63,1.14,3.53,0.38
15.1,55.1,9.33,35.9,26.68,13.04,0.57,6.22,5.82,1.88,4.35,0.91
20.03,47.3,3.46,13.26,9.86,7.28,0.39,14.46,18.31,2.03,4.23,1.04
16.74,50.23,9.48,17.67,17.1,6.6,0.49,15.32,9.97,3.01,7.32,1.65
9.76,27.66,3.26,9.06,7.46,3.87,0.43,14.52,36.58,0.51,2.81,0.96
6.64,31.12,8.82,14.1,14.67,3.09,0.5,13.67,19.18,1.82,5.37,1.07
6.63,20.53,8.07,18.22,16.42,3.16,0.59,19.71,21.31,1.97,7.87,1.48
7.02,20.34,7.31,24.67,19.06,1.3,0.56,23.0,26.63,2.52,8.84,1.54
8.55,22.06,5.42,21.09,15.63,2.27,0.51,21.46,28.19,2.07,5.72,1.1
10.5,23.78,4.96,22.41,15.92,2.67,0.52,20.41,27.52,2.07,5.82,0.97
33.44,59.32,3.27,20.78,13.71,11.27,0.85,8.23,34.75,2.95,5.3,0.91
14.16,36.93,1.94,16.21,10.19,13.02,0.72,8.37,12.72,1.97,5.09,1.29
14.48,47.4,15.8,29.2,28.6,7.87,0.11,7.26,8.52,2.33,6.63,0.97
8.64,30.07,16.1,23.46,25.79,7.55,0.11,6.7,7.66,1.67,4.45,1.16
20.49,54.42,9.67,33.31,25.21,8.39,0.11,7.55,32.39,2.6,5.24,1.25
15.05,44.33,13.28,29.41,26.45,7.42,0.11,6.82,16.02,2.74,14.62,1.04
9.08,35.35,16.21,30.16,29.22,8.35,0.11,6.56,9.46,2.21,8.55,0.89
10.32,51.36,18.55,23.99,27.59,8.48,0.11,3.58,10.7,2.7,4.38,1.05
8.61,32.8,8.19,25.18,20.05,8.68,0.11,7.24,12.0,1.54,4.9,0.71
8.41,37.46,10.88,24.6,21.92,8.31,0.11,6.42,9.79,1.76,8.83,0.7
67.45057794890306,118.12710293078135,17.574729662029362,28.560659061126955,32.30912333307031,23.48347601937197,2.2485982090856145,14.53197725590996,34.49143047551845,3.280840304500585,8.700972080037227,3.0701278234985114
10.47,40.29,3.4,21.59,12.95,6.5,0.11,5.58,20.53,1.96,5.06,1.22
12.81,46.6,0.73,15.19,7.24,7.68,0.11,6.04,30.0,2.21,4.22,0.84
7.81,46.54,1.73,18.79,10.82,7.96,0.11,8.02,20.17,2.31,9.84,1.25
9.03,45.89,2.72,19.43,12.5,8.14,0.11,8.96,13.65,2.84,9.86,2.31
12.14,50.8,2.83,18.43,12.07,7.79,0.11,10.45,10.99,2.55,7.03,1.54
16.51,58.2,0.85,24.04,13.44,9.09,0.11,6.41,24.02,3.84,9.44,3.0
6.9,42.63,2.35,12.63,7.91,10.88,0.11,6.46,20.14,1.33,2.4,0.4
8.42,50.06,2.09,14.05,9.15,11.07,0.11,6.96,14.28,2.29,6.16,0.77
11.88,45.86,2.73,11.76,8.43,12.04,0.11,7.66,14.72,1.8,7.74,0.63
11.07,42.11,3.17,11.71,8.78,11.96,0.11,9.7,17.92,1.84,6.42,1.0
2.0,17.99,1.29,10.24,6.11,9.48,0.11,8.86,19.75,0.73,1.8,0.41
6.3,17.76,1.09,12.21,7.07,7.4,0.11,8.56,17.14,0.86,6.9,0.29
11.18,36.23,1.47,18.69,10.97,6.78,0.11,7.87,18.33,1.51,8.55,0.88
21.22,79.53,2.38,24.88,14.92,11.03,0.57,5.43,17.49,2.08,4.53,0.92
9.91,43.3,2.81,19.91,12.6,9.16,0.47,8.78,19.68,1.37,3.44,0.73
7.63,32.27,5.91,23.27,17.19,11.15,0.46,6.87,19.9,1.45,5.37,1.45
15.02,50.94,7.68,25.06,19.54,12.47,0.47,8.55,23.3,2.24,12.07,0.73
15.0,66.0,0.4,26.85,14.05,5.2,0.59,2.1,17.05,3.280840304500585,8.700972080037227,3.0701278234985114
