PM2.5,PM10,NO,NO2,NOx,NH3,CO,SO2,O3,Benzene,Toluene,Xylene
58.36,118.12710293078135,2.6,21.39,23.31,23.48347601937197,2.6,32.66,53.54,0.0,0.0,0.0
79.29,118.12710293078135,1.16,26.94,26.83,23.48347601937197,1.16,67.41,59.3,0.0,0.0,0.0
60.78,118.12710293078135,9.07,18.21,27.34,23.48347601937197,9.07,29.48,34.75,2.05,0.55,0.22
71.56,118.12710293078135,3.51,16.83,20.32,23.48347601937197,3.51,30.28,57.16,3.95,8.01,0.63
30.76,118.12710293078135,2.72,14.14,16.98,23.48347601937197,2.72,43.62,54.78,3.58,9.38,0.84
53.07,118.12710293078135,4.17,13.82,17.45,23.48347601937197,4.17,40.36,21.76,4.47,6.94,0.42
61.06,118.12710293078135,3.52,14.03,17.59,23.48347601937197,3.52,8.08,19.54,0.0,0.0,0.01
39.42,118.12710293078135,5.28,19.56,24.66,23.48347601937197,5.28,17.66,31.3,0.0,0.0,0.0
63.38,118.12710293078135,3.44,13.28,15.44,23.48347601937197,3.44,24.79,43.62,0.0,0.0,1.23
65.11,118.12710293078135,3.14,4.58,6.75,23.48347601937197,3.14,22.27,32.26,0.17,0.04,5.84
51.03,118.12710293078135,6.24,20.47,26.2,23.48347601937197,6.24,15.5,31.44,0.0,0.0,1.29
38.73,118.12710293078135,8.0,19.28,26.61,23.48347601937197,8.0,20.13,25.7,0.0,0.0,2.08
42.0,118.12710293078135,10.44,18.16,21.8,23.48347601937197,10.44,17.0,25.5,0.0,0.0,0.0
38.88,118.12710293078135,2.18,16.28,17.74,23.48347601937197,2.18,26.4,12.47,3.0,6.96,6.37
46.89,118.12710293078135,2.96,16.17,18.49,23.48347601937197,2.96,41.96,10.74,3.41,8.87,3.53
70.96,118.12710293078135,4.12,15.47,19.28,23.48347601937197,4.12,23.67,16.01,3.72,8.13,4.06
53.66,118.12710293078135,4.23,14.43,18.06,23.48347601937197,4.23,14.46,45.64,2.39,6.4,3.53
45.49,118.12710293078135,4.26,13.73,17.1,23.48347601937197,4.26,12.85,71.85,2.5,5.96,3.36
60.86,118.12710293078135,5.27,16.61,21.42,23.48347601937197,5.27,14.91,41.19,3.03,9.18,6.54
57.59,118.12710293078135,5.6,15.47,20.42,23.48347601937197,5.6,41.68,25.51,2.64,6.3,3.08
77.22,118.12710293078135,7.02,15.47,21.13,23.48347601937197,7.02,71.97,9.56,3.74,8.45,1.17
45.29,118.12710293078135,7.25,12.74,19.66,23.48347601937197,7.25,18.64,6.32,2.73,6.99,0.76
25.14,118.12710293078135,6.01,18.73,24.74,23.48347601937197,6.01,38.05,38.52,0.0,0.0,0.0
80.69,118.12710293078135,6.86,16.07,22.25,23.48347601937197,6.86,39.85,32.65,0.0,0.0,0.0
44.75,118.12710293078135,7.76,16.53,24.29,23.48347601937197,7.76,9.89,8.07,0.0,0.0,0.0
38.11,118.12710293078135,7.41,11.62,19.03,23.48347601937197,7.41,3.13,6.69,2.5,5.93,0.74
37.71,118.12710293078135,8.54,16.26,24.8,23.48347601937197,8.54,0.87,4.6,2.52,7.61,0.81
32.37,118.12710293078135,7.53,14.36,21.89,23.48347601937197,7.53,2.17,12.17,1.88,7.92,0.69
34.74,118.12710293078135,7.59,13.51,21.11,23.48347601937197,7.59,4.11,12.22,1.82,6.19,0.47
32.56,118.12710293078135,7.34,13.91,21.25,23.48347601937197,7.34,4.04,11.85,2.55,9.3,0.97
29.28,118.12710293078135,7.55,11.68,19.23,23.48347601937197,7.55,4.01,12.64,1.64,7.0,0.62
20.46,118.12710293078135,7.15,10.61,17.76,23.48347601937197,7.15,5.62,12.7,1.26,5.17,0.32
26.07,118.12710293078135,7.99,11.07,19.06,23.48347601937197,7.99,4.1,10.57,1.5,6.9,0.63
21.43,118.12710293078135,7.45,11.16,18.62,23.48347601937197,7.45,4.99,7.38,1.4,6.69,0.76
11.91,118.12710293078135,7.34,10.1,17.44,23.48347601937197,7.34,10.86,5.47,1.3,12.23,0.73
57.75,118.12710293078135,8.68,9.68,18.36,23.48347601937197,8.68,12.28,3.06,1.98,6.51,0.74
47.5,118.12710293078135,8.07,9.53,17.59,23.48347601937197,8.07,13.91,7.28,1.34,3.97,0.12
47.43,118.12710293078135,8.11,9.45,17.56,23.48347601937197,8.11,7.93,7.08,2.1,3.6,0.13
51.74,118.12710293078135,8.91,12.38,21.28,23.48347601937197,8.91,10.05,5.78,2.15,3.64,0.27
65.37,118.12710293078135,0.64,8.07,8.57,23.48347601937197,0.64,16.31,8.02,1.63,4.34,0.28
56.28,118.12710293078135,0.6,8.02,8.51,23.48347601937197,0.6,18.93,6.2,1.52,3.74,0.29
19.52,118.12710293078135,5.89,11.26,17.15,23.48347601937197,5.89,11.56,4.4,0.58,1.44,0.07
35.16,118.12710293078135,5.75,10.89,16.64,23.48347601937197,5.75,14.7,3.67,1.61,3.71,0.48
33.03,118.12710293078135,7.01,10.58,17.58,23.48347601937197,7.01,12.95,3.53,1.65,3.96,0.37
40.95,118.12710293078135,6.92,10.47,17.39,23.48347601937197,6.92,19.8,3.38,2.05,5.08,0.44
40.29,118.12710293078135,6.74,10.52,17.26,23.48347601937197,6.74,8.27,3.57,1.85,4.34,0.39
41.16,118.12710293078135,6.91,10.51,17.42,23.48347601937197,6.91,13.48,3.69,1.8,4.23,0.33
36.12,118.12710293078135,7.21,11.56,17.07,23.48347601937197,7.21,13.62,6.08,1.67,2.85,0.11
28.51,118.12710293078135,6.69,20.52,27.21,23.48347601937197,6.69,5.69,7.65,1.36,2.17,0.09
31.59,118.12710293078135,6.99,20.42,27.41,23.48347601937197,6.99,9.23,7.9,0.72,2.29,0.12
42.56,118.12710293078135,7.17,20.4,27.57,23.48347601937197,7.17,6.28,9.86,1.36,2.94,0.28
48.12,118.12710293078135,7.14,20.3,27.45,23.48347601937197,7.14,6.77,12.78,1.22,3.39,0.26
37.09,118.12710293078135,7.22,20.21,27.42,23.48347601937197,7.22,8.66,7.94,0.86,2.98,0.16
33.4,118.12710293078135,7.4,20.09,27.5,23.48347601937197,7.4,9.95,8.39,0.8,2.13,0.07
38.64,118.12710293078135,7.35,20.21,27.55,23.48347601937197,7.35,9.74,6.28,1.31,2.8,0.27
40.49,118.12710293078135,7.48,20.23,27.71,23.48347601937197,7.48,8.92,21.51,1.17,3.0,0.11
41.37,118.12710293078135,7.47,20.2,27.68,23.48347601937197,7.47,11.73,19.8,1.82,2.85,0.17
44.56,118.12710293078135,7.49,20.06,27.55,23.48347601937197,7.49,11.23,22.77,1.38,3.36,0.44
65.68,118.12710293078135,7.57,19.94,27.51,23.48347601937197,7.57,8.21,30.21,3.62,5.79,1.0
33.34,118.12710293078135,7.3,20.27,27.57,23.48347601937197,7.3,6.41,32.95,0.0,0.0,0.02
39.17,118.12710293078135,7.35,20.24,27.58,23.48347601937197,7.35,9.17,26.64,0.79,0.76,0.14
34.0,118.12710293078135,7.41,20.1,27.51,23.48347601937197,7.41,9.64,17.17,1.21,1.8,0.15
36.38,118.12710293078135,7.31,20.14,27.45,23.48347601937197,7.31,10.65,13.35,2.0,4.33,0.35
38.35,118.12710293078135,7.41,20.16,27.57,23.48347601937197,7.41,9.33,18.59,1.63,3.74,0.35
43.01,118.12710293078135,6.82,9.96,16.78,23.48347601937197,6.82,11.58,20.59,0.0,2.5,0.13
42.06,118.12710293078135,8.43,11.35,19.78,23.48347601937197,8.43,11.63,28.09,0.0,3.19,0.2
29.58,118.12710293078135,6.61,9.94,16.55,23.48347601937197,6.61,8.82,42.9,0.0,1.87,0.13
32.15,118.12710293078135,6.5,9.7,16.2,23.48347601937197,6.5,9.2,39.02,0.0,2.73,0.19
36.33,118.12710293078135,7.68,12.88,20.56,23.48347601937197,7.68,8.28,43.35,0.0,4.29,0.36
51.72,118.12710293078135,1.89,21.15,23.04,23.48347601937197,1.89,37.31,66.58,3.96,11.1,0.75
54.59,118.12710293078135,2.31,18.33,20.64,23.48347601937197,2.31,19.08,42.43,3.47,10.25,1.12
46.5,118.12710293078135,1.22,12.1,13.32,23.48347601937197,1.22,13.73,61.56,1.9,4.5,0.22
49.04,118.12710293078135,7.38,1.65,9.03,23.48347601937197,7.38,1.44,15.33,0.0,0.0,0.0
34.19,118.12710293078135,6.02,34.38,20.93,23.48347601937197,6.02,14.17,34.49143047551845,0.0,0.0,0.0
32.92,118.12710293078135,4.92,36.8,25.92,23.48347601937197,4.92,14.66,34.49143047551845,0.0,0.0,0.0
33.48,118.12710293078135,1.94,30.88,27.87,23.48347601937197,1.94,14.26,34.49143047551845,0.0,0.0,0.0
30.8,118.12710293078135,2.57,25.15,24.2,23.48347601937197,2.57,17.02,34.49143047551845,0.0,0.0,0.0
34.64,118.12710293078135,6.67,39.23,38.7,23.48347601937197,6.67,15.07,34.49143047551845,0.0,0.0,0.0
46.52,118.12710293078135,3.87,33.24,33.53,23.48347601937197,3.87,15.0,6.9,0.0,0.0,0.0
32.78,118.12710293078135,6.08,12.1,20.94,23.48347601937197,6.08,12.29,13.13,2.6,10.38,2.52
40.43,118.12710293078135,7.42,10.29,23.27,23.48347601937197,7.42,12.24,5.0,2.99,8.49,1.36
27.9,118.12710293078135,9.52,9.55,21.06,23.48347601937197,9.52,14.48,21.74,1.28,5.49,1.3
67.45057794890306,118.12710293078135,17.574729662029362,28.560659061126955,32.30912333307031,23.48347601937197,2.2485982090856145,14.53197725590996,34.49143047551845,3.280840304500585,8.700972080037227,3.0701278234985114
73.05,118.12710293078135,7.04,8.37,15.4,23.48347601937197,7.04,40.0,40.57,2.35,4.96,2.44
61.72,118.12710293078135,17.574729662029362,28.560659061126955,36.6,23.48347601937197,2.2485982090856145,14.53197725590996,9.73,4.67,15.99,0.64
59.26,118.12710293078135,17.574729662029362,28.560659061126955,28.25,23.48347601937197,2.2485982090856145,14.53197725590996,26.22,5.08,10.27,1.19
67.4,118.12710293078135,17.574729662029362,28.560659061126955,37.53,23.48347601937197,2.2485982090856145,14.53197725590996,19.89,7.54,15.47,1.19
85.32,118.12710293078135,5.06,31.48,15.88,23.48347601937197,5.06,124.92,28.71,14.55,0.55,6.98
68.53,118.12710293078135,5.78,61.38,34.25,23.48347601937197,5.78,85.69,88.35,9.43,38.61,4.86
81.38,118.12710293078135,5.9,55.07,31.27,23.48347601937197,5.9,58.91,39.29,11.0,41.5,16.69
56.54,118.12710293078135,5.46,32.13,19.75,23.48347601937197,5.46,31.81,66.39,8.81,27.96,3.73
86.09,118.12710293078135,5.9,72.14,39.59,23.48347601937197,5.9,114.3,59.39,16.74,75.26,9.42
65.93,118.12710293078135,5.7,45.55,26.48,23.48347601937197,5.7,99.74,105.69,9.37,36.74,3.21
66.58,118.12710293078135,7.16,62.16,35.66,23.48347601937197,7.16,98.89,66.87,11.34,52.45,9.93
65.35,118.12710293078135,6.17,104.31,53.74,23.48347601937197,6.17,59.29,64.67,0.74,5.81,3.21
53.5,118.12710293078135,4.52,105.31,54.74,23.48347601937197,4.52,171.32,34.49143047551845,11.62,69.29,16.62
72.93,118.12710293078135,90.96,78.54,73.82,23.48347601937197,90.96,39.24,69.95,3.87,21.26,7.16
59.4,118.12710293078135,7.23,47.87,15.42,23.48347601937197,7.23,21.53,71.46,4.07,32.33,6.97
54.75,118.12710293078135,6.99,43.7,14.29,23.48347601937197,6.99,19.99,76.37,4.06,32.31,6.94
62.18,118.12710293078135,7.67,55.29,17.43,23.48347601937197,7.67,29.22,73.67,4.06,32.31,6.93
66.97,118.12710293078135,6.96,37.35,12.77,23.48347601937197,6.96,28.48,89.73,4.11,32.42,7.03
161.09,118.12710293078135,101.89,116.48,108.56,23.48347601937197,101.89,64.92,84.85,4.06,32.36,6.94
63.09,152.67,12.65,163.54,110.17,23.48347601937197,12.65,26.31,113.94,6.3,80.04,1.48
57.54,81.3,7.32,72.14,43.54,23.48347601937197,7.32,120.11,103.24,1.15,23.37,2.04
37.74,93.24,7.42,62.2,38.81,23.48347601937197,7.42,110.11,51.34,1.15,23.37,2.04
46.95,86.39,8.07,86.67,51.48,23.48347601937197,8.07,147.78,41.06,3.5,43.31,1.72
46.74,76.39,4.02,60.49,34.1,23.48347601937197,4.02,112.45,48.16,2.75,35.25,1.87
41.61,83.5,3.87,54.14,30.83,23.48347601937197,3.87,123.27,57.81,2.75,35.25,1.87
77.66,99.48,4.32,62.09,35.21,23.48347601937197,4.32,93.11,51.79,2.75,35.25,1.87
65.48,121.86,7.8,82.62,48.13,23.48347601937197,7.8,66.09,42.3,2.75,35.25,1.87
63.33,99.3,4.66,14.79,10.69,23.48347601937197,4.66,29.4,24.07,3.280840304500585,8.700972080037227,3.0701278234985114
48.58,93.92,2.56,12.0,7.76,23.48347601937197,2.56,20.56,27.73,3.280840304500585,8.700972080037227,3.0701278234985114
45.47,89.73,5.2,20.62,13.94,23.48347601937197,5.2,18.8,30.45,3.280840304500585,8.700972080037227,3.0701278234985114
60.17,104.08,3.75,18.36,11.75,23.48347601937197,3.75,39.26,8.94,3.280840304500585,8.700972080037227,3.0701278234985114
57.99,97.02,2.2,17.47,10.16,23.48347601937197,2.2,52.32,6.35,3.280840304500585,8.700972080037227,3.0701278234985114
49.63,95.51,1.89,19.99,11.16,23.48347601937197,1.89,79.47,4.87,3.280840304500585,8.700972080037227,3.0701278234985114
53.0,98.1,4.07,20.11,12.85,23.48347601937197,4.07,69.13,5.4,3.280840304500585,8.700972080037227,3.0701278234985114
72.59,128.86,3.63,14.38,9.73,23.48347601937197,3.63,23.96,23.67,3.71,31.14,2.52
46.96,109.44,7.17,16.88,13.58,23.48347601937197,7.17,38.11,23.64,2.75,31.14,2.52
61.4,118.44,2.38,16.33,9.74,23.48347601937197,2.38,30.54,23.59,2.75,31.14,2.52
38.89,93.4,2.41,14.14,8.7,23.48347601937197,2.41,46.78,23.64,2.75,31.14,2.52
56.14,108.83,2.5,11.65,7.55,23.48347601937197,2.5,26.75,23.58,2.75,31.14,2.52
59.96,109.98,2.38,14.37,8.79,23.48347601937197,2.38,45.44,23.58,2.75,31.14,2.52
39.83,44.53,3.26,16.42,10.29,23.48347601937197,3.26,25.78,23.62,2.72,30.82,2.49
53.27,90.4,3.59,16.01,10.43,23.48347601937197,3.59,19.5,23.66,2.72,30.82,2.49
40.07,79.32,3.75,13.41,9.34,23.48347601937197,3.75,10.67,23.6,2.75,31.14,2.52
36.35,97.03,4.78,52.87,29.36,23.48347601937197,4.78,42.9,52.15,0.99,32.61,0.56
37.02,90.26,5.55,32.91,20.2,23.48347601937197,5.55,42.98,67.75,2.85,46.56,1.13
37.67,94.36,2.28,17.52,10.25,23.48347601937197,2.28,26.68,16.92,2.85,46.56,1.13
31.12,80.79,3.56,21.51,13.13,23.48347601937197,3.56,19.43,16.68,2.85,46.56,1.13
39.57,111.46,4.0,35.3,20.2,23.48347601937197,4.0,49.34,39.51,2.85,46.56,1.13
48.16,122.17,5.47,18.27,12.99,23.48347601937197,5.47,52.62,33.69,3.280840304500585,8.700972080037227,3.0701278234985114
31.89,98.52,2.96,25.2,14.5,23.48347601937197,2.96,44.87,47.99,4.01,23.25,3.33
33.25,91.38,4.28,33.45,19.44,23.48347601937197,4.28,61.4,38.86,4.9,18.98,2.85
22.93,37.12,5.23,18.52,12.87,23.48347601937197,5.23,16.19,34.41,1.58,7.5,1.08
37.73,72.43,4.67,35.52,20.77,23.48347601937197,4.67,16.06,34.72,6.37,26.05,3.56
20.67,75.48,3.08,26.98,15.46,23.48347601937197,3.08,22.76,40.17,4.79,15.29,1.95
28.55,89.1,4.11,38.65,21.89,23.48347601937197,4.11,19.14,31.5,8.51,37.5,4.88
29.97,98.96,3.85,22.08,13.64,23.48347601937197,3.85,32.01,36.86,7.0,29.53,2.5
24.79,86.06,4.5,21.29,13.7,23.48347601937197,4.5,22.16,36.76,3.58,15.89,1.88
25.52,88.12,4.46,24.24,15.15,23.48347601937197,4.46,18.54,38.17,4.59,19.84,2.09
33.48,87.96,4.51,41.44,23.58,23.48347601937197,4.51,23.84,46.53,9.31,40.13,5.44
39.44,84.83,3.82,39.88,22.28,23.48347601937197,3.82,27.53,58.08,9.71,36.32,4.85
43.77,87.96,3.35,40.99,22.49,23.48347601937197,3.35,31.4,53.61,10.92,46.65,5.63
46.64,95.3,3.75,29.6,17.24,23.48347601937197,3.75,22.2,49.67,7.65,37.78,3.94
45.8,104.5,3.87,16.8,11.04,23.48347601937197,3.87,31.04,48.2,5.44,20.89,1.47
36.3,90.07,5.19,15.65,11.51,23.48347601937197,5.19,30.8,49.83,4.66,14.64,1.08
32.12,89.74,5.07,21.61,14.33,23.48347601937197,5.07,20.75,62.53,5.64,18.82,2.04
30.73,78.56,4.36,28.65,17.23,23.48347601937197,0.59,32.01,42.61,6.91,32.15,3.51
26.7,72.83,2.72,27.0,15.18,23.48347601937197,0.36,21.57,42.16,5.63,34.1,3.97
32.11,94.34,3.68,17.95,11.49,23.48347601937197,0.45,15.83,42.22,5.48,33.62,2.16
31.67,81.09,3.93,16.17,10.82,23.48347601937197,0.35,32.39,43.6,3.97,20.74,1.23
27.19,82.36,3.52,16.13,9.85,23.48347601937197,0.28,20.59,51.81,1.78,9.02,0.67
25.91,73.35,4.78,13.82,10.29,23.48347601937197,0.4,10.58,44.44,1.8,10.39,0.75
31.76,81.16,3.99,19.95,12.7,23.48347601937197,0.46,29.73,52.46,3.52,20.49,1.34
32.55,87.41,3.53,23.58,14.12,23.48347601937197,0.46,42.86,50.2,4.92,32.73,2.51
27.15,76.73,3.18,24.82,14.4,23.48347601937197,0.67,32.97,54.81,3.39,32.14,2.46
26.93,74.38,2.76,17.05,10.37,23.48347601937197,0.46,37.7,56.97,1.92,18.54,1.64
28.71,89.91,2.83,13.32,8.6,23.48347601937197,0.54,26.36,49.97,1.59,15.82,0.92
22.56,63.23,3.68,15.16,10.09,23.48347601937197,0.56,25.87,55.72,1.55,10.29,0.65
23.82,62.1,4.69,16.38,11.49,23.48347601937197,0.64,22.71,54.35,2.83,16.27,0.89
23.73,69.88,4.85,15.87,11.36,23.48347601937197,0.73,20.04,58.72,2.38,16.23,0.9
33.47,134.83,3.6,29.05,13.84,23.48347601937197,0.54,2.42,54.8,3.57,26.59,1.91
26.52,79.38,4.06,18.06,11.7,23.48347601937197,0.67,14.53197725590996,59.96,3.7,19.68,1.57
30.45,75.08,3.74,21.48,13.23,23.48347601937197,0.4,14.53197725590996,58.31,7.47,34.84,1.72
26.79,66.34,3.71,14.99,10.06,23.48347601937197,0.51,14.53197725590996,57.81,3.26,20.64,0.86
23.79,74.56,5.61,16.64,11.91,23.48347601937197,0.55,14.53197725590996,52.49,4.37,20.72,1.14
26.17,62.14,1.93,14.73,8.61,23.48347601937197,0.77,14.53197725590996,56.28,2.65,16.72,0.84
21.31,66.1,1.85,15.01,8.68,23.48347601937197,0.54,14.53197725590996,57.55,1.9,13.92,0.76
21.94,69.06,2.95,16.95,10.47,23.48347601937197,0.58,14.53197725590996,57.89,3.3,16.19,0.97
23.19,67.28,4.12,17.46,11.59,23.48347601937197,0.48,14.53197725590996,52.31,2.85,18.48,0.88
21.9,64.39,2.98,18.73,11.33,23.48347601937197,0.49,14.53197725590996,51.86,2.28,16.67,0.81
19.15,78.8,3.93,19.59,12.47,23.48347601937197,0.51,14.53197725590996,61.79,4.14,25.58,1.62
35.75,107.68,2.54,18.72,11.0,23.48347601937197,0.39,14.53197725590996,54.31,3.02,18.12,1.25
27.28,63.5,2.5,18.56,10.84,23.48347601937197,0.68,14.53197725590996,55.52,2.91,17.83,1.29
20.85,61.13,2.6,21.35,12.35,23.48347601937197,0.62,14.53197725590996,54.41,2.95,20.62,3.15
23.98,56.9,4.15,26.56,16.04,23.48347601937197,0.61,14.53197725590996,59.05,4.36,22.17,2.43
25.6,82.26,2.86,22.47,13.05,23.48347601937197,0.69,14.53197725590996,60.12,5.5,25.02,1.96
33.35,84.99,2.64,25.02,14.15,23.48347601937197,0.56,14.53197725590996,62.4,6.41,21.6,1.86
31.38,90.28,4.54,35.67,20.77,23.48347601937197,0.65,14.53197725590996,62.39,7.75,32.76,2.64
29.26,82.26,2.58,22.23,12.73,23.48347601937197,0.67,14.53197725590996,55.64,5.36,25.91,1.69
25.47,67.79,2.73,17.85,10.7,23.48347601937197,0.81,14.53197725590996,57.16,2.62,11.5,1.34
24.84,70.95,3.98,16.03,10.65,23.48347601937197,0.57,14.53197725590996,57.53,2.24,12.49,0.98
29.78,99.14,2.88,19.35,11.55,23.48347601937197,0.59,14.53197725590996,50.52,1.68,10.42,0.99
31.25,89.65,3.65,21.42,13.17,23.48347601937197,0.83,14.53197725590996,54.58,4.01,15.74,1.08
30.7,86.02,3.56,18.84,11.85,23.48347601937197,0.56,14.53197725590996,55.49,8.88,17.32,1.41
23.91,81.0,3.29,18.6,11.52,23.48347601937197,0.57,14.53197725590996,44.9,5.47,15.33,1.37
25.71,66.36,3.4,16.46,10.53,23.48347601937197,0.41,14.53197725590996,47.74,4.67,15.53,1.27
22.83,67.92,3.82,15.35,10.31,23.48347601937197,0.4,14.53197725590996,53.06,3.03,15.14,1.13
31.02,312.28,2.74,22.62,13.07,23.48347601937197,0.64,14.53197725590996,66.9,6.78,23.27,3.08
131.88,173.4,2.71,41.56,22.26,23.48347601937197,0.45,20.08,34.26,10.84,43.9,5.19
26.08,84.25,4.99,37.3,21.51,23.48347601937197,0.79,21.29,56.78,5.69,32.56,3.39
23.62,94.06,5.9,20.92,14.59,23.48347601937197,0.85,16.22,44.32,5.27,23.65,6.7
21.4,93.89,5.28,22.4,14.85,23.48347601937197,0.85,16.27,45.05,7.9,40.74,13.19
17.65,135.16,19.86,33.84,22.86,23.48347601937197,0.71,9.9,40.03,3.99,51.14,3.62
22.9,120.7,11.79,15.81,10.1,23.48347601937197,0.5,10.1,46.04,3.37,42.06,3.59
24.28,138.12,3.45,12.44,8.23,23.48347601937197,0.7,11.45,57.31,3.17,58.65,2.87
37.63,118.12710293078135,4.42,35.04,20.17,23.48347601937197,0.28,14.4,9.69,1.73,47.05,1.87
81.4,124.5,1.44,20.5,12.08,10.72,0.12,15.24,127.09,0.2,6.5,0.06
78.32,129.06,1.26,26.0,14.85,10.28,0.14,26.96,117.44,0.22,7.95,0.08
88.76,135.32,6.6,30.85,21.77,12.91,0.11,33.59,111.81,0.29,7.63,0.12
64.18,104.09,2.56,28.07,17.01,11.42,0.09,19.0,138.18,0.17,5.02,0.07
72.47,114.84,5.23,23.2,16.59,12.25,0.16,10.55,109.74,0.21,4.71,0.08
69.8,114.86,4.69,20.17,14.54,10.95,0.12,14.07,118.09,0.16,3.52,0.06
73.96,113.56,4.58,19.29,13.97,10.95,0.1,13.9,123.8,0.17,2.85,0.04
89.9,140.2,7.71,26.19,19.87,13.12,0.1,19.37,128.73,0.25,2.79,0.07
84.64,125.0,4.02,26.98,17.58,14.41,0.18,9.84,112.41,0.31,3.53,0.09
88.36,121.77,3.7,20.23,13.75,13.72,0.12,14.02,117.93,0.24,2.92,0.03
74.28,141.22,6.1,44.97,28.88,15.73,0.09,21.9,60.62,0.26,4.79,0.16
50.32,102.77,1.73,33.85,19.41,12.56,0.1,13.65,68.15,0.2,4.29,0.1
58.47,115.27,4.93,41.64,26.15,15.2,0.16,18.37,73.75,0.23,5.51,0.16
89.35,131.48,7.97,42.1,28.88,21.24,0.24,7.42,44.67,0.28,7.01,0.19
64.42,99.74,7.2,34.78,24.36,17.63,0.15,5.81,50.16,0.24,6.11,0.14
69.4,98.94,5.81,29.97,20.67,19.34,0.14,5.8,55.0,0.23,5.09,0.14
71.07,109.65,4.19,25.0,16.7,16.0,0.1,8.33,79.04,0.18,3.45,0.07
79.76,129.81,8.77,40.92,28.84,15.56,0.17,8.51,73.17,0.24,4.41,0.13
79.98,147.74,7.02,49.55,32.07,17.28,0.14,13.58,79.71,0.33,3.95,0.19
76.27,152.59,7.51,56.0,35.9,19.53,0.15,29.88,56.97,0.29,4.44,0.19
86.5,147.95,5.24,42.0,26.6,20.78,0.15,11.85,73.09,0.31,3.9,0.17
74.58,138.6,6.14,46.65,29.81,18.2,0.17,9.47,67.11,0.32,3.76,0.18
56.68,109.33,4.6,33.26,21.44,16.86,0.1,8.26,66.91,0.25,3.28,0.14
61.03,131.62,5.51,39.5,25.49,17.82,0.08,11.45,61.91,0.33,4.16,0.19
59.03,108.83,3.45,23.36,15.23,18.03,0.09,26.05,87.55,0.23,3.2,0.09
61.88,109.82,3.87,23.14,15.45,19.57,0.09,12.81,81.38,0.2,3.84,0.04
71.57,137.48,5.01,39.99,25.36,25.61,0.09,16.82,80.3,0.24,6.55,0.11
92.44,174.75,5.84,53.79,33.36,19.45,0.11,16.93,71.09,0.3,7.23,0.23
86.96,129.99,3.65,28.32,18.03,21.23,0.05,4.83,62.6,0.23,6.93,0.07
76.29,115.53,2.96,21.35,13.75,20.38,0.05,8.75,69.99,0.18,7.71,0.07
67.06,100.34,3.22,20.25,13.29,18.78,0.06,4.7,54.92,0.15,6.52,0.07
68.34,104.45,3.71,26.26,16.99,20.29,0.06,6.43,45.63,0.15,6.54,0.07
66.28,117.3,7.36,45.13,29.99,21.68,0.05,7.21,45.97,0.19,6.81,0.1
64.98,116.14,6.98,45.4,29.83,21.32,0.06,8.83,50.28,0.18,6.79,0.14
75.46,132.84,9.56,56.53,37.84,21.88,0.13,30.48,51.98,0.2,6.58,0.14
81.58,141.85,4.99,38.15,24.35,19.33,0.05,11.04,59.76,0.16,5.83,0.07
78.27,142.86,5.98,45.36,29.01,19.12,0.06,10.32,58.53,0.16,5.57,0.06
79.01,138.14,6.16,45.43,29.17,20.29,0.06,10.18,58.04,0.18,5.76,0.07
77.98,137.31,5.09,44.96,28.04,21.11,0.06,7.22,50.69,0.17,6.37,0.08
77.96,155.73,8.4,59.92,38.7,23.45,0.06,31.01,40.77,0.18,7.39,0.13
79.04,143.38,6.19,43.61,28.23,26.0,0.08,8.67,45.46,0.19,7.14,0.1
77.78,131.14,6.1,43.84,28.33,26.3,0.09,7.62,43.26,0.18,6.61,0.07
76.48,131.86,4.06,33.37,21.04,22.05,0.06,7.49,45.71,0.16,4.43,0.06
74.2,135.97,4.3,35.82,22.55,20.24,0.07,12.16,53.0,0.15,4.24,0.05
78.23,140.66,5.36,45.76,28.7,21.73,0.05,12.45,45.35,0.19,4.83,0.08
68.53,147.48,8.28,61.52,39.46,19.74,0.04,23.68,37.99,0.18,5.11,0.11
62.08,152.59,10.08,62.18,41.29,19.42,0.05,8.97,34.93,0.16,4.65,0.13
50.64,130.36,6.48,45.52,29.49,19.89,0.07,10.61,40.57,0.18,3.9,0.11
44.21,119.52,3.63,34.37,21.23,23.31,0.07,5.86,31.73,0.09,3.54,0.06
50.71,115.65,7.91,35.16,25.13,11.19,0.06,8.16,32.58,0.13,3.19,0.08
42.27,100.54,4.95,30.69,20.33,13.4,0.66,8.99,32.18,0.12,2.8,0.09
39.41,101.1,3.21,28.53,17.83,17.9,0.81,5.86,28.72,0.12,3.07,0.11
50.54,120.05,2.91,26.96,16.74,13.02,0.9,17.9,36.66,0.1,2.28,0.21
70.26,112.29,0.4,11.87,6.57,13.05,0.62,7.29,31.4,0.06,2.1,0.1
59.47,99.73,0.54,12.85,7.18,11.94,0.68,7.62,30.57,0.04,1.88,0.11
58.71,99.04,0.41,13.88,7.62,11.99,0.86,6.89,36.2,0.12,1.84,0.1
56.29,107.96,0.25,16.71,9.02,10.89,0.95,12.91,48.39,0.16,2.37,0.1
50.41,118.62,1.68,25.6,15.01,20.24,0.69,11.81,33.46,0.17,3.82,0.11
57.53,128.81,1.94,25.03,14.88,33.72,0.78,25.39,31.15,0.15,3.02,0.14
43.82,97.19,1.45,16.01,9.45,22.52,0.67,17.62,27.62,0.09,2.52,0.12
32.21,107.43,7.39,17.33,15.32,18.13,0.6,11.81,24.84,0.12,3.28,0.13
35.36,107.25,6.13,17.75,14.52,16.57,0.85,10.87,23.99,0.09,2.92,0.2
59.65,127.26,8.21,19.14,16.94,20.46,0.7,10.82,21.64,0.16,2.67,0.15
46.16,115.95,11.52,17.19,18.59,16.35,2.2485982090856145,9.18,16.94,0.13,2.51,0.13
39.52,113.31,19.35,21.18,27.0,18.5,0.81,15.02,18.8,0.15,2.65,0.2
43.08,116.06,5.34,19.02,14.54,22.46,0.79,22.7,25.64,0.09,2.16,0.12
58.31,124.64,11.93,28.85,25.14,14.0,1.03,10.21,22.24,0.12,2.38,0.16
62.49,113.56,8.08,22.65,18.7,16.53,0.91,12.68,26.26,0.09,2.18,0.12
49.04,102.46,5.75,19.92,15.26,14.09,0.64,6.82,26.52,0.1,2.5,0.1
15.2,45.09,4.69,9.26,8.84,8.99,1.18,6.82,54.21,2.11,0.06,4.47
9.58,28.33,3.12,9.05,7.35,13.54,0.59,7.27,122.21,1.0,0.0,3.0701278234985114
16.56,41.96,3.03,7.25,6.31,9.48,0.41,6.48,62.01,35.84,0.44,1.52
19.57,44.72,3.72,7.72,7.22,10.79,0.34,5.99,64.58,53.89,26.79,125.18
30.96,72.18,3.63,10.82,8.8,11.18,0.36,11.72,82.13,48.64,6.44,3.0701278234985114
32.1,83.29,3.17,10.17,8.07,9.85,0.29,6.4,105.09,3.280840304500585,8.700972080037227,3.0701278234985114
31.82,74.79,3.17,9.57,7.76,9.97,0.32,9.41,100.6,3.280840304500585,8.700972080037227,3.0701278234985114
37.5,84.96,3.27,11.57,8.91,10.06,0.57,4.53,79.11,3.280840304500585,8.700972080037227,3.0701278234985114
23.25,61.1,4.29,15.21,11.68,9.62,0.43,9.78,57.54,21.16,20.84,3.0701278234985114
27.42,57.28,3.36,19.38,13.04,7.89,0.32,6.83,77.6,16.54,8.98,89.7
31.26,72.82,2.6,10.78,7.92,9.02,0.4,7.7,100.25,6.66,1.0,47.94
28.12,70.21,2.67,13.18,9.28,11.27,0.38,7.28,126.43,4.24,6.34,22.67
31.58,107.31,4.62,13.57,11.07,13.41,1.13,8.66,62.14,3.280840304500585,8.700972080037227,3.0701278234985114
22.9,69.96,3.08,10.96,8.42,10.54,0.75,5.29,61.1,3.280840304500585,8.700972080037227,3.0701278234985114
18.69,50.06,3.48,12.39,9.52,12.21,0.81,7.62,68.32,0.38,0.2,3.0701278234985114
27.1,112.48,9.04,23.91,20.07,21.23,0.47,12.6,23.43,0.16,0.22,0.1
18.47,52.91,7.36,16.89,15.06,16.57,0.8,11.49,22.14,0.11,0.09,0.1
11.3,27.28,5.81,11.69,11.08,9.62,1.2,9.05,24.93,0.12,0.07,3.0701278234985114
19.82,71.36,5.45,17.14,13.64,20.62,1.82,12.89,29.25,0.07,0.09,3.0701278234985114
27.1,89.38,11.58,21.31,20.76,23.69,1.54,10.21,28.77,0.08,0.11,0.1
40.66,82.62,4.78,23.58,16.52,21.37,0.76,10.9,38.55,0.05,0.03,3.0701278234985114
68.66,163.06,11.84,36.24,28.91,26.12,0.86,10.92,28.42,0.09,0.07,3.0701278234985114
65.16,184.84,22.45,52.69,46.28,18.53,1.07,25.5,37.46,0.08,0.14,0.1
52.88,172.08,5.52,26.45,18.96,21.36,0.81,31.74,57.33,0.04,0.05,0.1
40.99,122.69,4.32,29.54,19.32,17.01,0.6,24.37,44.5,0.06,0.08,0.1
47.2,116.44,5.83,28.13,19.71,19.97,0.88,16.73,36.92,0.06,0.09,3.0701278234985114
39.22,102.6,4.9,24.58,17.06,22.01,0.95,10.6,25.73,0.0,0.06,0.1
71.31,155.98,11.55,25.88,23.25,14.58,1.29,11.32,34.32,0.06,0.08,3.0701278234985114
63.54,130.58,4.41,25.81,17.47,15.53,1.17,19.34,47.53,0.07,0.07,3.0701278234985114
56.53,128.8,9.84,36.38,27.43,16.01,1.18,13.43,41.17,0.08,0.15,0.1
69.42,167.05,1.79,45.82,25.35,14.06,1.35,23.42,39.0,0.07,0.38,0.14
53.53,119.1,1.52,38.23,21.54,13.73,0.88,15.52,37.22,0.07,0.28,0.14
48.33,115.41,1.38,36.77,20.23,15.37,1.16,28.74,37.42,0.08,0.22,0.1
58.65,125.68,1.23,36.24,20.27,14.82,1.26,14.54,31.09,0.07,0.13,0.13
51.51,111.28,20.08,57.93,47.24,2.03,1.07,12.3,26.53,0.04,0.11,0.1
56.85,115.5,16.11,62.91,46.64,2.73,0.82,18.89,27.44,0.03,0.09,0.1
68.25,129.41,15.11,65.0,46.85,3.53,1.22,25.14,30.3,0.08,0.29,0.1
84.48,164.24,14.25,80.74,54.62,3.19,1.21,30.44,33.39,0.1,0.39,0.25
77.38,173.47,22.55,75.54,58.58,4.88,1.15,30.69,35.94,0.09,0.29,0.16
71.23,160.66,15.11,89.44,59.86,3.45,1.48,38.91,32.4,0.12,0.56,0.2
50.02,100.82,3.59,47.93,28.6,7.09,0.89,16.66,43.61,0.02,0.08,3.0701278234985114
85.11,183.15,9.11,97.16,59.17,3.61,1.28,17.17,37.99,0.1,0.23,0.11
93.95,190.73,19.47,105.22,71.79,3.81,1.81,20.78,39.9,0.11,0.3,0.15
77.86,159.49,10.69,90.28,56.71,4.66,1.16,14.21,22.45,0.1,0.5,0.13
70.89,125.4,3.58,68.12,39.14,1.79,1.17,13.87,29.82,0.07,0.44,0.12
74.34,129.57,4.54,69.78,40.81,3.38,1.09,14.03,33.95,0.09,0.12,0.1
97.09,143.69,4.09,86.95,49.58,1.52,1.11,13.62,33.03,0.1,0.12,0.12
90.61,164.19,5.37,74.89,44.2,16.85,1.07,17.68,31.59,0.11,0.3,0.15
83.4,121.25,2.86,46.47,27.04,20.01,1.0,12.32,32.68,0.08,0.21,0.1
93.78,142.65,5.55,67.51,40.43,19.51,1.34,42.75,29.16,0.1,0.21,0.1
76.48,114.53,12.45,69.63,47.16,18.65,1.08,13.32,24.73,0.05,0.05,3.0701278234985114
73.19,127.1,13.43,69.17,47.7,21.66,0.92,25.43,22.5,0.07,0.22,0.1
82.53,145.06,5.44,67.17,40.16,21.34,1.01,28.57,24.03,0.09,0.19,0.13
79.29,136.71,4.24,74.24,42.93,15.82,1.1,40.52,28.79,0.09,0.23,0.16
83.17,140.9,6.56,83.38,49.69,15.16,1.09,30.85,24.84,0.1,0.21,0.11
62.75,117.55,4.15,49.18,29.54,21.17,0.55,13.17,28.15,0.02,0.02,3.0701278234985114
62.74,108.94,6.36,43.14,28.2,20.36,0.87,11.48,20.37,0.04,0.04,0.1
47.81,99.22,5.98,65.34,39.69,17.61,1.02,26.84,36.53,0.03,0.08,0.15
84.99,137.17,5.14,71.78,42.43,12.16,1.39,15.58,47.94,0.07,0.14,0.1
63.05,111.15,5.4,68.18,40.73,15.31,1.06,13.42,47.46,0.06,0.36,0.11
71.09,128.56,29.13,85.01,68.98,14.32,1.15,10.68,40.2,0.06,0.1,0.1
76.78,129.54,6.08,69.13,41.71,13.58,1.27,17.71,48.7,0.06,0.1,3.0701278234985114
73.21,129.76,3.04,61.14,35.07,15.38,1.11,16.63,62.74,0.08,0.14,0.1
81.64,146.56,13.08,83.44,55.08,14.61,1.58,12.92,43.18,0.08,0.19,0.1
81.71,142.46,15.23,74.7,49.36,10.83,1.03,18.7,37.16,0.07,0.09,0.1
75.52,125.82,7.69,25.85,20.1,10.97,0.74,12.37,32.23,0.05,0.06,0.1
58.02,96.18,2.61,16.37,10.79,17.41,0.76,8.47,38.97,0.0,0.0,3.0701278234985114
65.56,128.56,6.38,23.26,17.36,16.81,0.86,16.7,34.16,0.01,0.05,0.14
56.98,148.8,1.02,16.86,9.76,13.91,0.52,10.21,32.14,0.01,0.06,3.0701278234985114
74.5,119.5,3.19,17.12,11.14,16.46,0.66,10.22,39.91,0.01,0.02,3.0701278234985114
66.61,121.81,4.03,26.18,17.28,13.97,0.66,9.84,39.63,0.02,0.05,3.0701278234985114
70.86,142.17,3.01,28.42,17.6,14.9,0.74,10.43,41.96,0.06,0.1,0.1
69.96,130.91,15.49,35.52,31.56,16.42,0.84,9.78,37.99,0.05,0.08,0.11
60.11,101.22,2.29,22.82,13.91,16.94,0.7,6.98,40.95,0.02,0.02,0.1
43.16,149.98,43.76,28.73,50.94,9.94,0.8,9.67,31.72,0.02,0.07,0.11
42.51,121.35,18.77,24.64,28.36,13.1,0.53,14.5,35.13,0.02,0.05,0.12
27.08,59.54,2.49,9.07,6.97,11.97,0.52,11.04,33.63,0.0,0.01,3.0701278234985114
49.2,116.27,2.37,16.7,10.86,12.82,0.69,15.37,44.06,0.08,0.18,0.16
42.1,87.51,1.68,13.22,8.24,13.14,0.57,11.6,44.93,2.25,4.15,0.74
39.77,129.33,14.09,24.88,24.78,9.4,0.45,8.16,27.19,1.07,9.76,1.02
43.78,124.06,6.29,19.29,15.47,9.87,0.64,11.35,29.47,1.03,6.87,0.58
40.96,101.35,4.18,14.19,11.01,10.37,0.46,7.42,22.03,1.46,5.11,0.44
22.52,69.14,7.47,13.59,13.38,7.71,0.56,10.99,21.12,1.17,4.07,0.33
37.09,70.85,1.55,7.48,4.74,7.56,0.69,12.4,38.42,0.52,3.58,0.15
19.4,55.83,1.42,7.03,4.48,4.36,0.76,10.88,38.75,0.8,1.6,0.15
16.52,36.76,1.14,3.14,2.26,4.47,0.61,8.92,39.57,0.67,2.24,0.12
24.68,132.02,8.38,29.05,22.21,3.97,0.58,16.03,23.73,0.41,3.95,0.48
38.9,111.93,1.76,27.29,16.03,3.52,0.98,16.06,56.99,0.57,3.44,0.37
57.73,211.34,3.54,35.92,21.98,5.61,0.78,16.59,58.87,0.7,5.18,0.51
44.49,163.62,1.17,22.32,12.89,7.12,0.53,16.97,67.99,0.35,2.22,0.38
39.76,152.97,1.12,23.24,13.25,6.0,0.52,15.33,69.15,0.35,1.97,0.18
47.3,136.76,1.53,20.22,12.09,7.92,0.64,22.25,68.43,0.3,2.17,0.15
39.81,138.9,1.14,18.58,10.81,7.81,0.44,13.03,51.98,0.14,1.37,0.12
49.19,155.58,0.95,26.89,13.92,4.26,0.77,25.9,73.55,0.48,4.0,0.2
40.38,112.93,1.4,24.31,13.78,5.75,0.7,30.4,74.3,0.34,2.48,0.18
44.65,114.79,1.63,19.79,12.0,7.06,0.63,19.26,54.72,0.34,2.48,0.12
35.5,98.4,1.74,19.29,11.72,6.98,0.59,17.83,49.82,0.33,1.68,0.12
34.12,88.79,1.7,19.98,12.12,6.69,0.7,24.2,42.21,0.14,1.32,0.11
32.33,78.4,1.83,19.42,11.91,4.01,0.61,21.27,34.54,0.15,1.24,0.11
40.04,98.75,1.7,17.31,10.2,4.07,0.89,18.61,48.85,0.21,1.82,0.11
38.88,86.09,1.31,18.0,10.69,4.51,0.47,13.86,51.56,0.14,1.27,0.11
41.89,99.66,1.66,22.98,13.65,4.84,0.77,17.7,39.43,0.16,1.62,0.19
41.47,90.61,0.72,18.25,10.27,4.59,0.5,16.21,54.72,0.05,1.29,0.13
39.73,104.78,1.54,27.54,15.99,3.61,0.95,17.17,42.88,0.17,2.37,0.24
78.45,137.41,6.19,26.0,19.23,11.21,0.82,29.06,42.11,0.59,5.45,0.28
89.53,148.15,4.0,22.79,15.39,13.0,0.89,20.75,42.72,0.79,9.7,0.27
85.95,135.44,4.35,24.78,16.8,13.37,1.04,15.74,47.62,0.58,5.05,0.22
81.5,128.86,3.06,20.13,13.3,13.9,0.93,21.32,52.53,0.46,4.72,0.17
77.93,128.41,2.23,14.09,9.4,13.92,0.75,20.18,58.79,0.59,4.45,0.19
51.46,82.75,1.84,12.24,8.01,11.48,0.64,11.75,44.89,0.49,2.46,0.12
50.33,91.06,3.02,16.68,11.42,10.46,0.93,10.82,59.48,0.36,2.64,0.24
64.88,104.25,2.5,15.42,10.32,11.54,1.04,15.4,47.96,0.35,4.66,0.17
63.97,109.47,2.43,18.14,11.62,11.38,0.83,22.37,37.65,0.21,4.76,0.12
80.27,113.24,2.34,12.84,8.83,13.44,0.79,14.86,60.68,0.31,1.85,0.12
63.19,97.39,2.34,13.46,9.15,11.1,0.98,12.61,65.38,0.48,2.41,0.1
76.12,111.89,1.96,16.19,10.21,11.83,0.83,13.3,51.68,0.66,8.57,0.17
83.5,121.3,2.75,15.78,10.74,13.62,0.81,14.34,61.97,0.56,4.21,0.14
79.85,124.9,2.61,16.51,10.24,13.29,1.15,17.76,62.87,0.73,3.13,0.16
68.76,109.47,2.82,21.1,13.61,11.88,0.92,19.3,55.76,0.71,6.18,0.2
57.83,88.67,2.46,14.13,9.61,10.05,0.78,15.1,51.67,0.4,2.13,0.15
77.57,114.45,3.06,14.81,10.46,20.71,0.83,14.99,56.45,0.36,1.69,0.11
82.76,122.21,3.15,22.64,14.7,18.82,0.78,29.74,55.26,0.85,8.1,0.14
90.54,132.55,3.23,23.89,15.42,16.04,1.0,19.16,63.55,0.73,6.25,0.1
61.25,98.77,3.05,19.42,12.92,12.59,0.95,17.57,60.61,0.86,7.98,3.0701278234985114
66.82,105.01,2.43,17.15,11.09,19.94,0.75,12.67,53.85,1.3,12.96,0.23
83.16,120.25,2.51,17.41,11.31,23.06,0.76,17.03,49.59,1.33,14.69,0.13
79.92,119.82,2.56,19.92,12.69,20.43,0.9,23.63,43.53,0.87,3.69,0.15
83.64,118.52,1.83,15.67,9.82,19.48,0.84,16.5,50.47,0.94,4.12,0.12
72.34,103.82,1.6,13.46,8.46,18.4,0.71,17.81,56.41,0.75,5.72,0.11
72.99,104.91,1.88,13.46,8.68,17.61,0.69,11.56,57.63,0.93,4.69,0.12
76.56,115.06,1.87,14.77,9.37,16.52,0.82,14.21,56.77,0.98,5.28,0.11
84.51,120.22,1.73,13.16,8.41,14.6,0.95,17.69,54.0,1.19,3.31,0.12
50.52,81.46,2.37,14.79,9.79,13.24,0.59,13.86,32.95,0.89,2.1,0.12
74.45,110.95,1.54,12.5,7.89,16.66,0.75,19.09,59.61,1.04,2.28,0.15
59.42,90.44,1.63,12.73,8.09,14.39,0.92,20.55,63.08,0.87,6.68,0.15
69.49,97.7,1.95,12.04,8.0,20.46,0.68,17.89,59.37,0.71,1.24,0.1
53.32,75.4,1.81,11.47,7.58,16.98,0.64,15.37,53.9,0.55,1.0,0.1
66.57,100.98,1.91,16.47,10.31,18.55,0.76,18.45,37.24,0.65,2.92,0.19
78.28,109.42,2.34,16.82,10.84,18.62,0.8,24.75,47.01,0.74,3.26,0.12
85.67,121.55,2.61,20.64,13.1,20.95,0.95,32.97,47.84,1.08,5.83,0.22
82.66,111.92,1.62,14.0,8.76,19.57,0.85,17.11,56.49,0.91,1.78,0.13
68.4,90.93,1.72,11.06,7.27,19.03,0.76,18.33,48.09,0.79,1.9,0.13
56.44,75.95,1.57,10.33,6.65,21.41,0.64,9.86,47.51,0.52,2.58,0.1
61.4,96.6,2.53,15.34,10.21,18.05,0.73,23.54,43.29,0.69,2.14,0.14
61.24,99.2,3.15,25.9,16.33,20.39,0.64,34.59,46.13,0.73,2.66,0.21
64.53,110.64,2.58,23.25,14.46,21.25,0.78,27.95,53.69,1.01,5.19,0.37
16.77,35.65,1.38,4.29,3.41,7.58,1.47,18.95,27.74,0.07,0.33,0.1
23.67,44.23,1.58,4.99,3.94,7.93,0.66,18.8,29.32,0.15,0.66,0.16
27.66,102.68,1.43,11.41,6.96,8.65,2.2485982090856145,10.27,50.56,0.2,1.08,3.0701278234985114
29.9,103.68,1.47,10.11,6.4,11.55,0.38,12.04,52.47,0.16,0.82,0.1
77.71,80.27,10.49,3.88,32.30912333307031,1.29,0.36,22.35,18.68,3.280840304500585,8.700972080037227,3.0701278234985114
72.87,98.47,10.71,26.07,32.30912333307031,12.03,0.0,3.56,12.86,3.280840304500585,8.700972080037227,3.0701278234985114
73.26,97.64,10.47,25.73,32.30912333307031,11.99,0.0,1.85,11.77,3.280840304500585,8.700972080037227,3.0701278234985114
65.26,95.91,9.38,25.23,32.30912333307031,12.4,0.0,1.31,19.98,3.280840304500585,8.700972080037227,3.0701278234985114
82.91,116.95,14.58,20.7,32.30912333307031,28.86,0.0,8.74,29.95,3.280840304500585,8.700972080037227,3.0701278234985114
32.08,94.3,16.02,21.29,32.30912333307031,28.73,0.0,12.41,25.46,3.280840304500585,8.700972080037227,3.0701278234985114
52.43,105.5,14.68,16.31,32.30912333307031,30.36,0.0,7.51,13.82,3.280840304500585,8.700972080037227,3.0701278234985114
194.39,100.51,13.94,16.7,32.30912333307031,30.32,0.0,14.47,16.02,3.280840304500585,8.700972080037227,3.0701278234985114
296.84,138.35,13.41,16.92,32.30912333307031,30.49,0.0,15.32,15.81,3.280840304500585,8.700972080037227,3.0701278234985114
105.49,125.37,14.23,16.7,32.30912333307031,30.52,0.0,18.78,14.66,3.280840304500585,8.700972080037227,3.0701278234985114
868.66,116.29,13.21,16.46,32.30912333307031,30.05,0.0,27.92,15.99,3.280840304500585,8.700972080037227,3.0701278234985114
67.45057794890306,156.75,14.23,16.57,32.30912333307031,30.0,0.0,15.77,14.46,3.280840304500585,8.700972080037227,3.0701278234985114
53.9,124.48,12.69,15.91,32.30912333307031,29.05,0.0,7.37,15.59,3.280840304500585,8.700972080037227,3.0701278234985114
40.51,121.36,12.86,16.19,32.30912333307031,28.95,0.0,16.06,15.09,3.280840304500585,8.700972080037227,3.0701278234985114
67.45057794890306,113.72,12.7,15.71,32.30912333307031,28.86,0.0,15.43,15.33,3.280840304500585,8.700972080037227,3.0701278234985114
57.8,86.43,12.52,15.04,32.30912333307031,28.33,0.0,4.74,16.46,5.16,8.700972080037227,3.0701278234985114
58.68,109.6,14.0,14.49,32.30912333307031,27.95,0.0,15.24,22.7,5.33,8.700972080037227,3.0701278234985114
48.49,120.47,21.53,14.2,32.30912333307031,27.85,0.0,9.84,20.98,4.8,2.95,1.12
38.78,143.52,21.9,36.62,32.30912333307031,42.87,0.0,12.61,11.54,3.280840304500585,8.700972080037227,3.0701278234985114
89.01,240.82,21.16,13.43,32.30912333307031,27.61,0.0,7.22,11.92,3.280840304500585,8.700972080037227,3.0701278234985114
39.74,72.35,47.31,31.09,32.30912333307031,41.2,0.0,6.7,10.97,3.280840304500585,8.700972080037227,3.0701278234985114
40.82,99.55,21.2,13.17,32.30912333307031,27.58,0.0,4.86,12.85,3.280840304500585,8.700972080037227,3.0701278234985114
35.19,102.85,20.77,12.95,32.30912333307031,27.53,0.0,5.34,14.7,3.280840304500585,8.700972080037227,3.0701278234985114
36.66,105.7,20.58,12.87,32.30912333307031,27.48,0.0,3.12,17.97,3.280840304500585,8.700972080037227,3.0701278234985114
46.59,112.06,33.02,12.15,32.30912333307031,11.44,0.0,2.67,12.2,3.280840304500585,3.12,1.45
48.72,117.47,50.12,12.85,32.30912333307031,10.82,0.0,2.99,6.66,3.280840304500585,8.700972080037227,3.0701278234985114
44.63,113.81,19.51,18.17,32.30912333307031,11.67,0.0,3.65,7.06,2.1,1.0,0.59
43.23,102.03,27.93,19.68,32.30912333307031,12.45,0.0,2.31,8.39,3.280840304500585,8.700972080037227,3.0701278234985114
47.21,100.22,20.6,17.86,32.30912333307031,11.66,0.0,3.34,8.72,3.280840304500585,8.700972080037227,3.0701278234985114
48.32,103.08,16.09,20.08,32.30912333307031,11.93,0.0,3.96,8.18,3.280840304500585,8.700972080037227,3.0701278234985114
49.32,101.56,24.35,12.96,32.30912333307031,12.18,0.0,4.77,4.59,3.280840304500585,8.700972080037227,3.0701278234985114
31.41,63.19,58.03,59.44,32.30912333307031,20.11,0.0,4.6,21.2,2.17,1.6,0.21
43.78,107.53,66.84,37.33,32.30912333307031,17.78,0.0,7.11,6.55,3.280840304500585,0.16,0.46
67.45057794890306,118.12710293078135,17.574729662029362,28.560659061126955,32.30912333307031,23.48347601937197,2.2485982090856145,14.53197725590996,34.49143047551845,3.280840304500585,8.700972080037227,3.0701278234985114
26.23,168.52,5.08,14.66,32.30912333307031,8.08,0.81,3.75,13.05,7.12,13.77,2.64
38.53,268.32,5.87,14.79,32.30912333307031,8.14,0.66,5.38,8.1,11.64,7.28,53.59
21.38,69.39,5.75,15.67,32.30912333307031,10.2,0.67,6.71,8.2,7.11,0.96,16.32
33.27,136.51,3.53,14.03,32.30912333307031,10.81,0.78,6.62,15.03,1.3,1.47,17.03
43.31,206.85,6.22,11.98,32.30912333307031,10.46,0.8,6.04,12.63,1.43,1.65,19.21
41.05,209.7,10.68,8.86,32.30912333307031,10.79,0.77,7.4,8.45,1.25,1.44,23.76
28.53,139.39,11.14,8.75,32.30912333307031,10.59,0.68,7.81,6.39,1.01,1.16,25.23
47.34,109.02,10.16,7.75,32.30912333307031,11.95,0.65,6.26,10.72,1.41,1.14,17.46
38.36,94.01,10.19,8.41,32.30912333307031,12.13,0.67,8.64,10.34,2.22,0.95,16.79
29.15,135.49,10.15,16.73,32.30912333307031,10.41,0.82,3.96,10.56,1.6,1.78,18.5
30.99,129.56,10.32,17.06,32.30912333307031,10.28,0.85,4.91,9.02,1.41,1.57,21.24
37.7,123.54,10.48,19.62,32.30912333307031,10.5,0.81,5.18,10.01,1.58,1.68,20.46
47.29,170.2,10.55,18.45,32.30912333307031,10.96,0.81,4.53,5.57,1.71,1.71,21.03
24.04,131.16,11.06,18.5,32.30912333307031,10.68,0.75,4.89,1.31,1.32,1.48,25.66
59.49,163.28,10.38,17.95,32.30912333307031,13.18,0.95,5.52,9.97,1.63,1.99,17.88
75.94,197.0,10.41,17.15,32.30912333307031,18.04,0.83,8.82,4.83,1.32,1.98,18.2
35.3,190.24,10.29,18.77,32.30912333307031,18.68,0.74,4.04,5.8,8.19,1.32,17.91
37.93,165.9,10.58,17.69,32.30912333307031,18.75,0.8,6.34,6.43,4.08,1.43,19.6
54.76,153.86,10.52,17.54,32.30912333307031,19.45,0.77,4.69,8.74,1.98,1.66,18.02
52.81,197.08,10.27,17.3,32.30912333307031,23.81,0.85,6.09,12.89,2.09,2.15,15.68
71.8,225.14,24.27,36.24,32.30912333307031,25.83,0.93,5.74,5.95,2.06,2.15,20.47
54.21,243.06,7.44,15.66,32.30912333307031,18.0,0.82,6.17,14.87,1.58,3.69,16.07
56.33,248.8,7.64,16.14,32.30912333307031,18.16,0.81,3.78,17.82,1.38,8.83,15.93
76.9,253.99,7.49,15.82,32.30912333307031,18.15,0.9,3.37,14.15,1.41,8.19,18.09
30.64,107.82,7.49,14.81,32.30912333307031,17.74,0.65,3.28,13.58,1.07,7.31,14.53
39.43,136.27,7.59,15.28,32.30912333307031,17.13,0.72,5.12,18.05,1.25,7.57,15.45
77.79,259.45,7.64,14.27,32.30912333307031,14.95,0.97,4.68,20.79,1.41,8.13,17.17
78.12,255.33,10.73,8.96,32.30912333307031,12.24,0.86,4.96,30.83,1.41,9.74,17.26
38.17,100.14,46.4,13.71,59.36,15.25,0.66,7.43,23.57,3.07,7.91,22.83
78.81,182.69,58.44,41.92,100.36,12.81,1.05,18.04,25.52,3.8,8.97,24.21
83.0,184.32,52.17,7.07,57.11,12.53,0.97,8.07,25.07,4.35,7.79,14.11
106.08,215.78,19.15,49.15,66.48,9.95,2.41,10.52,24.02,5.45,9.64,15.73
44.98,87.5,25.9,13.03,38.91,3.09,3.75,9.09,17.91,3.94,6.9,13.09
53.43,87.57,25.21,10.07,35.27,1.73,2.82,4.37,19.16,2.59,5.31,11.12
66.28,141.61,24.35,16.09,40.44,0.5,1.7,4.5,16.98,3.31,5.21,16.32
58.41,124.48,23.33,16.29,39.62,0.57,0.86,6.69,17.61,5.8,4.3,22.25
53.83,120.29,25.17,18.12,43.28,0.06,0.87,6.22,16.45,3.280840304500585,8.700972080037227,3.0701278234985114
58.65,129.08,24.95,19.43,44.38,0.08,0.7,4.64,15.89,3.280840304500585,8.700972080037227,3.0701278234985114
63.41,177.11,25.57,20.54,46.11,0.15,1.39,4.03,15.84,3.280840304500585,8.700972080037227,3.0701278234985114
43.93,121.78,24.83,21.39,46.22,0.17,1.74,3.97,16.82,3.280840304500585,8.700972080037227,3.0701278234985114
75.09,171.16,25.17,22.07,47.24,0.36,0.86,5.83,17.59,3.280840304500585,8.700972080037227,3.0701278234985114
56.46,126.01,5.73,25.53,31.26,3.37,1.53,2.98,24.89,4.8,5.61,7.89
72.21,157.96,6.3,26.12,32.42,3.42,2.16,3.34,25.49,4.92,7.25,8.95
96.33,186.31,7.72,28.36,36.08,3.66,1.71,3.36,21.55,5.7,7.97,10.23
66.92,138.18,17.36,86.72,105.11,15.85,1.36,3.24,23.5,8.01,8.29,7.29
77.72,158.17,7.18,79.22,86.56,14.3,1.44,10.0,23.22,13.14,10.33,10.69
77.71,151.64,5.23,77.4,96.5,14.02,1.25,3.27,19.23,6.07,8.03,7.3
73.58,146.1,5.84,78.11,84.39,14.16,1.2,5.07,19.1,4.96,8.02,6.48
61.57,131.82,5.4,77.61,96.68,14.11,1.23,3.64,20.29,4.7,7.62,5.88
70.31,154.81,5.62,76.93,82.55,13.97,1.24,3.89,21.19,7.51,8.02,6.38
74.04,163.69,6.29,76.91,83.2,13.92,1.2,3.09,22.55,7.6,8.52,7.13
58.91,131.93,5.36,77.1,82.45,13.85,1.1,2.76,19.82,5.69,7.65,6.37
58.9,110.95,6.49,78.77,88.61,14.05,0.82,3.24,17.78,4.59,7.61,5.88
26.86,59.87,6.99,78.52,99.51,14.0,0.68,3.05,18.36,4.96,6.69,5.28
62.55,122.25,7.44,79.24,87.27,14.09,1.98,3.1,17.4,4.21,7.93,6.53
57.51,120.69,7.2,79.01,99.72,14.09,1.26,2.5,17.71,4.53,7.76,5.08
70.09,160.56,15.42,60.24,81.09,12.37,1.04,5.11,17.25,5.34,7.16,5.29
53.67,114.13,79.13,34.3,103.35,13.71,0.92,4.04,13.69,10.26,8.26,5.82
45.61,101.86,56.09,45.86,115.47,14.12,0.94,3.4,15.74,10.4,8.29,6.12
61.12,131.87,72.13,47.57,120.39,17.18,0.92,3.52,13.38,12.7,8.52,7.04
56.96,135.69,71.85,53.42,140.88,16.33,0.92,2.97,13.15,12.27,8.08,6.53
44.39,114.54,72.97,54.79,127.95,16.33,0.94,3.48,13.89,12.84,8.01,7.08
31.79,96.3,66.62,59.83,141.5,15.06,0.82,2.56,13.11,11.53,7.19,6.0
55.78,138.44,70.91,65.5,150.96,15.15,0.77,2.79,14.2,13.55,8.71,7.37
50.4,131.72,57.49,70.81,141.86,14.1,0.66,2.66,14.0,11.04,7.43,5.76
58.71,147.2,43.49,57.73,100.19,9.31,0.64,3.22,17.08,10.47,7.9,6.23
48.6,136.91,28.66,49.52,82.69,4.74,0.63,2.82,13.82,11.9,7.85,6.61
59.76,157.27,22.63,42.42,68.61,3.53,0.64,4.03,16.12,10.06,7.75,6.05
67.11,160.02,18.92,49.05,71.77,4.75,0.61,3.38,14.43,11.24,8.26,6.4
69.65,162.02,16.51,49.28,65.6,4.9,0.64,7.24,18.68,10.41,8.28,6.94
67.14,166.85,30.58,61.48,102.14,12.93,0.63,4.55,19.32,11.45,8.25,7.0
58.38,177.22,17.58,48.94,66.03,16.18,0.59,5.85,12.41,10.52,7.74,6.14
48.16,87.04,12.79,35.24,60.95,14.94,0.52,2.83,12.54,8.39,6.72,5.0
68.32,181.17,18.6,30.42,53.75,13.4,1.53,5.1,12.65,9.66,7.47,5.87
41.54,135.18,15.39,9.04,34.52,10.71,0.76,2.93,16.54,9.73,7.6,6.21
53.44,159.72,15.28,11.58,37.88,11.03,0.72,3.1,15.95,9.86,7.97,6.1
52.41,166.21,15.9,13.27,39.88,11.08,0.71,3.54,16.97,10.46,7.72,6.35
69.46,205.16,16.51,13.13,40.59,10.95,0.66,3.72,12.89,11.28,8.05,6.1
54.32,166.52,14.04,9.71,34.15,10.82,0.67,4.71,17.76,9.99,7.7,6.06
43.14,122.51,14.65,10.2,36.43,11.57,0.61,4.93,16.89,9.66,7.48,5.83
52.39,143.82,18.45,13.52,43.62,11.79,0.61,4.66,17.32,11.44,7.71,5.94
29.75,89.22,16.36,10.8,38.61,11.45,0.54,4.14,17.81,10.52,7.12,5.48
58.6,153.78,15.83,9.93,35.86,10.57,0.55,4.14,18.36,11.46,7.7,5.83
57.97,149.22,15.54,9.32,34.92,10.55,0.47,3.58,17.94,11.71,7.72,5.89
46.84,128.01,16.33,9.46,36.16,10.5,0.56,3.83,16.46,12.02,7.85,6.22
58.97,153.53,10.96,9.45,20.72,7.05,0.69,3.85,18.99,7.39,3.25,1.86
51.79,140.04,11.78,10.5,22.28,7.13,0.75,3.92,17.81,6.29,2.0,1.25
29.06,104.61,11.67,9.14,27.71,7.18,0.69,3.55,18.23,5.16,1.42,0.85
42.29,129.74,12.7,9.54,29.85,7.97,0.64,3.72,30.89,4.91,1.44,0.85
48.66,155.13,12.38,8.7,28.47,7.78,0.57,8.52,31.15,4.89,1.59,1.25
54.53,157.09,11.78,8.0,20.1,8.69,0.88,3.55,29.18,5.07,1.73,1.38
40.21,138.73,11.93,8.52,20.46,9.31,0.92,3.09,31.63,4.12,1.3,0.95
27.42,104.51,14.66,6.89,27.71,8.26,1.31,3.42,34.72,3.47,0.98,0.65
43.88,137.19,13.38,15.46,28.84,9.99,0.89,2.35,34.26,4.61,1.34,0.9
44.86,144.69,11.95,14.56,26.51,9.1,0.84,2.63,36.17,3.65,1.29,0.79
56.47,158.03,13.78,12.76,35.48,8.69,0.75,2.59,23.55,4.01,1.48,0.96
20.96,75.37,13.85,4.88,22.74,5.64,0.84,2.72,29.63,4.18,2.82,1.35
46.28,131.27,17.574729662029362,17.53,32.30912333307031,9.33,0.24,5.68,34.49143047551845,3.280840304500585,8.700972080037227,3.0701278234985114
34.09,105.54,17.574729662029362,17.85,32.30912333307031,9.03,0.26,4.15,34.49143047551845,3.280840304500585,8.700972080037227,3.0701278234985114
42.13,124.71,17.574729662029362,17.43,32.30912333307031,9.05,0.24,5.38,34.49143047551845,3.280840304500585,8.700972080037227,3.0701278234985114
28.51,138.44,17.574729662029362,11.57,32.30912333307031,7.14,0.62,4.41,34.49143047551845,3.280840304500585,8.700972080037227,3.0701278234985114
52.59,129.54,17.574729662029362,22.42,32.30912333307031,4.94,0.78,4.63,34.49143047551845,3.280840304500585,8.700972080037227,3.0701278234985114
55.56,140.47,17.574729662029362,21.13,32.30912333307031,6.1,0.96,4.5,34.49143047551845,3.280840304500585,8.700972080037227,3.0701278234985114
33.87,119.64,17.574729662029362,16.37,32.30912333307031,6.35,0.94,4.32,34.49143047551845,3.280840304500585,8.700972080037227,3.0701278234985114
43.0,134.69,17.574729662029362,9.02,32.30912333307031,6.96,1.16,4.1,34.49143047551845,3.280840304500585,8.700972080037227,3.0701278234985114
60.36,161.24,17.574729662029362,8.64,32.30912333307031,7.81,0.64,4.88,34.49143047551845,3.280840304500585,8.700972080037227,3.0701278234985114
69.33,167.05,17.574729662029362,9.24,32.30912333307031,7.89,0.55,4.85,34.49143047551845,3.280840304500585,8.700972080037227,3.0701278234985114
43.85,109.9,17.574729662029362,8.67,32.30912333307031,6.99,0.75,4.74,34.49143047551845,3.280840304500585,8.700972080037227,3.0701278234985114
81.81,203.55,17.574729662029362,9.99,32.30912333307031,8.01,0.72,5.37,34.49143047551845,3.280840304500585,8.700972080037227,3.0701278234985114
71.4,148.06,17.574729662029362,10.58,32.30912333307031,8.19,0.51,4.23,34.49143047551845,3.280840304500585,8.700972080037227,3.0701278234985114
61.67,148.89,17.574729662029362,10.58,32.30912333307031,8.22,0.64,5.94,34.49143047551845,3.280840304500585,8.700972080037227,3.0701278234985114
64.92,178.5,17.574729662029362,10.64,32.30912333307031,8.19,0.74,8.03,34.49143047551845,3.280840304500585,8.700972080037227,3.0701278234985114
77.06,201.95,17.574729662029362,11.04,32.30912333307031,7.87,0.87,8.84,34.49143047551845,3.280840304500585,8.700972080037227,3.0701278234985114
60.54,188.97,17.574729662029362,10.25,32.30912333307031,6.78,2.31,12.24,34.49143047551845,3.280840304500585,8.700972080037227,3.0701278234985114
37.37,83.42,17.574729662029362,8.35,32.30912333307031,5.24,0.89,6.86,34.49143047551845,3.280840304500585,8.700972080037227,3.0701278234985114
46.96,117.05,17.574729662029362,8.24,32.30912333307031,5.14,0.8,4.5,34.49143047551845,3.280840304500585,8.700972080037227,3.0701278234985114
60.38,157.78,17.574729662029362,8.23,32.30912333307031,5.14,0.95,5.8,34.49143047551845,3.280840304500585,8.700972080037227,3.0701278234985114
43.89,121.76,17.574729662029362,8.22,32.30912333307031,5.13,0.79,5.07,34.49143047551845,3.280840304500585,8.700972080037227,3.0701278234985114
99.65,169.11,17.574729662029362,8.25,32.30912333307031,5.14,0.7,4.96,34.49143047551845,3.280840304500585,8.700972080037227,3.0701278234985114
41.29,89.89,17.574729662029362,8.22,32.30912333307031,5.13,0.54,6.12,34.49143047551845,3.280840304500585,8.700972080037227,3.0701278234985114
51.48,113.43,17.574729662029362,8.22,32.30912333307031,5.13,0.61,5.39,34.49143047551845,3.280840304500585,8.700972080037227,3.0701278234985114
75.55,148.68,17.574729662029362,8.23,32.30912333307031,5.13,0.64,5.43,34.49143047551845,3.280840304500585,8.700972080037227,3.0701278234985114
56.32,136.55,17.574729662029362,8.27,32.30912333307031,5.11,0.66,6.05,34.49143047551845,3.280840304500585,8.700972080037227,3.0701278234985114
92.14,196.87,12.58,8.35,21.02,5.07,0.63,5.91,41.86,0.99,3.05,6.26
72.32,163.27,12.54,8.25,20.79,5.11,0.59,5.99,35.54,0.91,2.94,5.36
67.71,106.21,12.56,8.47,21.03,5.02,0.69,5.01,38.8,0.84,2.93,5.54
74.3,134.46,12.55,8.61,21.15,4.99,0.61,5.77,38.82,0.76,2.76,5.8
52.81,112.14,12.51,8.31,20.82,5.11,0.58,5.9,42.01,0.77,2.8,5.85
51.88,100.81,12.53,8.33,20.86,5.1,0.63,5.56,41.07,0.79,2.79,5.78
62.72,124.43,12.59,8.56,21.15,5.01,0.58,6.65,41.84,0.94,2.84,5.88
74.08,126.26,12.63,8.34,20.97,5.08,0.53,5.85,42.98,0.97,2.83,5.77
72.53,138.75,12.63,8.3,20.93,5.09,0.48,5.72,42.48,0.74,2.64,5.5
74.32,61.18,12.62,8.36,20.99,5.07,0.98,6.52,44.43,0.83,2.6,5.52
66.86,67.01,12.53,8.69,21.22,4.99,0.74,6.42,41.35,0.8,2.5,5.17
75.49,327.61,12.34,22.51,20.81,6.42,0.92,5.16,34.32,0.88,2.54,4.97
48.66,179.33,1.42,8.57,9.19,1.6,1.26,6.14,20.8,0.6,2.43,4.78
67.25,199.98,0.76,8.4,8.35,1.58,1.24,6.23,23.36,0.58,2.46,5.24
61.84,194.06,5.32,9.97,12.51,3.7,1.8,6.29,33.48,0.52,2.21,4.03
59.22,208.58,12.27,9.6,21.53,4.87,1.23,3.13,38.93,0.6,2.46,4.18
67.45057794890306,118.12710293078135,17.574729662029362,28.560659061126955,32.30912333307031,23.48347601937197,2.2485982090856145,14.53197725590996,34.49143047551845,3.280840304500585,8.700972080037227,3.0701278234985114
54.7,175.81,57.62,29.71,39.7,5.39,2.1,6.52,32.46,0.92,2.79,5.3
29.87,135.11,25.06,6.05,21.99,4.36,0.75,11.15,28.03,0.53,2.43,4.35
50.25,148.66,9.57,18.11,28.68,4.54,2.2485982090856145,10.2,33.35,0.7,2.57,5.12
51.72,175.01,12.28,48.32,61.6,4.67,2.2485982090856145,14.28,27.6,0.62,2.13,4.38
41.53,183.02,20.97,14.08,35.05,6.59,2.2485982090856145,6.47,41.74,0.63,2.56,4.89
39.78,171.73,23.1,15.08,38.19,5.6,0.0,7.19,46.14,0.73,2.64,4.7
44.05,152.49,13.1,16.37,29.47,5.81,2.2485982090856145,6.46,34.83,0.88,2.8,4.89
33.94,120.27,12.02,17.25,29.27,5.93,2.2485982090856145,5.67,42.11,0.9,2.69,4.66
40.94,150.34,11.3,16.96,28.26,6.18,2.2485982090856145,7.43,49.88,1.26,2.92,5.41
32.02,154.91,11.04,16.48,27.52,6.32,2.2485982090856145,7.24,34.49143047551845,0.99,2.68,4.98
41.94,120.52,10.89,16.47,27.36,6.23,2.2485982090856145,6.33,34.49143047551845,1.13,2.67,5.07
45.02,174.24,10.83,16.07,26.9,6.24,2.2485982090856145,4.7,43.26,0.88,2.3,3.45
49.85,229.22,10.6,15.85,26.44,6.33,2.2485982090856145,6.46,28.48,0.83,2.21,4.72
30.38,85.39,10.56,16.22,26.78,6.23,2.2485982090856145,7.4,29.44,0.62,2.0,3.58
57.96,119.11,8.37,9.12,17.48,5.47,0.16,10.6,37.0,1.08,2.37,4.54
51.58,109.11,11.37,9.3,20.67,6.76,0.18,7.1,40.35,1.05,2.42,5.01
67.45057794890306,127.95,12.49,8.67,21.08,5.64,0.14,4.57,38.44,1.84,1.22,5.86
67.45057794890306,130.41,10.67,15.03,25.7,10.88,0.0,5.83,21.03,16.96,1.56,15.23
67.45057794890306,134.54,10.62,14.44,25.04,10.64,0.0,6.65,17.06,16.32,1.48,14.76
67.45057794890306,79.33,12.77,18.87,31.65,10.07,0.0,6.61,20.1,14.45,1.04,13.28
67.45057794890306,194.56,11.01,15.38,26.39,9.96,0.0,6.75,23.54,17.31,1.64,14.68
67.45057794890306,154.77,10.98,12.72,23.7,11.46,0.0,5.05,20.87,16.63,1.3,10.72
67.45057794890306,87.81,12.7,10.99,23.68,13.5,0.0,3.72,9.48,21.28,0.68,8.76
67.45057794890306,152.34,22.22,21.74,43.96,24.05,0.0,6.05,21.4,20.64,1.1,7.66
67.45057794890306,152.55,28.01,27.25,55.27,25.23,0.0,6.43,17.28,16.96,1.29,12.73
67.45057794890306,211.81,27.51,26.32,53.83,24.88,0.0,5.77,18.01,20.31,1.76,14.86
67.45057794890306,125.47,12.31,18.58,31.89,17.99,0.0,6.07,30.09,9.97,1.16,7.83
67.45057794890306,121.94,14.24,19.97,35.21,18.55,0.0,6.19,24.0,11.77,1.35,9.42
67.45057794890306,106.02,15.1,20.95,37.05,18.81,0.01,5.43,22.76,14.28,1.62,10.72
67.45057794890306,112.9,16.77,22.89,40.66,18.72,0.0,6.5,21.61,11.69,1.58,10.52
41.99,143.94,23.68,29.28,41.44,17.11,0.01,5.58,18.68,13.33,1.7,12.19
59.95,182.15,31.6,29.53,59.14,16.11,0.0,5.17,18.41,15.45,1.97,11.45
48.96,144.84,25.22,23.73,48.5,14.59,0.0,6.21,22.47,12.74,1.72,9.5
61.79,184.57,25.79,24.41,49.42,14.69,0.01,6.63,21.24,12.82,1.46,8.39
37.17,106.31,35.32,26.8,63.12,16.05,0.0,6.35,20.92,13.54,1.98,10.25
42.12,120.38,31.86,27.04,59.9,15.65,0.01,6.02,22.48,18.73,2.63,11.32
48.55,138.69,31.37,26.26,58.63,15.68,0.0,5.78,25.03,10.51,2.57,11.77
45.78,130.79,33.67,28.65,63.32,16.09,0.0,5.84,15.61,15.23,2.52,13.46
57.31,175.25,31.74,26.18,58.62,15.28,0.02,5.98,21.27,14.68,2.54,11.44
57.94,171.82,23.42,20.66,42.66,12.92,0.0,6.3,24.7,12.43,1.96,9.24
49.3,143.96,27.24,22.59,46.82,13.69,0.01,6.08,21.03,13.24,2.35,11.31
33.74,87.84,20.17,21.19,41.35,12.48,0.01,6.0,15.41,8.35,1.12,6.98
48.76,139.29,22.89,27.79,50.66,13.46,0.0,6.47,14.1,7.09,0.91,8.81
27.22,102.81,29.63,32.62,20.68,15.0,0.0,5.88,11.15,2.19,0.28,2.86
73.92,213.3,34.67,43.28,75.25,16.74,0.32,19.13,11.34,11.65,2.66,14.0
60.41,112.53,32.1,38.15,70.0,14.92,0.81,3.2,27.13,5.89,2.74,11.45
54.89,157.76,33.43,38.02,69.43,9.8,0.01,3.8,26.42,6.97,3.05,13.02
62.42,178.25,30.03,34.95,62.91,8.94,0.0,3.59,22.36,6.25,2.07,9.36
33.74,96.43,29.16,37.24,64.4,9.23,0.0,2.31,17.17,6.32,1.55,8.87
45.16,129.04,29.69,38.7,66.33,9.46,0.0,14.53197725590996,15.79,6.13,1.34,9.11
42.61,121.76,28.13,36.97,31.55,9.12,0.0,14.53197725590996,15.82,6.02,0.5,4.13
49.87,142.45,24.72,35.8,58.53,8.49,0.0,14.53197725590996,19.76,6.06,1.03,8.72
71.74,205.11,27.67,38.24,63.92,9.03,0.0,14.53197725590996,18.19,6.27,1.61,10.12
54.93,152.6,27.31,38.26,63.69,9.08,0.0,14.53197725590996,19.12,6.48,1.64,10.09
48.16,128.53,21.63,29.8,49.43,7.38,0.01,8.56,24.92,6.41,1.62,7.84
52.3,139.23,18.8,27.98,44.79,6.7,0.01,0.71,19.59,5.43,1.91,8.36
93.43,147.22,19.47,28.7,46.17,6.87,0.01,5.36,14.99,5.65,1.94,7.91
46.38,102.86,18.97,31.23,48.19,7.14,0.0,14.53197725590996,8.3,5.56,1.49,8.49
68.66,152.57,25.88,36.7,60.58,8.69,0.0,14.53197725590996,8.86,6.98,2.99,13.36
63.86,142.12,24.13,33.08,55.21,8.12,0.01,4.71,16.83,7.99,2.81,12.22
69.37,154.01,26.61,36.36,60.97,8.73,0.0,14.53197725590996,20.57,6.95,2.81,13.63
63.2,140.32,23.81,33.88,55.69,8.06,0.0,14.53197725590996,19.47,5.39,2.12,11.14
65.15,144.93,26.81,33.27,58.08,8.5,0.01,3.23,21.4,6.16,2.62,11.75
62.87,139.7,25.09,31.37,54.46,8.06,0.0,7.56,20.76,5.99,2.37,9.59
62.95,140.07,29.56,36.7,64.23,9.16,0.01,5.91,16.61,6.47,3.3,12.07
41.91,93.07,28.89,38.0,64.86,9.19,0.0,14.53197725590996,17.04,6.18,2.65,12.0
53.8,123.95,28.33,33.28,47.57,8.6,0.01,9.49,23.99,6.18,1.8,8.0
76.21,168.2,21.75,26.18,39.31,7.04,0.02,7.11,23.88,4.83,2.22,7.97
61.69,137.47,27.29,33.08,55.41,8.51,0.01,4.06,19.18,5.55,2.84,10.88
70.49,156.56,40.56,43.85,82.42,11.49,0.0,14.53197725590996,15.79,6.32,2.84,14.09
63.57,141.24,29.04,33.89,60.93,8.88,0.0,14.53197725590996,20.74,6.36,1.94,9.04
69.19,153.63,34.65,37.59,70.23,9.95,0.01,6.2,16.57,6.52,2.25,9.91
73.15,162.47,35.13,41.33,74.45,10.41,0.0,14.53197725590996,15.49,6.14,2.95,12.65
54.54,121.13,36.59,41.71,76.3,10.68,0.01,3.5,14.76,6.15,2.11,10.59
49.82,120.8,24.1,31.61,49.1,7.89,0.0,14.53197725590996,15.12,6.21,1.29,5.91
61.91,138.56,24.94,31.59,53.92,7.86,0.02,4.16,15.63,6.76,2.0,7.42
72.97,163.05,30.79,35.39,64.18,9.06,0.01,4.08,13.45,6.28,2.81,9.47
81.51,181.02,35.66,37.44,71.01,10.04,0.01,2.73,15.76,6.88,3.4,11.26
56.93,126.56,33.91,35.26,67.16,9.44,0.02,4.48,15.72,12.51,2.61,9.35
56.6,125.74,32.79,37.83,68.56,9.47,0.0,14.53197725590996,13.44,6.18,2.12,9.05
62.09,138.1,30.94,29.75,56.49,8.44,0.02,2.4,16.41,7.86,2.59,8.49
75.18,166.81,27.1,20.86,47.96,7.31,0.0,14.53197725590996,7.26,6.22,2.12,7.06
64.23,141.23,24.99,22.13,47.12,7.2,0.01,2.07,9.64,7.54,2.0,6.72
68.66,152.5,22.67,22.59,45.26,6.71,0.0,14.53197725590996,8.62,6.28,2.36,6.83
74.91,178.86,23.65,24.35,45.11,7.13,0.01,1.32,10.14,7.1,2.57,7.22
72.08,160.38,26.59,27.11,53.7,8.02,0.01,1.97,9.16,11.8,2.76,8.33
70.27,155.08,25.57,27.48,53.03,7.86,0.01,4.17,4.93,6.92,2.19,6.44
98.32,218.44,35.3,37.03,72.33,10.92,0.0,14.53197725590996,4.3,26.09,3.82,11.8
78.83,175.0,30.13,32.62,62.66,9.42,0.0,14.53197725590996,6.46,8.48,2.38,9.25
78.42,186.41,31.71,33.79,59.08,9.96,0.05,2.98,5.43,9.62,2.41,9.09
92.38,205.42,21.66,21.67,44.01,6.61,0.17,2.87,9.65,10.0,2.81,6.66
77.42,171.98,38.64,19.65,55.01,9.43,0.05,3.41,6.05,5.49,2.78,9.93
45.44,100.89,31.86,27.8,59.66,9.29,0.01,3.54,5.79,6.53,2.44,8.12
69.5,159.89,25.14,28.99,45.0,7.93,0.0,3.76,4.87,5.05,1.9,7.25
52.22,115.98,22.07,24.15,45.96,8.42,0.0,3.48,8.24,5.84,1.44,4.91
70.18,163.27,30.51,35.91,63.7,14.45,0.0,14.53197725590996,4.91,8.92,1.77,6.95
64.8,148.01,24.63,28.05,50.91,9.91,0.0,14.53197725590996,8.02,7.04,1.91,6.77
34.37,82.02,17.31,25.3,37.45,6.53,0.0,14.53197725590996,8.96,5.7,1.39,5.41
73.78,119.03,16.16,23.99,40.15,6.75,0.0,14.53197725590996,5.35,5.39,2.96,0.23
44.72,98.2,16.8,26.97,43.77,6.84,0.0,14.53197725590996,4.54,9.18,2.46,0.01
70.78,114.9,19.24,22.67,41.92,6.33,0.0,14.53197725590996,4.99,5.63,2.74,0.64
67.94,156.16,18.46,14.99,33.44,2.33,0.0,14.53197725590996,9.61,5.08,0.49,1.1
48.54,154.64,18.18,15.21,31.56,3.36,0.0,14.53197725590996,12.19,4.02,2.11,4.79
82.06,113.3,16.11,14.76,30.87,4.22,0.0,14.53197725590996,7.35,4.29,2.25,5.11
72.25,152.76,14.04,18.54,32.58,5.45,0.0,14.53197725590996,9.73,2.56,1.81,1.52
41.63,133.64,14.03,18.15,32.18,5.83,0.01,4.66,16.8,2.56,1.81,1.52
72.66,138.2,16.61,19.13,35.75,7.3,0.01,7.15,12.12,3.44,2.75,4.54
77.14,132.69,18.51,19.67,38.19,7.32,0.0,14.53197725590996,13.82,3.64,2.97,6.46
47.29,84.07,19.34,16.36,33.57,6.89,0.01,3.85,9.04,2.93,2.24,5.26
63.67,141.48,12.75,22.04,34.8,4.97,0.0,14.53197725590996,18.78,6.89,8.85,4.75
63.92,144.54,12.67,22.06,34.37,5.07,0.0,14.53197725590996,17.68,7.21,8.33,4.47
57.28,122.07,10.4,10.54,20.93,9.16,0.51,14.53197725590996,21.55,4.57,6.41,2.65
46.13,113.27,13.2,19.22,32.1,11.89,0.43,14.53197725590996,31.78,1.27,1.73,4.28
74.7,125.2,11.29,13.91,22.8,10.05,0.46,14.53197725590996,30.3,1.43,1.76,4.76
69.9,115.62,19.65,20.84,39.47,12.98,0.72,14.53197725590996,36.71,4.05,2.15,11.08
49.28,78.65,12.11,12.85,24.78,10.83,0.43,14.53197725590996,27.47,4.07,2.19,10.09
74.37,112.38,10.84,10.48,21.32,10.15,0.86,14.53197725590996,36.2,5.63,2.22,14.22
70.64,116.4,12.84,11.9,24.51,9.6,0.62,14.53197725590996,33.02,5.03,2.23,11.72
71.22,113.04,18.58,24.78,41.14,17.76,0.67,14.53197725590996,24.12,4.93,2.23,9.83
88.86,143.79,24.35,26.09,37.5,27.77,0.88,14.53197725590996,20.32,7.79,2.36,12.0
73.09,113.95,15.57,16.56,26.54,15.67,0.74,14.53197725590996,22.04,6.44,2.23,10.15
60.48,106.94,9.9,10.8,19.4,5.71,0.47,14.53197725590996,24.02,4.97,2.1,7.92
71.36,120.11,85.38,81.76,70.69,92.54,0.53,14.53197725590996,24.38,5.9,2.24,11.17
54.24,94.69,87.13,138.35,132.09,126.12,0.76,14.53197725590996,27.24,5.81,2.22,13.28
66.98,111.23,23.01,66.24,78.47,42.74,0.73,14.53197725590996,29.25,5.57,2.19,10.8
84.64,139.75,26.32,66.81,88.46,32.63,0.83,14.53197725590996,25.79,7.19,2.33,12.88
92.19,167.42,9.8,22.71,32.14,9.58,0.77,14.53197725590996,26.43,6.33,2.22,10.46
28.98,72.15,9.91,20.28,30.18,9.14,0.56,14.53197725590996,13.72,4.41,2.18,9.02
70.98,129.01,13.6,19.69,33.29,10.49,0.98,14.53197725590996,25.69,5.12,2.21,7.33
53.72,112.19,14.37,17.95,32.32,10.73,0.76,14.53197725590996,28.67,4.41,2.18,7.89
49.03,122.91,15.45,18.11,32.28,11.81,0.62,14.53197725590996,22.24,4.71,2.12,7.05
38.2,105.68,12.61,14.0,26.07,9.8,0.69,14.53197725590996,26.08,2.72,2.06,7.45
47.63,96.05,17.24,15.44,31.27,12.44,1.21,14.53197725590996,26.86,5.28,2.23,10.68
64.79,125.99,17.26,15.45,32.71,12.46,1.02,14.53197725590996,28.61,6.52,2.39,12.83
79.94,147.5,17.26,15.45,32.71,12.46,0.93,14.53197725590996,27.8,6.43,2.33,14.66
62.45,130.58,17.26,15.45,32.71,12.46,1.52,14.53197725590996,35.21,5.83,2.36,10.89
35.46,150.77,14.97,17.48,30.51,11.09,0.39,14.53197725590996,28.05,4.38,2.08,9.15
61.59,151.49,15.37,13.76,29.13,8.41,0.96,14.53197725590996,25.11,4.21,2.19,12.61
58.58,131.1,19.03,16.09,35.12,10.79,1.0,14.53197725590996,23.26,4.49,2.23,9.75
47.27,135.19,22.64,18.39,41.03,13.15,0.63,14.53197725590996,25.34,4.05,2.21,6.79
43.45,95.71,18.09,17.41,35.08,11.63,1.0,14.53197725590996,31.28,3.96,2.19,7.32
38.35,110.64,14.47,16.64,30.1,10.42,0.5,51.84,33.26,3.74,2.13,10.26
74.98,145.44,103.44,69.8,44.3,62.39,0.94,7.94,33.14,4.78,2.2,10.98
59.63,118.65,33.67,64.12,48.79,43.0,1.03,14.18,27.67,5.02,2.3,10.06
65.93,129.11,33.11,38.61,54.08,50.39,0.97,45.27,29.9,6.59,2.31,10.58
54.21,110.82,73.43,72.44,95.37,129.46,1.29,67.26,29.01,4.83,2.2,9.16
84.41,144.68,24.93,29.71,45.5,67.89,0.83,32.97,27.53,5.9,2.32,12.03
97.06,176.04,40.72,31.61,60.06,78.96,0.96,14.65,33.36,3.95,2.07,8.36
37.95,76.21,22.15,18.64,35.84,49.09,0.79,26.86,20.99,4.89,2.25,13.61
90.72,142.79,10.98,12.11,21.62,18.23,1.03,26.99,19.67,5.46,2.22,10.66
69.3,135.22,12.01,9.09,21.09,6.89,0.8,26.79,19.53,4.88,2.25,9.3
34.17,70.38,71.16,39.57,81.04,76.27,0.66,11.66,18.37,3.76,2.12,8.13
37.44,95.69,13.83,10.04,22.93,6.88,0.84,13.1,26.11,3.22,2.08,8.32
58.24,114.75,61.77,47.67,67.32,52.8,1.09,25.23,26.95,4.66,2.16,8.64
38.7,93.26,73.32,63.38,95.71,50.53,0.76,12.84,19.33,3.53,2.12,7.57
57.3,130.38,45.29,27.38,48.35,36.81,0.94,33.42,30.14,6.64,2.34,11.0
55.89,132.32,32.08,20.02,42.14,26.23,1.19,21.88,31.89,6.19,2.23,10.94
58.44,141.53,23.22,13.55,30.28,22.5,0.84,25.04,31.93,6.41,2.27,13.48
49.65,120.56,17.6,11.27,24.49,16.26,1.2,19.91,22.67,6.29,2.33,13.2
63.82,181.11,17.18,10.54,23.38,14.2,0.39,14.4,24.17,6.36,2.26,11.55
38.14,123.69,14.94,7.91,16.64,17.73,0.58,6.54,31.2,3.88,1.8,8.7
51.45,115.44,16.52,9.43,17.31,19.86,0.68,16.63,27.17,4.76,1.81,10.42
46.72,88.35,18.38,9.22,21.0,21.43,0.53,12.95,40.67,4.4,2.03,11.59
50.27,146.22,53.67,22.83,64.27,39.57,0.69,22.77,24.11,5.44,2.23,9.93
52.25,116.06,24.07,13.75,30.02,20.25,0.62,9.37,30.66,3.58,2.02,7.28
40.12,96.78,15.33,11.14,18.0,14.48,0.55,15.21,30.7,3.24,1.82,6.81
71.78,157.84,16.8,11.13,22.12,13.4,1.17,33.19,19.86,6.78,2.22,11.36
44.71,79.43,13.34,10.76,16.12,10.13,0.79,9.81,26.84,4.48,1.84,8.94
62.47,113.81,16.54,11.16,20.55,13.83,0.78,9.02,22.76,4.23,2.03,8.09
55.22,177.85,11.61,8.66,16.39,11.57,0.76,18.32,24.29,3.52,1.97,7.14
31.45,79.17,12.1,8.29,16.71,13.32,0.84,6.59,19.06,3.77,1.95,7.62
39.39,148.72,12.05,10.47,21.7,19.41,0.43,9.23,23.02,4.41,2.18,10.21
34.2,121.47,11.64,10.6,20.98,19.41,0.37,10.98,31.58,4.1,2.09,9.86
39.29,104.66,11.42,10.8,16.89,19.43,0.38,6.95,15.28,3.71,1.61,6.96
60.87,154.12,49.82,27.4,42.48,24.11,0.24,7.78,23.29,3.11,0.82,10.43
48.44,135.54,41.18,25.05,47.83,33.67,0.48,4.99,21.32,3.19,1.09,9.54
50.87,122.29,25.26,15.78,23.76,49.94,0.3,5.78,28.65,2.94,0.87,10.68
43.4,142.24,13.25,8.81,22.06,11.07,0.82,5.98,34.02,1.99,1.11,2.0
45.56,70.58,17.74,14.37,30.73,9.51,1.52,16.32,19.24,1.92,1.18,1.98
78.08,97.22,13.34,10.88,23.3,9.51,0.96,10.46,13.97,2.18,1.08,1.95
48.2,73.6,12.29,11.35,21.7,31.13,0.28,1.51,35.6,4.2,1.18,2.0
67.93,112.42,12.37,12.05,20.91,30.03,0.33,7.35,34.49143047551845,4.06,1.11,1.83
80.09,134.52,10.82,11.5,20.77,34.63,0.2,2.59,34.49143047551845,4.72,1.2,2.11
89.61,136.04,12.1,11.33,22.42,29.97,0.28,5.1,34.49143047551845,4.56,1.22,2.0
45.01,102.57,11.17,11.41,21.58,30.38,0.48,7.11,34.49143047551845,3.29,4.19,2.0
60.98,88.71,11.89,11.4,21.93,30.31,0.34,10.91,34.49143047551845,2.98,4.01,1.99
62.48,136.27,11.15,11.51,21.67,30.36,0.54,7.47,27.11,2.31,3.76,2.0
80.27,181.64,11.27,14.51,24.08,29.79,0.54,12.37,22.51,2.36,3.33,1.96
84.31,132.9,11.04,11.56,21.66,31.4,0.36,13.78,22.45,2.49,3.3,1.92
90.71,135.6,12.5,13.12,23.71,31.44,0.87,15.28,19.52,3.07,3.83,1.96
84.92,143.08,17.28,10.24,27.46,13.05,0.41,10.17,22.42,2.18,2.92,2.0
84.63,158.85,17.16,10.25,27.34,13.06,0.8,11.04,27.87,2.16,2.65,2.0
42.18,105.92,17.22,10.01,27.23,12.99,0.66,7.93,16.02,1.92,3.16,2.0
101.44,190.56,17.24,10.01,26.96,13.01,0.65,11.37,20.02,2.12,2.83,1.98
57.31,122.03,9.51,10.01,19.52,13.0,0.59,13.92,7.19,2.37,2.96,2.0
39.29,146.1,9.5,9.99,19.49,13.0,0.48,10.74,16.08,2.83,3.9,2.01
30.77,80.76,9.53,10.03,19.56,13.08,0.48,16.2,13.5,2.42,3.18,1.98
84.89,137.8,9.65,9.93,19.5,5.01,0.5,9.17,26.53,2.93,3.45,2.0
87.69,140.27,9.51,10.05,19.2,5.1,0.59,10.68,22.89,3.1,3.37,1.98
66.85,103.82,11.81,13.89,20.33,5.53,0.5,9.82,21.56,2.38,2.82,1.9
54.62,84.09,10.47,11.54,20.38,5.25,0.24,11.64,17.87,2.42,2.96,2.0
74.16,111.95,10.88,10.78,18.86,5.19,0.82,18.45,17.24,2.74,3.28,1.85
67.0,114.79,11.94,12.9,21.4,5.63,0.74,12.39,20.02,3.23,3.99,1.98
103.57,162.16,14.29,15.08,23.71,6.76,0.7,12.35,19.0,3.15,3.69,2.0
28.77,44.31,11.17,12.31,17.56,5.95,0.72,4.02,13.14,1.61,1.62,1.93
63.18,80.52,12.08,12.09,21.16,5.65,0.68,5.98,19.51,1.68,1.58,1.93
108.34,125.24,11.99,11.94,21.0,5.61,0.62,7.66,20.05,2.09,1.91,2.0
52.95,69.41,13.13,13.09,21.88,5.98,0.63,6.56,26.89,2.08,2.13,2.0
69.27,101.77,12.78,13.24,21.79,5.93,0.53,7.18,23.26,2.02,1.84,1.98
52.73,76.1,10.3,10.53,19.5,5.3,0.74,6.27,48.65,1.72,1.74,2.0
77.3,105.41,10.48,10.73,19.7,5.17,0.73,11.3,53.99,1.68,1.62,1.98
80.31,106.95,9.62,10.78,19.14,5.07,0.64,11.47,66.65,1.59,1.57,1.96
80.8,107.95,10.05,10.88,19.25,5.15,0.75,10.01,66.7,1.62,1.62,1.98
71.17,97.83,9.78,10.78,17.36,4.97,0.4,7.65,31.33,1.56,1.34,1.75
71.0,98.3,9.93,10.0,19.75,5.04,0.59,8.42,24.9,1.75,1.47,2.0
94.38,137.93,9.91,10.38,18.95,5.1,0.42,15.79,40.21,2.62,2.4,1.98
80.8,115.13,9.91,10.44,18.85,8.93,0.3,12.54,7.82,2.77,2.78,1.9
78.22,110.89,9.63,10.03,18.02,11.99,0.62,11.43,27.0,2.61,2.97,1.82
65.12,95.22,9.51,9.67,17.61,12.16,0.28,11.92,32.48,2.25,2.44,1.85
55.79,76.73,9.78,9.74,19.48,12.02,0.47,6.87,39.56,2.14,2.09,2.0
54.01,187.66,9.84,9.78,19.38,12.02,0.72,7.23,34.49143047551845,1.99,1.86,1.94
77.37,110.41,9.63,10.03,19.65,12.06,0.89,7.44,34.49143047551845,2.55,2.49,2.0
68.12,98.08,9.46,9.98,18.75,12.01,0.61,6.68,34.49143047551845,2.13,2.24,1.93
57.46,82.99,9.3,10.02,19.25,11.94,0.63,6.57,34.49143047551845,2.07,2.2,2.0
64.93,108.1,9.57,10.17,19.06,11.96,0.68,7.84,15.94,2.09,2.01,1.94
71.6,130.66,10.19,10.17,20.05,11.96,0.7,11.04,43.22,2.35,2.3,2.0
45.03,82.9,9.88,10.69,18.16,11.83,0.73,15.78,38.27,1.88,2.08,1.83
21.43,139.43,10.12,10.15,19.02,12.09,0.47,9.95,27.1,1.96,1.7,1.93
67.45057794890306,118.12710293078135,17.574729662029362,28.560659061126955,32.30912333307031,23.48347601937197,2.2485982090856145,14.53197725590996,34.49143047551845,3.280840304500585,8.700972080037227,3.0701278234985114
67.56,103.84,27.82,21.0,36.62,14.74,0.49,6.95,37.74,2.09,2.14,2.0
74.16,128.7,18.61,11.48,27.36,12.04,0.46,8.99,39.2,1.85,1.76,1.94
62.25,102.49,17.94,13.47,28.51,12.09,0.33,7.3,41.35,1.83,1.85,2.0
92.15,166.94,17.97,11.59,26.63,12.4,0.9,9.69,43.9,2.15,2.14,1.95
63.68,115.75,17.14,10.13,26.59,12.03,1.03,7.86,42.74,1.94,2.09,1.98
84.93,187.15,17.48,10.4,26.72,12.02,0.3,9.07,35.77,2.31,2.22,2.0
38.88,136.28,18.01,13.17,27.73,12.36,0.5,2.5,37.25,1.71,1.79,2.0
42.33,117.43,17.64,11.27,26.66,12.13,0.76,10.04,35.09,1.63,1.63,2.05
33.14,100.08,16.9,10.48,27.0,11.82,0.66,8.33,39.73,1.58,1.68,2.0
41.33,123.92,17.35,10.41,27.39,11.92,0.78,10.64,43.24,1.91,2.19,2.0
69.4,154.93,17.22,10.43,26.33,12.04,0.44,10.13,45.83,2.41,2.76,1.98
66.39,145.96,18.06,11.42,27.62,12.09,0.87,9.98,45.62,2.11,2.42,1.96
59.59,144.61,17.56,11.48,27.13,12.19,0.74,11.15,50.25,2.0,2.07,2.0
57.33,142.11,16.93,10.83,27.02,11.95,0.53,10.47,34.49143047551845,1.9,2.09,2.0
49.81,123.28,18.38,10.75,27.53,12.12,0.76,14.83,34.49143047551845,1.75,1.97,1.98
42.49,109.4,24.45,19.65,35.85,14.03,0.72,9.64,34.49143047551845,1.76,2.06,2.0
54.38,132.54,19.87,12.86,27.54,12.57,0.63,14.43,34.49143047551845,1.73,2.05,1.9
58.55,134.7,19.04,13.05,29.17,12.23,0.76,9.63,32.13,1.8,1.93,2.0
71.27,156.66,21.07,14.77,29.73,12.55,0.31,9.85,30.07,1.79,1.9,1.9
58.17,133.37,19.01,13.89,27.62,12.37,1.33,7.4,27.53,1.72,2.12,2.0
67.24,142.34,17.4,11.73,26.33,12.18,0.64,11.92,29.72,1.7,1.97,1.96
26.4,83.14,19.15,12.31,29.03,12.12,0.62,11.35,30.35,1.53,1.92,2.0
33.46,103.81,18.06,11.38,27.5,11.77,0.61,10.78,30.09,1.61,1.81,1.98
55.5,135.96,17.43,10.82,26.5,11.8,0.44,13.85,32.2,1.81,1.85,1.94
40.15,107.64,18.14,13.18,28.04,11.88,0.62,8.1,30.16,1.65,1.99,1.96
41.78,109.94,18.18,10.31,27.98,12.02,0.72,9.56,31.27,1.57,1.84,2.0
45.62,118.05,17.72,10.48,25.35,11.93,0.64,9.77,30.51,1.46,1.71,1.83
39.08,107.8,17.38,10.28,27.28,11.98,0.62,16.11,30.29,1.58,1.94,2.0
40.61,110.94,17.07,10.97,27.42,12.0,0.48,27.59,31.58,1.8,2.12,2.0
23.98,112.59,25.07,17.26,34.95,13.57,0.76,8.5,43.57,1.3,1.1,8.81
32.01,141.16,20.93,14.93,30.16,12.8,0.78,9.5,43.57,1.3,1.1,8.72
28.37,114.11,20.75,16.36,29.69,12.73,0.63,8.45,43.57,1.29,1.09,8.72
68.2,113.31,19.12,13.29,29.59,12.35,0.62,23.16,41.89,1.29,1.09,8.72
54.78,96.64,18.45,12.8,28.26,11.97,0.48,18.35,17.0,1.3,1.1,8.82
30.13,167.85,20.82,15.08,28.88,13.01,0.74,16.68,33.88,1.22,1.03,8.27
24.76,93.78,16.61,8.31,24.6,11.93,0.65,10.76,32.52,1.3,1.1,8.82
28.49,108.35,16.93,7.97,24.78,12.0,0.75,16.73,32.52,1.3,1.1,8.81
37.0,119.96,19.94,16.04,26.67,13.83,0.68,13.24,31.49,1.21,1.02,8.08
40.46,131.87,31.85,26.2,42.08,15.21,0.73,9.2,16.56,1.3,1.1,8.82
34.6,123.23,21.98,18.43,30.65,13.91,0.74,12.51,16.48,1.3,1.1,8.72
47.94,169.06,19.11,12.63,27.07,12.34,0.62,10.92,16.48,1.3,1.1,8.82
55.58,88.74,58.55,53.34,77.94,23.22,0.71,5.53,16.48,1.3,1.1,8.72
60.73,118.12710293078135,40.01,33.92,51.61,17.99,0.7,4.72,16.48,1.3,1.1,8.82
68.81,312.18,18.9,12.03,25.83,12.64,0.67,4.36,16.48,1.3,1.1,8.82
23.77,69.62,17.0,9.97,23.17,12.08,0.59,7.21,16.48,1.2,1.02,7.97
47.38,118.12710293078135,2.84,22.39,15.33,23.19,11.29,2.05,71.85,14.97,138.2,3.0701278234985114
65.65,118.12710293078135,3.1,26.35,17.45,27.76,9.95,6.3,72.84,9.88,100.77,3.0701278234985114
60.47,118.12710293078135,5.39,29.87,20.88,35.1,1.46,6.07,64.12,5.9,61.48,3.0701278234985114
60.73,118.12710293078135,4.16,32.07,21.03,34.71,1.44,1.67,67.21,1.36,13.28,3.0701278234985114
42.1,118.12710293078135,4.01,25.55,17.37,30.96,2.85,2.46,51.93,0.14,3.71,3.0701278234985114
40.0,118.12710293078135,2.93,17.99,11.36,28.74,8.07,2.5,44.65,0.14,8.39,3.0701278234985114
32.16,118.12710293078135,2.38,12.9,8.3,21.5,8.53,2.08,56.31,0.15,8.53,3.0701278234985114
36.42,118.12710293078135,2.68,8.83,9.13,31.37,9.6,3.17,48.25,0.14,8.16,3.0701278234985114
38.15,118.12710293078135,4.24,10.29,9.99,43.09,4.06,7.65,53.26,0.14,5.29,3.0701278234985114
35.11,118.12710293078135,2.63,5.99,6.82,26.04,5.34,2.32,57.75,0.14,7.4,3.0701278234985114
36.68,118.12710293078135,3.63,12.89,10.88,40.71,1.47,3.29,76.36,0.13,1.61,3.0701278234985114
36.92,118.12710293078135,2.2,9.0,7.6,26.22,9.58,4.07,65.62,0.14,12.02,3.0701278234985114
29.8,118.12710293078135,2.59,9.04,7.52,24.2,6.84,1.84,49.55,0.12,20.68,3.0701278234985114
24.4,118.12710293078135,6.87,7.46,8.7,23.17,5.19,2.03,44.47,8.64,8.48,3.0701278234985114
32.08,118.12710293078135,6.6,7.09,8.82,30.95,1.7,3.22,53.91,0.29,1.75,3.0701278234985114
19.72,118.12710293078135,1.81,4.97,5.51,34.85,2.65,5.16,44.53,0.17,2.65,3.0701278234985114
22.52,118.12710293078135,6.71,4.86,14.02,15.15,5.45,4.9,77.05,0.21,5.37,3.0701278234985114
21.36,118.12710293078135,2.86,7.98,12.69,16.61,0.97,29.11,96.88,0.16,0.54,3.0701278234985114
18.33,118.12710293078135,2.4,5.98,6.47,21.02,3.84,3.99,101.63,3.280840304500585,4.51,3.0701278234985114
17.66,118.12710293078135,1.85,6.58,5.89,21.93,0.48,2.49,81.34,3.280840304500585,0.48,3.0701278234985114
27.46,118.12710293078135,2.53,7.91,7.1,24.78,4.58,5.53,37.22,3.280840304500585,5.17,3.0701278234985114
27.94,118.12710293078135,3.8,6.45,9.94,17.34,6.14,4.43,34.74,0.23,6.14,3.0701278234985114
24.62,118.12710293078135,3.77,7.74,11.71,13.92,1.26,18.89,65.38,3.280840304500585,1.36,3.0701278234985114
26.68,118.12710293078135,3.79,16.69,12.64,10.15,2.2485982090856145,11.54,51.81,39.43,13.75,3.0701278234985114
45.26,118.12710293078135,5.21,25.81,15.91,18.09,4.17,6.79,21.39,39.17,12.63,3.0701278234985114
43.21,118.12710293078135,8.24,17.15,10.79,10.23,28.28,11.77,80.02,33.74,11.02,3.0701278234985114
27.85,118.12710293078135,5.82,17.29,11.04,14.93,4.82,7.18,88.24,9.51,2.65,3.0701278234985114
36.83,118.12710293078135,4.6,24.35,13.81,17.12,23.56,6.64,39.61,6.11,3.89,3.0701278234985114
15.8,118.12710293078135,5.08,22.62,11.25,14.2,12.23,5.8,21.44,4.22,2.05,3.0701278234985114
20.12,118.12710293078135,6.65,22.49,13.5,13.27,12.77,5.83,32.76,4.24,1.84,3.0701278234985114
29.52,118.12710293078135,5.09,17.88,8.93,12.62,10.68,4.89,28.02,4.64,2.01,3.0701278234985114
27.97,118.12710293078135,6.23,23.45,13.42,11.58,17.21,12.38,22.59,5.16,3.92,3.0701278234985114
28.17,118.12710293078135,4.91,17.13,10.15,5.01,9.13,3.98,23.52,4.39,1.3,3.0701278234985114
27.71,118.12710293078135,4.01,18.69,10.4,3.25,4.19,4.81,21.85,4.57,1.28,3.0701278234985114
28.01,118.12710293078135,2.74,12.85,9.33,0.28,4.21,3.92,23.36,4.69,1.44,3.0701278234985114
26.15,118.12710293078135,0.95,14.82,10.67,5.61,4.52,7.13,54.35,4.81,3.22,3.0701278234985114
23.69,118.12710293078135,1.65,14.12,7.77,2.34,1.7,6.9,68.17,4.86,1.7,3.0701278234985114
22.41,118.12710293078135,2.59,14.61,19.41,18.87,5.65,5.85,27.39,2.89,0.84,3.0701278234985114
13.29,118.12710293078135,4.82,22.65,13.65,23.12,3.93,17.45,17.13,2.49,3.93,3.0701278234985114
11.72,118.12710293078135,1.76,9.61,4.7,7.86,2.36,1.96,20.38,4.56,1.79,3.0701278234985114
22.94,118.12710293078135,2.88,10.09,5.6,9.22,3.74,1.58,13.24,1.66,1.72,3.0701278234985114
18.81,118.12710293078135,3.01,15.95,8.19,6.89,3.84,2.02,10.31,0.15,3.28,3.0701278234985114
15.11,118.12710293078135,2.78,16.04,11.71,27.31,4.29,5.53,10.68,3.280840304500585,5.56,3.0701278234985114
17.47,118.12710293078135,1.74,7.27,4.01,10.32,2.08,7.51,10.97,0.12,1.56,3.0701278234985114
15.92,118.12710293078135,0.89,5.61,1.82,8.75,5.48,5.41,21.62,3.280840304500585,13.45,3.0701278234985114
13.58,118.12710293078135,2.0,5.38,3.37,7.95,2.83,5.49,11.83,0.13,1.74,3.0701278234985114
27.25,118.12710293078135,0.86,5.23,2.93,6.4,15.98,10.62,15.2,0.18,14.54,3.0701278234985114
20.99,118.12710293078135,0.72,4.38,1.91,6.3,2.03,2.53,15.42,0.24,2.47,3.0701278234985114
23.51,118.12710293078135,2.75,8.39,5.43,8.47,5.01,5.94,6.61,0.16,4.4,3.0701278234985114
19.76,118.12710293078135,1.24,6.34,3.24,6.34,6.96,6.28,6.45,0.11,4.98,3.0701278234985114
20.24,118.12710293078135,2.26,11.59,6.83,6.42,2.58,5.12,11.01,0.12,1.38,3.0701278234985114
17.28,118.12710293078135,1.07,5.11,2.7,5.96,7.52,3.69,8.37,3.280840304500585,1.35,3.0701278234985114
21.52,118.12710293078135,1.0,5.99,2.9,5.76,15.9,2.76,9.72,3.280840304500585,16.86,3.0701278234985114
23.27,118.12710293078135,1.73,7.83,7.62,10.45,2.86,3.36,9.3,0.14,1.36,3.0701278234985114
18.63,118.12710293078135,2.96,8.71,6.88,34.37,7.24,6.25,7.27,1.09,6.16,3.0701278234985114
14.52,118.12710293078135,5.93,10.04,8.43,19.3,3.42,3.89,7.56,0.18,1.47,3.0701278234985114
12.84,118.12710293078135,7.5,10.1,9.4,21.54,15.1,3.25,5.4,16.71,3.02,3.0701278234985114
19.08,118.12710293078135,6.5,10.66,9.34,20.9,2.42,2.39,5.06,22.69,2.88,3.0701278234985114
24.09,118.12710293078135,5.64,17.43,12.1,6.08,9.91,4.49,5.49,23.09,3.81,3.0701278234985114
23.17,118.12710293078135,4.97,15.73,11.27,10.88,3.56,2.98,8.06,22.44,3.01,3.0701278234985114
19.24,118.12710293078135,3.78,8.46,7.12,11.23,18.69,3.98,10.27,3.280840304500585,8.700972080037227,3.0701278234985114
14.46,118.12710293078135,3.76,7.65,6.72,10.88,12.18,1.66,9.43,3.280840304500585,1.16,3.0701278234985114
14.3,118.12710293078135,5.1,10.26,8.78,10.46,9.82,2.39,8.67,3.280840304500585,1.06,3.0701278234985114
21.39,118.12710293078135,4.14,9.91,8.06,9.67,16.7,2.39,3.54,3.280840304500585,8.700972080037227,3.0701278234985114
13.85,118.12710293078135,5.69,8.83,8.32,8.42,14.36,3.82,8.78,15.28,4.57,3.0701278234985114
16.63,118.12710293078135,3.66,10.76,8.08,9.14,12.51,5.27,7.16,17.73,4.06,3.0701278234985114
24.43,118.12710293078135,4.59,11.52,7.93,11.73,1.86,3.15,5.42,19.79,1.96,3.0701278234985114
18.67,118.12710293078135,5.9,11.41,8.58,10.08,25.13,2.13,5.74,13.67,4.26,3.0701278234985114
18.26,118.12710293078135,4.56,11.85,8.03,10.66,48.07,2.4,3.0,16.28,2.08,3.0701278234985114
54.42,118.12710293078135,1.56,7.32,5.27,18.3,8.78,2.1,4.73,25.0,235.48,3.0701278234985114
21.1,118.12710293078135,2.56,7.98,5.34,24.12,29.0,2.96,9.86,27.76,411.52,3.0701278234985114
16.64,118.12710293078135,3.45,7.44,5.58,22.52,29.16,7.22,6.76,9.26,209.77,3.0701278234985114
18.04,118.12710293078135,1.93,13.63,9.32,18.87,16.67,2.49,10.04,1.89,42.61,3.0701278234985114
20.06,118.12710293078135,5.0,16.49,13.5,17.67,4.29,4.38,6.26,3.280840304500585,1.21,3.0701278234985114
20.56,118.12710293078135,4.26,13.86,9.92,33.75,9.97,2.56,12.64,3.280840304500585,40.2,3.0701278234985114
17.27,118.12710293078135,1.37,5.53,3.77,26.46,2.76,0.73,12.65,3.280840304500585,1.13,3.0701278234985114
16.34,118.12710293078135,4.12,12.0,9.25,32.04,9.83,3.08,21.21,3.280840304500585,48.65,3.0701278234985114
16.68,118.12710293078135,4.77,13.1,10.22,30.49,22.32,2.42,17.12,3.280840304500585,18.37,3.0701278234985114
12.24,118.12710293078135,2.59,11.85,7.95,21.98,19.24,2.08,13.22,3.280840304500585,21.82,3.0701278234985114
14.99,118.12710293078135,5.5,12.44,10.43,31.7,18.85,2.19,12.68,3.280840304500585,24.96,3.0701278234985114
13.47,118.12710293078135,3.25,8.98,8.24,24.56,8.24,2.85,10.94,3.280840304500585,6.63,3.0701278234985114
17.48,118.12710293078135,3.62,21.03,13.71,30.44,3.05,2.47,49.22,3.280840304500585,2.27,3.0701278234985114
14.95,118.12710293078135,1.98,17.22,10.16,22.01,2.68,1.46,9.51,3.280840304500585,2.22,3.0701278234985114
27.29,118.12710293078135,10.46,20.53,18.34,45.07,2.26,1.7,12.01,3.280840304500585,2.06,3.0701278234985114
35.5,118.12710293078135,6.74,31.34,21.07,29.39,2.71,1.3,14.05,3.280840304500585,2.05,3.0701278234985114
26.25,118.12710293078135,4.82,30.71,19.52,30.38,1.95,1.45,12.61,3.280840304500585,2.04,3.0701278234985114
13.97,118.12710293078135,2.64,19.24,11.96,19.73,1.67,1.6,18.98,3.280840304500585,1.68,3.0701278234985114
9.63,118.12710293078135,3.75,16.51,11.21,23.54,2.21,1.37,12.67,3.280840304500585,1.63,3.0701278234985114
15.82,118.12710293078135,3.63,19.92,12.95,24.3,1.63,5.29,11.29,3.280840304500585,1.62,3.0701278234985114
12.01,118.12710293078135,6.16,21.36,15.75,27.22,2.66,7.04,10.22,3.280840304500585,1.72,3.0701278234985114
10.02,118.12710293078135,4.91,19.3,13.76,33.5,3.38,2.26,9.49,3.280840304500585,3.87,3.0701278234985114
31.78,118.12710293078135,11.48,58.6,38.5,39.7,2.5,2.57,11.44,3.280840304500585,4.46,3.0701278234985114
40.76,118.12710293078135,5.27,33.93,21.32,27.48,6.11,2.15,13.38,3.280840304500585,31.62,3.0701278234985114
31.18,118.12710293078135,6.97,37.25,21.57,35.87,3.03,2.36,8.33,3.280840304500585,7.89,3.0701278234985114
43.32,118.12710293078135,4.93,22.4,19.72,5.65,3.91,3.1,13.06,3.280840304500585,5.43,3.0701278234985114
51.0,118.12710293078135,3.37,28.3,26.07,33.78,1.12,2.37,42.29,3.280840304500585,1.16,3.0701278234985114
42.92,118.12710293078135,3.55,32.0,27.82,51.9,8.22,3.72,32.4,3.280840304500585,9.93,3.0701278234985114
31.78,118.12710293078135,3.59,15.26,14.53,31.65,3.63,1.55,17.27,3.280840304500585,1.1,3.0701278234985114
25.77,118.12710293078135,1.83,23.3,16.35,49.74,2.63,3.37,14.45,3.280840304500585,10.38,3.0701278234985114
63.69,118.12710293078135,5.05,8.2,7.38,21.57,1.82,2.27,18.98,1.07,2.66,3.0701278234985114
42.42,156.84,7.25,29.94,31.78,21.94,1.56,2.23,31.35,1.82,4.65,3.0701278234985114
67.45057794890306,8.22,4.89,16.2,20.54,23.48347601937197,1.6,2.49,34.49143047551845,3.280840304500585,8.700972080037227,3.0701278234985114
19.32,16.42,4.57,15.47,18.77,25.0,1.99,2.75,34.49143047551845,3.280840304500585,1.15,3.0701278234985114
21.99,39.86,7.08,16.44,19.51,41.96,1.73,2.95,9.98,1.52,2.38,3.0701278234985114
34.39,36.29,8.38,28.8,32.28,32.75,2.48,3.76,14.63,1.32,3.17,3.0701278234985114
44.14,112.78,7.05,26.64,27.06,32.33,2.18,4.3,25.57,1.69,3.36,3.0701278234985114
44.94,114.34,8.47,28.1,29.37,32.75,2.3,4.7,29.1,1.56,2.38,3.0701278234985114
28.35,102.15,13.06,32.95,24.78,52.45,2.03,6.08,21.38,1.0,3.46,3.0701278234985114
25.04,89.26,9.79,33.02,22.96,51.77,1.72,5.43,26.44,0.77,1.47,3.0701278234985114
46.33,82.86,17.24,44.41,34.36,45.43,1.81,5.81,19.1,1.01,1.92,3.0701278234985114
56.62,85.88,24.29,57.36,45.46,29.2,2.67,6.99,17.28,1.61,1.55,3.0701278234985114
42.57,78.99,20.49,49.4,39.15,21.95,2.08,5.34,17.37,1.43,1.29,3.0701278234985114
48.4,72.52,18.51,53.53,39.72,30.54,1.18,5.5,21.95,1.33,1.35,3.0701278234985114
49.54,84.48,22.95,65.66,49.45,34.27,1.32,5.61,20.0,1.96,1.69,3.0701278234985114
61.58,81.49,20.86,56.16,42.26,44.44,1.29,5.38,36.04,1.41,1.22,3.0701278234985114
68.48,81.97,17.96,51.22,37.33,24.77,1.25,5.66,40.78,1.12,2.26,3.0701278234985114
57.15,63.84,15.88,42.79,31.61,18.88,1.2,5.44,41.39,1.12,1.16,3.0701278234985114
76.35,76.37,16.45,42.69,31.61,14.76,1.54,5.71,59.62,1.15,0.94,3.0701278234985114
85.66,83.91,22.68,56.3,42.44,41.98,1.77,6.01,59.5,1.21,1.05,3.0701278234985114
49.06,73.13,20.76,54.12,40.51,24.83,1.58,6.39,31.55,1.43,1.12,3.0701278234985114
71.06,74.39,20.87,61.97,44.85,26.49,1.49,7.22,36.94,1.53,1.18,3.0701278234985114
56.4,95.08,13.8,51.73,34.31,14.68,0.69,7.44,55.96,0.91,0.78,3.0701278234985114
62.35,99.34,24.56,77.77,55.6,16.37,0.96,9.1,47.62,2.36,1.14,3.0701278234985114
64.96,104.62,18.56,77.07,50.81,14.18,0.89,8.87,50.62,1.95,1.33,3.0701278234985114
70.15,105.12,23.56,79.43,56.05,16.97,0.85,9.41,36.94,1.92,1.26,3.0701278234985114
68.22,91.74,29.68,68.5,55.38,16.71,0.93,14.23,45.98,1.25,1.11,3.0701278234985114
68.74,74.3,42.37,53.25,58.6,26.13,0.79,23.65,23.19,27.62,16.12,3.0701278234985114
67.9,62.77,46.57,51.09,60.65,22.84,0.66,14.17,8.59,1.01,0.5,3.0701278234985114
79.8,74.11,57.18,64.04,86.73,21.32,0.79,14.65,10.66,2.62,0.55,3.0701278234985114
76.18,63.19,38.5,46.46,52.1,11.01,0.8,15.02,14.39,2.29,0.55,3.0701278234985114
61.48,53.24,23.76,39.43,62.48,10.72,0.78,11.53,19.51,1.67,1.35,3.0701278234985114
73.5,118.12710293078135,9.37,39.55,27.55,12.27,1.3,4.65,21.45,1.76,0.74,3.0701278234985114
70.78,160.0,11.43,55.91,37.72,12.06,1.02,10.59,24.48,1.56,0.94,3.0701278234985114
75.01,172.02,16.92,70.58,49.75,19.63,0.84,13.99,22.94,1.56,0.5,3.0701278234985114
42.84,160.87,11.69,50.76,34.73,23.48347601937197,0.78,17.8,25.71,1.14,0.28,3.0701278234985114
77.23,235.32,35.73,83.2,94.37,16.11,1.02,15.22,22.72,1.36,0.69,3.0701278234985114
75.45,113.92,44.25,72.62,71.08,20.9,0.98,24.0,23.09,0.67,0.54,3.0701278234985114
78.07,122.54,43.53,45.06,55.6,28.94,0.97,24.02,17.64,0.95,0.68,3.0701278234985114
53.45,62.27,44.68,34.63,50.76,43.57,0.93,18.54,20.57,0.62,0.52,3.0701278234985114
63.58,150.78,48.29,41.69,57.18,26.58,1.15,13.94,22.0,0.84,0.42,3.0701278234985114
57.91,133.63,33.73,29.72,40.25,16.27,1.08,11.77,11.02,0.81,0.34,3.0701278234985114
41.36,92.58,24.11,35.97,35.05,14.08,0.99,5.66,15.4,0.76,0.31,3.0701278234985114
54.34,108.47,7.72,45.69,28.2,17.79,1.04,8.68,26.95,0.63,0.59,3.0701278234985114
84.84,50.03,20.32,36.42,34.42,53.81,1.16,2.96,17.21,1.38,0.81,3.0701278234985114
87.02,83.23,7.3,36.39,23.82,22.43,1.12,3.02,26.32,1.45,0.76,3.0701278234985114
71.42,130.22,8.62,37.09,25.13,20.22,1.21,4.28,23.31,1.02,0.64,3.0701278234985114
119.16,218.27,15.82,48.59,36.49,33.27,1.32,6.07,23.3,2.02,0.94,3.0701278234985114
84.45,158.01,15.81,55.88,40.35,30.23,1.85,6.34,17.17,1.16,1.26,3.0701278234985114
76.8,159.14,17.4,55.92,41.2,27.39,1.39,5.9,15.86,1.84,0.73,3.0701278234985114
75.57,193.59,13.74,62.78,41.28,23.28,1.9,5.54,25.77,1.72,0.68,3.0701278234985114
74.6,152.36,10.79,49.76,32.57,22.79,1.6,5.13,28.21,1.67,0.75,3.0701278234985114
72.11,121.86,9.3,49.34,31.63,21.72,1.37,4.07,31.13,1.4,0.56,3.0701278234985114
63.42,169.11,5.2,45.84,25.16,19.25,1.81,3.74,32.4,0.8,0.56,3.0701278234985114
82.78,351.51,4.31,84.52,35.82,19.97,3.28,2.76,37.66,0.89,0.66,3.0701278234985114
75.98,154.26,3.23,46.99,21.56,18.87,1.59,3.49,31.18,0.6,0.59,3.0701278234985114
85.33,223.57,6.7,59.41,30.85,20.89,2.19,9.71,35.63,0.88,0.7,3.0701278234985114
84.32,256.75,5.88,46.66,26.54,20.63,2.2,14.25,49.77,1.36,0.54,3.0701278234985114
83.66,164.48,6.15,49.77,26.13,19.85,1.7,5.25,67.3,1.67,0.76,3.0701278234985114
85.96,146.45,8.34,56.54,33.17,17.34,1.69,4.73,63.27,1.21,0.56,3.0701278234985114
62.08,113.87,20.4,43.41,39.5,15.09,1.46,3.14,57.1,1.47,0.34,3.0701278234985114
56.57,100.3,10.84,35.08,33.68,40.86,1.73,4.27,37.83,1.19,0.41,3.0701278234985114
49.6,145.32,9.96,24.34,19.72,24.05,1.66,4.46,25.02,0.94,0.34,3.0701278234985114
54.56,138.17,10.56,19.86,17.74,23.48347601937197,1.51,4.12,29.33,0.74,0.26,3.0701278234985114
44.26,146.23,10.47,26.16,20.93,25.75,1.51,3.9,42.53,1.22,0.35,3.0701278234985114
53.12,116.89,9.46,30.94,22.89,29.92,1.47,3.2,36.37,0.98,0.46,3.0701278234985114
57.32,107.54,10.18,34.98,25.44,29.87,1.45,2.88,49.63,1.16,0.5,3.0701278234985114
90.07,127.67,7.72,32.23,22.31,29.34,1.57,3.26,38.32,1.01,0.45,3.0701278234985114
134.69,142.12,4.88,32.14,20.48,30.6,1.12,2.99,42.23,1.08,0.47,3.0701278234985114
110.05,100.07,11.92,38.67,25.42,28.79,0.94,4.85,59.43,0.89,0.58,3.0701278234985114
66.98,100.6,9.08,37.3,25.34,27.07,0.73,6.91,64.9,0.89,0.54,3.0701278234985114
51.96,102.39,10.53,28.51,22.43,24.1,0.94,5.29,37.26,0.51,0.48,3.0701278234985114
41.64,144.04,11.73,30.64,23.56,3.83,1.01,3.16,39.28,0.74,0.3,3.0701278234985114
39.21,154.64,42.33,42.55,51.48,13.53,0.84,3.5,37.68,0.81,0.28,3.0701278234985114
42.17,134.78,19.36,33.44,29.43,22.47,0.56,2.24,31.99,0.87,0.32,3.0701278234985114
54.91,148.57,6.3,31.09,18.25,22.73,0.58,1.91,49.42,0.87,0.47,3.0701278234985114
54.04,137.04,9.52,38.09,25.03,21.95,0.62,2.45,42.21,1.02,0.49,3.0701278234985114
55.72,132.73,5.47,31.96,18.66,23.49,1.68,2.36,38.54,0.94,0.37,3.0701278234985114
45.98,120.86,3.63,22.73,12.1,23.84,0.77,2.12,49.65,0.62,0.32,3.0701278234985114
43.69,120.32,4.16,24.23,13.82,23.77,0.58,2.05,45.07,0.63,0.35,3.0701278234985114
44.74,122.4,10.23,41.83,24.9,23.93,1.41,2.82,49.67,0.92,0.43,3.0701278234985114
51.06,150.19,10.44,47.14,30.04,33.25,0.97,4.02,38.62,0.94,0.46,3.0701278234985114
53.1,161.1,13.13,43.2,34.09,31.23,1.51,3.14,35.52,0.96,0.55,3.0701278234985114
60.7,173.24,13.82,36.11,33.16,33.7,1.03,3.61,40.0,4.06,1.47,3.0701278234985114
59.53,163.88,7.19,26.64,19.89,26.04,0.86,3.0,58.17,2.83,1.59,3.0701278234985114
64.29,144.67,5.68,21.86,14.6,21.27,0.57,2.75,68.09,1.8,1.2,3.0701278234985114
67.65,148.74,6.95,33.09,20.19,23.37,0.79,2.95,77.42,1.67,1.76,3.0701278234985114
68.48,144.33,15.88,36.46,25.68,24.7,1.28,2.93,47.78,1.68,1.25,3.0701278234985114
76.33,144.2,11.08,39.12,26.5,36.52,1.19,2.85,98.66,3.0,2.51,3.0701278234985114
72.22,151.36,11.89,25.76,18.7,29.15,0.89,3.24,39.82,1.41,1.65,3.0701278234985114
60.58,194.0,7.91,18.32,15.69,26.55,0.96,2.89,35.81,1.49,1.3,3.0701278234985114
98.29,206.35,10.49,32.29,24.48,29.65,1.22,2.53,33.32,2.42,1.62,3.0701278234985114
66.36,190.04,9.51,62.46,37.08,32.7,0.98,3.93,43.14,1.74,2.25,3.0701278234985114
29.73,186.28,10.09,46.26,35.81,29.53,0.52,2.38,49.68,1.11,1.05,3.0701278234985114
34.49,180.42,7.52,34.43,22.68,24.5,0.92,3.92,46.87,1.19,1.06,3.0701278234985114
32.59,183.03,4.59,28.33,14.13,22.9,0.9,3.22,55.02,1.85,1.27,3.0701278234985114
56.05,165.97,6.3,29.32,19.1,32.86,2.11,5.56,57.03,2.72,3.04,3.0701278234985114
63.5,175.45,4.97,30.19,18.63,42.56,0.82,5.39,89.88,2.36,2.12,3.0701278234985114
57.92,157.8,6.37,35.15,22.21,50.0,0.86,6.06,48.81,1.95,1.18,3.0701278234985114
48.28,162.1,5.17,23.54,15.33,24.05,0.87,3.42,40.43,1.49,1.17,3.0701278234985114
42.65,142.17,5.45,25.51,16.91,22.67,0.86,4.7,35.06,1.53,1.93,3.0701278234985114
50.78,156.52,5.35,32.46,21.42,23.75,0.82,3.72,44.42,1.85,1.42,3.0701278234985114
49.33,150.05,7.72,35.55,24.09,23.19,0.87,4.51,38.74,2.17,1.61,3.0701278234985114
51.78,159.41,10.62,36.29,25.48,29.64,0.62,2.51,34.73,3.16,2.03,3.0701278234985114
53.54,157.92,8.11,26.49,18.69,19.18,1.0,2.97,34.38,3.58,1.85,3.0701278234985114
54.8,165.25,12.49,39.97,28.58,45.69,0.85,4.65,26.66,4.25,2.3,3.0701278234985114
49.84,215.52,19.66,50.15,45.68,22.62,1.11,4.27,29.98,3.43,2.08,3.0701278234985114
63.16,254.77,7.65,52.29,24.61,28.88,1.18,3.67,43.57,2.12,1.84,3.0701278234985114
46.24,208.97,3.14,17.79,10.68,23.17,1.19,3.17,67.46,3.08,1.81,3.0701278234985114
34.18,318.02,3.97,17.37,11.52,19.5,1.03,2.2,58.76,1.56,0.9,3.0701278234985114
33.01,152.78,27.61,38.54,32.63,18.87,1.13,3.61,53.57,1.42,0.94,3.0701278234985114
31.3,144.68,4.2,19.45,13.01,16.4,1.03,2.75,62.4,1.34,0.99,3.0701278234985114
31.68,159.23,4.37,19.05,12.52,20.63,1.86,2.87,58.82,1.78,1.32,3.0701278234985114
36.98,177.82,3.86,14.71,9.61,17.27,1.25,3.1,74.34,2.44,1.9,3.0701278234985114
36.88,159.45,16.58,30.43,26.02,30.91,0.81,5.44,60.73,1.39,1.14,3.0701278234985114
35.46,224.24,9.73,31.64,23.58,25.67,1.08,3.19,109.97,0.98,1.14,3.0701278234985114
35.31,196.65,6.29,18.99,14.15,26.03,1.07,3.9,76.46,1.74,1.19,3.0701278234985114
34.85,171.26,4.84,10.08,8.09,26.81,1.02,3.06,67.25,1.09,1.14,3.0701278234985114
36.9,145.98,3.37,9.89,7.11,24.31,0.78,2.36,77.75,2.29,1.41,3.0701278234985114
38.81,158.75,5.65,16.09,11.74,25.84,1.37,2.74,49.33,3.09,2.52,3.0701278234985114
34.65,134.47,4.35,12.86,9.5,25.01,1.87,2.71,50.77,2.86,2.91,3.0701278234985114
31.89,160.06,4.69,19.53,10.82,25.6,1.65,3.82,62.54,6.46,4.3,3.0701278234985114
33.61,168.98,5.82,13.97,11.33,22.65,0.64,6.92,65.97,9.52,6.04,3.0701278234985114
39.01,107.52,9.13,19.84,18.09,27.43,0.98,3.9,49.78,14.91,7.88,3.0701278234985114
39.53,92.73,7.26,19.55,15.68,20.86,2.09,4.16,47.44,16.39,8.95,3.0701278234985114
32.59,56.09,5.91,22.96,15.81,19.65,1.53,5.23,43.48,3.72,3.43,3.0701278234985114
57.96,56.57,4.08,32.02,18.21,16.71,0.55,4.58,45.77,3.68,5.24,3.0701278234985114
26.43,42.02,69.97,75.84,64.74,16.68,0.6,2.89,52.09,1.77,4.01,3.0701278234985114
28.65,52.72,1.84,11.01,6.74,9.71,0.78,3.91,32.6,2.03,5.53,3.0701278234985114
31.98,80.7,7.93,20.46,17.06,34.41,3.8,4.05,9.69,1.59,4.16,3.0701278234985114
26.77,105.43,6.42,15.29,10.44,31.78,4.02,4.64,11.99,1.01,2.51,3.0701278234985114
27.61,72.63,9.28,21.69,16.62,37.12,2.12,4.5,10.92,1.16,1.58,3.0701278234985114
19.0,15.46,3.39,16.91,9.84,32.35,1.61,1.9,53.33,1.11,2.73,3.0701278234985114
15.04,23.51,3.91,17.15,9.58,30.59,5.43,1.73,65.62,0.95,1.96,3.0701278234985114
27.23,34.13,8.54,23.71,21.32,45.56,3.63,1.87,38.45,1.08,2.2,3.0701278234985114
115.98,17.1,8.59,24.19,19.33,44.18,2.48,1.58,39.09,0.97,2.58,3.0701278234985114
13.95,48.92,7.33,20.42,16.49,37.66,3.55,1.86,39.53,0.95,1.91,3.0701278234985114
31.8,9.93,3.27,15.96,10.19,35.09,6.28,1.1,51.84,0.79,2.05,3.0701278234985114
19.4,112.27,12.8,23.11,19.0,32.37,4.04,1.86,33.37,1.07,2.26,3.0701278234985114
15.02,33.56,3.18,13.05,11.82,35.53,1.28,2.96,34.49143047551845,3.280840304500585,2.09,3.0701278234985114
39.41,102.24,7.88,29.0,10.48,84.68,0.52,3.87,10.98,0.5,2.27,3.0701278234985114
55.24,71.0,5.51,26.2,25.54,36.38,1.13,4.08,15.05,0.66,2.89,3.0701278234985114
75.42,121.03,3.75,17.34,6.51,55.12,0.46,4.5,31.09,0.4,1.68,3.0701278234985114
65.16,100.91,8.31,22.49,4.41,55.14,0.51,4.53,34.49143047551845,3.280840304500585,8.700972080037227,3.0701278234985114
67.45057794890306,102.73,14.91,30.02,0.0,23.48347601937197,0.61,4.77,34.49143047551845,3.280840304500585,8.700972080037227,3.0701278234985114
67.45057794890306,122.73,12.34,29.19,0.0,23.48347601937197,0.51,4.42,34.49143047551845,3.280840304500585,8.700972080037227,3.0701278234985114
70.57,112.72,7.54,24.24,6.39,55.41,0.49,4.57,34.49143047551845,3.280840304500585,8.700972080037227,3.0701278234985114
69.14,94.23,10.26,20.54,4.73,56.1,1.45,8.5,34.49143047551845,3.280840304500585,8.39,3.0701278234985114
41.7,139.73,11.37,24.67,5.86,55.17,0.73,4.57,34.49143047551845,3.280840304500585,8.700972080037227,3.0701278234985114
18.96,72.83,6.87,26.66,4.02,15.09,0.85,4.12,14.68,0.32,0.97,3.0701278234985114
25.15,66.38,14.37,31.42,4.02,15.12,1.97,3.65,12.04,0.38,1.37,3.0701278234985114
53.43,180.64,15.26,33.94,7.55,14.91,0.73,7.21,34.49143047551845,3.280840304500585,1.16,3.0701278234985114
62.74,191.9,16.25,35.42,9.55,19.99,1.12,8.07,23.86,2.87,0.91,3.0701278234985114
97.17,195.61,15.42,33.75,9.13,39.56,0.75,10.52,10.54,3.28,0.54,3.0701278234985114
67.85,184.81,17.7,38.05,8.52,24.4,1.2,7.36,31.08,3.12,1.78,3.0701278234985114
58.78,179.79,17.97,41.96,6.73,23.24,1.18,9.87,22.16,1.38,2.0,3.0701278234985114
80.99,224.1,14.17,36.1,11.88,33.13,1.64,8.46,22.28,1.25,2.84,3.0701278234985114
68.17,116.92,8.27,44.78,18.86,40.67,1.16,4.9,25.13,1.07,1.84,3.0701278234985114
59.61,137.68,8.04,46.57,16.72,37.52,0.83,4.28,29.54,1.01,1.44,3.0701278234985114
62.38,123.91,12.29,46.43,15.06,34.9,0.8,9.04,44.86,0.65,1.39,3.0701278234985114
78.74,130.99,10.07,44.4,13.2,35.3,3.1,4.31,45.04,1.07,1.94,3.0701278234985114
60.79,130.15,9.82,38.53,10.08,41.04,2.97,3.75,23.8,1.77,4.15,3.0701278234985114
55.03,117.02,8.25,29.98,0.0,28.78,1.16,4.69,34.67,2.3,3.01,3.0701278234985114
49.03,130.54,8.22,30.8,0.0,27.67,0.76,6.34,62.56,1.44,2.65,3.0701278234985114
57.78,150.94,10.46,41.03,0.0,29.6,0.73,7.64,71.14,1.39,2.11,3.0701278234985114
52.72,127.44,7.61,37.57,0.0,30.49,0.72,8.28,77.53,1.02,1.64,3.0701278234985114
35.8,130.25,10.26,25.46,0.0,24.15,1.9,5.08,22.33,0.78,4.12,3.0701278234985114
40.13,133.97,11.92,34.52,0.0,34.63,0.99,2.97,48.83,0.67,1.26,3.0701278234985114
43.6,135.71,8.35,30.86,0.0,24.55,0.57,2.5,56.67,0.8,1.74,3.0701278234985114
102.01,182.79,14.76,44.31,0.0,31.02,0.69,3.9,44.48,1.09,1.9,3.0701278234985114
91.6,141.03,9.41,31.76,0.0,39.39,3.0,7.56,16.37,1.97,2.56,3.0701278234985114
86.62,152.15,9.06,32.55,0.0,19.16,1.05,4.88,46.95,6.35,6.71,3.0701278234985114
46.12,158.04,12.75,33.94,0.0,17.7,1.22,4.01,43.76,5.39,2.86,3.0701278234985114
46.87,164.12,14.9,36.46,0.0,17.32,0.89,3.63,38.04,7.38,3.73,3.0701278234985114
53.71,171.52,17.18,37.49,0.0,17.2,0.85,3.52,35.33,8.44,3.73,3.0701278234985114
49.9,176.99,15.78,38.97,0.0,27.25,0.67,6.79,26.27,8.92,5.41,3.0701278234985114
59.3,194.37,11.64,37.55,0.0,27.55,0.81,11.63,31.34,11.69,4.73,3.0701278234985114
49.69,170.26,9.74,31.49,0.0,26.58,1.88,5.34,28.52,8.45,4.38,3.0701278234985114
45.84,137.86,12.77,26.72,0.0,27.97,0.87,4.93,39.83,6.72,3.94,3.0701278234985114
22.14,78.55,10.95,26.06,0.0,30.0,0.72,3.55,20.83,3.61,9.26,3.0701278234985114
24.44,136.05,10.4,23.2,0.0,28.44,1.66,3.15,8.61,2.4,3.85,3.0701278234985114
36.97,155.51,14.79,44.45,0.0,27.6,1.7,3.0,15.37,3.56,5.03,3.0701278234985114
40.72,132.73,14.55,44.74,0.0,26.04,0.65,3.63,20.32,4.71,2.45,3.0701278234985114
44.96,135.0,10.65,40.56,0.0,24.42,1.19,6.68,13.5,3.79,4.98,3.0701278234985114
24.98,138.06,10.07,42.15,0.0,32.37,1.76,8.15,8.43,4.45,4.65,3.0701278234985114
42.19,131.75,4.07,25.22,0.0,28.36,1.46,6.85,22.58,1.85,1.74,3.0701278234985114
30.72,180.88,8.36,23.41,0.0,25.14,0.54,2.62,22.5,1.8,2.04,3.0701278234985114
34.57,137.45,14.64,37.38,0.0,36.2,1.39,4.25,7.08,2.58,3.04,3.0701278234985114
36.97,143.58,8.67,38.93,0.0,23.44,1.63,4.35,13.37,2.78,5.85,3.0701278234985114
57.79,141.76,14.19,79.24,0.0,18.3,0.62,7.79,11.26,7.52,5.94,3.0701278234985114
39.11,145.35,5.4,46.39,0.0,17.31,0.71,4.93,52.62,3.93,3.64,3.0701278234985114
34.02,121.66,7.15,49.47,0.0,17.08,0.84,5.17,34.44,3.63,4.39,3.0701278234985114
40.96,128.38,9.9,47.25,0.0,17.59,0.74,4.92,41.16,2.76,2.06,3.0701278234985114
47.48,140.54,7.12,40.87,0.0,25.17,0.79,5.57,43.82,3.83,2.83,3.0701278234985114
74.1,125.23,4.58,37.38,0.0,24.92,0.61,5.51,59.48,4.82,4.63,3.0701278234985114
42.42,142.13,6.56,47.35,0.0,25.29,1.02,5.96,56.92,4.81,3.79,3.0701278234985114
24.26,140.88,7.53,44.12,0.0,26.47,0.68,3.72,52.42,3.02,3.19,3.0701278234985114
39.68,111.56,7.37,47.26,0.0,22.76,0.67,6.18,34.49143047551845,3.280840304500585,8.700972080037227,3.0701278234985114
49.45,125.79,16.15,67.63,0.0,22.23,0.71,6.9,34.49143047551845,3.280840304500585,0.0,3.0701278234985114
34.96,114.94,7.97,41.5,0.0,23.3,6.42,4.81,49.67,2.57,1.42,3.0701278234985114
27.04,109.75,5.55,28.01,0.0,24.99,7.32,3.67,47.81,1.7,1.05,3.0701278234985114
23.36,87.39,12.36,46.38,0.0,27.95,8.19,5.81,19.01,2.07,1.46,3.0701278234985114
27.42,81.76,8.06,43.93,0.0,23.83,1.87,8.57,39.53,1.53,1.85,3.0701278234985114
41.94,91.18,6.83,45.34,0.0,20.2,9.04,7.24,64.64,4.01,5.09,3.0701278234985114
29.54,93.69,8.73,51.47,0.0,21.44,1.01,5.61,41.88,2.29,2.63,3.0701278234985114
52.93,122.79,17.53,75.14,0.0,21.94,0.86,9.32,34.49143047551845,3.280840304500585,1.0,3.0701278234985114
42.13,116.85,9.87,51.89,0.0,21.67,1.11,17.04,66.01,4.17,4.38,3.0701278234985114
29.87,89.98,8.12,40.71,0.0,26.25,1.01,6.43,22.65,2.34,2.09,3.0701278234985114
31.78,84.76,9.48,41.89,0.0,30.12,0.79,8.94,29.59,2.27,2.41,3.0701278234985114
67.75,107.42,7.38,39.52,0.0,20.33,0.48,7.14,43.89,2.85,2.18,3.0701278234985114
47.51,114.14,11.76,40.07,0.0,20.79,0.56,9.41,52.37,4.72,2.82,3.0701278234985114
41.83,89.06,2.7,23.82,0.0,28.76,0.32,3.28,52.94,2.47,2.03,3.0701278234985114
55.9,94.22,5.13,37.77,0.0,22.44,0.26,2.53,53.42,2.96,2.9,3.0701278234985114
51.65,108.37,5.59,37.78,0.0,24.02,0.51,2.79,61.72,3.85,2.95,3.0701278234985114
32.61,104.58,5.32,30.53,0.0,28.54,0.48,2.59,66.27,1.93,1.65,3.0701278234985114
39.37,106.07,9.79,41.21,0.0,26.81,0.68,2.79,68.42,2.01,1.43,3.0701278234985114
36.85,99.33,3.61,25.76,0.0,25.66,0.54,2.3,72.54,2.55,2.12,3.0701278234985114
29.52,92.48,6.17,19.83,0.0,27.92,0.33,2.28,66.84,2.09,1.9,3.0701278234985114
50.54,105.34,7.07,37.62,0.0,24.73,0.56,4.26,75.93,2.92,2.3,3.0701278234985114
51.33,104.38,6.96,39.64,0.0,24.12,0.55,5.03,63.27,3.62,1.96,3.0701278234985114
35.01,101.83,9.78,45.01,0.0,24.52,0.69,6.77,60.39,2.4,1.76,3.0701278234985114
29.02,102.67,5.34,32.75,0.0,23.48347601937197,0.44,8.21,66.23,2.64,1.48,3.0701278234985114
38.44,76.53,8.49,39.84,0.0,28.89,0.44,5.15,43.66,1.44,1.64,3.0701278234985114
120.56,73.92,6.92,26.63,0.0,11.24,0.49,8.45,18.96,1.66,1.58,3.0701278234985114
25.22,73.47,6.26,30.63,0.0,18.05,0.54,3.65,16.82,1.37,1.28,3.0701278234985114
31.13,96.37,12.54,37.52,0.0,31.96,1.16,7.96,8.44,1.73,1.44,3.0701278234985114
30.07,110.45,54.79,68.84,0.0,90.01,1.64,6.55,10.47,0.67,1.96,3.0701278234985114
313.59,120.31,24.05,32.94,0.0,29.43,0.69,4.97,9.39,1.09,0.73,3.0701278234985114
35.29,109.11,17.04,31.08,0.0,32.09,0.6,5.16,9.34,0.78,0.5,3.0701278234985114
33.44,102.45,13.86,29.55,0.0,32.39,0.63,5.33,10.61,0.8,0.56,3.0701278234985114
21.53,104.24,15.46,31.7,0.0,26.79,1.12,5.3,41.97,0.61,1.18,3.0701278234985114
20.15,120.48,17.16,33.19,0.0,27.12,1.35,4.29,53.85,0.57,1.38,3.0701278234985114
17.34,117.82,15.55,32.36,0.0,26.75,1.08,5.61,24.37,0.54,1.07,3.0701278234985114
24.23,111.03,10.47,31.45,0.0,26.97,1.08,5.68,42.69,0.76,1.14,3.0701278234985114
28.54,99.2,11.09,30.72,0.0,27.22,1.4,5.2,50.04,0.55,3.18,3.0701278234985114
21.77,77.97,9.59,28.74,0.0,26.46,1.17,4.57,51.05,0.88,0.79,3.0701278234985114
27.91,88.52,9.68,29.8,0.0,26.99,1.07,4.72,56.82,0.8,1.34,3.0701278234985114
26.57,91.01,7.35,26.22,0.0,24.62,1.5,5.34,54.93,1.07,2.03,3.0701278234985114
20.74,91.07,12.96,26.36,0.0,24.78,1.77,5.6,41.25,0.74,0.63,3.0701278234985114
17.67,74.63,16.81,25.46,0.0,24.54,2.95,5.31,39.16,0.74,2.39,3.0701278234985114
17.69,78.23,9.01,27.5,0.0,24.57,1.27,5.13,30.04,0.78,1.64,3.0701278234985114
15.21,81.72,8.53,27.33,0.0,24.46,2.44,5.32,6.06,0.64,3.42,3.0701278234985114
22.82,88.33,8.83,27.76,0.0,24.53,2.91,5.27,54.59,0.71,3.19,3.0701278234985114
21.07,99.54,8.48,27.75,0.0,24.43,2.01,5.79,48.17,0.74,1.98,3.0701278234985114
97.97,49.59,8.83,25.15,0.0,24.22,0.57,4.71,19.86,0.85,0.82,3.0701278234985114
158.67,86.06,12.57,26.66,0.0,24.45,1.25,4.92,13.48,1.37,1.78,3.0701278234985114
114.92,87.12,24.01,31.99,0.0,24.44,0.82,4.8,15.86,1.44,2.18,3.0701278234985114
14.2,59.94,16.73,30.59,0.0,24.2,0.68,4.77,29.74,0.9,1.2,3.0701278234985114
21.2,49.13,14.2,28.55,0.0,24.13,0.63,5.28,27.63,1.11,1.57,3.0701278234985114
22.63,83.19,17.49,36.31,0.0,24.34,0.69,4.83,15.06,1.44,2.21,3.0701278234985114
121.63,67.04,4.69,24.72,7.5,23.88,0.57,5.36,30.31,1.35,1.16,3.0701278234985114
21.36,42.33,13.18,32.24,21.6,24.02,0.66,5.07,10.53,0.97,1.11,3.0701278234985114
78.14,65.04,7.57,22.5,14.42,26.27,0.58,4.22,35.86,1.1,1.31,3.0701278234985114
32.21,73.85,9.9,29.03,14.78,26.4,2.02,3.93,45.08,1.3,4.13,3.0701278234985114
79.76,264.9,14.24,40.38,22.47,26.81,0.58,5.88,38.72,1.6,2.51,3.0701278234985114
39.67,157.62,8.15,32.18,16.86,26.51,0.87,5.69,34.89,1.01,1.49,3.0701278234985114
45.49,82.59,9.57,32.5,16.63,26.61,0.77,3.71,32.74,0.0,0.04,3.0701278234985114
122.41,68.08,12.13,33.67,24.36,26.65,0.84,3.6,47.84,0.0,0.19,3.0701278234985114
39.88,56.91,6.5,24.85,47.53,26.39,0.48,2.66,43.92,0.0,0.06,3.0701278234985114
66.54,57.13,7.2,26.81,50.52,26.14,0.44,4.15,44.38,0.0,0.09,3.0701278234985114
58.73,73.54,8.53,29.41,62.33,26.64,0.56,5.08,52.18,0.0,0.15,3.0701278234985114
41.02,64.65,14.44,34.07,27.96,26.61,0.76,3.3,43.23,0.02,0.11,3.0701278234985114
103.18,93.55,28.0,66.21,50.17,68.36,1.05,4.75,34.49143047551845,3.280840304500585,1.33,3.0701278234985114
90.59,108.41,21.48,62.95,44.62,30.02,1.1,4.86,34.49143047551845,3.280840304500585,1.38,3.0701278234985114
81.28,117.05,17.62,57.89,38.79,42.43,1.06,4.96,34.49143047551845,3.280840304500585,1.2,3.0701278234985114
63.5,85.74,8.19,38.93,41.9,37.61,0.78,4.41,34.49143047551845,3.280840304500585,1.31,3.0701278234985114
85.57,55.14,42.05,81.78,67.93,28.03,0.96,2.87,34.49143047551845,3.280840304500585,1.17,3.0701278234985114
75.91,63.26,12.88,42.57,29.85,23.48347601937197,0.8,3.2,34.49143047551845,3.280840304500585,1.13,3.0701278234985114
84.85,81.51,13.94,63.33,39.92,23.48347601937197,0.89,3.66,34.49143047551845,3.280840304500585,1.14,3.0701278234985114
76.92,72.71,10.01,50.27,31.68,65.03,0.97,3.71,34.49143047551845,3.280840304500585,1.19,3.0701278234985114
107.9,70.28,11.34,80.93,88.57,57.13,1.0,6.38,34.49143047551845,3.280840304500585,1.21,3.0701278234985114
84.55,62.23,10.59,115.11,69.84,49.98,0.95,5.76,34.49143047551845,3.280840304500585,1.13,3.0701278234985114
63.3,60.95,7.62,32.19,20.89,37.01,0.81,2.72,34.49143047551845,3.280840304500585,1.21,3.0701278234985114
62.76,83.3,7.0,44.56,25.49,10.45,0.96,3.38,52.72,0.0,0.95,3.0701278234985114
30.02,94.22,7.64,51.77,26.54,23.48347601937197,0.98,4.28,59.57,3.280840304500585,8.700972080037227,3.0701278234985114
40.05,94.39,8.23,49.36,24.43,23.48347601937197,0.99,3.37,62.13,3.280840304500585,8.700972080037227,3.0701278234985114
37.55,76.54,8.15,36.51,24.24,42.34,1.35,5.74,48.6,0.0,0.3,3.0701278234985114
36.12,98.69,9.71,43.3,28.98,41.38,0.93,3.51,47.39,0.0,0.25,3.0701278234985114
34.43,110.99,10.94,44.87,30.63,36.21,1.29,3.2,53.1,0.0,1.11,3.0701278234985114
55.0,92.99,5.92,38.68,23.41,36.27,1.21,4.22,71.99,0.0,0.36,3.0701278234985114
33.34,114.17,5.78,38.67,23.33,40.27,1.16,4.32,80.04,0.0,0.37,3.0701278234985114
33.55,104.31,4.8,33.77,20.26,45.24,1.14,3.97,81.55,0.0,0.26,3.0701278234985114
48.08,132.27,4.23,35.2,20.22,57.58,1.24,4.59,60.85,0.08,0.39,3.0701278234985114
45.88,125.43,8.52,44.92,28.47,68.02,1.19,4.59,43.36,0.2,0.39,3.0701278234985114
39.93,129.02,5.5,33.76,20.55,64.75,1.06,4.19,56.22,0.0,0.35,3.0701278234985114
47.03,143.26,5.03,36.38,21.59,57.83,1.04,4.21,61.21,0.04,0.46,3.0701278234985114
39.38,124.79,3.93,30.66,18.06,58.16,0.89,4.28,62.46,0.0,0.29,3.0701278234985114
37.93,112.97,4.4,36.09,20.81,73.36,1.06,4.07,52.6,0.0,0.46,3.0701278234985114
29.63,103.77,5.9,42.78,25.09,75.97,1.44,4.38,49.36,0.0,1.34,3.0701278234985114
59.48,133.95,12.31,47.26,31.65,23.48347601937197,1.09,4.07,40.87,1.1,1.5,3.0701278234985114
59.82,143.26,4.32,37.1,25.26,23.48347601937197,1.05,4.18,33.03,0.41,0.94,3.0701278234985114
45.19,123.62,2.76,22.32,20.37,23.48347601937197,1.03,3.7,45.61,0.2,0.53,3.0701278234985114
42.72,98.38,3.75,31.97,31.3,23.48347601937197,1.55,3.02,53.46,0.25,1.1,3.0701278234985114
31.78,176.51,19.92,50.97,38.75,23.48347601937197,1.83,3.78,34.26,0.71,1.46,3.0701278234985114
40.18,136.77,27.3,62.66,50.12,23.48347601937197,1.23,3.89,32.05,1.39,2.08,3.0701278234985114
67.45057794890306,126.18,3.64,25.98,34.17,23.48347601937197,1.05,1.48,34.49143047551845,0.0,0.78,3.0701278234985114
67.45057794890306,95.37,3.67,24.6,27.21,23.48347601937197,1.05,2.58,34.49143047551845,0.0,0.82,3.0701278234985114
67.45057794890306,112.89,3.56,22.45,17.49,23.48347601937197,0.86,2.83,34.49143047551845,0.0,0.74,3.0701278234985114
67.45057794890306,96.92,5.94,26.81,31.9,23.48347601937197,1.0,3.0,34.49143047551845,0.0,0.76,3.0701278234985114
67.45057794890306,106.41,5.83,35.38,45.2,23.48347601937197,0.89,3.42,34.49143047551845,0.0,0.76,3.0701278234985114
67.45057794890306,114.6,5.13,33.5,51.07,23.48347601937197,1.22,3.39,34.49143047551845,0.0,0.78,3.0701278234985114
67.45057794890306,108.71,7.27,37.46,55.02,23.48347601937197,1.03,3.64,34.49143047551845,0.0,0.75,3.0701278234985114
67.45057794890306,109.09,4.89,28.66,33.33,23.48347601937197,0.78,3.55,34.49143047551845,0.0,0.72,3.0701278234985114
67.45057794890306,94.63,4.36,24.25,12.97,23.48347601937197,0.66,3.4,34.49143047551845,0.0,0.68,3.0701278234985114
44.12,118.12710293078135,2.79,20.7,30.23,23.48347601937197,1.16,5.25,53.72,1.71,1.8,3.0701278234985114
65.71,118.12710293078135,3.54,24.39,21.7,23.48347601937197,0.9,9.43,41.52,0.22,0.54,3.0701278234985114
62.35,118.12710293078135,3.63,33.46,18.98,23.48347601937197,0.72,4.22,38.61,0.28,0.66,3.0701278234985114
50.52,118.12710293078135,28.39,60.58,32.23,23.48347601937197,0.91,5.1,36.48,0.53,0.92,3.0701278234985114
55.88,118.12710293078135,4.95,33.39,13.81,23.48347601937197,0.8,6.3,32.43,1.25,1.61,3.0701278234985114
62.6,84.46,7.04,35.36,26.25,23.48347601937197,0.93,4.33,30.74,0.52,1.38,3.0701278234985114
22.24,43.59,9.44,18.63,20.74,65.66,1.09,3.24,13.77,1.22,2.42,3.0701278234985114
55.08,147.26,30.58,43.63,63.94,15.2,0.99,6.55,21.65,2.79,5.59,3.0701278234985114
56.31,151.57,30.12,44.04,60.98,14.22,0.93,6.53,22.96,1.46,3.95,3.0701278234985114
72.74,158.69,23.04,41.95,57.57,16.09,0.9,6.35,28.02,1.68,3.7,3.0701278234985114
48.48,100.3,6.99,26.49,28.07,13.1,0.8,6.28,34.33,0.72,2.36,3.0701278234985114
62.95,55.23,14.0,28.34,37.9,12.18,0.82,6.45,21.13,0.78,2.22,3.0701278234985114
37.81,132.8,20.84,41.15,51.26,11.84,1.04,7.54,29.12,0.34,1.6,3.0701278234985114
49.17,123.18,23.55,43.25,52.1,13.07,1.16,8.02,24.69,0.59,2.32,3.0701278234985114
62.67,111.41,19.33,40.4,47.8,14.23,1.01,8.31,24.3,0.56,1.78,3.0701278234985114
46.34,121.55,17.54,36.95,45.09,16.93,1.02,6.52,25.3,0.48,1.87,3.0701278234985114
50.19,123.42,14.97,40.42,46.02,22.94,1.01,7.67,30.95,0.46,2.07,3.0701278234985114
39.65,112.7,15.66,45.83,51.24,20.03,1.03,6.75,37.95,0.51,2.22,3.0701278234985114
37.32,96.1,15.03,45.79,47.93,19.55,0.97,6.29,38.38,0.53,2.61,3.0701278234985114
36.11,101.84,26.17,56.14,65.76,18.69,1.12,7.03,35.49,0.76,3.56,3.0701278234985114
40.12,109.55,31.63,58.13,73.78,19.22,1.19,6.8,28.94,0.81,3.44,3.0701278234985114
40.02,106.07,16.33,42.16,46.05,20.09,1.06,5.81,26.11,0.63,2.78,3.0701278234985114
41.38,116.55,11.41,30.42,34.18,15.25,1.12,7.11,20.31,0.66,2.3,3.0701278234985114
61.98,108.02,14.54,32.99,38.24,15.34,0.99,7.7,23.63,0.55,2.04,3.0701278234985114
55.48,101.12,16.45,37.67,43.57,17.68,1.11,5.67,34.04,0.8,2.94,3.0701278234985114
63.66,120.24,32.73,47.6,65.11,18.69,1.38,6.65,25.83,1.47,4.39,3.0701278234985114
71.05,130.84,25.65,50.42,59.92,18.82,1.46,7.96,28.07,1.87,5.53,3.0701278234985114
77.53,143.53,40.06,56.64,77.83,21.93,1.57,7.78,25.98,1.91,5.63,3.0701278234985114
58.35,105.52,21.57,43.91,50.94,20.58,1.43,6.5,17.61,1.14,3.95,3.0701278234985114
108.3,93.05,11.24,29.96,32.39,19.59,1.04,5.34,25.36,0.54,1.88,3.0701278234985114
61.34,106.53,7.46,27.32,27.58,21.03,0.85,5.25,41.24,0.76,1.76,3.0701278234985114
71.66,119.7,7.78,30.65,30.14,21.13,0.83,5.65,58.03,0.8,1.79,3.0701278234985114
54.73,137.9,19.16,36.44,36.17,41.22,0.84,5.5,62.99,0.78,1.68,3.0701278234985114
59.58,112.2,10.19,29.98,32.37,21.36,0.89,5.6,52.81,0.82,1.97,3.0701278234985114
42.06,86.54,11.35,25.48,28.83,18.27,0.93,5.48,42.35,0.82,2.22,3.0701278234985114
51.43,64.2,13.6,23.94,30.8,18.26,0.87,5.69,26.63,0.62,1.85,3.0701278234985114
61.0,98.66,9.36,33.48,28.09,15.46,0.78,5.86,52.77,0.64,1.87,3.0701278234985114
63.28,110.14,5.87,23.23,19.92,11.87,0.75,7.38,80.57,0.6,1.61,3.0701278234985114
75.78,137.41,9.79,30.66,31.44,15.23,1.04,5.77,76.51,0.61,2.29,3.0701278234985114
88.98,177.97,12.13,38.55,39.46,20.08,1.08,5.94,69.85,0.7,2.86,3.0701278234985114
78.59,142.62,11.17,40.02,39.8,19.75,1.05,6.32,66.64,0.85,2.8,3.0701278234985114
67.36,103.83,10.53,36.8,37.08,19.05,1.03,6.32,59.79,0.91,2.45,3.0701278234985114
48.45,84.47,12.96,36.41,38.05,18.13,0.97,6.57,50.06,0.82,2.25,3.0701278234985114
64.42,109.67,13.08,40.02,38.75,16.93,0.98,6.45,73.64,0.74,2.09,3.0701278234985114
86.94,140.52,39.83,54.92,76.09,18.74,1.29,7.69,51.64,1.11,2.73,3.0701278234985114
61.84,132.37,15.76,47.79,47.55,21.56,1.11,6.12,57.86,0.86,2.9,3.0701278234985114
45.7,105.66,11.87,35.34,35.33,19.31,0.83,6.04,64.96,0.78,2.43,3.0701278234985114
51.63,106.8,22.16,38.9,48.19,18.56,0.99,5.88,56.78,0.87,2.56,3.0701278234985114
42.57,93.24,12.09,35.19,35.22,17.98,0.91,6.01,41.65,0.75,2.47,3.0701278234985114
57.89,102.48,10.72,33.44,33.96,16.55,0.93,5.24,54.0,0.82,2.16,3.0701278234985114
59.38,100.47,10.07,33.7,33.88,16.61,1.01,5.27,55.22,0.71,1.95,3.0701278234985114
57.28,107.8,12.41,31.17,34.5,16.37,0.9,5.67,55.3,0.38,1.66,3.0701278234985114
68.37,111.01,9.44,31.77,32.0,17.22,0.91,6.12,57.62,0.37,1.31,3.0701278234985114
65.81,106.31,11.15,31.32,32.97,17.7,0.89,6.07,47.62,0.28,1.11,3.0701278234985114
64.29,100.07,8.74,28.97,27.6,16.0,0.85,5.34,64.73,0.24,0.9,3.0701278234985114
63.77,107.44,15.48,37.46,40.95,16.72,1.02,7.25,55.18,0.39,1.44,3.0701278234985114
61.55,107.76,14.75,38.19,41.3,17.97,0.98,8.29,56.91,0.33,1.24,3.0701278234985114
47.27,92.47,12.94,39.73,41.65,20.45,1.06,10.22,51.25,0.32,1.25,3.0701278234985114
48.86,96.42,16.74,46.55,51.87,29.72,1.01,8.15,46.4,0.4,1.66,3.0701278234985114
51.35,105.52,17.37,45.87,50.21,24.95,1.09,5.76,41.42,0.53,1.66,3.0701278234985114
46.57,99.1,15.87,41.74,44.4,18.17,1.03,6.13,50.61,0.39,1.22,3.0701278234985114
56.8,105.51,9.68,35.73,36.84,22.58,0.89,6.36,64.29,0.31,1.17,3.0701278234985114
58.29,116.5,15.59,44.9,48.97,26.01,1.05,7.13,55.51,0.32,1.25,3.0701278234985114
60.04,106.76,19.73,49.33,56.53,26.12,1.06,7.64,47.42,0.39,1.56,3.0701278234985114
62.6,113.27,17.76,52.68,55.76,25.66,1.05,7.01,54.54,0.41,1.43,3.0701278234985114
63.63,108.49,12.78,53.48,53.27,30.88,0.94,5.88,56.23,0.28,0.71,3.0701278234985114
59.52,111.13,14.65,49.16,51.67,29.43,1.01,5.79,57.02,0.29,1.08,3.0701278234985114
70.5,121.91,14.05,49.28,50.62,28.56,1.04,5.73,61.7,0.37,1.36,3.0701278234985114
54.44,99.59,10.6,42.99,43.65,27.09,0.93,5.47,65.16,0.36,1.1,3.0701278234985114
58.36,110.39,14.18,47.07,48.49,26.18,1.02,4.93,50.93,0.39,1.33,3.0701278234985114
47.13,86.88,16.17,46.93,48.92,21.74,0.85,5.28,55.78,0.28,1.25,3.0701278234985114
62.4,99.49,10.64,48.15,44.5,24.59,0.98,5.05,69.72,0.39,1.42,3.0701278234985114
67.83,120.55,15.74,42.88,48.8,23.07,1.09,5.74,53.81,0.49,2.1,3.0701278234985114
75.06,118.41,7.81,34.15,32.16,14.87,1.02,5.35,54.41,0.37,1.57,3.0701278234985114
59.01,102.34,7.41,36.98,33.38,17.08,0.94,5.07,46.91,0.32,1.43,3.0701278234985114
42.33,82.67,5.69,32.59,27.7,14.47,0.79,5.2,63.97,0.24,1.14,3.0701278234985114
52.05,99.24,6.26,37.39,31.71,15.56,0.92,5.32,67.06,0.31,1.28,3.0701278234985114
72.45,136.15,18.68,42.87,46.61,17.27,1.06,5.06,72.89,1.27,3.27,3.0701278234985114
60.91,121.85,11.95,42.79,40.52,16.95,1.04,5.42,67.41,0.32,1.72,3.0701278234985114
50.66,109.76,7.08,33.87,28.82,15.78,0.87,4.97,61.46,0.26,1.35,3.0701278234985114
35.76,87.96,7.16,31.94,28.37,14.75,0.84,4.79,56.81,0.24,1.35,3.0701278234985114
51.09,101.59,7.25,30.06,29.19,15.32,0.87,5.27,52.2,0.23,1.19,3.0701278234985114
40.56,87.62,5.89,26.0,24.5,14.06,0.8,5.16,55.36,0.2,1.03,3.0701278234985114
62.71,92.31,12.46,35.51,34.7,13.12,1.01,4.8,59.22,1.14,3.64,3.0701278234985114
48.44,94.63,8.55,33.94,30.45,13.75,0.88,5.45,67.58,2.3,8.12,3.0701278234985114
49.67,99.62,9.15,37.21,33.41,14.68,0.87,5.35,63.66,1.09,3.19,3.0701278234985114
45.32,96.87,9.15,34.78,30.75,14.41,0.82,5.01,61.35,0.45,1.6,3.0701278234985114
39.5,87.56,6.69,28.58,24.55,13.75,0.8,4.58,64.91,0.4,1.28,3.0701278234985114
60.08,115.27,10.06,38.44,33.98,14.13,0.88,5.81,78.02,0.45,1.37,3.0701278234985114
51.88,117.29,6.9,36.87,31.49,15.02,0.94,5.3,73.99,0.49,1.65,3.0701278234985114
54.76,108.3,5.51,30.73,25.96,15.13,0.85,5.21,65.0,0.52,1.83,3.0701278234985114
68.68,123.42,11.64,40.49,37.69,16.47,1.25,6.19,55.17,0.58,2.2,3.0701278234985114
50.31,93.13,9.95,32.83,29.4,17.01,0.96,4.52,41.91,0.56,2.03,3.0701278234985114
35.35,92.27,9.65,32.12,32.59,17.04,0.87,4.08,59.52,0.63,1.75,3.0701278234985114
45.37,98.49,21.59,35.5,44.47,16.77,1.05,4.69,56.07,1.12,2.89,3.0701278234985114
47.43,108.7,23.61,33.19,44.8,17.77,0.99,4.15,62.98,1.23,2.91,3.0701278234985114
42.92,104.51,29.45,39.84,54.29,17.16,1.23,4.52,48.6,1.03,2.96,3.0701278234985114
44.28,98.5,8.09,33.16,30.1,18.13,0.95,4.52,50.9,0.53,1.93,3.0701278234985114
51.36,113.03,23.78,50.05,56.96,15.39,1.03,5.53,43.98,1.92,5.95,3.0701278234985114
47.59,97.06,19.87,47.01,50.3,16.23,0.94,5.19,53.2,2.49,7.3,3.0701278234985114
39.23,96.15,23.3,46.39,53.87,16.7,1.0,6.12,55.66,2.28,7.46,3.0701278234985114
51.92,101.91,17.94,42.06,44.18,18.89,0.99,6.29,64.35,2.88,8.24,3.0701278234985114
45.49,94.03,10.11,33.49,32.28,18.55,0.93,4.45,58.28,2.05,6.43,3.0701278234985114
50.8,111.32,12.67,38.76,40.15,16.52,0.94,4.87,56.36,3.14,6.74,3.0701278234985114
58.18,125.3,13.52,44.64,44.92,19.94,1.05,4.93,53.3,3.44,10.62,3.0701278234985114
40.93,95.38,6.74,26.91,26.08,17.74,0.83,4.57,49.67,1.07,4.29,3.0701278234985114
36.98,92.75,7.87,30.74,30.01,15.49,0.86,4.87,55.58,1.18,4.21,3.0701278234985114
43.15,100.96,5.02,29.23,26.24,15.83,0.8,5.09,63.42,1.04,3.53,3.0701278234985114
49.8,112.83,12.78,31.26,33.34,15.93,1.11,4.2,56.77,1.48,4.44,3.0701278234985114
53.53,116.45,23.55,35.74,46.05,15.62,1.13,4.12,48.36,2.36,6.99,3.0701278234985114
65.98,158.87,41.22,47.25,71.78,17.42,1.44,6.25,39.54,3.82,10.92,3.0701278234985114
69.62,141.49,25.8,46.88,58.06,18.21,1.32,7.02,49.42,2.51,7.46,3.0701278234985114
51.08,114.17,6.55,27.19,26.56,18.98,1.01,5.51,56.41,1.92,5.91,3.0701278234985114
46.15,108.89,6.44,27.97,26.33,15.19,0.8,8.64,67.73,0.88,3.55,3.0701278234985114
50.05,120.17,9.24,34.27,33.73,15.2,0.89,9.55,59.27,1.09,4.04,3.0701278234985114
43.73,116.74,8.61,29.7,32.81,14.79,0.73,6.55,65.46,0.9,3.55,3.0701278234985114
41.75,110.46,8.41,35.68,35.5,14.38,0.89,6.12,54.19,1.01,4.1,3.0701278234985114
44.32,118.8,12.34,38.3,37.28,16.05,0.94,5.15,47.32,1.25,4.25,3.0701278234985114
45.56,104.35,8.28,34.1,29.69,15.63,0.87,5.01,66.57,1.19,4.14,3.0701278234985114
43.24,99.47,5.41,31.64,24.96,16.24,0.8,5.61,67.48,1.05,3.83,3.0701278234985114
39.71,94.23,6.67,30.9,26.76,16.07,0.82,5.13,59.72,0.93,3.86,3.0701278234985114
39.8,91.98,6.79,27.36,22.43,15.0,0.73,5.7,57.62,0.97,4.09,3.0701278234985114
49.74,94.78,5.97,27.84,21.97,15.24,0.87,5.44,61.82,1.12,4.17,3.0701278234985114
44.52,96.39,7.16,30.85,24.89,15.54,0.94,6.86,59.05,1.38,4.47,3.0701278234985114
51.6,102.51,6.71,34.12,27.54,15.49,0.97,5.8,58.37,1.33,4.96,3.0701278234985114
47.42,93.06,5.81,28.12,23.65,14.79,0.84,6.92,64.14,0.98,3.78,3.0701278234985114
48.85,112.26,10.0,39.23,36.32,15.4,0.93,7.29,57.9,1.07,4.35,3.0701278234985114
56.52,121.14,12.4,40.26,38.77,14.3,1.08,6.91,55.64,1.24,4.33,3.0701278234985114
61.59,129.96,14.08,47.4,45.48,14.75,1.17,6.72,51.02,1.69,5.78,3.0701278234985114
58.92,129.31,11.08,40.64,39.27,16.13,1.14,5.4,62.38,1.7,5.05,3.0701278234985114
57.09,123.2,10.17,38.21,35.11,16.53,1.15,4.89,54.03,1.45,5.22,3.0701278234985114
55.88,107.85,6.77,32.37,26.85,17.21,0.9,4.68,52.26,1.17,3.9,3.0701278234985114
53.46,110.5,11.03,35.35,32.36,16.31,1.01,4.73,49.03,1.21,3.68,3.0701278234985114
55.62,123.38,21.63,40.91,46.62,17.78,1.03,5.37,46.15,1.43,4.62,3.0701278234985114
53.61,120.13,13.21,40.06,39.47,17.27,0.94,4.96,54.26,1.57,5.0,3.0701278234985114
58.15,108.63,9.22,32.87,32.36,17.41,0.94,6.16,50.92,0.93,3.94,3.0701278234985114
46.54,108.25,13.01,37.85,39.93,16.31,1.07,5.22,53.59,1.62,4.05,3.0701278234985114
46.55,112.08,7.85,32.46,30.73,16.86,0.95,4.83,64.46,1.33,4.7,3.0701278234985114
51.73,103.64,7.95,32.1,30.27,16.3,0.98,4.86,68.41,1.26,3.98,3.0701278234985114
52.79,94.86,9.66,34.46,32.46,17.15,0.95,5.66,59.17,1.5,5.02,3.0701278234985114
43.88,90.8,9.09,33.09,30.96,19.14,1.09,5.07,66.47,1.49,5.16,3.0701278234985114
52.18,107.04,9.84,36.58,32.08,18.58,1.13,4.99,45.42,1.36,4.34,3.0701278234985114
49.25,113.7,9.52,34.41,30.94,21.22,0.89,5.76,40.76,1.21,4.38,3.0701278234985114
49.46,109.0,9.95,36.1,33.74,18.23,0.95,5.41,51.55,1.66,4.28,3.0701278234985114
47.24,98.37,7.1,30.69,28.27,17.8,0.92,7.4,52.04,0.96,3.18,3.0701278234985114
41.74,89.76,6.27,27.4,25.14,15.09,0.78,8.4,56.7,0.26,1.34,3.0701278234985114
52.38,92.14,8.34,33.83,31.72,15.92,1.04,7.56,54.29,0.53,2.26,3.0701278234985114
40.54,94.39,9.56,33.94,32.87,15.47,0.99,5.95,51.67,0.83,2.61,3.0701278234985114
52.84,97.64,11.81,31.76,33.1,17.54,1.16,5.09,38.4,0.99,2.96,3.0701278234985114
46.1,72.34,12.61,32.17,31.8,17.34,1.09,4.1,47.27,0.93,3.21,3.0701278234985114
42.33,63.83,6.84,29.02,25.65,18.08,0.9,4.55,47.03,0.64,2.55,3.0701278234985114
29.75,73.46,7.33,31.84,28.96,16.99,1.02,5.28,55.89,0.74,2.63,3.0701278234985114
25.18,69.39,6.37,32.67,27.82,15.03,1.04,4.9,56.53,0.7,2.32,3.0701278234985114
40.9,92.48,8.46,31.25,29.57,19.12,1.1,4.83,45.27,0.78,2.64,3.0701278234985114
37.08,77.31,7.76,32.12,28.78,16.05,1.31,4.42,57.49,0.81,2.48,3.0701278234985114
42.76,85.7,6.94,33.95,29.39,16.2,1.22,4.37,53.21,0.96,2.82,3.0701278234985114
57.96,109.49,8.23,36.31,32.06,16.84,1.19,5.35,54.27,0.84,3.48,3.0701278234985114
63.83,109.42,5.79,33.66,27.21,18.21,1.08,4.45,57.17,0.74,2.89,3.0701278234985114
66.34,123.11,7.59,29.77,27.39,17.39,0.84,4.97,61.68,0.37,1.79,3.0701278234985114
61.63,117.36,6.47,30.6,28.62,17.46,1.0,5.76,53.79,0.76,2.52,3.0701278234985114
62.42,108.27,6.84,30.05,27.53,18.56,0.95,4.5,50.57,0.89,2.92,3.0701278234985114
53.78,94.01,6.44,23.6,26.58,17.41,0.92,3.88,60.14,0.42,1.75,3.0701278234985114
42.75,74.84,7.54,21.81,23.34,15.57,0.99,4.72,55.94,0.23,1.31,3.0701278234985114
46.45,102.47,12.06,21.41,27.32,14.92,0.86,4.34,46.73,0.29,1.19,3.0701278234985114
47.56,95.06,8.56,22.23,25.52,17.29,0.74,4.43,48.84,0.41,1.52,3.0701278234985114
56.62,116.59,7.6,25.08,26.34,18.79,0.85,3.67,51.98,0.93,2.48,3.0701278234985114
54.62,110.84,6.9,26.36,25.65,16.93,0.8,4.21,61.04,1.03,2.36,3.0701278234985114
52.76,106.65,7.47,27.54,27.94,17.25,0.8,4.03,66.44,1.17,3.0,3.0701278234985114
42.61,87.52,10.42,23.95,27.32,16.41,0.86,4.63,47.19,0.94,2.56,3.0701278234985114
51.42,94.86,17.94,30.32,35.49,19.28,1.36,4.4,37.92,1.75,4.89,3.0701278234985114
39.33,93.68,8.88,29.13,27.99,18.45,0.94,4.23,49.37,1.31,3.94,3.0701278234985114
40.38,93.84,6.49,27.17,24.4,17.05,0.97,3.64,48.35,1.08,3.39,3.0701278234985114
34.41,93.08,9.18,26.85,28.06,16.1,1.06,4.01,41.87,0.85,2.76,3.0701278234985114
32.08,86.2,5.34,25.1,22.24,13.94,0.91,4.11,50.16,1.28,2.96,3.0701278234985114
38.93,93.74,12.36,34.47,36.97,16.51,1.23,3.69,44.94,1.17,3.7,3.0701278234985114
40.64,91.59,14.27,32.51,36.02,17.39,1.19,4.17,36.64,1.42,4.56,3.0701278234985114
55.14,118.1,13.73,35.15,35.89,19.2,1.19,4.54,43.17,2.25,5.25,3.0701278234985114
51.35,101.63,8.15,27.75,25.63,18.52,0.97,3.86,45.7,1.4,3.42,3.0701278234985114
46.82,105.55,8.15,29.22,28.8,18.13,1.06,4.83,40.95,1.14,3.22,3.0701278234985114
45.3,93.68,5.1,26.31,23.99,16.95,0.88,4.25,51.87,0.92,1.58,3.0701278234985114
40.4,84.74,9.12,28.98,30.39,16.3,1.11,5.69,62.73,1.2,1.31,3.0701278234985114
43.26,97.98,12.96,34.61,35.36,17.81,1.04,3.95,34.01,1.43,2.94,3.0701278234985114
28.66,62.28,5.08,24.99,22.09,15.5,0.75,4.82,82.31,0.82,2.12,3.0701278234985114
30.29,60.85,6.44,24.81,24.68,13.84,0.82,4.09,69.14,0.88,2.32,3.0701278234985114
25.02,56.96,8.64,31.44,32.77,15.21,0.92,5.38,50.51,0.29,1.49,3.0701278234985114
68.71,43.3,8.98,22.09,23.99,12.24,1.0,4.84,23.88,0.55,2.16,3.0701278234985114
41.28,58.29,18.78,41.03,51.72,16.06,1.1,4.35,49.07,1.02,3.52,3.0701278234985114
32.73,70.53,18.64,46.1,52.79,16.86,1.13,4.22,31.39,1.26,4.65,3.0701278234985114
73.77,70.64,12.43,36.15,37.94,18.0,0.87,4.81,34.15,1.01,3.94,3.0701278234985114
73.88,144.98,31.44,41.5,61.74,20.46,1.48,6.15,34.78,1.66,4.33,3.0701278234985114
94.17,142.05,26.51,38.83,53.01,20.6,1.36,5.74,55.74,0.98,3.25,3.0701278234985114
92.21,136.66,28.33,44.07,61.28,21.68,1.38,5.9,54.15,1.81,5.31,3.0701278234985114
69.3,110.88,17.73,38.45,47.34,22.41,1.29,6.55,42.01,1.71,4.44,3.0701278234985114
47.14,102.59,12.78,35.19,40.02,20.88,1.07,5.61,41.92,1.59,4.0,3.0701278234985114
61.83,117.91,8.64,33.11,34.39,20.35,0.96,5.67,57.13,0.62,1.86,3.0701278234985114
57.3,96.47,9.71,32.59,31.36,15.1,0.94,6.69,40.61,0.79,36.06,3.0701278234985114
52.64,97.94,6.86,29.1,29.52,15.68,1.01,7.01,45.1,1.19,39.99,3.0701278234985114
40.57,85.93,7.15,33.79,32.74,13.74,1.09,6.01,45.49,0.99,15.04,3.0701278234985114
53.93,97.81,10.78,38.77,41.27,15.06,1.11,6.51,46.68,1.04,19.3,3.0701278234985114
64.35,108.24,10.27,43.03,43.97,15.71,1.08,7.03,47.83,1.07,19.47,3.0701278234985114
45.19,79.82,10.74,35.06,37.49,13.94,0.93,7.78,55.92,0.75,12.19,3.0701278234985114
39.36,84.68,7.12,38.18,37.98,13.75,1.2,7.7,59.83,0.4,1.15,3.0701278234985114
34.68,85.16,12.3,39.38,43.73,13.59,1.27,7.3,43.88,0.52,2.73,3.0701278234985114
42.19,84.68,7.99,39.01,40.6,13.91,1.22,7.44,29.94,0.5,1.55,3.0701278234985114
52.63,98.54,6.61,33.37,34.73,17.5,1.17,13.04,47.28,0.43,1.34,3.0701278234985114
46.45,100.44,8.04,38.65,38.26,13.87,0.99,11.45,50.62,0.63,1.8,3.0701278234985114
43.42,107.2,17.25,47.61,53.47,14.17,1.19,9.86,37.97,0.81,2.12,3.0701278234985114
46.36,102.88,5.39,37.62,35.68,14.39,1.05,8.97,47.97,0.65,4.32,3.0701278234985114
52.07,105.15,5.09,31.67,30.74,14.51,1.03,10.3,43.71,0.61,2.24,3.0701278234985114
45.3,106.63,5.64,30.49,30.83,13.5,0.95,7.2,38.36,0.33,3.37,3.0701278234985114
52.39,111.14,4.66,25.96,26.24,15.42,1.06,10.99,34.35,0.34,1.56,3.0701278234985114
35.53,82.96,5.3,26.2,26.76,15.84,1.09,8.07,32.75,0.33,1.89,3.0701278234985114
50.47,120.55,15.25,46.46,49.0,14.09,1.29,6.98,45.01,0.76,1.69,3.0701278234985114
54.91,129.65,16.22,54.43,56.07,14.89,1.24,7.48,46.99,0.78,1.54,3.0701278234985114
45.02,89.03,6.18,36.76,32.5,13.44,0.99,8.14,49.12,0.51,1.05,3.0701278234985114
43.29,105.87,6.85,42.79,38.88,15.06,1.07,7.44,47.44,0.38,1.09,3.0701278234985114
55.31,97.46,6.29,36.85,34.52,15.25,1.28,7.62,49.57,0.4,1.14,3.0701278234985114
41.83,97.01,5.0,31.08,33.28,12.39,1.28,6.01,50.22,0.3,1.4,3.0701278234985114
47.39,88.67,5.03,27.21,30.32,12.47,0.97,5.38,36.49,0.31,1.15,3.0701278234985114
39.39,92.84,5.95,31.61,33.19,12.63,1.16,6.72,41.29,0.27,0.92,3.0701278234985114
56.2,89.66,3.51,21.91,21.37,14.37,0.98,7.09,49.93,0.22,0.79,3.0701278234985114
53.75,115.89,6.52,29.55,32.36,14.37,1.18,6.36,48.39,0.32,1.36,3.0701278234985114
70.78,154.34,8.97,32.33,35.82,14.47,1.27,6.96,61.01,0.42,1.76,3.0701278234985114
55.66,118.07,12.1,33.05,39.86,15.46,1.22,6.6,52.01,0.33,1.53,3.0701278234985114
57.89,111.38,6.09,28.68,30.95,14.39,1.04,7.21,53.06,0.33,1.21,3.0701278234985114
40.62,95.67,6.2,31.05,32.76,13.76,1.06,6.75,59.91,0.8,1.68,3.0701278234985114
50.85,82.89,3.45,15.65,16.61,14.92,0.86,6.39,39.76,0.24,0.95,3.0701278234985114
28.1,122.06,9.29,33.99,25.63,36.82,1.04,8.53,65.06,3.280840304500585,8.700972080037227,3.0701278234985114
26.41,99.6,12.64,36.45,28.3,40.41,1.01,8.38,63.02,3.280840304500585,8.700972080037227,3.0701278234985114
32.5,90.64,10.19,34.81,26.8,16.79,1.19,9.9,40.2,3.280840304500585,8.700972080037227,3.0701278234985114
39.74,102.93,16.9,38.5,34.22,17.08,1.45,8.29,40.72,3.280840304500585,8.700972080037227,3.0701278234985114
52.66,130.64,6.13,34.1,23.13,18.88,1.26,11.29,77.47,3.280840304500585,8.700972080037227,3.0701278234985114
36.92,114.12,3.78,32.53,20.39,13.56,0.83,12.3,79.94,3.280840304500585,8.700972080037227,3.0701278234985114
42.55,126.36,10.57,43.5,31.74,15.13,1.05,10.09,66.05,3.280840304500585,8.700972080037227,3.0701278234985114
53.12,155.77,10.0,38.56,28.64,17.43,0.96,7.99,57.36,3.280840304500585,8.700972080037227,3.0701278234985114
48.92,175.24,17.8,56.37,44.45,15.28,1.37,10.03,61.57,3.280840304500585,8.700972080037227,3.0701278234985114
55.86,199.68,30.94,61.95,58.11,19.45,1.47,9.7,63.59,3.280840304500585,8.700972080037227,3.0701278234985114
44.56,159.02,5.46,33.55,22.29,16.73,0.88,10.87,86.69,3.280840304500585,8.700972080037227,3.0701278234985114
49.07,160.57,9.73,47.42,33.14,19.9,0.96,10.06,71.97,3.280840304500585,8.700972080037227,3.0701278234985114
53.62,185.45,20.64,46.41,41.46,19.78,1.03,10.75,69.49,3.280840304500585,8.700972080037227,3.0701278234985114
60.57,168.04,25.18,44.07,43.92,19.13,1.11,11.46,68.71,3.280840304500585,8.700972080037227,3.0701278234985114
69.65,176.36,15.09,54.27,41.14,22.23,1.5,8.69,62.63,3.280840304500585,8.700972080037227,3.0701278234985114
70.39,152.01,3.82,29.21,18.64,19.85,0.99,13.41,59.11,3.280840304500585,8.700972080037227,3.0701278234985114
86.57,141.8,8.05,41.02,28.36,19.25,1.18,13.41,44.4,3.280840304500585,8.700972080037227,3.0701278234985114
49.01,115.92,9.07,45.9,31.79,16.1,1.09,9.81,51.28,3.280840304500585,8.700972080037227,3.0701278234985114
50.81,153.3,9.86,44.22,31.54,14.41,1.24,15.89,57.63,3.280840304500585,8.700972080037227,3.0701278234985114
82.8,224.32,16.43,51.52,40.76,21.55,1.48,11.75,67.26,3.280840304500585,8.700972080037227,3.0701278234985114
52.39,107.92,4.48,27.36,18.19,16.69,0.8,11.37,51.28,3.280840304500585,8.700972080037227,3.0701278234985114
32.48,71.23,3.49,28.91,18.21,12.66,0.96,12.39,53.56,3.280840304500585,8.700972080037227,3.0701278234985114
76.75,153.35,24.93,69.34,57.14,15.64,1.58,13.23,36.64,3.280840304500585,8.700972080037227,3.0701278234985114
84.25,163.21,10.79,56.23,38.68,16.05,1.39,18.31,53.06,3.280840304500585,8.700972080037227,3.0701278234985114
59.49,119.11,5.75,35.27,23.43,13.07,1.03,15.56,37.27,3.280840304500585,8.700972080037227,3.0701278234985114
62.23,149.39,15.63,48.17,38.34,17.44,1.47,7.87,40.1,3.280840304500585,8.700972080037227,3.0701278234985114
65.74,157.38,7.58,57.11,36.54,17.61,1.46,9.59,52.59,3.280840304500585,8.700972080037227,3.0701278234985114
80.33,174.05,10.14,53.19,36.53,17.61,1.33,15.74,56.88,3.280840304500585,8.700972080037227,3.0701278234985114
65.45,145.09,6.22,36.89,24.68,18.15,1.1,15.52,45.14,3.280840304500585,8.700972080037227,3.0701278234985114
101.67,165.64,2.3,31.65,18.71,14.92,1.03,12.5,109.33,3.280840304500585,8.700972080037227,3.0701278234985114
82.3,178.74,13.38,52.38,38.75,17.8,1.44,22.17,59.06,3.280840304500585,8.700972080037227,3.0701278234985114
89.84,198.72,15.71,63.33,46.46,16.09,1.52,22.96,59.61,3.280840304500585,8.700972080037227,3.0701278234985114
84.8,197.8,12.04,50.55,36.68,16.62,1.32,14.45,71.1,3.280840304500585,8.700972080037227,3.0701278234985114
76.82,193.01,25.39,49.59,47.02,19.67,1.25,11.55,84.68,3.280840304500585,8.700972080037227,3.0701278234985114
76.28,201.55,16.13,55.49,42.63,17.21,1.47,16.06,73.15,3.280840304500585,8.700972080037227,3.0701278234985114
73.75,165.16,3.42,39.49,23.78,14.97,1.07,14.87,79.82,3.280840304500585,8.700972080037227,3.0701278234985114
58.17,133.93,7.7,54.91,35.47,16.48,1.09,12.13,65.29,3.280840304500585,8.700972080037227,3.0701278234985114
54.73,136.33,5.96,53.51,33.31,16.7,0.95,13.59,59.47,3.280840304500585,8.700972080037227,3.0701278234985114
62.92,141.0,5.03,49.41,30.37,18.18,0.95,11.81,73.3,3.280840304500585,8.700972080037227,3.0701278234985114
113.84,213.2,12.45,69.19,46.93,22.78,1.4,23.5,81.85,3.280840304500585,8.700972080037227,3.0701278234985114
48.52,97.13,3.82,36.54,22.65,22.46,0.88,10.42,58.07,3.280840304500585,8.700972080037227,3.0701278234985114
70.34,115.59,5.21,38.1,24.59,23.66,0.92,3.97,48.52,3.280840304500585,8.700972080037227,3.0701278234985114
69.58,105.5,6.59,36.82,25.03,22.4,0.84,5.88,38.72,3.280840304500585,8.700972080037227,3.0701278234985114
68.18,106.69,5.93,41.63,27.06,20.98,0.86,5.34,45.16,3.280840304500585,8.700972080037227,3.0701278234985114
98.75,144.08,6.85,47.53,30.94,25.94,0.96,5.75,49.55,3.280840304500585,8.700972080037227,3.0701278234985114
73.27,132.11,8.28,59.98,38.74,22.72,1.2,12.26,48.92,3.280840304500585,8.700972080037227,3.0701278234985114
92.61,175.92,13.2,69.33,47.71,26.46,1.36,13.54,46.03,3.280840304500585,8.700972080037227,3.0701278234985114
80.04,155.45,5.55,59.83,36.42,24.53,1.15,14.39,61.25,3.280840304500585,8.700972080037227,3.0701278234985114
78.56,147.6,6.2,57.2,35.56,26.5,1.14,10.69,60.14,3.280840304500585,8.700972080037227,3.0701278234985114
71.6,128.59,3.83,49.38,29.46,25.17,0.97,8.04,66.32,3.280840304500585,8.700972080037227,3.0701278234985114
76.98,137.53,5.71,48.93,30.76,25.39,1.09,9.38,50.84,3.280840304500585,8.700972080037227,3.0701278234985114
58.7,124.83,11.62,55.18,38.89,18.09,1.0,10.2,47.03,3.280840304500585,8.700972080037227,3.0701278234985114
65.61,113.96,6.77,46.49,30.32,19.66,0.91,4.24,47.5,3.280840304500585,8.700972080037227,3.0701278234985114
67.7,117.86,6.22,44.05,28.58,20.5,0.98,6.91,51.42,3.280840304500585,8.700972080037227,3.0701278234985114
116.65,173.53,7.22,47.06,31.0,26.45,1.18,10.31,40.11,3.280840304500585,8.700972080037227,3.0701278234985114
96.58,151.47,6.91,41.4,27.73,23.69,1.05,5.29,42.14,3.280840304500585,8.700972080037227,3.0701278234985114
45.49,96.18,8.92,47.62,32.68,15.57,0.9,12.43,47.64,3.280840304500585,8.700972080037227,3.0701278234985114
65.96,162.16,19.71,51.85,43.69,17.07,1.25,19.06,43.92,3.280840304500585,8.700972080037227,3.0701278234985114
74.62,158.19,4.89,35.11,22.74,21.45,0.9,7.48,55.42,3.280840304500585,8.700972080037227,3.0701278234985114
78.07,132.56,5.35,34.05,22.55,20.2,0.74,14.65,47.76,3.280840304500585,8.700972080037227,3.0701278234985114
65.94,113.49,6.89,36.15,24.91,16.54,0.81,7.34,51.3,3.280840304500585,8.700972080037227,3.0701278234985114
65.7,127.1,7.14,46.29,30.51,16.09,0.95,11.1,60.12,3.280840304500585,8.700972080037227,3.0701278234985114
70.03,142.67,22.47,54.59,47.39,19.35,1.35,13.32,49.77,3.280840304500585,8.700972080037227,3.0701278234985114
62.95,150.56,10.38,43.3,31.56,20.43,1.31,15.23,49.23,3.280840304500585,8.700972080037227,3.0701278234985114
85.64,158.56,11.88,48.0,35.28,28.68,1.43,11.31,33.43,3.280840304500585,8.700972080037227,3.0701278234985114
105.95,162.64,8.74,36.38,26.55,30.81,1.22,10.5,28.41,3.280840304500585,8.700972080037227,3.0701278234985114
87.22,145.21,10.87,40.78,30.61,22.86,1.13,16.63,32.11,3.280840304500585,8.700972080037227,3.0701278234985114
61.76,107.46,7.75,39.66,27.49,18.85,0.94,15.78,40.37,3.280840304500585,8.700972080037227,3.0701278234985114
52.0,103.34,5.45,39.37,25.46,16.05,0.82,14.48,48.53,3.280840304500585,8.700972080037227,3.0701278234985114
66.21,133.21,6.97,45.66,30.04,19.36,1.11,12.89,44.59,3.280840304500585,8.700972080037227,3.0701278234985114
77.7,142.79,6.32,37.59,25.21,25.19,0.95,11.27,39.34,3.280840304500585,8.700972080037227,3.0701278234985114
65.7,118.35,7.78,40.99,28.22,20.4,0.93,11.19,55.28,3.280840304500585,8.700972080037227,3.0701278234985114
55.61,153.75,17.0,53.06,42.13,19.31,1.27,12.64,46.25,3.280840304500585,8.700972080037227,3.0701278234985114
80.92,197.84,23.08,60.5,51.03,23.33,1.56,7.33,40.15,3.280840304500585,8.700972080037227,3.0701278234985114
78.94,179.42,14.38,58.1,42.68,24.31,1.5,25.68,46.81,3.280840304500585,8.700972080037227,3.0701278234985114
59.64,173.19,26.16,44.36,44.95,18.5,0.79,16.3,56.0,3.280840304500585,8.700972080037227,3.0701278234985114
51.51,152.6,6.98,29.92,21.68,21.09,0.84,11.42,57.96,3.280840304500585,8.700972080037227,3.0701278234985114
26.35,126.17,5.25,28.66,19.6,11.69,0.64,7.9,60.68,3.280840304500585,8.700972080037227,3.0701278234985114
61.02,121.23,5.37,37.6,24.46,18.98,0.84,7.17,56.55,3.280840304500585,8.700972080037227,3.0701278234985114
41.52,106.72,5.76,45.69,29.07,14.79,0.88,12.28,55.07,3.280840304500585,8.700972080037227,3.0701278234985114
48.21,126.71,5.31,38.18,24.71,18.91,0.93,10.79,53.66,3.280840304500585,8.700972080037227,3.0701278234985114
62.84,133.91,7.6,42.27,28.75,20.4,1.04,14.53,53.22,3.280840304500585,8.700972080037227,3.0701278234985114
53.09,124.54,4.45,37.05,23.41,17.49,0.85,6.99,65.74,3.280840304500585,8.700972080037227,3.0701278234985114
60.4,129.16,4.6,36.83,23.42,18.9,0.86,15.08,66.81,3.280840304500585,8.700972080037227,3.0701278234985114
53.49,122.11,3.78,32.47,20.42,15.92,0.73,8.24,76.07,3.280840304500585,8.700972080037227,3.0701278234985114
45.82,89.86,3.49,32.12,20.01,15.16,0.71,9.61,82.58,3.280840304500585,8.700972080037227,3.0701278234985114
49.99,113.78,3.78,40.19,24.55,15.35,0.89,13.31,73.51,3.280840304500585,8.700972080037227,3.0701278234985114
46.41,106.47,4.08,38.68,23.97,14.81,0.87,14.92,76.77,3.280840304500585,8.700972080037227,3.0701278234985114
58.48,148.28,15.32,48.9,38.55,17.56,1.21,21.56,66.72,3.280840304500585,8.700972080037227,3.0701278234985114
87.83,220.69,18.42,58.91,46.4,22.76,1.66,14.22,47.65,3.280840304500585,8.700972080037227,3.0701278234985114
57.25,176.09,5.2,46.76,29.18,19.61,1.03,7.45,67.55,3.280840304500585,8.700972080037227,3.0701278234985114
49.0,175.48,8.68,51.43,34.5,19.47,1.13,27.49,61.27,3.280840304500585,8.700972080037227,3.0701278234985114
43.85,143.22,11.29,59.43,40.88,19.16,1.17,28.89,45.77,3.280840304500585,8.700972080037227,3.0701278234985114
38.03,135.71,13.08,57.99,41.47,14.98,1.26,26.67,50.86,3.280840304500585,8.700972080037227,3.0701278234985114
36.17,131.02,10.78,55.27,38.25,13.6,1.02,33.94,61.11,3.280840304500585,8.700972080037227,3.0701278234985114
35.5,135.29,10.03,46.73,33.1,13.45,0.84,43.76,57.41,3.280840304500585,8.700972080037227,3.0701278234985114
48.82,147.98,2.01,28.42,16.84,17.72,0.71,47.46,83.37,3.280840304500585,8.700972080037227,3.0701278234985114
52.9,149.75,4.77,31.98,20.98,19.34,0.87,29.67,76.0,3.280840304500585,8.700972080037227,3.0701278234985114
56.47,154.27,3.69,32.01,20.13,22.42,0.86,29.92,74.82,3.280840304500585,8.700972080037227,3.0701278234985114
78.47,149.05,4.03,31.8,20.28,29.18,0.96,24.92,63.72,3.280840304500585,8.700972080037227,3.0701278234985114
64.76,136.8,4.14,35.66,22.42,24.36,0.92,14.21,71.82,3.280840304500585,8.700972080037227,3.0701278234985114
46.56,128.83,7.85,39.53,27.5,15.91,0.97,21.25,65.5,3.280840304500585,8.700972080037227,3.0701278234985114
56.79,182.16,26.5,52.94,49.79,18.01,1.06,21.11,51.59,3.280840304500585,8.700972080037227,3.0701278234985114
45.15,164.28,9.62,41.04,29.74,17.34,1.0,8.22,63.08,3.280840304500585,8.700972080037227,3.0701278234985114
45.67,143.39,2.47,35.5,20.97,16.08,0.76,23.42,77.11,3.280840304500585,8.700972080037227,3.0701278234985114
57.17,177.99,13.46,47.39,36.23,16.95,1.18,31.84,61.89,3.280840304500585,8.700972080037227,3.0701278234985114
56.96,156.55,5.85,35.63,23.8,21.11,1.01,25.01,68.96,3.280840304500585,8.700972080037227,3.0701278234985114
42.46,103.2,3.0,29.98,18.48,20.47,0.75,15.23,66.4,3.280840304500585,8.700972080037227,3.0701278234985114
35.71,127.07,3.65,27.86,17.87,14.47,0.68,14.06,69.86,3.280840304500585,8.700972080037227,3.0701278234985114
50.42,150.43,2.5,26.59,16.27,15.87,0.65,10.82,77.01,3.280840304500585,8.700972080037227,3.0701278234985114
31.62,139.82,2.23,20.25,12.67,11.22,0.46,11.88,74.61,3.280840304500585,8.700972080037227,3.0701278234985114
39.0,152.86,2.36,19.42,12.33,12.66,0.46,11.8,56.95,3.280840304500585,8.700972080037227,3.0701278234985114
31.08,136.03,3.96,25.61,16.93,10.92,0.59,12.4,73.08,3.280840304500585,8.700972080037227,3.0701278234985114
26.46,90.56,4.44,27.92,18.55,11.62,0.71,12.32,65.71,3.280840304500585,8.700972080037227,3.0701278234985114
24.67,136.07,2.1,20.28,12.59,7.68,0.51,14.59,74.51,3.280840304500585,8.700972080037227,3.0701278234985114
31.08,149.46,7.44,33.84,24.13,9.91,0.91,8.41,68.34,3.280840304500585,8.700972080037227,3.0701278234985114
32.78,138.8,7.14,37.17,25.58,13.22,0.99,9.03,64.88,3.280840304500585,8.700972080037227,3.0701278234985114
29.44,112.15,2.98,30.64,18.8,14.25,0.78,10.44,78.11,3.280840304500585,8.700972080037227,3.0701278234985114
30.25,97.28,2.47,30.26,18.2,14.35,0.79,12.89,82.85,3.280840304500585,8.700972080037227,3.0701278234985114
37.56,121.09,3.37,35.15,21.52,15.42,0.93,12.13,72.94,3.280840304500585,8.700972080037227,3.0701278234985114
38.33,115.47,2.26,25.91,15.7,15.65,0.62,18.02,74.85,3.280840304500585,8.700972080037227,3.0701278234985114
48.89,155.55,2.72,23.62,14.86,11.96,0.78,10.45,78.9,3.280840304500585,8.700972080037227,3.0701278234985114
41.97,118.18,1.68,18.18,11.13,16.18,0.62,13.7,71.63,3.280840304500585,8.700972080037227,3.0701278234985114
39.45,120.22,1.94,21.97,13.32,16.32,0.72,13.72,64.16,3.280840304500585,8.700972080037227,3.0701278234985114
35.52,113.66,1.6,15.64,9.71,16.45,0.55,12.88,68.08,3.280840304500585,8.700972080037227,3.0701278234985114
32.15,105.58,3.72,6.76,6.73,14.65,0.5,11.77,56.41,3.280840304500585,8.700972080037227,3.0701278234985114
27.54,109.33,3.62,7.8,7.19,14.11,0.56,12.99,55.53,3.280840304500585,8.700972080037227,3.0701278234985114
44.88,122.8,3.95,11.2,9.27,15.61,0.68,13.32,46.95,3.280840304500585,8.700972080037227,3.0701278234985114
37.43,93.53,3.68,9.08,7.91,14.94,0.66,13.68,55.35,3.280840304500585,8.700972080037227,3.0701278234985114
57.8,115.67,4.04,13.67,10.66,14.93,0.8,15.84,47.76,3.280840304500585,8.700972080037227,3.0701278234985114
53.54,130.31,4.02,11.17,9.31,14.78,0.76,15.88,48.17,3.280840304500585,8.700972080037227,3.0701278234985114
59.34,113.89,4.18,12.85,10.33,19.32,0.79,15.02,58.23,3.280840304500585,8.700972080037227,3.0701278234985114
42.56,126.07,3.89,8.33,7.68,16.18,0.59,11.37,73.63,3.280840304500585,8.700972080037227,3.0701278234985114
60.33,132.44,4.25,11.96,9.91,14.59,0.75,17.29,63.71,3.280840304500585,8.700972080037227,3.0701278234985114
39.31,115.59,4.07,9.89,8.67,16.0,0.64,14.84,78.35,3.280840304500585,8.700972080037227,3.0701278234985114
47.96,102.17,4.09,12.98,10.32,15.4,0.69,15.2,80.27,3.280840304500585,8.700972080037227,3.0701278234985114
57.59,113.97,3.96,11.31,9.33,15.13,0.79,16.91,83.48,3.280840304500585,8.700972080037227,3.0701278234985114
41.99,117.82,3.02,10.04,7.74,15.21,0.57,13.09,63.33,3.280840304500585,8.700972080037227,3.0701278234985114
39.18,125.19,3.95,9.76,8.5,11.98,0.4,11.27,65.82,3.280840304500585,8.700972080037227,3.0701278234985114
41.85,134.46,3.72,9.74,8.31,12.77,0.48,11.37,76.15,3.280840304500585,8.700972080037227,3.0701278234985114
26.39,85.85,2.43,11.61,8.14,18.78,0.47,11.08,81.91,3.280840304500585,8.700972080037227,3.0701278234985114
35.29,66.47,1.24,11.29,7.12,14.99,0.47,13.07,86.55,3.280840304500585,8.700972080037227,3.0701278234985114
82.89,130.53,1.84,16.1,10.13,17.23,0.73,12.94,80.84,3.280840304500585,8.700972080037227,3.0701278234985114
44.8,96.89,1.32,12.18,7.66,15.8,0.55,7.65,85.66,3.280840304500585,8.700972080037227,3.0701278234985114
32.01,107.92,1.67,11.74,7.69,14.71,0.43,12.13,74.3,3.280840304500585,8.700972080037227,3.0701278234985114
27.77,88.38,1.14,9.25,5.94,11.53,0.44,9.17,71.92,3.280840304500585,8.700972080037227,3.0701278234985114
31.58,122.09,1.36,8.81,5.88,17.68,0.46,9.41,67.22,3.280840304500585,8.700972080037227,3.0701278234985114
15.83,76.1,1.54,7.98,5.58,14.14,0.36,8.64,88.12,3.280840304500585,8.700972080037227,3.0701278234985114
34.54,89.22,1.26,11.61,7.28,12.35,0.48,13.95,88.75,3.280840304500585,8.700972080037227,3.0701278234985114
27.52,93.84,1.17,11.32,7.06,10.24,0.44,7.76,83.57,3.280840304500585,8.700972080037227,3.0701278234985114
9.48,36.92,0.7,8.68,5.18,14.69,0.28,8.87,99.3,3.280840304500585,8.700972080037227,3.0701278234985114
24.64,63.97,1.01,11.92,7.17,15.3,0.49,14.95,84.88,3.280840304500585,8.700972080037227,3.0701278234985114
24.57,65.88,1.26,12.17,7.58,14.51,0.48,13.84,87.38,3.280840304500585,8.700972080037227,3.0701278234985114
21.91,56.23,1.51,13.25,8.37,17.97,0.44,14.9,82.98,3.280840304500585,8.700972080037227,3.0701278234985114
26.18,70.96,1.36,13.19,8.2,16.36,0.47,20.6,80.83,3.280840304500585,8.700972080037227,3.0701278234985114
24.81,68.94,1.26,12.37,7.69,14.69,0.46,12.43,85.94,3.280840304500585,8.700972080037227,3.0701278234985114
19.6,66.04,1.06,9.67,6.09,15.0,0.37,7.47,89.45,3.280840304500585,8.700972080037227,3.0701278234985114
20.12,99.16,2.6,9.55,7.28,9.94,0.38,8.06,87.72,3.280840304500585,8.700972080037227,3.0701278234985114
16.4,105.71,1.05,10.15,6.34,7.75,0.36,14.42,89.05,3.280840304500585,8.700972080037227,3.0701278234985114
22.62,90.6,1.18,9.55,6.09,9.79,0.45,20.3,103.85,3.280840304500585,8.700972080037227,3.0701278234985114
17.85,114.83,1.14,5.46,3.91,10.6,0.3,12.38,71.28,3.280840304500585,8.700972080037227,3.0701278234985114
19.7,111.09,1.15,5.82,4.1,12.14,0.33,13.02,45.17,3.280840304500585,8.700972080037227,3.0701278234985114
21.88,154.8,1.21,5.49,3.99,11.91,0.33,8.67,57.96,3.280840304500585,8.700972080037227,3.0701278234985114
29.45,134.89,1.05,6.19,4.21,12.83,0.4,5.72,47.8,3.280840304500585,8.700972080037227,3.0701278234985114
21.03,96.44,0.59,6.88,4.14,11.5,0.41,7.93,42.81,3.280840304500585,8.700972080037227,3.0701278234985114
65.25,99.73,17.574729662029362,15.21,32.30912333307031,7.9,2.74,4.75,8.37,0.0,8.700972080037227,3.0701278234985114
76.19,128.13,17.574729662029362,17.33,32.30912333307031,8.03,2.45,5.51,7.53,0.0,8.700972080037227,3.0701278234985114
72.55,124.51,17.574729662029362,20.44,32.30912333307031,7.18,2.5,5.91,7.15,0.0,8.700972080037227,3.0701278234985114
70.49,118.77,0.03,12.24,0.06,6.96,2.78,4.29,6.41,0.0,8.700972080037227,3.0701278234985114
76.89,148.86,11.18,22.86,34.03,9.6,4.14,8.26,13.14,3.280840304500585,8.700972080037227,3.0701278234985114
75.71,145.18,8.62,25.21,33.81,9.13,4.1,9.56,13.63,3.280840304500585,8.700972080037227,3.0701278234985114
64.48,106.39,9.44,18.72,28.16,9.61,4.01,8.13,12.38,3.280840304500585,8.700972080037227,3.0701278234985114
38.64,84.51,7.69,16.69,24.37,8.96,3.89,7.21,13.41,3.280840304500585,8.700972080037227,3.0701278234985114
32.99,62.38,7.35,19.27,26.62,8.42,3.59,9.2,13.92,3.280840304500585,8.700972080037227,3.0701278234985114
74.1,135.13,12.72,22.3,35.01,8.89,3.62,8.3,13.72,3.280840304500585,8.700972080037227,3.0701278234985114
76.03,158.72,11.93,25.89,37.8,8.62,3.63,8.64,14.53,0.0,8.700972080037227,3.0701278234985114
84.71,191.72,22.42,24.54,46.95,9.2,3.7,7.61,9.66,0.0,8.700972080037227,3.0701278234985114
109.21,276.97,17.5,28.46,45.95,8.62,3.81,13.52,13.3,0.0,8.700972080037227,3.0701278234985114
88.45,214.45,19.2,30.18,49.38,10.39,3.86,20.18,15.95,0.0,8.700972080037227,3.0701278234985114
74.27,154.49,17.48,22.86,40.33,11.48,3.75,14.98,10.83,1.29,8.700972080037227,3.0701278234985114
66.41,152.61,24.58,23.43,48.0,12.9,3.88,15.16,11.3,1.87,8.700972080037227,3.0701278234985114
79.47,175.17,15.04,22.68,37.71,12.43,3.86,15.25,10.51,0.0,8.700972080037227,3.0701278234985114
97.62,216.82,22.92,24.04,46.95,13.25,4.04,15.44,10.33,0.0,8.700972080037227,3.0701278234985114
101.02,194.6,13.89,27.3,41.21,9.57,3.9,15.67,15.6,0.0,8.700972080037227,3.0701278234985114
84.67,156.42,22.87,20.09,42.94,11.94,3.93,15.71,14.21,0.0,8.700972080037227,3.0701278234985114
84.18,185.76,9.35,25.52,34.87,9.49,3.91,14.55,16.45,0.0,8.700972080037227,3.0701278234985114
60.56,99.16,7.48,19.97,27.45,10.02,3.92,15.79,16.75,0.0,8.700972080037227,3.0701278234985114
82.22,157.33,10.59,20.98,31.56,10.55,4.01,16.16,18.95,0.0,8.700972080037227,3.0701278234985114
60.63,123.03,10.35,20.27,30.6,10.33,4.0,15.32,13.01,0.0,8.700972080037227,3.0701278234985114
62.08,131.56,12.65,19.46,32.1,10.25,3.83,14.87,20.89,0.0,8.700972080037227,3.0701278234985114
53.48,118.71,8.46,18.32,26.77,9.16,3.72,14.75,23.32,0.0,8.700972080037227,3.0701278234985114
47.96,84.93,6.93,15.99,22.92,8.52,3.55,13.86,20.06,0.0,8.700972080037227,3.0701278234985114
65.81,107.11,7.22,17.02,24.24,7.77,3.51,14.64,20.7,0.0,8.700972080037227,3.0701278234985114
48.4,101.29,9.78,15.68,25.46,8.42,3.55,13.96,19.92,0.0,8.700972080037227,3.0701278234985114
51.76,106.64,6.1,15.28,21.38,7.86,3.43,13.32,20.56,0.0,8.700972080037227,3.0701278234985114
62.35,133.3,6.42,19.07,25.47,7.31,3.52,13.43,21.43,0.0,8.700972080037227,3.0701278234985114
53.98,119.41,7.62,17.65,25.26,7.61,3.42,13.44,17.38,0.0,8.700972080037227,3.0701278234985114
66.41,148.03,7.22,19.7,26.9,8.06,3.38,13.28,13.64,0.0,8.700972080037227,3.0701278234985114
72.11,171.44,8.44,17.41,25.85,8.97,3.43,13.1,20.82,0.0,8.700972080037227,3.0701278234985114
59.53,134.21,6.27,17.68,23.92,9.01,3.37,13.05,20.1,0.0,8.700972080037227,3.0701278234985114
66.7,157.14,6.29,21.15,27.44,8.93,3.35,13.8,23.5,0.0,8.700972080037227,3.0701278234985114
71.55,160.58,6.62,18.11,24.71,9.42,3.5,13.34,22.42,0.0,8.700972080037227,3.0701278234985114
63.99,129.83,21.34,21.17,42.5,9.26,3.47,12.91,12.92,0.0,8.700972080037227,3.0701278234985114
90.1,217.95,33.86,20.64,54.51,9.26,3.55,13.04,12.41,0.0,8.700972080037227,3.0701278234985114
59.15,141.27,5.1,19.72,24.81,9.72,3.28,13.13,23.52,0.0,8.700972080037227,3.0701278234985114
84.31,199.05,11.81,23.6,35.41,10.58,3.71,13.85,13.79,0.0,8.700972080037227,3.0701278234985114
63.4,162.61,11.46,19.53,30.97,10.0,3.34,12.87,15.67,0.0,8.700972080037227,3.0701278234985114
66.68,157.02,7.13,21.6,28.73,9.78,3.24,13.7,18.19,0.0,8.700972080037227,3.0701278234985114
84.36,203.02,10.37,23.62,33.99,9.89,3.38,13.78,21.32,0.0,8.700972080037227,3.0701278234985114
70.22,169.4,5.74,21.61,27.35,9.27,3.3,14.21,26.7,0.31,8.700972080037227,3.0701278234985114
43.2,115.78,4.69,14.32,19.0,8.81,3.23,13.55,29.9,0.16,8.700972080037227,3.0701278234985114
27.32,88.77,9.05,14.05,22.91,12.42,3.38,13.08,30.29,0.24,8.700972080037227,3.0701278234985114
49.8,95.59,8.23,14.82,23.04,14.5,3.54,13.66,12.87,0.0,8.700972080037227,3.0701278234985114
30.34,71.62,8.09,15.32,23.4,13.56,3.35,13.32,30.1,0.0,8.700972080037227,3.0701278234985114
40.96,79.29,5.55,15.28,20.84,11.3,3.13,12.72,20.38,0.0,8.700972080037227,3.0701278234985114
56.56,126.57,11.32,17.87,29.18,9.88,3.25,12.74,26.05,0.0,8.700972080037227,3.0701278234985114
64.78,159.85,6.57,21.58,28.14,9.21,3.32,12.87,26.57,0.0,8.700972080037227,3.0701278234985114
67.12,167.38,5.2,21.61,26.82,8.49,3.28,12.88,29.03,0.0,8.700972080037227,3.0701278234985114
66.6,147.27,4.05,18.02,22.09,7.6,3.19,13.14,33.22,0.0,8.700972080037227,3.0701278234985114
80.49,170.83,6.43,20.22,25.71,7.85,3.3,13.48,27.09,0.0,8.700972080037227,3.0701278234985114
92.4,232.53,8.21,22.49,24.53,7.61,2.7,13.12,24.27,0.0,8.700972080037227,3.0701278234985114
65.29,159.02,5.4,18.31,23.7,10.42,3.3,13.13,31.11,0.0,8.700972080037227,3.0701278234985114
61.67,140.15,4.29,16.7,20.99,10.84,3.18,13.2,28.72,0.0,8.700972080037227,3.0701278234985114
49.68,112.47,3.61,17.05,20.66,9.41,3.12,13.03,32.84,0.0,8.700972080037227,3.0701278234985114
52.02,110.69,4.62,18.72,23.32,8.51,3.17,12.99,28.89,0.0,8.700972080037227,3.0701278234985114
35.89,67.19,4.84,15.89,20.7,8.07,3.14,12.74,17.21,0.0,8.700972080037227,3.0701278234985114
45.36,74.62,4.27,16.05,20.32,7.52,3.17,12.69,23.72,0.0,8.700972080037227,3.0701278234985114
53.9,107.07,3.86,19.28,23.14,7.53,3.14,12.71,28.91,0.0,8.700972080037227,3.0701278234985114
56.8,133.44,3.57,16.64,20.2,7.14,3.06,12.53,27.16,0.0,8.700972080037227,3.0701278234985114
52.0,120.05,2.87,14.32,17.18,6.6,3.05,12.6,31.76,0.24,8.700972080037227,3.0701278234985114
53.83,97.81,4.57,16.37,20.93,6.37,3.08,12.4,18.8,0.0,8.700972080037227,3.0701278234985114
61.45,124.05,5.85,16.3,22.14,5.91,3.16,12.69,27.95,0.0,8.700972080037227,3.0701278234985114
50.51,100.95,3.23,14.56,17.79,5.78,3.03,12.64,24.89,0.0,8.700972080037227,3.0701278234985114
72.02,134.28,4.94,17.34,22.28,5.54,3.15,12.52,22.75,0.0,8.700972080037227,3.0701278234985114
56.13,95.61,4.61,13.41,18.01,5.25,3.15,12.5,25.15,0.0,8.700972080037227,3.0701278234985114
46.32,92.4,4.28,13.75,18.03,4.71,2.99,12.47,27.18,0.0,8.700972080037227,3.0701278234985114
51.03,99.86,2.7,14.46,17.16,4.48,2.97,12.43,25.04,0.0,8.700972080037227,3.0701278234985114
50.59,108.1,3.13,15.63,18.76,4.39,2.97,12.53,25.46,0.0,8.700972080037227,3.0701278234985114
41.71,84.85,2.89,15.91,18.81,4.07,2.92,12.74,26.14,0.05,8.700972080037227,3.0701278234985114
53.87,98.28,5.84,13.92,19.75,4.64,3.0,12.79,24.01,1.3,8.700972080037227,3.0701278234985114
41.89,88.67,6.95,10.94,17.9,4.95,2.99,12.85,24.37,1.89,8.700972080037227,3.0701278234985114
45.66,106.31,5.45,13.01,18.44,5.56,2.98,12.76,26.32,1.61,8.700972080037227,3.0701278234985114
38.05,61.23,6.37,11.19,17.52,6.58,2.96,12.51,16.82,0.83,8.700972080037227,3.0701278234985114
50.06,97.1,4.04,10.51,14.55,10.2,2.57,12.78,15.23,3.29,8.700972080037227,3.0701278234985114
55.84,100.01,3.62,11.86,15.49,15.1,2.38,12.77,13.33,2.13,8.700972080037227,3.0701278234985114
42.67,74.46,2.58,9.62,12.19,14.54,2.36,12.53,19.24,2.03,8.700972080037227,3.0701278234985114
49.76,70.51,2.75,10.25,13.0,16.14,2.45,12.42,16.37,2.38,8.700972080037227,3.0701278234985114
55.9,79.68,3.71,10.8,14.51,15.24,2.56,12.48,13.69,2.55,8.700972080037227,3.0701278234985114
47.22,61.64,4.22,9.87,14.1,12.38,2.63,12.34,16.47,3.88,8.700972080037227,3.0701278234985114
41.95,60.84,3.18,10.79,13.97,10.41,2.57,12.31,13.8,2.74,8.700972080037227,3.0701278234985114
32.83,118.12710293078135,2.81,9.42,12.23,8.92,2.47,12.19,18.76,1.36,8.700972080037227,3.0701278234985114
39.46,118.12710293078135,3.34,11.6,14.93,8.12,2.53,12.32,13.16,1.6,8.700972080037227,3.0701278234985114
66.26,118.12710293078135,5.36,13.62,18.98,7.62,2.57,12.5,13.34,2.41,8.700972080037227,3.0701278234985114
88.97,118.12710293078135,4.85,13.34,18.18,7.09,2.6,12.62,15.58,1.84,8.700972080037227,3.0701278234985114
74.96,118.12710293078135,9.56,16.06,25.62,6.58,2.74,12.8,14.78,4.44,8.700972080037227,3.0701278234985114
62.05,118.12710293078135,5.37,15.06,20.41,6.29,2.61,12.62,14.15,2.98,8.700972080037227,3.0701278234985114
38.68,103.39,4.32,13.27,17.58,6.0,2.51,12.52,16.33,1.33,8.700972080037227,3.0701278234985114
46.46,105.66,3.69,13.27,16.96,6.5,2.5,12.38,15.69,2.62,8.700972080037227,3.0701278234985114
47.81,95.03,3.67,12.19,15.83,7.47,2.54,12.39,16.86,2.33,8.700972080037227,3.0701278234985114
35.95,53.61,3.62,10.89,14.5,7.48,2.56,12.32,16.06,1.62,8.700972080037227,3.0701278234985114
44.95,79.31,4.71,12.48,17.18,7.0,2.56,12.32,12.49,1.78,8.700972080037227,3.0701278234985114
43.18,84.77,4.78,12.92,17.69,6.5,2.59,12.6,12.76,1.76,8.700972080037227,3.0701278234985114
30.19,70.34,2.99,12.35,15.34,5.92,2.5,12.75,18.13,1.29,8.700972080037227,3.0701278234985114
30.66,53.71,4.93,10.81,15.74,5.84,2.5,12.38,7.73,0.7,8.700972080037227,3.0701278234985114
22.36,43.09,6.22,8.51,14.74,5.69,2.57,12.18,6.19,1.12,8.700972080037227,3.0701278234985114
18.95,38.45,4.01,7.8,11.8,5.04,2.48,12.34,10.2,0.56,8.700972080037227,3.0701278234985114
32.68,63.16,5.91,9.4,15.3,5.0,2.52,12.43,9.39,0.72,8.700972080037227,3.0701278234985114
46.65,94.54,6.6,10.23,16.84,4.88,2.6,12.53,10.8,1.59,8.700972080037227,3.0701278234985114
45.42,76.09,5.22,11.47,16.7,5.0,2.68,12.93,11.71,2.96,8.700972080037227,3.0701278234985114
30.04,53.49,3.47,9.57,13.04,4.76,2.46,12.34,11.21,0.67,8.700972080037227,3.0701278234985114
38.52,55.35,5.09,11.42,16.5,5.24,2.71,12.88,9.38,3.53,8.700972080037227,3.0701278234985114
36.48,62.09,5.99,10.39,16.28,4.94,2.43,12.62,8.97,1.2,8.700972080037227,3.0701278234985114
31.92,63.99,4.54,11.38,15.92,4.76,2.14,12.69,9.16,1.01,8.700972080037227,3.0701278234985114
37.85,78.56,4.67,10.43,15.1,4.64,2.17,12.43,9.26,1.08,8.700972080037227,3.0701278234985114
49.42,93.84,5.61,10.53,16.13,4.76,2.27,12.59,10.13,1.34,8.700972080037227,3.0701278234985114
31.45,53.03,4.7,9.56,14.25,4.56,2.19,12.7,8.26,0.68,8.700972080037227,3.0701278234985114
29.41,49.46,4.55,9.23,13.78,4.38,2.14,12.59,7.95,0.6,8.700972080037227,3.0701278234985114
27.87,50.74,5.23,9.72,14.95,4.48,2.22,12.64,7.22,0.98,8.700972080037227,3.0701278234985114
29.38,49.42,6.44,9.99,16.42,4.37,2.3,12.73,6.93,1.19,8.700972080037227,3.0701278234985114
30.48,44.06,4.76,9.6,14.36,4.88,2.28,12.93,7.72,1.15,8.700972080037227,3.0701278234985114
29.94,43.49,3.96,9.26,13.22,6.46,2.27,12.87,8.68,1.64,8.700972080037227,3.0701278234985114
25.35,37.98,3.73,7.72,11.45,7.8,2.08,12.27,8.23,0.5,8.700972080037227,3.0701278234985114
13.0,23.51,3.75,5.59,9.34,7.3,2.0,11.95,7.14,0.36,8.700972080037227,3.0701278234985114
17.13,25.16,5.52,7.81,13.31,6.94,2.07,12.26,6.28,0.44,8.700972080037227,3.0701278234985114
21.11,24.46,4.36,8.66,13.03,6.69,2.22,12.85,7.71,1.96,8.700972080037227,3.0701278234985114
28.94,38.86,4.84,8.29,13.13,6.25,2.13,12.68,6.81,1.2,8.700972080037227,3.0701278234985114
30.5,50.63,7.18,10.79,17.98,5.82,2.14,13.03,6.32,1.11,8.700972080037227,3.0701278234985114
70.94,122.95,7.85,11.1,18.95,4.74,0.0,12.86,6.29,1.01,8.700972080037227,3.0701278234985114
87.09,133.51,8.56,9.83,18.37,4.67,0.0,12.57,7.04,0.5,8.700972080037227,3.0701278234985114
52.13,134.21,5.68,9.64,15.31,4.59,0.0,12.66,6.7,0.25,8.700972080037227,3.0701278234985114
51.65,98.18,11.12,7.82,18.93,4.78,0.0,12.58,4.2,0.39,8.700972080037227,3.0701278234985114
67.45057794890306,151.07,15.0,14.44,29.43,5.23,0.0,13.53,11.13,0.58,8.700972080037227,3.0701278234985114
67.45057794890306,150.92,17.35,13.22,30.57,5.32,0.0,13.3,8.04,0.96,8.700972080037227,3.0701278234985114
67.45057794890306,123.54,12.92,10.15,23.06,5.1,0.0,12.86,6.24,0.52,8.700972080037227,3.0701278234985114
67.45057794890306,120.15,13.59,10.66,24.24,4.86,0.0,12.79,5.71,0.41,8.700972080037227,3.0701278234985114
67.45057794890306,129.42,14.41,12.16,26.57,5.78,0.0,13.07,8.09,0.98,8.700972080037227,3.0701278234985114
67.45057794890306,100.23,12.17,10.61,20.07,7.09,0.9,13.05,7.18,0.12,8.700972080037227,3.0701278234985114
6.6,102.69,12.98,15.43,21.14,10.53,2.76,12.65,8.21,0.07,8.700972080037227,3.0701278234985114
9.59,115.07,14.71,19.83,26.35,16.29,0.34,13.42,8.96,0.38,8.700972080037227,3.0701278234985114
67.45057794890306,109.32,14.8,17.1,27.03,24.21,0.31,12.61,8.9,0.43,8.700972080037227,3.0701278234985114
67.45057794890306,111.84,16.46,20.64,26.71,19.82,0.29,12.67,9.39,0.61,8.700972080037227,3.0701278234985114
67.45057794890306,104.53,16.86,20.31,31.6,17.22,0.45,12.82,9.47,0.62,8.700972080037227,3.0701278234985114
70.44,113.42,22.93,22.23,31.54,14.44,0.49,12.92,9.02,0.52,8.700972080037227,3.0701278234985114
69.02,111.27,24.29,19.93,39.44,13.21,0.55,13.67,7.43,0.64,8.700972080037227,3.0701278234985114
73.08,115.6,28.51,24.11,39.82,12.17,0.57,14.14,9.8,0.66,8.700972080037227,3.0701278234985114
70.58,110.05,24.47,25.09,33.03,11.46,0.57,13.59,11.38,0.7,8.700972080037227,3.0701278234985114
81.34,120.17,24.28,28.78,35.01,11.32,0.6,13.52,10.85,0.83,8.700972080037227,3.0701278234985114
122.91,159.59,15.41,17.2,26.43,11.08,0.51,12.92,11.98,0.59,8.700972080037227,3.0701278234985114
92.06,143.86,24.7,23.18,34.2,11.97,0.85,13.31,7.22,0.88,8.700972080037227,3.0701278234985114
63.54,99.01,13.15,16.44,27.25,46.91,1.27,12.87,8.05,19.65,8.700972080037227,3.0701278234985114
87.16,123.32,34.06,11.31,43.06,45.3,1.5,13.48,5.18,13.15,8.700972080037227,3.0701278234985114
86.88,140.22,25.98,17.27,36.79,46.29,1.52,13.38,5.38,18.51,8.700972080037227,3.0701278234985114
62.66,110.94,31.2,19.9,34.6,33.79,1.51,13.89,5.68,14.71,8.700972080037227,3.0701278234985114
79.99,145.42,21.01,23.07,38.21,43.89,2.25,14.08,7.09,19.03,8.700972080037227,3.0701278234985114
65.79,111.43,16.09,25.65,34.56,51.14,2.3,13.59,7.55,10.17,8.700972080037227,3.0701278234985114
87.11,154.42,17.82,24.13,38.96,43.57,2.47,13.66,9.49,12.78,8.700972080037227,3.0701278234985114
91.29,154.7,20.43,24.46,40.71,47.48,2.46,13.88,8.52,12.15,8.700972080037227,3.0701278234985114
53.22,72.18,11.81,18.37,27.14,41.3,3.01,14.57,6.87,0.0,8.700972080037227,3.0701278234985114
68.67,96.01,14.25,17.68,28.38,43.88,2.91,14.64,6.05,0.0,8.700972080037227,3.0701278234985114
93.22,143.45,27.83,15.64,41.44,44.76,3.2,14.62,5.2,0.0,8.700972080037227,3.0701278234985114
63.39,105.7,16.21,23.57,34.04,42.4,3.05,14.76,6.52,0.0,8.700972080037227,3.0701278234985114
95.81,169.49,24.2,23.45,45.2,40.63,3.12,15.49,6.86,0.0,8.700972080037227,3.0701278234985114
109.4,181.71,19.12,26.9,42.16,54.05,3.41,16.72,7.96,0.0,8.700972080037227,3.0701278234985114
56.43,93.57,15.79,20.24,30.68,39.83,3.04,14.89,6.34,0.0,8.700972080037227,3.0701278234985114
66.92,143.42,19.28,22.18,37.74,36.63,3.06,14.66,7.99,0.0,8.700972080037227,3.0701278234985114
84.77,170.2,21.73,28.39,46.87,34.29,3.15,17.35,7.13,0.0,8.700972080037227,3.0701278234985114
45.7,73.79,12.92,18.43,25.9,32.11,3.03,16.22,10.34,0.0,8.700972080037227,3.0701278234985114
64.14,104.07,31.33,20.57,40.98,32.26,3.32,15.88,8.86,0.0,8.700972080037227,3.0701278234985114
99.7,200.58,24.62,23.85,44.39,38.51,3.27,16.92,9.92,0.0,8.700972080037227,3.0701278234985114
89.38,179.97,22.34,24.69,39.88,40.49,3.08,16.07,10.27,0.0,8.700972080037227,3.0701278234985114
89.27,161.18,18.82,19.72,34.99,41.07,3.02,16.13,9.42,0.0,8.700972080037227,3.0701278234985114
63.97,109.26,12.84,21.38,26.44,36.36,3.0,15.42,8.51,0.0,8.700972080037227,3.0701278234985114
66.18,106.57,18.8,16.82,31.93,41.48,2.91,15.91,6.45,0.0,8.700972080037227,3.0701278234985114
55.94,109.22,18.4,16.87,31.35,38.28,2.95,15.61,8.49,0.0,8.700972080037227,3.0701278234985114
52.12,114.31,17.63,18.47,30.4,43.34,2.76,14.34,6.88,0.0,8.700972080037227,3.0701278234985114
62.4,124.51,17.32,20.32,30.82,52.69,2.65,10.13,8.78,0.0,8.700972080037227,3.0701278234985114
94.98,173.6,18.76,22.36,34.41,45.64,2.87,4.11,8.91,0.0,8.700972080037227,3.0701278234985114
79.77,144.52,17.27,16.64,28.09,42.47,2.94,2.33,6.92,0.0,8.700972080037227,3.0701278234985114
64.82,125.25,11.15,16.64,24.35,64.58,2.76,4.89,10.01,0.0,8.700972080037227,3.0701278234985114
68.97,132.52,14.32,19.47,29.11,85.5,2.78,7.03,8.67,0.0,8.700972080037227,3.0701278234985114
76.1,145.91,17.04,23.71,34.0,88.02,2.76,7.42,10.58,0.0,8.700972080037227,3.0701278234985114
90.91,173.2,19.36,26.05,36.02,85.46,2.78,8.74,12.61,0.0,8.700972080037227,3.0701278234985114
92.27,182.18,20.12,24.62,37.73,70.45,2.82,7.54,10.01,0.0,8.700972080037227,3.0701278234985114
94.33,187.93,22.33,18.74,36.54,43.34,3.2,7.37,10.39,0.0,8.700972080037227,3.0701278234985114
64.14,121.46,17.2,16.91,29.38,52.54,2.92,7.23,10.42,0.0,8.700972080037227,3.0701278234985114
48.23,84.35,9.7,16.38,21.52,67.92,2.81,7.43,8.82,0.0,8.700972080037227,3.0701278234985114
82.61,151.14,12.99,15.82,25.51,42.63,2.81,7.71,6.92,0.0,8.700972080037227,3.0701278234985114
46.94,71.19,11.91,15.87,24.5,40.52,2.78,6.94,8.06,0.0,8.700972080037227,3.0701278234985114
74.06,118.82,18.63,16.33,29.66,51.75,2.84,7.7,9.26,0.0,8.700972080037227,3.0701278234985114
83.75,157.52,19.05,16.48,29.51,60.66,2.93,7.23,7.68,0.0,8.700972080037227,3.0701278234985114
53.78,79.64,9.14,16.79,20.29,40.96,2.66,7.19,15.17,0.0,8.700972080037227,3.0701278234985114
62.33,97.87,13.09,15.26,22.74,34.96,2.82,6.91,11.55,0.0,8.700972080037227,3.0701278234985114
71.83,118.77,12.16,17.06,24.0,39.39,2.76,6.85,11.53,0.0,8.700972080037227,3.0701278234985114
83.56,155.25,11.2,21.75,25.07,42.17,2.7,7.5,14.36,0.0,8.700972080037227,3.0701278234985114
78.38,138.53,11.15,21.07,26.1,40.46,2.88,8.53,19.62,0.0,8.700972080037227,3.0701278234985114
89.29,166.03,14.83,23.94,32.68,37.9,3.01,7.73,11.09,0.0,8.700972080037227,3.0701278234985114
76.89,175.54,19.64,18.33,34.43,64.57,2.54,7.51,12.61,0.0,8.700972080037227,3.0701278234985114
72.91,152.94,12.92,19.06,27.96,102.72,2.21,7.43,16.54,0.0,8.700972080037227,3.0701278234985114
87.47,175.76,12.79,21.66,28.67,85.21,2.49,7.77,18.37,0.0,8.700972080037227,3.0701278234985114
33.0,54.8,16.3,16.05,27.15,30.66,2.38,7.62,8.4,0.0,8.700972080037227,3.0701278234985114
57.72,116.42,22.12,24.28,20.03,55.52,1.03,8.18,16.32,0.0,8.700972080037227,3.0701278234985114
63.83,139.07,14.57,21.97,31.07,49.01,2.13,7.85,12.23,0.0,8.700972080037227,3.0701278234985114
90.77,198.92,12.81,24.17,31.33,60.61,2.22,7.16,11.69,0.0,8.700972080037227,3.0701278234985114
25.63,70.82,27.14,16.61,19.94,60.71,1.48,7.97,20.53,0.0,8.700972080037227,3.0701278234985114
23.37,53.69,7.97,17.37,17.98,80.64,2.22,6.39,10.1,0.0,8.700972080037227,3.0701278234985114
10.79,42.33,12.66,13.59,21.32,64.38,2.18,7.26,7.45,0.0,8.700972080037227,3.0701278234985114
67.45057794890306,84.88,12.97,15.39,19.69,93.03,2.19,6.54,10.88,0.0,8.700972080037227,3.0701278234985114
76.68,160.24,17.574729662029362,28.560659061126955,0.0,23.48347601937197,0.0,14.53197725590996,34.49143047551845,0.0,8.700972080037227,3.0701278234985114
83.95,192.46,17.574729662029362,28.560659061126955,0.0,23.48347601937197,0.0,14.53197725590996,34.49143047551845,0.0,8.700972080037227,3.0701278234985114
77.54,188.21,18.71,27.54,20.44,77.06,1.41,6.61,23.56,0.0,8.700972080037227,3.0701278234985114
117.28,198.78,43.28,26.85,26.43,107.84,1.08,6.75,5.08,0.0,8.700972080037227,3.0701278234985114
59.41,120.36,34.67,22.14,25.26,54.54,1.53,7.2,28.22,0.0,8.700972080037227,3.0701278234985114
61.29,133.85,17.94,20.97,32.42,43.44,2.88,6.7,21.74,0.0,8.700972080037227,3.0701278234985114
47.47,122.49,17.58,22.48,13.74,34.93,1.19,6.58,11.4,0.0,8.700972080037227,3.0701278234985114
68.52,151.34,17.574729662029362,28.560659061126955,0.0,23.48347601937197,0.0,14.53197725590996,34.49143047551845,0.0,8.700972080037227,3.0701278234985114
45.67,93.26,17.574729662029362,28.560659061126955,0.0,23.48347601937197,0.0,14.53197725590996,34.49143047551845,0.0,8.700972080037227,3.0701278234985114
75.78,173.2,17.574729662029362,28.560659061126955,0.0,23.48347601937197,0.0,14.53197725590996,34.49143047551845,0.0,8.700972080037227,3.0701278234985114
78.6,189.46,17.574729662029362,28.560659061126955,0.0,23.48347601937197,0.0,14.53197725590996,34.49143047551845,0.0,8.700972080037227,3.0701278234985114
66.08,147.09,17.574729662029362,28.560659061126955,0.0,23.48347601937197,0.0,14.53197725590996,34.49143047551845,0.0,8.700972080037227,3.0701278234985114
70.12,143.64,17.574729662029362,28.560659061126955,0.0,23.48347601937197,0.0,14.53197725590996,34.49143047551845,0.0,8.700972080037227,3.0701278234985114
44.97,79.3,36.48,15.39,31.93,37.29,1.92,6.87,35.25,0.0,8.700972080037227,3.0701278234985114
45.14,90.69,24.81,21.23,23.27,28.21,1.92,7.85,33.42,0.0,8.700972080037227,3.0701278234985114
39.41,101.91,19.28,20.62,31.19,43.19,2.36,7.02,20.35,0.0,8.700972080037227,3.0701278234985114
44.87,146.4,7.75,23.41,24.03,38.61,3.17,6.85,19.72,0.0,8.700972080037227,3.0701278234985114
46.98,128.69,6.98,19.09,21.23,42.94,3.01,5.74,14.7,0.0,8.700972080037227,3.0701278234985114
58.45,138.62,9.09,20.3,25.04,41.92,3.17,7.38,17.3,0.0,8.700972080037227,3.0701278234985114
47.05,109.8,7.4,18.44,17.41,44.19,2.55,7.84,20.57,0.0,8.700972080037227,3.0701278234985114
40.9,80.06,10.66,18.4,9.09,45.55,1.48,7.32,23.83,0.0,8.700972080037227,3.0701278234985114
33.62,67.57,7.62,19.75,19.88,39.86,3.12,6.66,16.79,0.0,8.700972080037227,3.0701278234985114
32.78,74.12,5.74,17.04,17.11,55.93,3.06,7.46,24.42,0.0,8.700972080037227,3.0701278234985114
51.53,110.34,5.5,23.39,12.97,41.06,2.17,7.39,21.96,0.0,8.700972080037227,3.0701278234985114
36.15,72.44,11.0,17.47,13.17,39.23,2.01,7.65,23.08,0.0,8.700972080037227,3.0701278234985114
26.6,77.51,15.62,16.16,27.33,36.09,2.92,6.7,14.34,0.0,8.700972080037227,3.0701278234985114
8.32,60.9,12.04,16.96,25.27,37.53,3.25,8.06,17.26,0.0,8.700972080037227,3.0701278234985114
48.94,101.94,13.2,14.56,6.25,40.24,0.89,6.55,3.53,0.0,8.700972080037227,3.0701278234985114
58.33,112.5,7.11,12.95,4.76,47.42,0.99,6.91,41.28,0.0,8.700972080037227,3.0701278234985114
26.52,60.92,23.07,14.67,20.22,39.73,1.36,7.6,30.39,0.0,8.700972080037227,3.0701278234985114
43.88,61.27,1.84,12.2,7.76,28.07,1.91,2.3,9.45,5.1,8.700972080037227,3.0701278234985114
41.34,80.82,3.91,13.5,11.8,32.12,1.91,3.01,11.11,13.58,8.700972080037227,3.0701278234985114
38.5,82.94,1.85,17.82,12.1,27.85,1.93,2.61,11.09,4.91,8.700972080037227,3.0701278234985114
18.41,29.91,26.78,8.11,26.93,28.25,1.98,2.04,8.04,0.77,8.700972080037227,3.0701278234985114
24.34,31.63,10.93,12.26,6.72,30.98,1.57,2.64,9.71,2.95,8.700972080037227,3.0701278234985114
24.81,61.14,4.74,12.62,11.68,46.84,1.85,2.71,7.52,1.49,8.700972080037227,3.0701278234985114
33.21,81.2,5.29,12.05,12.76,28.92,1.97,3.13,7.5,2.13,8.700972080037227,3.0701278234985114
38.78,87.74,7.77,9.48,13.25,42.53,1.92,4.2,7.39,1.71,8.700972080037227,3.0701278234985114
15.83,22.93,4.82,8.21,9.41,73.54,1.98,1.46,3.8,0.0,8.700972080037227,3.0701278234985114
9.9,23.73,7.14,7.87,9.29,194.46,1.85,1.26,4.45,0.0,8.700972080037227,3.0701278234985114
26.93,68.24,14.33,9.0,18.1,35.27,2.05,3.63,7.55,0.0,8.700972080037227,3.0701278234985114
28.16,65.76,5.34,7.5,8.36,44.61,1.54,5.26,4.34,0.0,8.700972080037227,3.0701278234985114
43.12,108.51,8.62,8.02,14.5,41.14,2.0,6.15,5.27,0.0,8.700972080037227,3.0701278234985114
23.19,53.79,14.01,9.02,19.48,57.49,1.97,6.14,3.46,0.0,8.700972080037227,3.0701278234985114
39.35,68.75,3.96,9.97,7.56,45.64,1.83,9.04,6.69,0.0,8.700972080037227,3.0701278234985114
32.21,52.24,1.65,7.26,4.76,33.07,1.92,6.42,4.36,0.0,8.700972080037227,3.0701278234985114
37.79,56.15,3.82,9.04,5.16,39.33,1.92,7.06,5.52,0.0,8.700972080037227,3.0701278234985114
21.99,42.74,4.0,11.0,7.14,36.14,1.95,7.06,5.8,1.83,8.700972080037227,3.0701278234985114
34.35,60.67,15.24,10.09,14.49,36.61,2.02,7.69,4.5,2.92,8.700972080037227,3.0701278234985114
30.32,68.46,4.8,12.19,7.85,30.97,2.0,7.15,6.12,2.69,8.700972080037227,3.0701278234985114
35.6,76.5,3.07,10.28,7.15,33.42,1.96,6.91,5.35,1.63,8.700972080037227,3.0701278234985114
17.73,49.02,1.9,10.64,2.56,37.06,1.42,6.38,5.88,1.99,8.700972080037227,3.0701278234985114
17.5,28.45,3.32,6.65,6.06,13.26,1.93,10.54,4.78,0.0,8.700972080037227,3.0701278234985114
20.52,30.46,4.38,6.16,6.08,40.63,1.92,9.56,5.22,0.0,8.700972080037227,3.0701278234985114
15.34,24.82,4.92,8.23,7.3,19.31,1.97,9.58,4.0,0.0,8.700972080037227,3.0701278234985114
16.98,36.49,3.6,11.43,8.46,19.29,1.95,11.01,5.19,0.0,8.700972080037227,3.0701278234985114
25.9,40.09,7.81,14.16,10.14,21.31,1.87,9.07,4.52,0.0,8.700972080037227,3.0701278234985114
27.59,56.59,6.23,11.07,9.89,44.38,1.92,8.95,4.45,1.16,8.700972080037227,3.0701278234985114
33.54,79.84,10.64,4.44,10.8,24.75,1.51,8.64,4.74,2.14,8.700972080037227,3.0701278234985114
33.37,77.66,10.41,11.01,11.45,19.32,1.72,8.46,5.01,3.47,8.700972080037227,3.0701278234985114
37.4,78.65,6.86,8.67,12.03,28.76,2.0,8.09,3.94,0.8,8.700972080037227,3.0701278234985114
32.19,60.92,11.95,7.12,15.97,43.87,1.98,9.08,3.75,0.0,8.700972080037227,3.0701278234985114
15.64,40.1,7.09,5.24,10.44,23.64,1.95,9.55,5.29,0.0,8.700972080037227,3.0701278234985114
22.3,68.21,7.67,10.74,9.9,17.66,1.99,9.46,4.15,0.47,8.700972080037227,3.0701278234985114
34.26,78.19,8.39,11.38,12.63,14.62,2.04,10.41,4.84,1.37,8.700972080037227,3.0701278234985114
35.88,83.06,6.86,8.73,7.96,34.4,1.84,8.76,4.26,0.28,8.700972080037227,3.0701278234985114
23.5,52.79,4.05,9.36,4.6,56.25,1.5,8.21,5.41,0.0,8.700972080037227,3.0701278234985114
16.66,33.48,5.66,6.28,7.84,35.82,1.91,8.67,3.75,0.0,8.700972080037227,3.0701278234985114
15.27,30.81,7.74,5.87,9.85,17.85,2.01,9.07,3.71,0.0,8.700972080037227,3.0701278234985114
14.78,32.14,3.87,8.3,6.66,24.25,2.02,9.04,3.78,0.12,8.700972080037227,3.0701278234985114
16.93,27.1,12.88,13.28,13.6,42.83,1.9,9.56,5.1,0.0,8.700972080037227,3.0701278234985114
26.05,39.9,4.19,8.81,7.52,17.04,2.14,9.2,4.98,1.68,8.700972080037227,3.0701278234985114
32.16,96.99,6.9,8.45,10.88,13.64,2.17,9.12,4.86,1.27,8.700972080037227,3.0701278234985114
28.96,66.56,3.88,15.17,7.4,39.16,2.07,9.24,4.96,1.28,8.700972080037227,3.0701278234985114
27.41,74.47,2.14,10.3,7.09,55.34,2.03,9.1,5.22,0.0,8.700972080037227,3.0701278234985114
34.76,90.57,8.59,8.36,12.4,44.98,2.17,8.54,5.14,2.98,8.700972080037227,3.0701278234985114
30.55,61.86,8.17,7.86,9.76,48.7,2.06,8.36,5.55,0.0,8.700972080037227,3.0701278234985114
25.13,46.13,7.41,9.91,9.33,25.96,2.09,8.5,6.29,0.72,8.700972080037227,3.0701278234985114
25.41,45.92,2.74,8.59,6.44,32.57,1.68,8.64,4.26,0.0,8.700972080037227,3.0701278234985114
55.0,76.23,21.03,11.6,19.13,41.56,1.6,8.69,5.22,0.32,8.700972080037227,3.0701278234985114
28.89,57.42,5.87,10.42,9.17,34.73,2.02,9.01,4.42,1.2,8.700972080037227,3.0701278234985114
30.73,71.59,9.19,6.99,10.86,16.16,2.07,8.85,5.29,0.0,8.700972080037227,3.0701278234985114
39.96,86.42,7.7,6.33,8.98,38.89,1.62,8.96,6.63,2.7,8.700972080037227,3.0701278234985114
61.88,127.82,8.05,14.13,7.53,25.72,1.06,9.14,5.49,2.15,8.700972080037227,3.0701278234985114
53.11,115.38,7.74,6.34,11.96,12.14,2.12,9.07,6.24,0.12,8.700972080037227,3.0701278234985114
54.85,122.37,8.98,8.46,12.45,64.1,2.16,9.24,4.7,1.04,8.700972080037227,3.0701278234985114
32.62,65.15,9.41,9.1,11.34,28.3,1.81,8.39,4.62,0.37,8.700972080037227,3.0701278234985114
35.99,73.18,7.53,12.77,12.7,24.03,2.11,8.87,4.4,0.0,8.700972080037227,3.0701278234985114
41.21,79.3,11.56,6.08,11.98,18.82,1.72,8.76,3.94,0.0,8.700972080037227,3.0701278234985114
20.53,37.45,4.48,9.73,9.76,36.91,2.16,8.88,4.78,0.0,8.700972080037227,3.0701278234985114
31.58,74.28,9.36,8.53,15.98,78.49,2.23,8.76,4.27,0.0,8.700972080037227,3.0701278234985114
32.15,60.91,8.0,11.54,13.11,44.52,2.17,8.79,4.23,0.0,8.700972080037227,3.0701278234985114
24.43,38.28,2.87,8.4,6.55,58.88,2.03,7.41,4.64,0.0,8.700972080037227,3.0701278234985114
23.14,30.81,2.01,7.08,4.99,75.86,2.04,7.02,4.89,0.0,8.700972080037227,3.0701278234985114
34.74,89.89,7.28,11.56,13.25,76.68,2.15,7.22,4.68,0.0,8.700972080037227,3.0701278234985114
29.75,60.55,13.41,5.35,13.24,86.49,1.88,8.68,3.75,0.0,8.700972080037227,3.0701278234985114
84.24,175.43,13.08,10.87,19.33,92.17,2.31,9.14,4.24,0.0,8.700972080037227,3.0701278234985114
77.18,166.58,17.72,13.3,24.41,53.26,2.38,9.44,4.53,0.0,8.700972080037227,3.0701278234985114
83.03,175.1,13.46,6.59,14.74,16.78,2.13,9.85,5.57,0.0,8.700972080037227,3.0701278234985114
83.14,181.43,11.19,8.78,13.81,72.47,1.41,10.37,5.73,0.17,8.700972080037227,3.0701278234985114
81.1,177.97,16.43,14.19,22.13,63.28,0.52,10.27,5.33,0.56,8.700972080037227,3.0701278234985114
62.63,141.47,16.43,12.46,21.19,66.83,0.6,12.66,6.55,1.58,8.700972080037227,3.0701278234985114
38.64,109.84,12.82,11.79,21.22,95.05,0.63,13.9,5.57,0.0,8.700972080037227,3.0701278234985114
42.37,109.49,17.88,18.7,19.25,58.82,0.47,16.54,8.78,0.0,8.700972080037227,3.0701278234985114
60.96,144.97,17.5,11.75,22.71,95.68,0.62,16.66,5.66,0.0,8.700972080037227,3.0701278234985114
57.49,133.85,21.67,13.4,26.17,78.69,0.64,16.25,8.23,0.6,8.700972080037227,3.0701278234985114
57.19,135.99,20.18,16.54,28.46,70.67,0.7,16.39,10.83,0.9,8.700972080037227,3.0701278234985114
58.09,130.12,22.04,20.33,30.93,44.48,0.74,16.09,13.46,1.87,8.700972080037227,3.0701278234985114
51.52,115.04,19.48,15.26,27.08,83.14,0.78,14.74,6.49,0.56,8.700972080037227,3.0701278234985114
79.1,162.45,26.7,13.89,18.16,53.02,0.39,14.44,9.05,2.28,8.700972080037227,3.0701278234985114
76.72,171.91,19.21,18.41,16.67,48.33,0.49,13.49,5.87,0.0,8.700972080037227,3.0701278234985114
50.88,132.67,16.82,13.95,23.82,46.11,0.87,13.49,7.45,0.0,8.700972080037227,3.0701278234985114
57.47,136.14,11.81,11.63,19.06,31.81,0.88,13.21,4.79,0.0,8.700972080037227,3.0701278234985114
69.64,148.15,12.57,10.03,18.76,29.51,0.89,12.73,4.75,0.0,8.700972080037227,3.0701278234985114
88.71,182.05,13.3,12.97,19.85,25.03,0.92,12.72,5.0,0.0,8.700972080037227,3.0701278234985114
66.14,118.67,14.01,6.85,17.41,60.72,0.97,11.92,5.16,0.0,8.700972080037227,3.0701278234985114
88.94,193.69,19.14,9.81,20.74,88.0,0.81,11.97,5.02,0.0,8.700972080037227,3.0701278234985114
47.74,158.7,18.24,11.19,23.64,76.09,1.02,11.32,5.95,0.0,8.700972080037227,3.0701278234985114
70.08,136.96,17.574729662029362,28.560659061126955,0.0,23.48347601937197,0.0,14.53197725590996,34.49143047551845,0.0,8.700972080037227,3.0701278234985114
63.24,136.41,16.09,14.98,15.21,102.21,0.65,9.94,5.09,0.0,8.700972080037227,3.0701278234985114
75.53,166.11,17.95,13.2,26.21,88.16,1.17,11.07,4.67,0.0,8.700972080037227,3.0701278234985114
64.22,129.06,17.08,14.92,25.29,74.24,1.13,11.69,5.21,83.81,8.700972080037227,3.0701278234985114
54.83,120.83,17.42,15.09,29.92,36.29,0.85,12.63,8.04,299.61,8.700972080037227,3.0701278234985114
62.64,137.13,17.11,22.34,29.82,57.61,0.77,12.14,6.07,43.22,8.700972080037227,3.0701278234985114
64.84,137.89,18.03,19.15,32.09,52.69,0.81,12.04,7.32,0.0,8.700972080037227,3.0701278234985114
68.89,138.53,28.56,9.13,15.28,34.63,0.41,10.7,3.58,0.0,8.700972080037227,3.0701278234985114
75.5,156.39,19.83,25.04,17.9,82.98,0.44,11.26,10.06,58.98,8.700972080037227,3.0701278234985114
82.35,173.7,29.29,21.61,40.7,61.29,0.91,11.96,5.07,0.0,8.700972080037227,3.0701278234985114
65.57,137.46,26.63,15.87,39.15,79.46,0.63,12.09,6.49,129.35,8.700972080037227,3.0701278234985114
61.59,126.98,25.94,15.01,24.78,44.01,0.4,11.53,8.49,0.0,8.700972080037227,3.0701278234985114
50.72,96.88,17.574729662029362,28.560659061126955,0.0,23.48347601937197,0.0,14.53197725590996,34.49143047551845,0.0,8.700972080037227,3.0701278234985114
43.22,88.08,17.83,22.37,27.57,55.66,0.6,11.58,7.36,279.17,8.700972080037227,3.0701278234985114
64.93,140.68,25.56,17.85,36.32,82.58,0.94,5.98,28.69,238.14,8.700972080037227,3.0701278234985114
55.2,118.5,27.17,23.61,35.4,57.47,0.82,5.22,35.47,24.46,8.700972080037227,3.0701278234985114
48.17,104.52,22.82,20.22,33.66,63.05,0.87,5.58,26.37,147.07,8.700972080037227,3.0701278234985114
90.37,184.5,26.75,20.31,42.7,57.85,1.07,7.26,24.75,99.43,8.700972080037227,3.0701278234985114
64.98,105.72,18.88,11.35,26.24,62.38,0.82,4.65,32.82,219.48,8.700972080037227,3.0701278234985114
82.67,157.49,29.81,26.01,43.18,58.43,0.82,3.73,25.93,0.0,8.700972080037227,3.0701278234985114
66.67,133.61,24.67,21.09,38.42,37.18,0.97,4.36,27.86,0.0,8.700972080037227,3.0701278234985114
63.03,129.29,22.53,24.51,35.47,60.47,1.1,3.13,33.37,0.0,8.700972080037227,3.0701278234985114
42.75,81.36,17.53,18.45,27.64,54.21,1.19,2.86,40.09,0.0,8.700972080037227,3.0701278234985114
67.62,129.98,32.76,9.65,41.22,67.9,1.45,3.08,25.55,0.0,8.700972080037227,3.0701278234985114
49.74,108.41,26.25,15.99,34.79,70.72,1.45,3.32,26.9,0.0,8.700972080037227,3.0701278234985114
68.28,140.98,29.12,21.59,43.48,59.3,1.48,4.94,23.88,0.0,8.700972080037227,3.0701278234985114
69.26,116.9,24.77,16.87,35.38,54.19,1.54,4.34,28.24,0.0,8.700972080037227,3.0701278234985114
76.66,108.79,22.1,10.8,29.92,40.28,1.52,4.14,24.27,0.0,8.700972080037227,3.0701278234985114
56.23,91.1,26.82,15.1,26.53,42.93,1.14,4.19,17.32,0.0,8.700972080037227,3.0701278234985114
83.82,184.33,26.56,15.4,36.36,62.42,0.85,6.23,27.36,1.68,8.700972080037227,3.0701278234985114
69.42,125.86,15.35,22.11,27.38,89.04,0.87,4.62,37.69,1.1,8.700972080037227,3.0701278234985114
83.39,158.93,28.64,31.01,37.68,82.8,0.87,5.69,24.53,0.32,8.700972080037227,3.0701278234985114
68.34,133.71,27.57,17.51,22.37,83.67,0.54,4.56,29.78,0.0,8.700972080037227,3.0701278234985114
61.65,134.25,17.574729662029362,28.560659061126955,0.0,23.48347601937197,0.0,14.53197725590996,34.49143047551845,0.0,8.700972080037227,3.0701278234985114
60.24,126.56,17.574729662029362,28.560659061126955,0.0,23.48347601937197,0.0,14.53197725590996,34.49143047551845,0.0,8.700972080037227,3.0701278234985114
70.6,145.59,22.81,22.61,17.64,43.44,0.39,4.98,41.49,0.0,8.700972080037227,3.0701278234985114
74.93,153.51,25.59,21.22,38.89,47.77,0.88,5.54,27.18,0.0,8.700972080037227,3.0701278234985114
78.91,143.98,25.39,13.72,36.33,42.98,0.89,4.77,26.71,0.89,8.700972080037227,3.0701278234985114
59.9,127.63,21.35,12.47,28.37,47.55,0.87,5.34,31.09,1.91,8.700972080037227,3.0701278234985114
55.53,114.45,12.49,21.69,23.91,43.41,0.89,4.05,34.77,1.17,8.700972080037227,3.0701278234985114
54.18,127.55,16.08,16.45,26.96,46.7,0.85,4.43,34.02,0.0,8.700972080037227,3.0701278234985114
52.62,99.77,10.55,20.67,21.78,62.71,0.89,3.77,43.07,0.0,8.700972080037227,3.0701278234985114
69.43,139.05,14.25,24.04,30.81,54.56,0.88,8.79,19.51,2.63,8.700972080037227,3.0701278234985114
65.97,117.63,12.51,17.13,21.63,65.64,0.84,8.81,24.26,0.51,8.700972080037227,3.0701278234985114
71.77,144.14,20.12,12.53,30.85,70.44,0.5,6.7,18.56,0.97,8.700972080037227,3.0701278234985114
52.91,106.4,13.49,15.17,23.33,58.31,0.01,4.45,23.6,0.65,8.700972080037227,3.0701278234985114
64.57,148.99,16.9,19.61,30.05,53.95,0.02,5.27,36.5,0.19,8.700972080037227,3.0701278234985114
84.2,187.19,19.24,19.31,35.49,84.27,0.04,5.21,40.03,0.0,8.700972080037227,3.0701278234985114
79.59,173.45,21.53,28.99,34.85,78.86,0.04,6.12,35.88,0.91,8.700972080037227,3.0701278234985114
78.7,184.84,21.65,27.35,40.68,52.49,0.05,6.66,32.06,3.52,8.700972080037227,3.0701278234985114
81.63,194.14,25.73,19.21,39.88,68.98,0.03,5.62,29.38,1.68,8.700972080037227,3.0701278234985114
69.93,153.82,18.85,26.35,32.78,72.85,0.01,4.27,35.56,3.78,8.700972080037227,3.0701278234985114
53.86,117.98,13.39,22.37,24.22,56.52,0.01,3.73,40.05,1.66,8.700972080037227,3.0701278234985114
62.05,144.59,14.81,23.73,27.39,72.84,0.02,4.49,34.47,0.85,8.700972080037227,3.0701278234985114
66.86,156.78,22.58,22.93,37.21,117.44,0.02,5.32,35.68,1.53,8.700972080037227,3.0701278234985114
79.45,184.8,18.97,28.87,42.25,80.09,0.04,11.05,29.0,1.08,8.700972080037227,3.0701278234985114
82.41,185.18,20.05,23.77,38.65,95.52,0.04,9.58,30.76,2.61,8.700972080037227,3.0701278234985114
70.64,152.08,18.54,20.87,33.35,50.76,0.05,5.77,34.49,0.89,8.700972080037227,3.0701278234985114
91.15,180.05,15.6,23.05,32.29,95.81,0.05,7.63,37.78,0.0,8.700972080037227,3.0701278234985114
55.53,91.46,10.38,19.35,18.99,75.76,0.03,2.69,37.23,0.55,8.700972080037227,3.0701278234985114
84.52,144.52,17.574729662029362,28.560659061126955,0.0,23.48347601937197,0.0,14.53197725590996,34.49143047551845,0.0,8.700972080037227,3.0701278234985114
74.94,100.99,6.7,20.74,7.82,78.26,0.03,8.69,52.39,0.0,8.700972080037227,3.0701278234985114
64.95,178.22,23.51,3.13,26.47,14.11,0.3,3.84,51.13,0.56,8.700972080037227,3.0701278234985114
57.92,132.86,25.4,4.77,29.44,16.6,0.3,4.08,45.05,0.45,8.700972080037227,3.0701278234985114
67.45057794890306,118.12710293078135,17.574729662029362,28.560659061126955,32.30912333307031,23.48347601937197,2.2485982090856145,14.53197725590996,34.49143047551845,3.280840304500585,8.700972080037227,3.0701278234985114
72.91,192.52,20.75,4.66,23.33,12.56,0.3,4.25,50.83,0.25,8.700972080037227,3.0701278234985114
66.01,149.11,18.32,2.92,20.43,12.7,0.3,3.99,59.13,0.24,8.700972080037227,3.0701278234985114
83.66,202.56,40.59,3.5,43.41,13.55,0.3,5.02,57.24,0.2,8.700972080037227,3.0701278234985114
52.6,123.23,17.574729662029362,28.560659061126955,32.30912333307031,58.05,0.29,4.03,64.35,0.12,8.700972080037227,3.0701278234985114
52.58,128.05,17.574729662029362,28.560659061126955,32.30912333307031,58.31,0.29,3.65,55.02,0.13,8.700972080037227,3.0701278234985114
49.81,118.62,17.574729662029362,28.560659061126955,32.30912333307031,58.66,0.28,4.26,65.48,0.11,8.700972080037227,3.0701278234985114
65.44,164.64,17.574729662029362,28.560659061126955,32.30912333307031,58.15,0.28,4.92,60.83,0.13,8.700972080037227,3.0701278234985114
59.92,163.12,17.574729662029362,28.560659061126955,32.30912333307031,53.85,0.28,4.65,73.85,0.12,8.700972080037227,3.0701278234985114
74.14,202.5,17.574729662029362,28.560659061126955,32.30912333307031,56.37,0.29,4.14,53.76,0.24,8.700972080037227,3.0701278234985114
71.91,187.2,17.574729662029362,28.560659061126955,32.30912333307031,62.53,0.3,3.8,63.94,0.22,8.700972080037227,3.0701278234985114
64.28,162.17,17.574729662029362,28.560659061126955,32.30912333307031,61.98,0.31,4.28,72.79,0.21,8.700972080037227,3.0701278234985114
56.63,106.43,17.574729662029362,28.560659061126955,32.30912333307031,60.19,0.3,4.29,97.06,0.07,8.700972080037227,3.0701278234985114
92.54,242.21,17.574729662029362,28.560659061126955,32.30912333307031,60.71,0.3,4.3,46.65,0.23,8.700972080037227,3.0701278234985114
76.67,198.38,17.574729662029362,28.560659061126955,0.0,23.48347601937197,0.35,5.13,34.49143047551845,0.14,8.700972080037227,3.0701278234985114
89.36,218.21,17.574729662029362,28.560659061126955,0.0,23.48347601937197,0.35,4.94,34.49143047551845,0.13,8.700972080037227,3.0701278234985114
61.41,142.43,17.574729662029362,28.560659061126955,0.0,23.48347601937197,0.36,4.4,34.49143047551845,0.06,8.700972080037227,3.0701278234985114
98.12,220.98,17.574729662029362,28.560659061126955,0.0,23.48347601937197,0.38,4.32,34.49143047551845,0.15,8.700972080037227,3.0701278234985114
55.82,121.54,17.574729662029362,28.560659061126955,0.0,23.48347601937197,0.38,5.29,34.49143047551845,0.05,8.700972080037227,3.0701278234985114
84.94,180.11,17.574729662029362,28.560659061126955,0.0,23.48347601937197,0.39,4.52,34.49143047551845,0.12,8.700972080037227,3.0701278234985114
33.32,75.64,17.574729662029362,28.560659061126955,0.0,23.48347601937197,0.39,4.31,34.49143047551845,0.07,8.700972080037227,3.0701278234985114
59.5,219.38,17.574729662029362,28.560659061126955,0.0,23.48347601937197,0.31,5.55,34.49143047551845,0.04,8.700972080037227,3.0701278234985114
67.45057794890306,118.12710293078135,17.574729662029362,28.560659061126955,32.30912333307031,23.48347601937197,2.2485982090856145,14.53197725590996,34.49143047551845,3.280840304500585,8.700972080037227,3.0701278234985114
75.61,139.65,17.574729662029362,28.560659061126955,0.0,23.48347601937197,0.46,14.53197725590996,91.52,0.03,8.700972080037227,3.0701278234985114
31.59,106.58,17.574729662029362,28.560659061126955,0.0,23.48347601937197,0.39,14.53197725590996,56.28,0.05,8.700972080037227,3.0701278234985114
46.37,91.62,17.574729662029362,28.560659061126955,0.0,23.48347601937197,0.38,14.53197725590996,73.76,0.06,8.700972080037227,3.0701278234985114
42.05,87.03,17.574729662029362,28.560659061126955,0.0,23.48347601937197,0.38,14.53197725590996,79.3,0.08,8.700972080037227,3.0701278234985114
25.98,66.02,17.574729662029362,28.560659061126955,0.0,23.48347601937197,0.38,14.53197725590996,77.06,0.03,8.700972080037227,3.0701278234985114
39.19,112.34,17.574729662029362,28.560659061126955,0.0,23.48347601937197,0.38,14.53197725590996,74.48,0.02,8.700972080037227,3.0701278234985114
44.57,102.28,17.574729662029362,28.560659061126955,0.0,23.48347601937197,0.38,14.53197725590996,51.06,0.03,8.700972080037227,3.0701278234985114
70.23,120.96,390.68,28.560659061126955,378.24,50.14,0.42,14.53197725590996,85.82,0.05,8.700972080037227,3.0701278234985114
50.05,115.09,17.574729662029362,28.560659061126955,32.30912333307031,50.03,0.37,14.53197725590996,74.57,0.05,8.700972080037227,3.0701278234985114
48.78,128.87,267.71,28.560659061126955,66.87,50.89,0.37,14.53197725590996,76.56,0.06,8.700972080037227,3.0701278234985114
46.31,87.22,17.574729662029362,28.560659061126955,32.30912333307031,48.17,0.37,14.53197725590996,50.88,0.09,8.700972080037227,3.0701278234985114
57.78,97.36,16.02,0.52,15.32,3.23,0.57,5.93,57.67,0.0,8.700972080037227,3.0701278234985114
22.8,413.89,17.574729662029362,28.560659061126955,0.0,23.48347601937197,0.0,5.37,14.91,0.0,8.700972080037227,3.0701278234985114
65.01,176.81,14.68,0.53,15.17,3.03,0.64,6.52,54.7,0.0,8.700972080037227,3.0701278234985114
67.45057794890306,122.52,7.93,3.08,11.04,1.34,0.75,8.51,34.62,6.02,2.33,1.29
67.45057794890306,125.4,7.32,3.89,11.28,1.53,0.7,6.02,29.28,6.72,2.2,1.34
67.45057794890306,119.42,6.87,2.77,9.65,1.17,0.64,10.68,41.84,4.81,2.13,1.37
67.45057794890306,118.59,5.99,4.62,10.49,1.25,0.66,11.07,44.79,4.57,2.05,1.27
33.66,105.3,10.94,6.56,11.8,5.97,0.73,8.19,21.1,5.69,2.16,1.39
43.67,104.59,10.14,4.64,10.57,5.99,0.61,12.42,13.96,4.7,0.92,1.96
53.12,120.09,17.13,5.73,16.77,6.57,0.85,13.54,16.92,5.99,1.07,2.17
56.82,121.89,13.25,6.53,13.7,6.21,0.74,12.52,19.27,7.2,0.99,1.89
50.45,106.22,13.64,6.51,14.27,6.27,0.74,10.38,11.03,5.31,0.86,1.76
58.03,106.62,13.94,5.64,14.67,6.25,0.72,12.45,26.84,6.49,0.89,1.99
74.8,128.72,13.92,6.28,14.43,6.31,0.83,13.5,19.87,6.43,0.66,25.17
73.44,135.12,16.48,6.34,16.6,6.47,0.95,12.4,15.35,6.67,0.55,49.92
83.96,151.62,17.66,6.6,17.59,6.62,1.0,10.71,19.99,7.02,0.57,1.4
80.65,133.85,16.88,7.57,17.78,6.95,0.88,10.2,22.35,6.95,0.55,1.33
56.2,108.33,12.07,5.93,12.92,6.42,0.61,10.23,24.06,4.8,0.35,1.27
51.84,109.52,14.08,5.48,14.22,6.49,0.62,11.54,18.3,4.92,0.4,3.8
53.9,111.12,10.73,5.4,11.43,6.04,0.59,11.04,18.54,4.51,0.29,2.05
53.79,117.94,11.51,5.22,11.97,6.14,0.54,10.41,19.03,4.71,0.3,3.57
47.72,106.01,10.27,4.3,10.48,6.15,0.54,9.55,22.98,4.48,1.08,2.68
46.9,108.1,18.05,5.96,17.37,6.75,0.73,10.67,16.13,5.49,2.45,3.01
71.66,130.66,21.97,7.38,21.56,7.01,0.91,9.69,15.62,6.21,3.91,3.96
92.3,159.18,17.22,7.59,17.86,6.61,0.99,10.21,17.21,3.33,8.64,1.03
53.96,115.54,7.09,6.08,9.39,6.12,0.54,9.81,17.46,4.09,4.62,1.04
58.85,125.5,15.47,7.78,13.85,17.58,1.02,11.69,9.64,3.88,7.38,1.16
72.51,131.65,18.24,7.08,15.67,23.48347601937197,0.85,12.45,9.62,4.04,6.33,1.23
103.38,157.59,14.31,10.07,9.72,23.48347601937197,0.84,9.4,13.19,16.02,5.11,4.19
63.35,122.19,3.11,10.68,13.76,0.7,0.5,8.08,17.52,1.19,3.48,3.4
85.34,154.54,17.574729662029362,28.560659061126955,32.30912333307031,23.48347601937197,1.07,10.57,11.05,8.69,6.84,10.44
84.5,144.04,17.574729662029362,28.560659061126955,32.30912333307031,23.48347601937197,0.93,12.07,8.79,9.14,1.96,1.16
44.9,76.48,2.6,18.03,20.07,5.0,0.45,10.79,8.99,5.24,1.92,1.19
61.28,138.26,16.84,48.98,66.05,5.0,0.84,9.71,4.22,7.59,2.31,1.12
59.05,98.34,8.75,12.28,13.41,5.0,0.73,10.18,10.13,7.16,0.41,0.14
78.39,120.04,11.61,11.11,14.88,5.0,0.61,8.67,11.23,6.4,0.31,0.16
81.14,140.46,25.39,15.46,27.98,5.0,0.77,6.36,12.77,7.0,0.39,0.11
91.88,171.84,59.58,13.5,52.75,24.2,1.3,9.59,12.55,10.0,0.86,0.29
77.58,135.81,44.31,10.6,41.3,44.06,0.96,10.33,9.78,8.15,0.65,0.15
69.8,133.11,43.97,12.89,42.09,49.26,1.0,10.46,8.77,8.82,0.64,4.82
69.48,111.77,33.52,14.4,33.18,40.21,0.87,10.54,10.45,2.09,0.48,1.27
97.55,196.46,29.9,21.94,34.45,36.14,0.92,11.4,8.56,3.31,0.46,1.09
21.86,53.35,6.07,14.69,12.52,46.26,0.4,7.97,13.21,3.38,0.25,0.8
91.41,119.91,7.9,14.2,13.76,33.11,0.66,7.77,5.84,7.02,0.29,0.84
68.55,119.96,5.88,11.44,10.79,40.98,0.8,5.95,8.99,7.21,0.21,2.3
46.06,87.11,2.7,11.25,8.04,36.8,0.62,6.88,11.38,0.08,0.13,0.83
67.27,132.94,10.35,13.21,15.23,36.41,0.72,6.88,8.48,7.96,0.21,0.81
77.1,156.58,12.15,11.78,14.9,25.82,0.69,6.58,6.12,6.54,0.24,0.64
58.68,99.91,11.84,12.41,16.18,24.38,0.77,5.62,9.04,7.95,0.24,0.68
72.34,140.37,38.14,16.28,36.66,26.86,1.04,6.59,6.52,8.77,5.1,1.28
63.22,135.76,46.81,15.96,45.21,24.73,1.11,7.79,8.1,9.14,0.38,0.78
45.65,102.2,40.57,13.18,39.43,29.29,0.97,8.9,22.51,7.93,0.74,0.88
45.79,94.86,36.01,11.14,34.87,46.37,0.93,11.32,14.29,8.27,1.11,0.99
51.15,106.42,6.6,13.63,12.1,35.98,0.64,8.39,9.66,5.65,0.23,0.9
75.8,165.63,17.43,17.6,23.12,24.83,0.92,9.83,6.26,9.58,0.16,0.39
63.64,120.83,18.37,15.63,23.05,29.22,0.88,7.38,7.63,8.33,0.17,0.32
58.57,134.0,18.14,11.8,20.29,47.37,0.69,8.39,8.28,6.26,0.19,1.71
46.76,96.89,20.11,11.33,22.08,35.94,0.78,7.99,10.35,6.54,0.29,0.97
65.75,140.69,38.7,16.84,39.52,43.79,1.03,9.06,9.56,9.44,0.6,1.04
41.75,93.67,18.17,12.43,21.1,48.99,0.73,7.32,6.54,6.48,0.46,0.91
63.05,108.46,29.72,14.09,31.22,32.77,0.9,8.11,11.11,5.95,0.15,1.05
40.04,89.37,15.87,17.71,21.46,70.87,0.64,7.53,10.27,5.05,0.25,0.73
48.43,112.21,32.31,16.22,34.89,45.63,0.87,8.97,11.01,7.08,0.42,0.82
52.11,95.92,29.84,17.65,28.07,52.94,0.82,9.1,9.83,6.73,0.42,0.94
58.61,103.76,23.06,19.65,28.42,24.01,0.82,10.03,9.18,6.61,0.3,0.92
58.08,109.57,25.78,18.27,30.22,26.54,0.89,8.69,10.81,6.72,1.58,3.27
55.99,118.21,18.39,17.75,24.25,34.43,0.85,8.71,11.89,6.74,2.6,0.9
54.47,114.12,3.68,15.96,11.31,32.97,0.65,8.35,19.25,5.87,0.17,0.76
45.96,94.73,1.7,14.52,8.96,33.61,0.59,9.29,17.07,5.64,0.16,0.77
49.94,140.48,29.86,23.78,36.57,47.46,1.0,8.79,12.05,8.7,0.41,2.84
40.09,105.55,3.48,22.32,14.23,51.36,0.66,10.52,10.35,5.38,0.22,2.71
55.33,122.12,20.93,22.96,28.95,44.13,1.03,11.55,10.96,8.48,0.24,1.37
48.22,112.13,9.79,19.63,18.3,60.86,0.79,9.13,14.79,7.02,0.21,1.09
35.93,148.36,2.98,4.31,10.11,25.39,0.67,13.91,41.74,4.75,0.74,0.77
35.26,115.35,2.99,4.15,9.9,25.6,0.56,12.99,50.61,4.74,1.22,0.68
24.52,88.82,3.16,4.5,10.35,25.25,0.45,10.63,47.61,3.51,0.53,0.7
19.09,94.4,4.36,5.67,10.72,30.73,0.38,16.16,57.07,3.22,0.48,0.47
83.19,118.12710293078135,9.46,16.84,15.85,12.35,3.42,5.63,23.22,0.14,5.12,3.0701278234985114
48.35,118.12710293078135,13.12,18.16,15.86,10.95,7.69,5.73,13.38,0.11,8.700972080037227,3.0701278234985114
73.66,118.12710293078135,8.54,17.07,17.64,10.83,1.1,3.76,24.4,3.280840304500585,8.700972080037227,3.0701278234985114
80.79,118.12710293078135,12.98,16.3,17.21,10.7,6.35,5.7,19.22,3.280840304500585,8.700972080037227,3.0701278234985114
75.59,118.12710293078135,8.57,16.81,18.36,11.54,1.57,5.16,27.01,3.280840304500585,8.700972080037227,3.0701278234985114
75.82,118.12710293078135,7.44,17.27,15.86,11.58,1.13,3.58,27.57,3.280840304500585,8.700972080037227,3.0701278234985114
73.28,118.12710293078135,10.34,22.18,20.41,9.81,1.02,4.53,27.79,3.280840304500585,3.52,3.0701278234985114
73.33,118.12710293078135,10.84,22.69,19.72,10.07,0.98,3.82,27.81,3.280840304500585,8.700972080037227,3.0701278234985114
71.17,118.12710293078135,18.3,29.45,18.05,10.46,0.92,4.36,27.86,3.280840304500585,5.42,3.0701278234985114
78.58,118.12710293078135,59.44,69.16,19.01,10.33,1.06,5.99,27.82,3.280840304500585,8.700972080037227,3.0701278234985114
74.55,118.12710293078135,24.69,37.66,18.13,9.97,1.13,5.08,27.79,3.280840304500585,8.700972080037227,3.0701278234985114
73.8,118.12710293078135,10.66,25.18,18.57,10.47,0.92,6.3,27.76,3.280840304500585,8.700972080037227,3.0701278234985114
69.28,118.12710293078135,27.38,41.89,18.28,13.36,2.44,4.14,27.59,3.280840304500585,8.51,3.0701278234985114
70.45,118.12710293078135,27.72,39.33,14.56,12.32,5.53,5.1,27.91,14.22,9.63,3.0701278234985114
60.15,118.12710293078135,32.58,35.63,10.76,11.38,10.28,8.42,34.49143047551845,9.09,8.700972080037227,3.0701278234985114
57.57,118.12710293078135,35.23,36.72,6.91,10.85,10.92,1.23,34.49143047551845,7.86,8.700972080037227,3.0701278234985114
67.8,118.12710293078135,21.79,26.61,8.07,15.0,12.02,0.91,34.49143047551845,8.55,8.700972080037227,3.0701278234985114
70.85,118.12710293078135,45.19,45.19,7.91,13.97,13.1,32.85,34.49143047551845,9.43,8.700972080037227,3.0701278234985114
63.16,118.12710293078135,41.12,49.3,9.38,14.0,8.02,9.32,34.49143047551845,7.45,8.700972080037227,3.0701278234985114
55.47,118.12710293078135,42.65,58.18,10.16,18.24,4.31,6.67,34.49143047551845,13.33,0.53,3.0701278234985114
51.62,118.12710293078135,16.04,19.39,8.77,16.77,10.29,3.44,34.49143047551845,2.91,0.1,3.0701278234985114
85.26,118.12710293078135,28.87,37.2,9.61,20.97,9.7,2.69,34.49143047551845,0.15,8.700972080037227,3.0701278234985114
44.26,118.12710293078135,24.54,34.41,20.42,16.24,6.09,4.29,11.32,0.62,8.700972080037227,3.0701278234985114
35.16,118.12710293078135,20.39,22.34,10.33,14.54,5.16,6.65,17.11,2.45,1.24,3.0701278234985114
44.1,118.12710293078135,11.98,16.92,12.74,14.63,7.07,11.24,19.53,3.44,3.87,3.0701278234985114
57.31,118.12710293078135,7.24,20.94,21.64,18.01,1.72,9.54,23.77,2.94,21.72,3.0701278234985114
60.64,118.12710293078135,15.09,25.94,17.23,32.5,5.22,16.28,28.72,1.52,1.45,3.0701278234985114
53.69,118.12710293078135,22.35,29.04,37.17,19.91,2.05,9.01,20.45,0.13,8.700972080037227,3.0701278234985114
49.2,118.12710293078135,19.46,33.32,31.25,17.07,2.73,21.84,21.28,4.32,22.23,3.0701278234985114
82.63,118.12710293078135,29.3,43.83,43.94,18.78,1.8,17.42,22.25,12.35,5.09,3.0701278234985114
70.64,118.12710293078135,6.67,20.05,18.36,53.13,1.6,10.03,25.08,3.280840304500585,5.47,3.0701278234985114
87.7,118.12710293078135,6.53,19.56,18.2,58.39,2.46,11.85,26.06,3.280840304500585,2.62,3.0701278234985114
83.47,118.12710293078135,38.26,49.11,35.47,55.27,4.75,15.11,26.21,3.280840304500585,2.09,3.0701278234985114
97.96,118.12710293078135,5.9,16.44,18.92,52.02,6.45,16.19,24.28,3.280840304500585,2.03,3.0701278234985114
97.74,118.12710293078135,6.16,16.72,18.82,53.87,2.56,14.97,39.53,3.280840304500585,2.85,3.0701278234985114
85.55,118.12710293078135,5.93,16.47,18.43,51.63,3.13,13.12,40.22,2.88,2.76,3.0701278234985114
90.87,118.12710293078135,7.67,17.24,19.78,55.21,2.23,10.51,40.41,3.21,4.2,3.0701278234985114
78.25,118.12710293078135,6.55,17.43,17.31,54.03,1.91,18.74,26.44,3.280840304500585,2.26,3.0701278234985114
125.51,118.12710293078135,9.66,17.14,20.45,58.32,2.7,11.06,40.59,3.280840304500585,2.2,3.0701278234985114
73.81,118.12710293078135,9.21,16.64,18.28,53.98,1.48,11.32,40.96,0.13,1.71,3.0701278234985114
60.15,118.12710293078135,4.59,15.47,16.48,55.75,1.53,9.55,46.33,3.280840304500585,2.53,3.0701278234985114
61.59,118.12710293078135,4.51,15.4,16.38,52.11,2.02,10.2,46.1,0.09,2.1,3.0701278234985114
64.94,118.12710293078135,4.86,15.86,16.71,53.63,1.57,11.71,43.28,73.92,45.7,3.0701278234985114
61.26,118.12710293078135,4.94,15.26,15.78,50.27,1.85,14.35,44.62,1.4,1.39,3.0701278234985114
58.49,118.12710293078135,4.21,15.22,16.17,57.02,2.68,11.19,49.07,3.280840304500585,1.39,3.0701278234985114
58.84,118.12710293078135,6.18,15.13,17.09,54.34,1.87,7.89,50.75,3.280840304500585,1.56,3.0701278234985114
60.75,118.12710293078135,5.64,15.08,16.42,52.24,1.88,9.5,43.42,3.280840304500585,8.700972080037227,3.0701278234985114
58.12,118.12710293078135,5.17,15.31,16.68,57.06,1.9,9.94,45.84,3.280840304500585,8.700972080037227,3.0701278234985114
58.33,118.12710293078135,4.06,15.4,16.56,57.11,1.89,9.48,46.63,3.280840304500585,265.98,3.0701278234985114
59.87,118.12710293078135,5.29,14.98,17.13,52.87,2.73,8.94,37.5,3.280840304500585,81.3,3.0701278234985114
49.91,118.12710293078135,3.95,13.37,14.54,53.49,1.85,8.31,39.99,70.96,15.55,3.0701278234985114
53.53,118.12710293078135,3.85,12.39,13.86,54.26,1.97,10.04,35.97,391.88,2.34,3.0701278234985114
45.43,118.12710293078135,3.25,11.22,12.39,55.0,1.89,6.89,36.51,5.1,2.68,3.0701278234985114
54.86,118.12710293078135,4.57,14.6,15.3,56.56,2.67,13.31,36.11,0.16,1.74,3.0701278234985114
56.25,118.12710293078135,4.53,15.23,16.57,58.34,2.25,10.29,37.1,3.280840304500585,1.27,3.0701278234985114
57.87,118.12710293078135,3.92,15.88,17.05,57.83,1.89,9.93,41.28,11.12,3.65,3.0701278234985114
72.61,118.12710293078135,6.83,17.51,18.04,55.43,2.93,9.47,38.85,0.17,0.12,3.0701278234985114
68.28,118.12710293078135,7.62,16.15,14.61,52.18,2.3,10.42,33.71,1.46,1.35,3.0701278234985114
58.07,118.12710293078135,7.07,16.31,15.81,51.31,2.33,12.21,38.65,3.31,0.41,3.0701278234985114
67.93,118.12710293078135,7.21,19.42,16.81,49.56,2.43,10.78,42.65,0.78,0.22,3.0701278234985114
69.03,118.12710293078135,3.74,17.22,15.38,63.57,2.71,11.35,36.46,0.89,0.15,3.0701278234985114
76.57,118.12710293078135,4.06,15.11,14.84,48.26,2.33,10.04,33.37,0.86,0.12,3.0701278234985114
77.2,118.12710293078135,4.02,17.59,15.56,56.33,2.04,9.68,28.86,0.91,0.13,3.0701278234985114
76.18,118.12710293078135,3.79,17.75,15.68,55.49,2.04,10.84,32.23,0.93,0.13,3.0701278234985114
77.16,118.12710293078135,3.53,17.68,15.59,49.23,2.32,11.67,33.71,0.94,0.13,3.0701278234985114
68.41,118.12710293078135,5.59,20.66,18.33,50.73,1.8,13.46,33.28,1.02,0.21,3.0701278234985114
73.86,118.12710293078135,6.06,21.36,17.47,56.63,7.39,13.24,30.81,1.02,0.21,3.0701278234985114
70.61,118.12710293078135,4.7,20.14,17.67,54.4,2.19,13.9,30.78,1.02,0.23,3.0701278234985114
71.19,118.12710293078135,5.51,20.02,17.66,50.38,1.84,14.55,28.04,0.96,0.18,3.0701278234985114
69.56,118.12710293078135,4.76,20.37,17.7,52.81,2.22,11.02,30.14,1.02,0.13,3.0701278234985114
68.72,118.12710293078135,4.69,19.66,17.44,58.71,1.99,15.11,28.23,1.01,0.22,3.0701278234985114
59.59,118.12710293078135,7.78,14.72,16.86,52.64,1.89,13.92,36.19,0.87,0.18,3.0701278234985114
65.54,118.12710293078135,5.32,19.39,17.75,47.1,1.89,9.44,36.38,0.29,0.17,3.0701278234985114
53.35,118.12710293078135,9.12,20.42,20.14,50.93,2.54,8.74,35.64,3.280840304500585,8.700972080037227,3.0701278234985114
59.2,118.12710293078135,7.11,17.26,17.66,46.66,2.26,9.23,32.25,0.1,0.16,3.0701278234985114
57.02,118.12710293078135,8.0,18.65,18.99,47.76,2.39,9.08,30.0,0.1,0.16,3.0701278234985114
53.75,118.12710293078135,5.96,18.59,17.67,48.22,2.13,8.02,32.51,3.280840304500585,8.700972080037227,3.0701278234985114
48.36,118.12710293078135,5.28,19.18,17.62,45.27,2.63,7.56,30.9,3.280840304500585,8.700972080037227,3.0701278234985114
40.7,118.12710293078135,6.33,19.23,18.33,59.74,1.47,10.39,28.57,3.280840304500585,0.03,3.0701278234985114
36.72,118.12710293078135,5.52,18.96,17.64,46.58,2.31,10.8,30.88,3.280840304500585,8.700972080037227,3.0701278234985114
47.23,118.12710293078135,4.8,18.89,16.87,47.49,1.4,7.34,28.35,0.06,0.84,3.0701278234985114
81.77,118.12710293078135,16.14,26.1,25.0,42.63,2.61,11.97,32.5,0.06,0.06,3.0701278234985114
53.69,118.12710293078135,4.82,20.33,17.18,48.95,1.43,11.06,31.79,3.280840304500585,8.700972080037227,3.0701278234985114
57.59,118.12710293078135,6.64,18.92,17.87,44.13,2.16,12.57,24.5,3.280840304500585,0.09,3.0701278234985114
51.55,118.12710293078135,5.14,18.75,17.09,45.49,1.56,11.53,31.29,3.280840304500585,8.700972080037227,3.0701278234985114
50.58,118.12710293078135,4.86,19.44,17.33,35.66,2.43,10.73,30.81,3.280840304500585,8.700972080037227,3.0701278234985114
49.89,118.12710293078135,5.12,19.47,17.43,39.93,2.28,13.85,29.26,3.280840304500585,8.700972080037227,3.0701278234985114
56.67,118.12710293078135,6.55,19.64,18.32,41.61,1.79,16.07,30.59,3.280840304500585,8.700972080037227,3.0701278234985114
85.39,118.12710293078135,24.62,29.71,36.6,42.88,4.08,16.06,29.3,3.280840304500585,0.99,3.0701278234985114
70.17,118.12710293078135,6.32,15.44,17.87,44.0,2.12,22.81,18.06,3.280840304500585,8.700972080037227,3.0701278234985114
64.89,118.12710293078135,9.85,15.17,20.9,33.16,1.33,22.46,19.37,6.14,1.93,3.0701278234985114
59.69,118.12710293078135,7.9,16.22,19.77,46.45,1.41,19.41,16.56,30.27,31.58,3.0701278234985114
49.27,118.12710293078135,6.46,14.74,17.93,41.35,2.89,11.0,12.61,10.46,14.45,3.0701278234985114
63.11,118.12710293078135,8.68,15.11,19.82,39.26,2.56,12.75,11.84,4.63,8.43,3.0701278234985114
55.12,118.12710293078135,7.62,15.08,19.0,43.36,1.35,12.69,14.38,3.29,4.77,3.0701278234985114
53.49,118.12710293078135,7.35,14.57,18.54,44.64,1.06,11.88,14.3,6.14,8.700972080037227,3.0701278234985114
58.42,118.12710293078135,8.6,14.41,19.25,36.34,1.17,9.36,13.79,6.14,8.700972080037227,3.0701278234985114
57.52,118.12710293078135,7.55,15.55,19.18,39.0,1.42,13.1,15.16,3.280840304500585,8.700972080037227,3.0701278234985114
58.79,118.12710293078135,7.48,16.06,19.42,32.92,1.0,15.0,22.01,4.82,8.700972080037227,3.0701278234985114
63.39,118.12710293078135,9.21,15.16,20.02,32.13,1.35,11.61,20.54,3.280840304500585,8.700972080037227,3.0701278234985114
66.98,118.12710293078135,9.85,16.15,20.4,37.0,1.26,14.04,12.83,3.280840304500585,8.700972080037227,3.0701278234985114
69.54,118.12710293078135,10.26,15.61,20.61,35.64,1.19,12.82,13.74,3.280840304500585,8.700972080037227,3.0701278234985114
64.9,118.12710293078135,18.87,19.19,28.28,41.66,1.78,13.55,15.53,0.54,8.700972080037227,3.0701278234985114
39.93,118.12710293078135,7.95,14.15,17.77,44.2,4.88,19.33,12.97,3.280840304500585,8.700972080037227,3.0701278234985114
33.26,118.12710293078135,8.13,14.71,18.63,52.02,1.12,14.34,10.11,3.280840304500585,8.0,3.0701278234985114
40.27,118.12710293078135,8.07,14.15,18.19,40.25,1.95,13.4,12.72,3.280840304500585,8.700972080037227,3.0701278234985114
39.65,118.12710293078135,7.25,12.82,16.21,25.89,1.94,12.83,12.59,39.39,3.09,3.0701278234985114
43.58,118.12710293078135,8.78,14.18,17.26,26.79,2.19,14.6,11.95,3.280840304500585,8.700972080037227,3.0701278234985114
37.62,118.12710293078135,8.16,16.1,17.88,24.53,1.54,14.9,18.81,287.49,1.19,3.0701278234985114
24.27,118.12710293078135,8.54,16.66,18.34,24.6,4.7,16.01,34.15,3.280840304500585,8.700972080037227,3.0701278234985114
26.96,118.12710293078135,9.51,17.1,19.35,23.47,1.92,14.6,28.95,3.280840304500585,8.700972080037227,3.0701278234985114
27.97,118.12710293078135,9.8,17.3,19.68,23.09,1.75,12.8,22.13,3.280840304500585,8.700972080037227,3.0701278234985114
28.78,118.12710293078135,9.76,17.02,19.51,25.26,2.16,12.2,24.13,3.280840304500585,8.700972080037227,3.0701278234985114
30.94,118.12710293078135,9.95,15.18,18.66,23.52,1.84,12.36,22.54,10.04,0.06,3.0701278234985114
31.63,118.12710293078135,10.28,10.45,16.76,23.56,2.1,11.12,22.77,3.280840304500585,7.61,3.0701278234985114
27.32,118.12710293078135,10.97,10.48,17.46,25.08,2.93,10.2,32.15,3.280840304500585,8.700972080037227,3.0701278234985114
39.77,118.12710293078135,9.91,11.93,16.66,24.32,1.72,12.19,26.91,3.280840304500585,8.700972080037227,3.0701278234985114
39.97,118.12710293078135,12.07,10.01,17.23,24.19,1.74,10.22,15.36,0.09,14.91,3.0701278234985114
41.94,118.12710293078135,13.27,10.75,18.43,23.73,2.19,12.38,19.24,0.54,1.44,3.0701278234985114
65.79,118.12710293078135,16.61,9.7,20.27,23.06,1.79,12.36,47.29,3.88,1.2,3.0701278234985114
86.4,118.12710293078135,12.74,10.03,17.36,25.37,1.02,16.69,52.35,1.88,1.24,3.0701278234985114
61.69,118.12710293078135,12.83,10.08,17.57,23.16,1.89,12.7,41.98,3.280840304500585,40.72,3.0701278234985114
42.71,118.12710293078135,13.38,10.73,18.11,25.7,1.89,14.96,33.91,3.280840304500585,8.700972080037227,3.0701278234985114
46.97,118.12710293078135,13.64,11.77,19.08,22.48,2.76,11.92,22.96,3.280840304500585,8.700972080037227,3.0701278234985114
42.17,118.12710293078135,12.45,10.78,17.5,23.43,1.77,12.23,22.74,3.280840304500585,8.700972080037227,3.0701278234985114
49.45,118.12710293078135,15.59,15.21,19.82,23.82,1.14,12.05,31.57,0.04,59.02,3.0701278234985114
33.87,118.12710293078135,12.56,10.87,17.82,22.41,2.18,12.95,30.89,0.08,0.63,3.0701278234985114
37.71,118.12710293078135,9.9,12.52,16.23,24.42,1.72,9.32,23.29,4.28,0.28,3.0701278234985114
35.73,118.12710293078135,9.26,12.94,16.04,23.82,2.62,11.37,21.22,3.280840304500585,0.05,3.0701278234985114
36.27,118.12710293078135,9.4,13.16,16.27,24.01,1.88,11.1,25.34,3.2,2.01,3.0701278234985114
63.96,118.12710293078135,22.31,22.35,33.64,25.85,1.75,9.37,23.01,3.280840304500585,8.700972080037227,3.0701278234985114
48.79,118.12710293078135,14.76,15.46,21.71,27.06,1.61,13.63,24.94,3.280840304500585,0.1,3.0701278234985114
34.96,118.12710293078135,12.79,14.19,18.81,23.99,1.75,9.58,31.38,3.280840304500585,8.700972080037227,3.0701278234985114
37.55,118.12710293078135,13.09,13.58,18.72,29.5,1.05,8.24,20.22,3.280840304500585,8.700972080037227,3.0701278234985114
31.54,118.12710293078135,11.55,12.4,16.95,25.99,2.02,7.93,18.08,3.280840304500585,8.700972080037227,3.0701278234985114
47.68,118.12710293078135,11.51,13.2,16.65,74.89,1.6,9.12,24.82,3.280840304500585,8.700972080037227,3.0701278234985114
44.79,118.12710293078135,13.46,12.53,18.71,65.37,1.64,5.03,28.69,3.280840304500585,8.700972080037227,3.0701278234985114
50.98,118.12710293078135,11.11,12.27,17.9,73.15,1.28,8.34,56.16,3.280840304500585,8.700972080037227,3.0701278234985114
46.79,118.12710293078135,10.0,12.05,17.04,71.95,0.98,8.23,57.43,3.280840304500585,8.700972080037227,3.0701278234985114
54.0,118.12710293078135,10.84,13.79,18.37,73.0,0.88,9.78,59.47,3.280840304500585,8.700972080037227,3.0701278234985114
52.65,118.12710293078135,11.11,11.71,17.4,77.18,1.1,8.2,60.46,3.280840304500585,8.700972080037227,3.0701278234985114
55.75,118.12710293078135,16.03,12.9,20.18,67.45,0.91,6.93,47.37,3.280840304500585,8.700972080037227,3.0701278234985114
52.29,118.12710293078135,10.23,10.92,16.59,58.32,1.04,9.78,44.29,3.280840304500585,8.700972080037227,3.0701278234985114
41.39,118.12710293078135,10.99,9.93,16.44,67.74,2.56,8.92,42.18,3.280840304500585,8.700972080037227,3.0701278234985114
44.08,118.12710293078135,10.15,10.76,16.59,64.13,2.6,8.96,50.33,22.34,30.27,3.0701278234985114
41.44,118.12710293078135,9.98,11.73,15.99,56.08,1.34,10.96,61.39,30.77,38.46,3.0701278234985114
41.96,118.12710293078135,11.0,13.78,15.28,65.03,1.34,8.85,44.1,3.280840304500585,16.17,3.0701278234985114
41.8,118.12710293078135,10.68,13.77,15.7,60.9,2.03,8.37,39.61,3.280840304500585,23.49,3.0701278234985114
43.18,118.12710293078135,12.31,15.87,16.76,67.74,1.81,6.42,27.51,0.01,5.94,3.0701278234985114
53.31,118.12710293078135,10.05,18.91,13.82,142.84,1.55,7.08,43.44,3.280840304500585,8.700972080037227,3.0701278234985114
38.73,118.12710293078135,7.29,16.0,15.58,129.91,1.71,6.04,50.61,3.280840304500585,8.700972080037227,3.0701278234985114
23.46,118.12710293078135,5.53,13.02,17.17,210.06,1.91,5.22,56.36,3.280840304500585,8.700972080037227,3.0701278234985114
76.42,118.12710293078135,5.55,13.89,17.79,46.22,1.17,7.75,92.04,3.280840304500585,8.700972080037227,3.0701278234985114
53.36,118.12710293078135,6.24,15.85,20.5,186.57,1.4,6.6,64.95,3.280840304500585,8.700972080037227,3.0701278234985114
51.11,118.12710293078135,5.48,14.79,18.1,176.1,1.38,3.91,64.42,3.280840304500585,8.700972080037227,3.0701278234985114
55.76,118.12710293078135,5.68,14.72,18.0,210.23,1.2,2.98,69.77,3.280840304500585,8.700972080037227,3.0701278234985114
49.55,118.12710293078135,5.76,13.89,17.69,124.02,1.09,3.53,58.57,3.280840304500585,8.700972080037227,3.0701278234985114
31.49,118.12710293078135,5.43,12.65,16.81,128.37,1.62,5.31,65.97,3.280840304500585,8.700972080037227,3.0701278234985114
30.89,118.12710293078135,5.26,12.88,16.78,148.89,1.48,3.37,70.3,3.280840304500585,8.700972080037227,3.0701278234985114
29.11,118.12710293078135,5.56,7.91,11.45,135.17,1.81,5.28,48.21,9.67,36.7,3.0701278234985114
36.82,118.12710293078135,4.97,8.01,11.06,68.35,0.99,4.03,65.25,3.280840304500585,8.700972080037227,3.0701278234985114
36.96,118.12710293078135,5.93,8.11,11.82,131.43,1.2,5.08,53.11,3.280840304500585,8.700972080037227,3.0701278234985114
44.41,118.12710293078135,6.43,8.91,12.59,141.84,1.3,5.82,57.22,3.280840304500585,8.700972080037227,3.0701278234985114
29.55,118.12710293078135,5.14,7.53,10.95,142.26,1.22,4.82,61.76,3.280840304500585,8.700972080037227,3.0701278234985114
28.82,118.12710293078135,5.35,7.8,11.26,119.06,1.33,4.67,49.71,3.280840304500585,8.700972080037227,3.0701278234985114
32.64,118.12710293078135,3.75,7.94,10.39,113.53,1.78,4.2,43.19,3.280840304500585,8.700972080037227,3.0701278234985114
48.08,118.12710293078135,5.18,6.79,9.96,139.64,1.23,4.0,32.87,3.280840304500585,8.700972080037227,3.0701278234985114
40.81,118.12710293078135,5.66,6.05,9.97,180.77,1.54,3.34,34.14,3.280840304500585,8.700972080037227,3.0701278234985114
46.17,118.12710293078135,5.64,5.56,9.2,147.67,1.49,2.63,36.39,3.280840304500585,8.700972080037227,3.0701278234985114
138.07,118.12710293078135,8.98,8.62,14.8,134.62,1.23,4.44,45.23,3.280840304500585,8.700972080037227,3.0701278234985114
54.85,118.12710293078135,7.33,8.39,13.35,122.67,1.36,3.41,36.62,3.280840304500585,8.700972080037227,3.0701278234985114
42.45,118.12710293078135,7.31,7.61,12.99,104.23,1.29,3.99,44.62,3.280840304500585,8.700972080037227,3.0701278234985114
46.16,118.12710293078135,8.41,7.64,13.78,80.86,1.15,5.37,22.53,3.280840304500585,8.700972080037227,3.0701278234985114
48.64,118.12710293078135,8.53,7.96,14.01,69.02,1.35,4.69,34.27,3.280840304500585,8.700972080037227,3.0701278234985114
44.78,118.12710293078135,9.18,8.38,15.06,102.37,1.39,3.82,30.28,3.280840304500585,8.700972080037227,3.0701278234985114
39.11,118.12710293078135,7.88,8.47,15.11,123.26,1.58,3.01,20.24,3.280840304500585,8.700972080037227,3.0701278234985114
42.67,118.12710293078135,14.57,19.41,33.4,209.8,1.45,3.55,29.24,3.280840304500585,8.700972080037227,3.0701278234985114
65.01,118.12710293078135,12.46,18.15,29.84,223.87,1.56,1.62,27.77,3.280840304500585,8.700972080037227,3.0701278234985114
56.1,118.12710293078135,10.67,16.39,27.63,352.89,1.76,1.49,36.75,3.280840304500585,8.700972080037227,3.0701278234985114
50.32,118.12710293078135,9.63,17.56,27.48,201.85,0.79,1.95,59.97,3.280840304500585,8.700972080037227,3.0701278234985114
63.0,118.12710293078135,9.27,20.86,28.89,236.87,0.94,1.74,12.16,3.280840304500585,8.700972080037227,3.0701278234985114
59.47,118.12710293078135,14.43,22.32,35.42,256.27,0.81,2.0,12.69,3.280840304500585,8.700972080037227,3.0701278234985114
71.81,118.12710293078135,8.24,12.18,19.83,275.78,0.76,2.2,23.4,3.280840304500585,8.700972080037227,3.0701278234985114
81.74,118.12710293078135,3.79,9.86,12.43,225.01,1.77,2.11,39.39,3.280840304500585,8.700972080037227,3.0701278234985114
57.23,118.12710293078135,6.45,15.14,20.1,123.82,0.54,2.0,21.97,3.280840304500585,8.700972080037227,3.0701278234985114
65.97,118.12710293078135,5.86,32.92,32.56,283.67,2.2485982090856145,0.94,34.57,3.280840304500585,8.700972080037227,3.0701278234985114
41.3,118.12710293078135,5.17,8.72,10.41,132.94,0.67,15.6,34.49143047551845,3.280840304500585,8.700972080037227,3.0701278234985114
36.81,118.12710293078135,4.61,6.44,8.85,96.9,1.17,2.91,34.49143047551845,3.280840304500585,8.700972080037227,3.0701278234985114
63.67,118.12710293078135,7.42,21.07,22.62,160.08,1.17,2.71,18.99,3.280840304500585,8.700972080037227,3.0701278234985114
67.49,118.12710293078135,7.21,19.92,21.91,181.86,0.72,3.1,24.3,3.280840304500585,8.700972080037227,3.0701278234985114
52.94,118.12710293078135,6.69,10.48,15.12,285.95,2.34,2.82,17.02,3.280840304500585,8.700972080037227,3.0701278234985114
69.88,118.12710293078135,8.13,25.36,25.42,296.29,0.89,3.91,19.24,3.280840304500585,8.700972080037227,3.0701278234985114
66.89,118.12710293078135,7.0,21.05,22.43,173.32,0.88,3.91,14.33,3.280840304500585,8.700972080037227,3.0701278234985114
62.27,118.12710293078135,7.04,20.35,21.92,187.56,1.04,3.71,17.26,3.280840304500585,8.700972080037227,3.0701278234985114
51.56,118.12710293078135,6.67,20.34,21.72,121.14,0.77,3.83,23.03,3.280840304500585,8.700972080037227,3.0701278234985114
58.27,118.12710293078135,7.43,22.24,23.31,295.74,1.09,3.17,20.26,3.280840304500585,8.700972080037227,3.0701278234985114
63.13,118.12710293078135,8.1,25.19,25.04,227.92,0.96,4.38,19.69,3.280840304500585,8.700972080037227,3.0701278234985114
39.74,118.12710293078135,4.5,13.02,15.63,56.65,0.61,3.44,29.13,3.280840304500585,8.700972080037227,3.0701278234985114
49.21,118.12710293078135,6.26,12.83,15.21,152.68,1.49,2.46,40.45,3.280840304500585,8.700972080037227,3.0701278234985114
55.73,118.12710293078135,5.82,10.86,13.78,186.53,0.67,2.95,32.4,3.280840304500585,8.700972080037227,3.0701278234985114
58.28,118.12710293078135,6.82,12.01,15.13,149.22,0.8,3.52,33.07,3.280840304500585,8.700972080037227,3.0701278234985114
56.47,118.12710293078135,6.97,12.34,15.39,128.27,0.8,6.44,28.81,3.280840304500585,8.700972080037227,3.0701278234985114
60.04,118.12710293078135,5.69,11.52,14.17,44.39,2.97,3.42,33.98,3.280840304500585,7.28,3.0701278234985114
55.45,118.12710293078135,5.28,11.1,13.7,188.8,2.63,2.84,33.05,16.77,11.32,3.0701278234985114
65.26,118.12710293078135,6.89,11.46,14.64,174.22,0.79,3.97,21.75,11.48,7.08,3.0701278234985114
53.07,118.12710293078135,4.53,11.09,10.24,169.19,0.54,4.1,34.52,10.62,4.18,3.0701278234985114
51.32,118.12710293078135,4.16,8.8,8.12,35.18,2.49,3.51,57.19,14.53,3.31,3.0701278234985114
46.84,118.12710293078135,6.09,12.73,11.58,102.74,2.11,3.65,34.98,4.51,8.9,3.0701278234985114
46.29,118.12710293078135,9.88,18.21,17.18,47.56,0.68,3.26,30.61,6.45,6.47,3.0701278234985114
42.49,118.12710293078135,9.97,18.3,17.33,168.71,1.38,3.39,32.57,5.37,6.72,3.0701278234985114
47.11,118.12710293078135,8.7,13.56,14.2,129.87,1.46,3.52,26.99,5.4,6.36,3.0701278234985114
50.13,118.12710293078135,10.72,13.23,15.55,74.11,1.11,3.45,22.2,5.59,7.17,3.0701278234985114
53.58,118.12710293078135,9.69,15.06,15.66,11.8,6.18,3.35,22.59,6.73,10.01,3.0701278234985114
81.79,118.12710293078135,10.07,12.72,14.84,0.97,0.77,6.57,26.09,10.01,12.59,3.0701278234985114
70.57,118.12710293078135,8.24,13.74,13.91,1.31,0.64,6.41,20.8,8.71,13.08,3.0701278234985114
79.55,118.12710293078135,9.63,12.07,14.14,23.48347601937197,0.67,5.4,20.9,11.12,12.82,3.0701278234985114
76.36,118.12710293078135,6.21,9.92,10.54,23.48347601937197,0.58,5.1,22.66,3.56,7.11,3.0701278234985114
92.83,118.12710293078135,9.0,12.68,13.94,52.72,0.83,3.53,24.37,6.46,9.4,3.0701278234985114
82.03,118.12710293078135,6.36,14.24,12.57,0.02,1.65,3.09,28.54,6.84,10.56,3.0701278234985114
85.64,118.12710293078135,10.32,16.69,16.7,5.22,1.7,3.44,29.62,6.7,14.15,3.0701278234985114
76.72,118.12710293078135,7.12,12.56,12.24,5.76,1.14,2.53,22.99,5.46,10.82,3.0701278234985114
57.58,118.12710293078135,10.37,11.15,13.49,7.68,1.42,2.77,19.11,2.28,7.17,3.0701278234985114
65.38,118.12710293078135,12.45,11.74,15.35,23.48347601937197,1.43,2.56,17.51,5.31,12.24,3.0701278234985114
80.38,118.12710293078135,7.92,12.43,16.3,6.53,1.57,2.38,19.19,3.62,8.96,3.0701278234985114
68.45,118.12710293078135,5.26,8.8,9.1,23.48347601937197,1.64,2.32,31.74,1.7,3.01,3.0701278234985114
73.22,118.12710293078135,8.96,13.11,13.38,81.0,1.45,4.02,27.19,1.07,0.81,3.0701278234985114
79.01,118.12710293078135,11.02,15.12,15.84,23.48347601937197,1.46,2.77,38.48,1.76,0.96,3.0701278234985114
83.44,118.12710293078135,9.83,13.42,14.13,23.48347601937197,1.42,8.68,59.12,2.9,0.84,3.0701278234985114
62.16,118.12710293078135,5.84,10.03,9.5,23.48347601937197,1.91,2.38,54.63,13.07,0.53,3.0701278234985114
41.54,118.12710293078135,6.52,10.28,10.12,23.48347601937197,1.67,4.9,55.5,2.8,0.45,3.0701278234985114
67.25,118.12710293078135,10.22,15.63,15.5,23.48347601937197,1.4,7.42,40.72,1.82,0.93,3.0701278234985114
32.96,118.12710293078135,4.06,10.8,8.53,23.48347601937197,1.87,2.64,31.71,2.33,1.91,3.0701278234985114
52.25,118.12710293078135,4.99,9.13,8.43,23.48347601937197,2.03,2.31,41.56,1.61,1.87,3.0701278234985114
90.02,118.12710293078135,6.81,12.13,11.24,23.48347601937197,1.54,4.74,39.73,1.91,1.9,3.0701278234985114
69.55,118.12710293078135,8.44,10.84,10.49,28.01,1.42,13.03,41.66,2.65,2.04,3.0701278234985114
47.78,118.12710293078135,5.37,9.44,9.6,36.94,1.48,2.3,39.99,2.42,2.42,3.0701278234985114
67.25,118.12710293078135,8.91,12.58,14.54,115.34,1.35,2.39,42.39,1.45,3.01,3.0701278234985114
62.62,118.12710293078135,7.22,12.49,13.24,136.56,1.44,4.48,48.38,2.0,2.79,3.0701278234985114
62.87,118.12710293078135,4.59,10.21,10.14,150.27,1.41,4.67,55.16,2.14,2.16,3.0701278234985114
56.24,118.12710293078135,5.71,9.88,10.82,139.37,1.37,4.05,47.29,2.83,1.94,3.0701278234985114
60.92,118.12710293078135,6.31,12.17,11.77,11.81,1.01,3.0,46.66,3.03,2.47,3.0701278234985114
81.03,118.12710293078135,6.25,11.06,11.8,3.51,1.2,4.87,40.93,1.78,2.67,3.0701278234985114
80.44,118.12710293078135,8.53,10.22,12.0,3.56,0.97,2.84,18.31,1.45,2.55,3.0701278234985114
66.08,118.12710293078135,6.95,8.99,11.29,3.59,0.83,2.56,15.38,1.52,3.41,3.0701278234985114
65.08,118.12710293078135,6.79,11.65,12.45,3.24,0.76,2.53,17.59,1.39,5.24,3.0701278234985114
57.73,118.12710293078135,6.71,8.73,10.98,2.84,0.7,2.44,21.32,1.33,3.95,3.0701278234985114
74.65,118.12710293078135,4.94,7.78,9.07,3.02,0.85,2.59,23.41,1.94,3.8,3.0701278234985114
76.68,118.12710293078135,5.84,8.14,10.05,3.72,1.07,6.8,21.72,2.35,4.18,3.0701278234985114
81.93,118.12710293078135,6.02,8.79,10.54,7.44,0.78,3.0,24.71,2.43,4.28,3.0701278234985114
86.31,118.12710293078135,5.03,10.7,10.73,7.92,0.97,3.41,20.46,2.3,4.9,3.0701278234985114
69.38,118.12710293078135,3.48,18.52,13.35,181.06,1.02,3.35,28.48,1.91,3.86,3.0701278234985114
68.25,118.12710293078135,2.71,10.38,10.51,187.75,0.93,3.54,20.14,1.11,2.2,3.0701278234985114
64.05,118.12710293078135,7.1,11.13,14.49,214.6,0.82,4.04,20.81,2.98,3.02,3.0701278234985114
59.46,118.12710293078135,5.91,10.97,11.97,174.56,0.79,3.67,21.8,3.03,6.7,3.0701278234985114
64.1,118.12710293078135,4.57,5.2,6.79,165.18,0.69,3.35,23.17,1.52,2.28,3.0701278234985114
63.03,118.12710293078135,5.29,7.26,8.55,166.96,0.65,3.15,33.42,1.62,6.79,3.0701278234985114
46.09,118.12710293078135,5.95,8.79,10.03,148.68,0.84,4.09,30.0,2.26,6.43,3.0701278234985114
51.43,118.12710293078135,6.62,8.2,11.13,152.03,0.97,3.99,19.84,2.31,7.35,3.0701278234985114
53.32,118.12710293078135,5.66,7.83,10.24,149.99,0.79,4.42,19.58,1.58,3.78,3.0701278234985114
55.51,118.12710293078135,5.8,7.36,10.13,127.6,0.67,4.16,22.65,1.72,4.78,3.0701278234985114
64.92,118.12710293078135,6.48,7.16,10.53,160.27,0.84,3.88,19.22,3.52,6.48,3.0701278234985114
63.65,118.12710293078135,4.99,5.76,8.7,190.4,0.81,3.97,20.87,2.11,4.89,3.0701278234985114
67.33,118.12710293078135,6.0,7.21,10.45,175.4,0.77,4.08,19.9,4.77,8.12,3.0701278234985114
68.04,118.12710293078135,4.86,9.32,9.83,143.22,1.1,3.9,21.71,3.93,6.91,3.0701278234985114
70.13,118.12710293078135,8.66,10.91,12.32,116.99,1.29,3.68,24.49,2.62,5.37,3.0701278234985114
64.37,118.12710293078135,9.05,14.68,14.44,86.61,1.12,3.39,23.19,2.58,4.48,3.0701278234985114
56.54,118.12710293078135,7.06,6.9,10.05,9.81,0.84,3.1,15.53,3.47,4.99,3.0701278234985114
54.83,118.12710293078135,7.01,7.41,11.35,8.46,0.6,3.23,31.04,2.2,3.72,3.0701278234985114
61.1,118.12710293078135,7.72,7.96,12.38,62.62,0.61,3.18,42.09,2.8,4.14,3.0701278234985114
61.34,118.12710293078135,8.74,11.1,13.79,159.27,0.66,3.33,44.35,2.98,5.56,3.0701278234985114
56.23,118.12710293078135,6.25,17.24,13.8,142.42,0.62,3.2,37.1,2.19,5.62,3.0701278234985114
59.15,118.12710293078135,5.19,18.86,12.63,165.99,0.68,3.54,48.46,2.19,5.48,3.0701278234985114
55.65,118.12710293078135,4.48,12.33,8.91,174.44,0.61,3.21,59.44,1.46,3.42,3.0701278234985114
54.15,118.12710293078135,5.06,12.57,9.45,187.9,0.65,4.31,45.28,1.7,4.08,3.0701278234985114
56.37,118.12710293078135,6.08,12.29,10.23,112.54,0.74,4.84,29.27,1.43,3.75,3.0701278234985114
54.71,118.12710293078135,7.47,12.81,11.79,65.51,0.67,3.12,32.01,1.3,2.89,3.0701278234985114
55.5,118.12710293078135,7.4,13.47,12.65,120.6,0.69,3.26,26.98,1.37,3.79,3.0701278234985114
56.62,118.12710293078135,9.49,15.05,14.61,185.85,0.61,3.15,25.79,1.5,3.78,3.0701278234985114
60.73,118.12710293078135,8.16,16.53,14.37,121.46,0.86,3.2,23.39,1.51,4.35,3.0701278234985114
51.55,118.12710293078135,5.25,13.44,10.36,63.69,1.02,3.63,35.06,1.38,4.93,3.0701278234985114
51.96,118.12710293078135,4.76,13.52,9.92,27.85,0.9,4.71,44.55,2.17,5.62,3.0701278234985114
60.21,118.12710293078135,2.65,11.49,8.29,101.61,0.93,4.13,46.92,1.52,4.76,3.0701278234985114
65.26,118.12710293078135,2.51,11.83,8.55,98.52,0.69,3.66,54.93,1.27,3.28,3.0701278234985114
61.78,118.12710293078135,3.63,13.51,9.69,36.74,0.94,3.46,42.23,1.14,4.36,3.0701278234985114
57.7,118.12710293078135,3.48,11.26,8.01,34.11,0.77,3.47,28.18,1.01,2.47,3.0701278234985114
56.99,118.12710293078135,5.62,15.37,11.31,82.4,0.76,3.41,27.37,1.43,3.39,3.0701278234985114
51.73,118.12710293078135,7.92,18.17,16.19,120.11,1.09,3.49,23.58,1.55,4.92,3.0701278234985114
48.7,118.12710293078135,8.13,17.65,17.98,93.67,0.96,3.49,29.76,1.35,4.5,3.0701278234985114
65.21,118.12710293078135,6.56,17.26,16.62,134.46,2.0,3.96,33.3,1.4,4.38,3.0701278234985114
58.58,118.12710293078135,5.79,16.06,15.3,106.31,1.02,5.34,47.31,1.05,4.03,3.0701278234985114
54.16,118.12710293078135,5.41,15.93,14.95,119.72,1.05,5.27,38.81,1.15,5.86,3.0701278234985114
55.79,118.12710293078135,5.49,15.74,14.88,90.86,1.0,5.1,34.5,1.36,8.47,3.0701278234985114
57.2,118.12710293078135,5.86,13.99,13.37,22.36,0.78,4.96,32.6,1.12,4.71,3.0701278234985114
64.95,118.12710293078135,5.01,13.29,12.04,28.97,1.0,4.78,41.1,1.05,3.7,3.0701278234985114
56.02,118.12710293078135,5.04,14.38,11.99,43.25,0.99,4.95,42.11,1.15,3.88,3.0701278234985114
53.3,118.12710293078135,5.44,13.8,12.02,43.0,1.01,4.63,32.45,1.43,3.47,3.0701278234985114
52.04,118.12710293078135,5.54,13.85,11.76,54.22,1.15,4.84,24.26,1.26,3.92,3.0701278234985114
61.37,118.12710293078135,8.06,15.13,14.61,94.34,1.1,4.61,22.41,1.55,4.33,3.0701278234985114
59.24,118.12710293078135,5.93,14.66,11.65,72.7,1.16,4.49,31.62,1.45,5.47,3.0701278234985114
58.43,118.12710293078135,6.11,18.69,13.71,99.46,1.23,4.43,53.25,1.61,4.01,3.0701278234985114
68.42,118.12710293078135,4.02,16.17,14.2,63.43,1.24,4.58,53.29,1.51,4.93,3.0701278234985114
62.47,118.12710293078135,3.8,13.86,13.01,131.28,1.24,4.44,48.37,1.49,4.4,3.0701278234985114
55.77,118.12710293078135,3.28,12.38,11.87,130.56,2.1,4.1,51.8,1.33,2.95,3.0701278234985114
58.8,118.12710293078135,4.28,13.77,13.3,131.56,1.15,3.89,58.35,1.23,1.4,3.0701278234985114
81.06,118.12710293078135,6.14,20.11,17.96,132.82,1.15,4.65,38.9,1.4,6.21,3.0701278234985114
65.17,118.12710293078135,6.95,25.13,20.31,146.54,1.28,4.74,27.97,1.52,9.23,3.0701278234985114
48.59,118.12710293078135,4.81,21.24,14.85,114.48,1.37,3.58,41.45,1.54,7.6,3.0701278234985114
45.89,118.12710293078135,4.72,18.13,17.56,166.02,1.15,5.11,48.96,2.49,7.19,3.0701278234985114
48.61,118.12710293078135,4.66,18.15,22.48,186.6,2.55,3.78,41.27,2.54,7.07,3.0701278234985114
51.67,118.12710293078135,3.66,18.0,15.56,167.96,1.67,3.71,49.56,2.47,7.95,3.0701278234985114
50.64,118.12710293078135,4.53,17.49,14.35,164.84,1.84,3.96,55.38,2.2,5.61,3.0701278234985114
44.88,118.12710293078135,4.89,15.77,12.93,161.67,1.49,3.89,59.45,2.44,5.67,3.0701278234985114
57.32,118.12710293078135,4.53,12.13,14.57,131.62,1.42,3.48,61.61,4.14,8.86,3.0701278234985114
43.52,118.12710293078135,4.42,11.38,12.55,140.69,1.94,4.53,58.74,6.02,12.71,3.0701278234985114
41.29,118.12710293078135,4.73,10.64,10.18,105.37,1.86,4.86,40.93,7.65,19.7,3.0701278234985114
41.29,118.12710293078135,5.87,13.78,15.08,22.77,2.13,5.04,28.24,3.85,13.88,3.0701278234985114
67.45057794890306,118.12710293078135,17.574729662029362,28.560659061126955,32.30912333307031,23.48347601937197,2.2485982090856145,14.53197725590996,34.49143047551845,3.280840304500585,8.700972080037227,3.0701278234985114
45.6,118.12710293078135,9.61,15.08,15.17,1.0,1.1,5.13,10.94,3.4,5.36,3.0701278234985114
29.09,118.12710293078135,6.61,13.53,15.39,80.3,1.06,3.8,16.99,0.96,4.96,3.0701278234985114
57.26,118.12710293078135,7.37,18.17,21.14,119.6,1.37,3.23,10.57,1.35,5.81,3.0701278234985114
28.3,118.12710293078135,8.09,15.79,17.74,70.58,0.93,3.05,11.86,0.94,4.3,3.0701278234985114
22.97,118.12710293078135,6.36,14.02,14.67,108.89,2.15,2.17,10.79,0.5,1.82,3.0701278234985114
32.43,118.12710293078135,9.66,16.81,17.54,143.2,3.09,5.57,8.82,1.48,5.43,3.0701278234985114
30.71,118.12710293078135,3.18,6.49,7.85,124.23,1.18,5.23,34.49143047551845,3.280840304500585,8.700972080037227,3.0701278234985114
40.39,118.12710293078135,9.46,14.77,16.3,101.72,6.35,4.04,11.18,1.5,9.03,3.0701278234985114
30.54,118.12710293078135,9.51,15.71,16.18,102.6,2.72,4.48,12.45,1.3,4.92,3.0701278234985114
40.85,118.12710293078135,5.02,14.07,13.07,106.57,2.83,3.41,19.75,1.33,4.1,3.0701278234985114
35.23,118.12710293078135,5.39,13.99,12.19,136.69,3.22,4.43,17.86,1.18,4.01,3.0701278234985114
33.51,118.12710293078135,5.49,14.2,12.84,132.69,3.33,3.39,21.82,1.09,3.52,3.0701278234985114
30.94,118.12710293078135,5.01,11.38,13.65,23.48347601937197,2.37,4.31,22.72,1.28,4.3,3.0701278234985114
29.48,118.12710293078135,6.39,10.37,12.88,23.48347601937197,1.07,3.71,16.29,8.52,7.05,3.0701278234985114
35.09,118.12710293078135,8.5,14.66,15.88,23.48347601937197,1.28,3.82,13.97,1.14,2.31,3.0701278234985114
34.2,118.12710293078135,10.18,15.89,17.57,23.48347601937197,1.05,4.58,16.96,1.0,2.51,3.0701278234985114
55.88,118.12710293078135,6.08,10.79,12.13,23.48347601937197,0.79,4.05,32.5,0.91,2.16,3.0701278234985114
39.96,118.12710293078135,5.51,10.7,12.09,23.48347601937197,0.26,3.83,38.19,0.75,2.0,3.0701278234985114
26.4,118.12710293078135,2.09,6.75,10.66,23.48347601937197,1.21,6.07,58.95,1.92,0.46,3.0701278234985114
40.21,118.12710293078135,4.64,10.09,12.58,23.48347601937197,0.76,4.38,49.73,1.03,3.35,3.0701278234985114
37.07,118.12710293078135,5.09,10.49,12.71,23.48347601937197,1.52,4.46,46.6,1.06,3.11,3.0701278234985114
26.7,118.12710293078135,6.36,11.22,12.31,23.48347601937197,1.21,5.12,20.89,0.73,2.43,3.0701278234985114
32.14,118.12710293078135,7.65,12.66,15.43,23.48347601937197,0.95,5.16,10.76,1.31,4.27,3.0701278234985114
33.02,118.12710293078135,6.36,10.42,12.78,23.48347601937197,1.08,5.04,18.76,0.86,2.24,3.0701278234985114
38.11,118.12710293078135,6.4,10.74,13.32,23.48347601937197,3.65,5.04,17.52,1.05,3.17,3.0701278234985114
28.6,118.12710293078135,7.66,15.15,18.18,23.48347601937197,1.44,4.53,15.76,0.93,3.84,3.0701278234985114
30.82,118.12710293078135,6.59,11.49,16.13,23.48347601937197,2.64,4.37,27.96,0.7,2.33,3.0701278234985114
36.8,118.12710293078135,9.64,12.5,16.49,23.48347601937197,1.61,4.8,17.04,0.99,4.12,3.0701278234985114
23.6,118.12710293078135,8.04,13.82,13.38,23.48347601937197,0.98,6.12,11.94,0.17,0.77,3.0701278234985114
42.37,118.12710293078135,4.37,15.42,16.21,23.48347601937197,1.03,4.94,36.09,0.76,2.04,3.0701278234985114
43.96,118.12710293078135,5.06,17.99,17.08,23.48347601937197,0.61,3.64,26.37,1.72,4.24,3.0701278234985114
41.33,118.12710293078135,8.64,21.63,18.25,23.48347601937197,0.79,3.7,8.2,2.63,5.11,3.0701278234985114
18.98,118.12710293078135,8.64,24.09,18.04,23.48347601937197,0.03,1.82,16.67,0.79,2.47,3.0701278234985114
67.45057794890306,118.12710293078135,17.574729662029362,28.560659061126955,32.30912333307031,23.48347601937197,0.0,14.53197725590996,34.49143047551845,3.280840304500585,0.0,3.0701278234985114
51.01,118.12710293078135,6.6,28.5,15.07,23.48347601937197,0.19,2.57,32.88,0.73,1.94,3.0701278234985114
81.45,118.12710293078135,6.62,28.53,15.11,23.48347601937197,0.06,2.1,49.08,0.5,0.31,3.0701278234985114
60.89,118.12710293078135,6.57,28.46,15.05,23.48347601937197,0.06,16.0,63.32,0.63,0.26,3.0701278234985114
62.96,118.12710293078135,6.62,28.47,15.09,23.48347601937197,0.01,3.07,55.5,0.6,0.41,3.0701278234985114
60.19,118.12710293078135,6.61,28.48,15.09,23.48347601937197,0.03,2.14,58.43,0.55,0.25,3.0701278234985114
66.69,118.12710293078135,6.69,28.46,15.14,23.48347601937197,0.45,2.29,61.2,0.49,0.38,3.0701278234985114
78.52,118.12710293078135,6.67,28.42,15.1,23.48347601937197,0.13,4.36,69.64,0.67,0.86,3.0701278234985114
63.07,118.12710293078135,6.62,28.5,15.1,23.48347601937197,0.08,26.16,72.0,0.74,1.69,3.0701278234985114
80.58,118.12710293078135,6.64,28.56,15.15,23.48347601937197,0.03,4.66,8.36,0.48,0.48,3.0701278234985114
73.75,118.12710293078135,6.56,28.44,15.04,23.48347601937197,0.26,13.26,79.47,0.17,0.67,3.0701278234985114
80.18,118.12710293078135,6.62,28.49,15.1,23.48347601937197,0.21,11.65,65.42,3.88,4.57,3.0701278234985114
81.0,118.12710293078135,6.61,28.49,15.09,23.48347601937197,0.21,19.65,61.0,1.88,4.2,3.0701278234985114
85.73,118.12710293078135,6.65,28.51,15.13,23.48347601937197,0.34,19.95,52.22,2.4,9.24,3.0701278234985114
67.86,118.12710293078135,3.7,12.52,11.24,23.48347601937197,0.11,4.77,25.71,0.5,0.77,3.0701278234985114
49.57,118.12710293078135,6.02,15.05,14.15,23.48347601937197,0.02,4.68,10.23,0.2,0.57,3.0701278234985114
66.29,118.12710293078135,3.89,14.44,8.29,23.48347601937197,0.14,4.27,44.96,1.84,1.46,3.0701278234985114
80.11,118.12710293078135,5.59,15.08,10.03,23.48347601937197,0.14,4.24,51.61,0.35,1.93,3.0701278234985114
71.86,118.12710293078135,5.05,14.88,9.54,23.48347601937197,0.06,2.29,32.83,0.42,1.0,3.0701278234985114
80.49,118.12710293078135,5.35,15.49,10.07,23.48347601937197,0.02,5.78,42.53,0.52,0.84,3.0701278234985114
83.26,118.12710293078135,4.7,17.31,10.45,23.48347601937197,0.02,7.74,53.12,0.18,0.48,3.0701278234985114
71.16,118.12710293078135,4.79,15.26,9.51,23.48347601937197,0.0,6.87,60.63,0.51,0.56,3.0701278234985114
76.21,118.12710293078135,3.91,13.7,8.11,23.48347601937197,0.02,3.43,56.87,0.31,0.46,3.0701278234985114
82.67,118.12710293078135,4.28,15.23,9.11,23.48347601937197,0.0,9.39,41.55,0.24,0.15,3.0701278234985114
42.54,118.12710293078135,3.48,13.79,6.35,23.48347601937197,0.02,1.67,27.37,0.34,0.03,3.0701278234985114
66.57,118.12710293078135,4.09,26.41,15.13,23.48347601937197,0.0,1.87,72.89,0.09,0.11,3.0701278234985114
62.58,118.12710293078135,4.05,29.62,16.66,23.48347601937197,0.0,5.8,54.3,0.18,0.12,3.0701278234985114
71.55,118.12710293078135,4.15,30.81,17.31,23.48347601937197,0.0,5.66,56.87,0.22,0.23,3.0701278234985114
58.21,118.12710293078135,5.05,30.99,18.07,23.48347601937197,0.02,6.52,43.66,0.28,0.37,3.0701278234985114
63.87,118.12710293078135,4.2,29.83,16.87,23.48347601937197,0.02,4.95,38.81,0.31,0.09,3.0701278234985114
83.29,118.12710293078135,3.97,30.5,17.03,23.48347601937197,0.0,3.0,46.65,0.1,0.1,3.0701278234985114
88.08,118.12710293078135,4.79,31.32,18.05,23.48347601937197,0.07,6.04,56.6,0.21,0.34,3.0701278234985114
91.49,118.12710293078135,6.16,34.32,20.87,23.48347601937197,0.41,10.34,44.08,0.17,1.11,3.0701278234985114
82.55,118.12710293078135,6.37,33.89,20.48,23.48347601937197,0.19,3.95,40.86,0.26,0.41,3.0701278234985114
94.8,118.12710293078135,6.22,30.87,18.9,23.48347601937197,0.02,3.05,43.63,0.21,0.1,3.0701278234985114
74.73,118.12710293078135,4.26,27.91,15.98,23.48347601937197,0.04,2.65,41.61,0.22,0.16,3.0701278234985114
54.12,118.12710293078135,2.28,22.87,12.02,23.48347601937197,0.07,3.32,49.83,0.21,0.03,3.0701278234985114
80.55,118.12710293078135,8.38,36.42,23.21,23.48347601937197,0.13,3.49,34.87,0.3,0.26,3.0701278234985114
84.69,118.12710293078135,4.67,33.14,18.84,23.48347601937197,0.12,9.78,59.52,0.16,0.04,3.0701278234985114
77.14,118.12710293078135,3.5,22.48,13.33,23.48347601937197,0.03,7.25,62.12,0.07,0.04,3.0701278234985114
51.17,118.12710293078135,2.46,5.5,4.92,23.48347601937197,0.07,2.49,46.57,0.08,0.0,3.0701278234985114
84.04,118.12710293078135,9.22,23.72,18.96,23.48347601937197,0.25,9.19,21.42,0.21,0.08,3.0701278234985114
44.56,118.12710293078135,6.62,15.04,12.78,23.48347601937197,0.18,5.8,19.33,0.21,0.12,3.0701278234985114
72.86,118.12710293078135,6.61,17.11,13.79,23.48347601937197,0.0,10.44,29.9,0.21,0.02,3.0701278234985114
82.48,118.12710293078135,7.68,16.63,14.35,23.48347601937197,0.0,5.14,34.23,0.19,0.1,3.0701278234985114
58.09,118.12710293078135,5.08,13.26,10.76,23.48347601937197,0.01,2.81,56.37,0.2,0.03,3.0701278234985114
50.17,118.12710293078135,6.68,13.73,12.18,23.48347601937197,0.07,2.92,82.71,0.1,0.06,3.0701278234985114
44.1,118.12710293078135,6.57,16.07,13.24,23.48347601937197,0.0,5.82,61.87,0.08,0.0,3.0701278234985114
69.97,118.12710293078135,6.35,13.38,11.75,23.48347601937197,0.1,2.81,46.92,0.28,0.02,3.0701278234985114
55.97,118.12710293078135,3.52,9.54,7.77,23.48347601937197,0.01,4.56,48.59,0.26,0.02,3.0701278234985114
62.53,118.12710293078135,4.78,12.92,10.37,23.48347601937197,0.0,3.21,47.77,0.34,0.08,3.0701278234985114
80.76,118.12710293078135,5.57,16.2,12.54,23.48347601937197,0.0,5.18,49.91,0.07,0.02,3.0701278234985114
55.43,118.12710293078135,4.96,14.99,11.5,23.48347601937197,0.12,4.73,37.5,0.24,0.02,3.0701278234985114
64.06,118.12710293078135,3.71,13.88,10.03,23.48347601937197,0.0,5.13,36.56,0.18,0.02,3.0701278234985114
73.27,118.12710293078135,5.09,15.47,11.83,23.48347601937197,0.0,14.79,48.57,0.05,0.04,3.0701278234985114
56.51,118.12710293078135,5.66,15.95,12.48,23.48347601937197,0.1,5.13,54.72,0.16,0.06,3.0701278234985114
66.54,118.12710293078135,3.93,13.26,9.88,23.48347601937197,0.0,2.74,68.4,0.08,0.0,3.0701278234985114
43.6,118.12710293078135,4.33,11.25,9.2,23.48347601937197,0.0,2.79,48.16,0.14,0.05,3.0701278234985114
45.13,118.12710293078135,8.63,15.97,14.73,23.48347601937197,0.04,4.57,28.68,0.21,0.16,3.0701278234985114
67.15,118.12710293078135,8.24,16.29,14.6,23.48347601937197,0.03,3.89,39.87,0.14,0.12,3.0701278234985114
77.17,118.12710293078135,7.25,14.91,13.19,23.48347601937197,0.05,4.05,39.5,0.25,0.06,3.0701278234985114
72.94,118.12710293078135,7.25,17.57,14.49,23.48347601937197,0.02,4.3,36.86,0.29,0.02,3.0701278234985114
83.86,118.12710293078135,9.0,19.87,16.92,23.48347601937197,0.04,5.84,46.22,0.18,0.03,3.0701278234985114
80.59,118.12710293078135,8.97,20.01,16.96,23.48347601937197,0.03,3.62,37.86,0.19,0.05,3.0701278234985114
91.75,118.12710293078135,8.27,18.12,15.51,23.48347601937197,0.0,3.88,43.21,0.23,0.08,3.0701278234985114
84.05,118.12710293078135,8.82,16.24,15.01,23.48347601937197,0.0,4.06,29.51,0.14,0.02,3.0701278234985114
56.6,118.12710293078135,5.56,11.82,10.42,23.48347601937197,0.06,3.51,39.34,0.04,0.09,3.0701278234985114
63.42,118.12710293078135,6.53,14.29,12.31,23.48347601937197,0.09,2.54,63.2,0.1,0.06,3.0701278234985114
77.03,118.12710293078135,6.43,14.45,12.35,23.48347601937197,0.03,2.97,62.53,0.05,0.0,3.0701278234985114
71.15,118.12710293078135,10.01,18.02,16.77,23.48347601937197,0.0,2.84,40.78,0.12,0.0,3.0701278234985114
71.72,118.12710293078135,9.26,15.74,15.09,23.48347601937197,0.0,4.2,37.49,0.19,0.26,3.0701278234985114
50.86,118.12710293078135,6.18,13.46,11.68,23.48347601937197,0.03,2.6,36.87,0.05,0.15,3.0701278234985114
65.96,118.12710293078135,5.92,9.97,10.2,23.48347601937197,0.23,6.25,27.15,0.02,0.13,3.0701278234985114
82.44,118.12710293078135,7.78,17.92,20.16,23.48347601937197,0.27,7.02,54.36,0.11,0.05,3.0701278234985114
72.86,118.12710293078135,7.36,19.0,20.36,23.48347601937197,0.13,6.2,35.08,0.06,0.08,3.0701278234985114
63.96,118.12710293078135,4.15,18.78,17.8,23.48347601937197,0.13,6.28,41.66,0.18,0.0,3.0701278234985114
227.17,118.12710293078135,2.78,8.0,5.32,23.48347601937197,0.0,2.19,13.3,0.12,0.03,3.0701278234985114
37.43,118.12710293078135,3.86,10.9,7.5,23.48347601937197,0.0,3.32,21.35,0.05,0.03,3.0701278234985114
88.83,118.12710293078135,2.04,10.79,6.11,23.48347601937197,0.01,4.13,35.43,0.05,0.02,3.0701278234985114
29.53,118.12710293078135,2.21,9.94,5.82,23.48347601937197,0.0,3.89,34.4,0.05,0.02,3.0701278234985114
80.48,118.12710293078135,3.65,11.8,8.32,23.48347601937197,0.0,2.98,34.13,0.02,0.0,3.0701278234985114
74.46,118.12710293078135,3.73,11.05,8.01,23.48347601937197,0.0,3.46,29.09,0.06,0.0,3.0701278234985114
60.44,118.12710293078135,4.25,10.84,8.29,23.48347601937197,0.03,2.76,28.02,0.07,0.0,3.0701278234985114
67.15,118.12710293078135,3.67,10.53,7.59,23.48347601937197,0.0,4.05,40.63,0.0,0.0,3.0701278234985114
37.05,118.12710293078135,2.29,7.8,8.02,23.48347601937197,0.0,3.24,17.3,0.0,0.0,3.0701278234985114
55.89,118.12710293078135,4.38,10.67,10.31,23.48347601937197,0.12,4.88,39.32,0.03,0.0,3.0701278234985114
72.65,118.12710293078135,2.67,10.7,8.99,23.48347601937197,0.12,4.92,52.16,0.02,0.0,3.0701278234985114
75.8,118.12710293078135,2.3,10.71,8.77,23.48347601937197,0.06,4.84,42.61,0.02,0.02,3.0701278234985114
91.14,118.12710293078135,1.76,11.27,8.64,23.48347601937197,0.0,4.78,31.95,0.12,0.02,3.0701278234985114
68.14,118.12710293078135,2.54,9.96,8.59,23.48347601937197,0.03,4.97,29.14,0.03,0.0,3.0701278234985114
89.0,118.12710293078135,2.52,10.87,9.01,23.48347601937197,0.03,6.35,45.42,0.02,0.0,3.0701278234985114
81.33,118.12710293078135,2.28,11.45,9.12,23.48347601937197,0.08,9.05,53.37,0.02,0.01,3.0701278234985114
62.54,118.12710293078135,2.31,14.4,10.58,23.48347601937197,0.06,7.25,39.09,0.11,0.03,3.0701278234985114
56.7,118.12710293078135,3.06,10.05,9.02,23.48347601937197,0.04,7.91,39.2,0.0,0.0,3.0701278234985114
43.89,118.12710293078135,3.13,9.75,8.92,23.48347601937197,0.0,6.4,43.9,0.03,0.0,3.0701278234985114
47.85,118.12710293078135,4.18,14.43,11.13,23.48347601937197,0.17,6.96,62.21,0.04,0.09,3.0701278234985114
73.27,118.12710293078135,3.85,12.14,9.77,23.48347601937197,0.18,7.98,81.71,0.05,0.06,3.0701278234985114
64.22,118.12710293078135,4.23,12.9,10.42,23.48347601937197,0.16,8.24,72.36,0.02,0.02,3.0701278234985114
86.49,118.12710293078135,4.0,12.77,7.45,23.48347601937197,0.25,7.23,48.88,0.02,0.03,3.0701278234985114
63.82,118.12710293078135,8.96,16.73,12.31,23.48347601937197,0.19,7.89,74.87,0.02,0.04,3.0701278234985114
71.68,118.12710293078135,6.55,13.78,9.68,23.48347601937197,0.13,6.47,71.02,0.01,0.01,3.0701278234985114
50.12,118.12710293078135,5.61,14.43,9.3,23.48347601937197,0.12,7.48,46.83,0.03,0.04,3.0701278234985114
86.59,118.12710293078135,3.89,16.81,9.04,23.48347601937197,0.12,8.58,64.78,0.01,0.02,3.0701278234985114
100.14,118.12710293078135,2.11,19.88,9.08,23.48347601937197,0.18,8.56,41.86,0.0,0.0,3.0701278234985114
71.65,118.12710293078135,5.41,19.55,8.41,23.48347601937197,0.26,9.51,50.56,0.07,0.0,3.0701278234985114
60.4,118.12710293078135,3.99,15.21,8.09,23.48347601937197,0.07,10.36,57.04,0.02,0.03,3.0701278234985114
46.27,118.12710293078135,3.59,16.67,8.27,23.48347601937197,0.12,10.28,60.64,0.02,0.03,3.0701278234985114
40.58,118.12710293078135,1.8,14.01,7.79,23.48347601937197,0.01,7.38,43.42,0.0,0.0,3.0701278234985114
41.33,118.12710293078135,5.93,6.23,8.82,23.48347601937197,0.0,5.91,59.32,0.04,0.04,3.0701278234985114
56.49,118.12710293078135,8.09,14.49,11.51,23.48347601937197,0.06,4.63,24.55,0.01,0.02,3.0701278234985114
62.74,118.12710293078135,10.45,15.18,13.05,23.48347601937197,0.02,4.54,34.7,0.03,0.04,3.0701278234985114
53.45,118.12710293078135,8.01,18.63,12.27,23.48347601937197,0.03,11.84,29.22,0.02,0.04,3.0701278234985114
52.28,118.12710293078135,5.16,11.85,8.07,23.48347601937197,0.02,4.57,25.97,0.1,0.11,3.0701278234985114
86.01,118.12710293078135,8.56,12.58,11.26,23.48347601937197,0.02,4.68,20.82,0.05,0.17,3.0701278234985114
50.07,118.12710293078135,8.25,12.48,10.99,23.48347601937197,0.02,4.56,21.32,0.1,0.16,3.0701278234985114
112.23,118.12710293078135,7.64,12.32,10.46,23.48347601937197,0.05,4.77,22.76,0.01,0.01,3.0701278234985114
51.29,118.12710293078135,6.65,12.4,9.5,23.48347601937197,0.03,4.81,23.46,0.01,0.0,3.0701278234985114
68.25,118.12710293078135,6.11,10.96,8.56,23.48347601937197,0.1,5.02,30.2,0.0,0.01,3.0701278234985114
29.95,118.12710293078135,6.13,10.95,8.58,23.48347601937197,0.33,4.99,29.56,0.01,0.02,3.0701278234985114
30.69,118.12710293078135,6.12,10.98,8.58,23.48347601937197,0.65,5.32,31.21,0.07,0.09,3.0701278234985114
39.27,118.12710293078135,3.54,10.36,6.92,23.48347601937197,0.6,4.73,19.78,0.02,0.02,3.0701278234985114
79.2,118.12710293078135,6.0,8.35,7.57,23.48347601937197,0.27,5.25,28.73,0.0,0.0,3.0701278234985114
37.1,118.12710293078135,6.5,9.64,8.38,23.48347601937197,0.24,5.26,33.28,0.02,0.02,3.0701278234985114
69.85,118.12710293078135,4.06,8.37,6.2,23.48347601937197,0.32,4.36,57.04,0.04,0.03,3.0701278234985114
31.96,118.12710293078135,5.26,9.0,7.4,23.48347601937197,0.23,4.04,50.32,0.11,0.11,3.0701278234985114
85.36,118.12710293078135,7.7,12.25,10.32,23.48347601937197,0.16,14.17,37.77,0.06,0.06,3.0701278234985114
49.27,118.12710293078135,23.48,32.29,29.32,23.48347601937197,0.19,16.49,27.56,0.03,0.03,3.0701278234985114
69.26,118.12710293078135,14.5,24.7,21.45,23.48347601937197,0.12,18.8,32.34,0.09,0.07,3.0701278234985114
51.96,118.12710293078135,16.97,27.26,22.68,33.37,0.37,25.33,21.74,0.06,4.2,3.0701278234985114
50.0,118.12710293078135,13.66,23.67,22.24,37.52,0.28,21.76,22.01,0.0,0.04,3.0701278234985114
44.53,118.12710293078135,6.31,22.36,20.74,84.53,1.74,14.37,11.17,0.05,0.04,3.0701278234985114
58.59,118.12710293078135,8.95,25.92,16.93,68.64,0.64,10.73,65.06,0.18,0.18,3.0701278234985114
53.74,118.12710293078135,10.81,21.91,16.04,113.77,0.63,11.09,34.76,0.06,0.02,3.0701278234985114
62.08,118.12710293078135,9.13,21.3,14.75,296.43,0.66,11.68,29.74,0.03,0.02,3.0701278234985114
68.58,118.12710293078135,7.23,24.71,15.3,301.18,0.9,10.05,24.35,0.21,1.74,3.0701278234985114
70.8,118.12710293078135,5.55,21.71,13.12,247.22,1.1,12.95,32.78,0.19,1.83,3.0701278234985114
81.94,118.12710293078135,5.54,18.9,11.81,125.17,0.79,16.59,32.86,0.06,0.92,3.0701278234985114
48.07,118.12710293078135,12.3,27.69,19.88,138.19,0.81,11.35,26.02,0.42,1.69,3.0701278234985114
58.96,118.12710293078135,13.96,25.49,19.05,154.41,0.6,12.15,29.76,0.83,2.62,3.0701278234985114
79.51,118.12710293078135,10.58,29.82,25.94,235.51,0.74,12.8,33.97,0.85,2.7,3.0701278234985114
75.6,118.12710293078135,11.82,27.44,26.61,328.89,0.73,15.48,27.26,0.68,2.38,3.0701278234985114
90.46,118.12710293078135,8.44,29.43,22.93,222.46,0.65,15.29,45.01,0.31,1.27,3.0701278234985114
57.36,118.12710293078135,6.32,20.3,15.45,297.64,0.65,11.31,29.54,0.64,1.43,3.0701278234985114
94.87,118.12710293078135,7.54,27.5,18.02,175.89,0.47,17.67,40.88,0.62,1.75,3.0701278234985114
73.06,118.12710293078135,8.84,30.39,21.07,138.62,0.0,14.6,47.78,1.18,2.68,3.0701278234985114
77.29,118.12710293078135,11.23,31.89,20.82,139.26,0.0,12.04,38.98,1.29,3.65,3.0701278234985114
79.19,118.12710293078135,14.24,25.72,18.97,166.28,0.15,9.89,45.45,0.96,3.96,3.0701278234985114
70.02,118.12710293078135,8.6,20.47,16.3,161.75,0.26,7.67,55.0,1.02,1.8,3.0701278234985114
59.77,118.12710293078135,15.54,23.37,20.09,132.96,0.31,6.1,28.49,0.48,1.99,3.0701278234985114
53.21,118.12710293078135,8.19,26.4,18.54,208.34,0.17,7.92,52.58,2.32,2.1,3.0701278234985114
50.08,118.12710293078135,6.93,18.91,13.79,249.01,0.09,8.69,68.71,1.98,1.51,3.0701278234985114
62.7,118.12710293078135,13.71,23.85,21.68,242.56,0.24,13.33,24.92,1.77,2.26,3.0701278234985114
79.72,118.12710293078135,14.75,25.27,23.35,161.15,0.29,14.59,37.33,1.97,2.7,3.0701278234985114
82.28,118.12710293078135,10.49,23.92,19.01,249.49,0.1,13.05,58.63,1.83,2.53,3.0701278234985114
64.49,118.12710293078135,18.2,28.09,27.14,192.98,0.09,11.39,38.43,2.1,3.21,3.0701278234985114
53.72,118.12710293078135,15.88,20.64,21.65,180.82,0.28,8.92,19.64,1.56,3.92,3.0701278234985114
56.26,118.12710293078135,10.67,17.75,15.62,219.26,0.0,12.77,26.41,1.67,3.11,3.0701278234985114
113.21,118.12710293078135,8.71,18.64,14.55,165.62,0.0,11.75,40.16,1.49,3.17,3.0701278234985114
76.77,118.12710293078135,8.96,17.43,14.05,202.45,0.0,16.44,31.36,1.25,3.06,3.0701278234985114
76.4,118.12710293078135,7.67,17.86,13.34,112.41,0.0,29.31,42.57,1.36,3.56,3.0701278234985114
62.12,118.12710293078135,8.91,15.6,13.8,110.73,0.0,17.55,50.15,1.53,3.7,3.0701278234985114
75.69,118.12710293078135,7.85,16.08,13.71,140.2,0.0,14.31,48.76,1.07,2.86,3.0701278234985114
55.3,118.12710293078135,8.66,14.02,11.96,145.13,0.39,20.33,50.51,0.74,2.56,3.0701278234985114
79.23,118.12710293078135,8.95,18.07,14.8,72.38,0.94,11.52,26.63,1.25,3.17,3.0701278234985114
82.65,118.12710293078135,9.91,17.84,15.35,113.39,0.98,12.57,31.97,1.67,3.65,3.0701278234985114
68.45,118.12710293078135,9.11,11.26,10.79,113.32,0.89,13.78,40.6,1.03,1.81,3.0701278234985114
74.62,118.12710293078135,8.78,11.0,10.75,104.84,0.9,12.31,42.88,1.09,2.28,3.0701278234985114
71.04,118.12710293078135,11.58,16.94,15.27,100.53,0.83,26.45,33.83,1.93,3.33,3.0701278234985114
67.8,118.12710293078135,14.74,20.78,18.85,91.94,0.76,23.22,44.7,1.83,3.03,3.0701278234985114
70.06,118.12710293078135,12.12,20.38,17.57,108.54,0.64,29.85,52.91,1.71,2.9,3.0701278234985114
68.89,118.12710293078135,11.7,22.48,17.79,108.56,0.68,34.03,51.59,1.74,3.05,3.0701278234985114
85.98,118.12710293078135,11.64,20.48,16.88,103.69,0.6,33.72,57.39,2.21,2.95,3.0701278234985114
70.63,118.12710293078135,12.08,20.41,16.82,101.27,0.68,13.69,40.29,1.58,2.68,3.0701278234985114
80.58,118.12710293078135,13.66,19.77,18.15,110.34,0.62,9.92,38.16,1.48,3.09,3.0701278234985114
80.11,118.12710293078135,13.56,21.32,18.6,93.14,0.7,12.56,28.97,1.09,2.55,3.0701278234985114
84.31,118.12710293078135,14.15,21.0,18.91,104.38,0.9,9.64,37.25,1.57,2.71,3.0701278234985114
74.03,118.12710293078135,11.69,18.96,16.01,119.36,0.83,6.7,51.81,1.19,2.32,3.0701278234985114
79.6,118.12710293078135,11.77,19.89,16.59,101.14,0.89,7.26,40.58,1.2,2.54,3.0701278234985114
71.53,118.12710293078135,11.99,18.29,15.9,119.98,0.78,6.72,53.46,1.46,1.75,3.0701278234985114
73.21,118.12710293078135,12.29,18.74,16.29,111.87,0.82,8.17,56.87,1.72,2.39,3.0701278234985114
68.01,118.12710293078135,13.32,22.09,18.79,122.94,0.79,11.98,52.14,1.72,2.12,3.0701278234985114
72.05,118.12710293078135,15.19,23.76,21.61,97.57,0.86,17.29,49.48,1.33,2.83,3.0701278234985114
66.15,118.12710293078135,16.37,22.16,20.84,86.28,0.79,14.37,37.94,1.89,3.56,3.0701278234985114
78.68,118.12710293078135,14.88,19.5,18.15,97.64,0.95,8.5,45.96,1.39,3.61,3.0701278234985114
74.22,118.12710293078135,19.31,21.27,22.82,82.28,0.83,6.93,32.07,1.65,3.4,3.0701278234985114
37.64,118.12710293078135,14.04,17.68,16.68,111.54,0.75,5.65,40.93,0.86,1.4,3.0701278234985114
49.07,118.12710293078135,15.63,18.92,18.28,105.71,1.03,5.6,14.02,1.46,2.1,3.0701278234985114
50.86,118.12710293078135,12.89,20.61,17.07,104.86,0.97,6.64,29.6,1.06,1.68,3.0701278234985114
52.68,118.12710293078135,11.77,17.7,14.25,117.81,0.91,6.47,22.69,1.11,1.45,3.0701278234985114
76.41,118.12710293078135,12.37,19.55,16.55,98.89,1.0,7.42,27.95,0.96,1.59,3.0701278234985114
55.38,118.12710293078135,11.08,22.9,17.53,111.03,1.0,7.06,40.05,1.29,1.18,3.0701278234985114
57.82,118.12710293078135,9.31,16.26,12.52,113.45,0.85,9.95,38.51,0.5,1.91,3.0701278234985114
55.81,118.12710293078135,7.37,13.41,10.31,114.38,1.05,7.69,42.39,0.58,1.69,3.0701278234985114
70.43,118.12710293078135,10.66,15.41,13.46,106.9,0.79,8.49,47.51,0.3,0.32,3.0701278234985114
67.83,118.12710293078135,8.69,14.05,11.8,99.43,0.8,9.71,33.17,0.34,0.28,3.0701278234985114
63.29,118.12710293078135,7.8,15.79,12.05,107.66,0.74,9.94,35.85,0.71,0.71,3.0701278234985114
74.3,118.12710293078135,6.76,14.74,11.0,99.2,0.75,10.16,28.4,0.95,1.62,3.0701278234985114
59.12,118.12710293078135,9.14,14.41,12.53,98.69,0.73,10.97,26.36,1.17,3.38,3.0701278234985114
73.78,118.12710293078135,9.38,15.12,12.95,111.54,0.66,10.04,45.08,0.47,3.17,3.0701278234985114
95.58,118.12710293078135,11.08,15.61,14.34,110.95,0.66,9.39,32.1,0.9,2.98,3.0701278234985114
52.34,118.12710293078135,9.87,11.84,11.87,96.9,0.7,9.72,40.18,1.11,2.78,3.0701278234985114
49.83,118.12710293078135,7.44,12.93,10.47,96.52,0.76,10.37,50.51,0.73,2.66,3.0701278234985114
60.18,118.12710293078135,8.74,13.37,11.96,82.41,0.72,9.28,33.49,0.56,2.41,3.0701278234985114
68.14,118.12710293078135,10.69,16.63,14.02,71.38,0.86,5.79,33.84,0.79,2.27,3.0701278234985114
82.38,118.12710293078135,24.42,22.6,27.97,29.09,0.8,9.39,33.49,0.99,3.27,3.0701278234985114
61.5,118.12710293078135,10.82,16.09,14.85,24.26,0.84,7.73,39.55,0.38,3.22,3.0701278234985114
70.08,118.12710293078135,12.02,16.87,15.41,24.08,0.75,7.81,33.76,0.46,5.21,3.0701278234985114
59.66,118.12710293078135,8.1,15.41,12.02,28.13,0.75,12.98,45.47,0.19,0.23,3.0701278234985114
93.32,118.12710293078135,7.95,14.81,10.68,32.54,1.03,12.55,17.77,0.64,0.66,3.0701278234985114
30.74,118.12710293078135,8.06,12.19,10.34,32.28,1.02,7.09,18.79,0.91,0.96,3.0701278234985114
65.17,118.12710293078135,15.15,17.18,18.53,28.44,0.94,11.81,21.59,1.06,1.29,3.0701278234985114
56.5,118.12710293078135,10.89,19.74,16.58,28.56,1.18,9.22,21.6,1.2,1.14,3.0701278234985114
66.3,118.12710293078135,6.43,13.95,9.04,28.05,1.14,5.9,37.83,1.01,2.11,3.0701278234985114
51.92,118.12710293078135,8.23,11.45,7.91,25.24,1.11,3.54,25.78,1.2,1.99,3.0701278234985114
50.55,118.12710293078135,8.72,17.56,11.67,25.31,1.09,9.39,21.06,1.31,2.33,3.0701278234985114
51.77,118.12710293078135,9.44,19.36,13.31,24.62,1.07,7.14,12.2,1.12,2.12,3.0701278234985114
38.53,118.12710293078135,12.02,23.13,17.25,23.39,0.91,6.96,46.24,0.7,0.64,3.0701278234985114
62.94,118.12710293078135,19.0,70.0,47.54,77.84,0.91,5.4,57.07,1.25,2.05,3.0701278234985114
52.76,118.12710293078135,14.72,32.62,25.05,106.6,0.71,7.39,45.4,1.49,2.4,3.0701278234985114
76.95,118.12710293078135,38.8,73.31,77.57,209.32,0.77,4.36,40.29,1.45,2.35,3.0701278234985114
37.39,118.12710293078135,32.13,79.04,59.62,125.47,0.8,4.32,24.41,1.55,2.41,3.0701278234985114
64.65,118.12710293078135,12.53,23.29,19.9,27.51,0.84,4.91,43.99,0.0,3.44,3.0701278234985114
49.62,118.12710293078135,10.37,21.35,17.28,38.18,0.83,4.42,28.32,0.0,4.36,3.0701278234985114
57.34,118.12710293078135,14.47,26.73,22.85,31.04,0.79,5.71,15.15,0.01,3.21,3.0701278234985114
60.06,118.12710293078135,8.04,20.06,14.97,32.22,0.8,5.9,25.05,0.0,4.43,3.0701278234985114
57.98,118.12710293078135,7.82,20.51,15.03,37.83,0.79,5.65,27.11,0.0,4.83,3.0701278234985114
61.21,118.12710293078135,9.42,21.55,16.64,43.98,0.79,4.85,31.31,0.09,3.08,3.0701278234985114
55.1,118.12710293078135,7.89,19.88,14.78,52.01,0.81,5.48,31.74,0.0,1.19,3.0701278234985114
61.59,118.12710293078135,7.9,21.68,15.69,26.04,0.8,6.06,27.59,0.0,3.87,3.0701278234985114
61.34,118.12710293078135,7.61,21.88,15.56,25.85,0.8,5.28,31.3,0.0,4.05,3.0701278234985114
76.53,118.12710293078135,7.73,20.83,15.13,36.12,0.81,5.84,25.83,0.0,4.17,3.0701278234985114
54.64,118.12710293078135,7.63,20.9,15.09,21.69,0.81,5.57,29.89,0.0,5.96,3.0701278234985114
81.3,118.12710293078135,7.25,20.79,14.75,14.13,0.78,6.16,40.22,0.0,7.02,3.0701278234985114
68.11,118.12710293078135,7.1,19.07,13.8,33.38,0.79,5.51,35.33,0.0,1.37,3.0701278234985114
87.21,118.12710293078135,7.32,19.61,14.25,28.95,0.87,6.51,36.67,0.0,3.87,3.0701278234985114
54.36,118.12710293078135,7.04,18.16,13.28,43.75,0.88,5.53,25.71,0.0,3.19,3.0701278234985114
78.46,118.12710293078135,10.65,23.44,18.4,47.54,0.9,5.73,13.72,1.4,2.29,3.0701278234985114
54.32,118.12710293078135,15.47,24.81,22.4,19.0,0.84,4.83,16.05,0.65,1.64,3.0701278234985114
62.38,118.12710293078135,6.89,19.03,13.61,67.32,0.78,5.42,19.44,0.0,1.44,3.0701278234985114
56.32,118.12710293078135,7.12,19.54,14.04,57.23,0.82,5.36,17.08,0.0,1.63,3.0701278234985114
50.08,118.12710293078135,9.39,19.84,15.87,64.01,0.74,6.89,18.07,0.0,2.7,3.0701278234985114
60.28,118.12710293078135,9.4,21.71,16.82,12.9,0.78,5.85,18.82,0.0,4.04,3.0701278234985114
60.81,118.12710293078135,9.93,22.73,17.71,16.64,0.83,5.49,17.12,0.0,7.59,3.0701278234985114
55.4,118.12710293078135,9.64,18.69,28.32,69.27,0.85,14.94,10.1,0.0,6.74,3.0701278234985114
49.34,118.12710293078135,9.68,17.73,27.41,69.49,0.8,15.14,8.17,0.0,6.46,3.0701278234985114
69.17,118.12710293078135,10.28,18.76,29.04,74.85,0.83,14.29,9.05,0.0,8.41,3.0701278234985114
85.12,118.12710293078135,9.5,16.74,26.15,68.84,0.73,15.09,7.35,0.0,6.46,3.0701278234985114
52.23,118.12710293078135,9.25,16.0,25.25,67.39,0.83,14.35,7.55,0.0,4.54,3.0701278234985114
55.14,118.12710293078135,9.56,16.2,25.76,61.54,0.77,13.19,6.0,0.0,4.6,3.0701278234985114
47.98,118.12710293078135,9.59,16.8,26.39,17.27,0.72,9.42,44.4,0.0,4.71,3.0701278234985114
48.17,118.12710293078135,10.31,16.34,26.31,28.24,0.99,8.08,32.63,0.0,2.03,3.0701278234985114
67.78,118.12710293078135,9.96,16.92,26.88,30.08,0.93,14.86,33.69,0.0,0.79,3.0701278234985114
30.81,118.12710293078135,9.27,15.16,24.42,23.29,0.85,7.37,43.7,0.0,0.68,3.0701278234985114
82.38,118.12710293078135,9.42,14.86,24.28,21.58,0.76,5.34,35.37,0.11,0.25,3.0701278234985114
42.08,118.12710293078135,9.91,16.23,26.14,24.24,0.8,6.92,41.45,0.06,0.23,3.0701278234985114
49.28,118.12710293078135,10.95,18.84,29.79,27.61,0.83,6.23,22.41,0.02,1.22,3.0701278234985114
50.3,118.12710293078135,10.07,19.48,29.55,38.8,0.78,5.06,24.6,0.0,0.65,3.0701278234985114
31.02,118.12710293078135,11.02,15.16,26.17,52.74,0.99,5.68,21.88,0.0,1.26,3.0701278234985114
43.43,118.12710293078135,11.18,16.56,27.74,41.41,0.99,6.98,17.92,0.0,1.34,3.0701278234985114
28.2,118.12710293078135,10.21,13.68,23.88,53.67,0.74,5.66,14.0,0.08,0.0,3.0701278234985114
64.87,118.12710293078135,11.14,13.77,24.91,45.68,0.83,7.98,12.69,0.0,1.32,3.0701278234985114
70.42,118.12710293078135,13.47,21.12,34.59,50.74,0.95,11.67,24.71,0.64,6.02,3.0701278234985114
53.49,118.12710293078135,10.88,19.25,30.12,53.93,0.88,7.72,35.36,0.26,3.19,3.0701278234985114
66.17,118.12710293078135,13.49,22.31,35.57,68.62,1.12,10.13,18.13,0.6,1.15,3.0701278234985114
65.55,118.12710293078135,10.73,16.62,26.02,106.37,0.89,6.7,19.48,0.13,4.75,3.0701278234985114
73.57,118.12710293078135,12.45,20.24,31.36,53.42,0.63,10.54,20.21,0.02,2.55,3.0701278234985114
76.77,118.12710293078135,13.08,19.44,31.19,73.34,0.75,9.99,15.61,0.05,0.0,3.0701278234985114
72.83,118.12710293078135,11.23,21.39,31.3,79.17,0.87,6.88,18.69,0.03,0.21,3.0701278234985114
72.24,118.12710293078135,10.48,19.89,28.88,103.82,2.03,8.35,25.47,0.54,0.32,3.0701278234985114
61.5,118.12710293078135,10.49,23.1,32.54,83.85,0.82,15.7,31.79,0.05,0.45,3.0701278234985114
59.79,118.12710293078135,9.19,20.55,29.44,103.85,0.97,10.0,50.28,0.03,1.36,3.0701278234985114
75.15,118.12710293078135,8.86,19.05,27.9,93.1,0.84,5.44,52.32,0.07,1.88,3.0701278234985114
86.21,118.12710293078135,10.83,13.34,24.03,88.05,0.79,15.54,26.27,0.03,0.43,3.0701278234985114
59.06,118.12710293078135,14.79,18.17,30.88,112.75,0.99,14.09,24.89,0.04,0.97,3.0701278234985114
74.73,118.12710293078135,11.44,16.56,25.77,90.68,1.14,6.03,25.98,0.02,0.39,3.0701278234985114
70.81,118.12710293078135,11.21,20.53,28.01,85.32,1.22,10.87,23.79,0.08,0.02,3.0701278234985114
82.59,118.12710293078135,10.61,17.52,25.69,101.08,1.06,12.87,28.45,0.02,0.0,3.0701278234985114
92.17,118.12710293078135,10.36,19.12,26.84,102.19,1.23,11.44,31.5,0.02,0.05,3.0701278234985114
47.01,118.12710293078135,9.26,16.54,24.8,95.63,0.99,10.97,25.99,0.0,0.55,3.0701278234985114
92.89,118.12710293078135,10.97,21.25,31.62,62.72,0.94,6.77,37.14,0.09,0.31,3.0701278234985114
65.56,118.12710293078135,11.48,22.07,32.76,39.32,1.24,7.59,43.13,0.15,0.22,3.0701278234985114
61.8,118.12710293078135,10.68,20.05,30.02,39.76,0.94,7.35,34.91,0.12,1.07,3.0701278234985114
85.53,118.12710293078135,10.88,16.76,26.96,40.97,1.06,8.44,27.6,0.2,0.23,3.0701278234985114
84.65,118.12710293078135,10.78,19.54,29.71,41.8,1.13,11.76,25.82,0.05,0.05,3.0701278234985114
86.54,118.12710293078135,14.93,23.86,37.55,37.36,1.04,12.46,30.5,0.13,0.28,3.0701278234985114
51.85,118.12710293078135,11.78,20.16,31.05,36.35,1.05,12.84,23.49,0.27,0.18,3.0701278234985114
87.0,118.12710293078135,8.19,16.49,23.66,29.36,0.94,9.89,48.79,0.1,0.88,3.0701278234985114
55.49,118.12710293078135,8.6,14.61,22.21,24.23,0.77,8.78,46.55,0.17,0.28,3.0701278234985114
73.87,118.12710293078135,10.86,19.64,29.8,33.53,1.1,13.49,24.64,0.34,0.54,3.0701278234985114
63.44,118.12710293078135,9.86,16.53,25.66,59.66,0.91,9.02,27.99,0.08,0.22,3.0701278234985114
67.45,118.12710293078135,8.74,16.54,24.58,61.08,1.03,10.8,37.41,0.26,0.42,3.0701278234985114
80.95,118.12710293078135,10.29,17.86,27.37,56.93,1.04,12.48,36.12,0.08,1.79,3.0701278234985114
111.83,118.12710293078135,11.01,17.01,27.37,56.72,1.39,16.0,37.12,0.28,0.83,3.0701278234985114
68.25,118.12710293078135,10.69,16.16,26.23,32.55,1.08,11.95,32.06,0.17,3.25,3.0701278234985114
57.67,118.12710293078135,7.58,11.22,17.0,16.92,1.01,17.04,69.62,0.05,0.51,3.0701278234985114
54.14,118.12710293078135,6.1,13.9,19.05,31.32,1.0,14.34,36.38,0.06,1.74,3.0701278234985114
97.13,118.12710293078135,6.48,14.86,20.62,34.77,0.99,15.54,42.23,0.18,1.13,3.0701278234985114
74.64,118.12710293078135,7.23,14.64,21.03,63.69,0.9,15.84,47.31,0.13,0.45,3.0701278234985114
74.23,118.12710293078135,7.77,13.88,20.84,57.52,0.98,11.74,48.85,0.03,1.3,3.0701278234985114
92.7,118.12710293078135,8.24,14.49,21.97,63.61,0.86,14.62,30.74,0.07,2.1,3.0701278234985114
70.73,118.12710293078135,7.24,14.19,20.57,63.64,0.86,13.32,31.93,0.03,2.19,3.0701278234985114
59.25,118.12710293078135,8.56,16.18,23.85,93.11,0.84,17.38,31.65,0.1,3.21,3.0701278234985114
98.11,118.12710293078135,7.21,13.92,20.37,191.23,0.85,12.12,46.05,0.03,1.36,3.0701278234985114
89.42,118.12710293078135,9.15,14.95,23.31,162.85,0.81,11.52,39.2,0.07,2.11,3.0701278234985114
129.92,118.12710293078135,8.0,13.7,21.07,64.09,0.9,15.08,48.29,0.14,2.6,3.0701278234985114
65.08,118.12710293078135,7.11,12.88,19.41,62.16,0.89,9.37,44.27,0.16,1.12,3.0701278234985114
38.64,118.12710293078135,6.7,12.93,19.21,63.82,1.08,13.8,41.06,0.15,2.16,3.0701278234985114
58.12,118.12710293078135,5.55,12.57,17.7,63.79,0.97,19.57,54.55,1.64,2.23,3.0701278234985114
45.89,118.12710293078135,5.4,11.56,16.57,63.11,1.2,19.9,52.62,0.08,0.74,3.0701278234985114
68.44,118.12710293078135,5.84,11.15,16.51,63.66,0.89,17.24,50.43,0.22,4.33,3.0701278234985114
66.96,118.12710293078135,5.99,11.39,17.1,64.33,1.04,19.54,56.44,0.3,2.38,3.0701278234985114
58.99,118.12710293078135,6.01,11.74,17.4,63.91,0.89,17.95,45.77,0.02,2.82,3.0701278234985114
40.6,118.12710293078135,5.22,12.43,17.11,65.22,0.97,11.27,35.54,0.07,2.69,3.0701278234985114
70.94,118.12710293078135,6.12,12.25,18.36,16.57,0.87,15.54,40.99,0.22,1.92,3.0701278234985114
55.3,118.12710293078135,5.41,12.14,17.54,64.06,0.97,15.23,45.84,0.03,0.05,3.0701278234985114
81.09,118.12710293078135,5.7,11.73,17.43,64.5,0.98,10.95,41.59,0.02,0.05,3.0701278234985114
42.07,118.12710293078135,5.66,11.85,17.51,64.85,0.93,20.89,45.34,0.12,0.0,3.0701278234985114
44.37,118.12710293078135,5.38,12.34,17.72,64.59,1.01,8.29,55.63,0.0,0.16,3.0701278234985114
60.55,118.12710293078135,6.33,13.45,17.64,65.28,0.99,8.82,52.24,0.0,1.18,3.0701278234985114
52.94,118.12710293078135,5.92,12.16,18.08,64.89,1.1,9.04,41.97,0.03,1.16,3.0701278234985114
56.04,118.12710293078135,4.77,10.73,15.5,64.94,1.01,13.74,57.84,0.06,1.14,3.0701278234985114
106.04,118.12710293078135,4.84,12.07,16.89,64.45,0.96,10.38,79.41,0.03,0.93,3.0701278234985114
42.85,118.12710293078135,5.76,11.22,16.98,66.85,1.08,12.88,32.8,0.0,0.0,3.0701278234985114
37.45,118.12710293078135,6.23,11.82,18.06,66.08,1.09,23.61,32.82,0.0,0.05,3.0701278234985114
25.55,118.12710293078135,8.62,13.88,22.5,42.52,1.01,17.84,42.25,0.03,0.0,3.0701278234985114
74.05,118.12710293078135,5.93,11.7,17.55,16.61,1.12,6.72,29.26,0.05,0.0,3.0701278234985114
33.9,118.12710293078135,6.01,10.65,16.65,18.24,0.89,8.94,17.23,0.03,0.05,3.0701278234985114
114.56,118.12710293078135,5.26,11.01,15.91,33.31,0.82,12.89,15.1,0.03,0.0,3.0701278234985114
38.85,118.12710293078135,10.81,18.86,28.19,167.9,0.6,20.68,19.22,0.0,0.09,3.0701278234985114
58.19,118.12710293078135,9.84,12.09,23.09,28.67,0.81,11.03,21.23,0.03,3.44,3.0701278234985114
39.87,118.12710293078135,22.45,20.52,29.17,21.72,0.78,4.02,23.03,0.05,2.64,3.0701278234985114
76.63,118.12710293078135,19.61,23.74,33.94,21.44,0.91,9.2,25.37,0.0,5.14,3.0701278234985114
58.09,118.12710293078135,14.37,21.05,32.56,20.01,0.77,8.2,31.6,0.09,5.32,3.0701278234985114
57.58,118.12710293078135,13.92,19.0,31.42,13.98,0.85,14.42,34.31,0.0,0.0,3.0701278234985114
63.83,118.12710293078135,11.41,17.29,27.52,32.6,0.71,3.9,28.14,0.05,1.16,3.0701278234985114
50.63,118.12710293078135,5.73,10.35,20.35,15.42,0.65,5.61,28.28,0.05,0.06,3.0701278234985114
41.01,118.12710293078135,6.95,12.16,20.64,39.88,0.84,10.28,27.87,0.0,0.05,3.0701278234985114
68.09,118.12710293078135,6.55,12.5,19.02,1.34,0.98,6.34,19.13,0.02,0.0,3.0701278234985114
49.42,118.12710293078135,6.38,12.07,18.37,1.33,0.93,6.2,21.34,0.0,0.0,3.0701278234985114
48.12,118.12710293078135,6.33,14.01,20.33,1.43,0.93,7.04,14.11,0.02,0.1,3.0701278234985114
34.35,118.12710293078135,5.77,15.09,20.85,1.8,1.1,6.55,12.49,0.03,0.0,3.0701278234985114
37.03,118.12710293078135,10.12,17.66,29.58,1.79,0.94,6.95,13.35,0.03,0.0,3.0701278234985114
59.54,118.12710293078135,10.06,18.69,30.53,1.85,1.07,6.59,12.89,0.02,3.34,3.0701278234985114
56.02,118.12710293078135,9.88,16.66,28.5,1.74,1.08,6.87,13.58,0.03,3.43,3.0701278234985114
65.3,118.12710293078135,56.45,52.6,61.02,116.71,1.03,7.0,30.18,0.0,0.0,3.0701278234985114
51.8,118.12710293078135,29.31,34.91,47.97,40.12,0.92,7.02,18.9,0.0,0.0,3.0701278234985114
66.57,118.12710293078135,22.78,30.03,41.69,35.36,1.05,7.7,19.47,0.17,0.06,3.0701278234985114
66.85,118.12710293078135,22.35,29.99,41.86,29.8,1.01,6.68,35.41,0.09,0.15,3.0701278234985114
55.19,118.12710293078135,8.96,24.05,30.37,35.98,0.85,7.1,34.3,0.15,0.09,3.0701278234985114
44.66,118.12710293078135,8.24,13.84,21.13,25.79,1.04,5.75,32.88,0.09,0.29,3.0701278234985114
41.39,118.12710293078135,7.03,13.98,21.0,23.48347601937197,1.24,4.42,39.97,0.07,0.13,3.0701278234985114
47.34,118.12710293078135,7.39,11.77,17.59,21.95,1.07,7.08,38.11,0.28,0.54,3.0701278234985114
47.85,118.12710293078135,7.43,12.34,18.52,17.89,0.96,6.2,45.64,0.39,0.43,3.0701278234985114
48.62,118.12710293078135,7.39,12.94,18.87,19.66,1.05,7.3,51.3,0.39,0.39,3.0701278234985114
45.57,118.12710293078135,7.4,13.06,18.69,24.34,1.17,6.69,47.23,0.31,0.31,3.0701278234985114
74.16,118.12710293078135,7.89,13.81,19.57,27.04,1.23,7.55,42.45,0.2,0.45,3.0701278234985114
54.73,118.12710293078135,7.94,13.96,20.24,23.03,1.31,7.3,38.78,0.37,0.39,3.0701278234985114
65.19,118.12710293078135,8.7,14.2,21.1,22.91,1.03,7.43,51.03,0.2,1.15,3.0701278234985114
53.41,118.12710293078135,8.19,15.62,21.75,36.18,1.1,7.66,60.96,0.07,1.81,3.0701278234985114
45.73,118.12710293078135,7.97,10.86,17.17,21.04,0.89,7.58,67.66,0.16,2.75,3.0701278234985114
57.97,118.12710293078135,8.69,10.76,16.84,23.32,0.77,6.82,74.0,0.19,0.59,3.0701278234985114
58.15,118.12710293078135,7.38,11.26,17.26,16.79,1.22,8.53,79.9,0.03,0.97,3.0701278234985114
60.53,118.12710293078135,7.45,11.26,17.92,13.53,1.12,6.89,65.54,0.05,1.08,3.0701278234985114
52.59,118.12710293078135,6.71,11.21,16.92,15.32,0.92,8.24,70.18,0.31,1.62,3.0701278234985114
54.06,118.12710293078135,6.63,13.32,18.59,15.41,0.94,7.89,38.04,0.16,1.05,3.0701278234985114
55.84,118.12710293078135,6.02,17.07,14.38,11.98,1.06,6.74,70.67,0.02,2.9,3.0701278234985114
47.85,118.12710293078135,6.05,14.7,11.47,17.39,1.11,6.49,57.18,0.09,0.65,3.0701278234985114
51.79,118.12710293078135,13.97,27.66,25.92,33.45,1.31,4.02,57.29,0.1,0.81,3.0701278234985114
51.48,118.12710293078135,8.55,23.0,18.18,23.29,1.05,5.79,53.52,0.12,1.3,3.0701278234985114
37.78,118.12710293078135,9.96,24.04,20.21,49.88,1.05,3.78,47.65,0.1,1.43,3.0701278234985114
56.8,118.12710293078135,8.86,25.31,23.7,8.41,1.18,7.35,43.82,0.03,1.08,3.0701278234985114
33.86,44.81,13.85,18.25,29.76,19.24,1.16,3.82,42.43,0.06,1.26,3.0701278234985114
29.8,24.1,9.46,19.87,27.18,16.36,1.08,4.42,47.02,0.15,1.38,3.0701278234985114
103.16,29.59,8.2,25.81,33.35,28.12,1.08,4.58,43.43,0.04,3.05,3.0701278234985114
45.52,118.12710293078135,8.72,18.68,27.37,23.48347601937197,0.94,4.24,29.75,0.12,2.99,3.0701278234985114
59.22,118.12710293078135,7.98,21.16,28.92,4.28,0.79,4.82,18.98,0.08,0.89,3.0701278234985114
47.81,118.12710293078135,7.81,22.21,29.49,6.62,0.84,5.0,19.25,0.0,0.79,3.0701278234985114
33.28,118.12710293078135,8.08,20.68,28.68,5.77,0.95,4.13,38.58,0.75,1.61,3.0701278234985114
92.83,118.12710293078135,8.28,19.12,27.38,20.68,0.82,7.28,13.47,0.03,0.2,3.0701278234985114
97.96,118.12710293078135,8.54,18.91,27.45,38.4,0.93,3.2,6.92,0.0,0.51,3.0701278234985114
33.19,33.25,8.91,20.61,26.92,27.84,0.83,5.57,66.13,0.47,0.72,3.0701278234985114
34.12,39.61,8.25,16.49,22.86,27.36,0.83,5.89,62.67,1.03,2.37,3.0701278234985114
51.08,32.87,10.65,22.26,30.74,28.86,0.91,5.95,58.91,1.63,4.25,3.0701278234985114
51.84,27.2,14.55,30.79,39.85,42.01,0.88,6.2,62.68,0.9,1.72,3.0701278234985114
42.23,33.32,24.1,33.02,42.12,87.35,0.78,6.2,67.28,0.27,2.77,3.0701278234985114
52.82,14.82,13.07,25.52,31.66,54.48,0.71,5.45,42.93,1.49,3.29,3.0701278234985114
26.19,24.39,10.88,23.39,31.99,40.56,0.7,6.21,52.98,1.25,4.53,3.0701278234985114
18.65,42.25,5.37,13.7,19.05,14.28,0.61,6.14,56.7,0.0,0.93,3.0701278234985114
25.51,47.55,5.67,14.06,19.67,22.67,0.88,8.55,60.52,0.22,1.75,3.0701278234985114
19.01,33.79,5.35,16.94,22.16,36.98,0.86,11.34,41.27,0.04,1.53,3.0701278234985114
26.43,49.99,5.54,17.24,22.72,41.01,0.89,10.24,37.5,0.91,2.11,3.0701278234985114
20.57,37.57,6.72,15.76,22.45,16.78,0.62,5.43,51.83,0.11,0.68,3.0701278234985114
22.87,39.16,7.53,14.85,22.38,20.91,0.73,6.61,59.16,1.56,0.86,3.0701278234985114
27.11,55.11,6.19,14.73,20.93,19.77,0.75,6.39,39.33,0.69,1.96,3.0701278234985114
26.91,45.12,7.56,14.12,21.68,19.94,0.78,5.87,40.6,1.1,3.94,3.0701278234985114
30.64,46.36,4.93,15.41,20.31,38.11,1.05,5.99,55.87,2.73,2.1,3.0701278234985114
35.06,35.58,9.12,18.79,26.79,41.25,0.93,6.84,50.73,2.83,4.26,3.0701278234985114
26.37,61.74,6.35,13.94,14.76,16.37,0.78,6.17,44.92,0.86,2.4,3.0701278234985114
37.85,55.29,3.93,12.45,16.37,24.9,0.75,6.38,68.76,0.17,1.12,3.0701278234985114
39.26,51.62,4.34,12.23,16.55,26.19,0.86,6.34,61.37,0.23,2.42,3.0701278234985114
23.59,73.02,4.03,11.72,15.73,22.87,0.83,6.39,55.72,0.29,1.8,3.0701278234985114
26.98,45.52,4.53,12.0,16.53,24.25,0.99,6.94,57.81,0.0,3.03,3.0701278234985114
38.04,56.21,5.32,11.43,16.7,23.7,1.15,6.7,57.05,10.66,28.03,3.0701278234985114
33.44,71.07,7.34,13.74,13.94,12.39,0.83,5.97,53.35,0.02,3.62,3.0701278234985114
43.67,101.54,12.1,16.38,24.14,11.83,1.12,6.58,59.37,0.4,8.64,3.0701278234985114
61.94,86.53,5.94,12.87,16.28,24.8,0.76,6.28,58.54,0.29,5.0,3.0701278234985114
35.03,61.6,4.45,11.77,13.95,24.95,0.9,6.61,45.56,0.02,2.05,3.0701278234985114
17.76,45.69,4.84,10.05,12.39,25.31,0.89,7.13,44.14,0.02,0.96,3.0701278234985114
20.99,53.49,6.51,10.69,10.41,16.27,0.68,6.76,37.83,0.0,1.11,3.0701278234985114
25.87,39.41,6.15,9.1,11.47,13.55,0.88,6.47,39.05,0.0,0.99,3.0701278234985114
23.02,39.11,6.55,11.32,14.08,17.26,0.78,6.03,41.73,0.0,0.56,3.0701278234985114
41.82,87.5,5.71,13.2,15.67,19.85,0.84,5.99,64.23,0.0,1.05,3.0701278234985114
32.4,46.68,4.54,14.87,18.43,32.73,0.8,6.54,67.72,0.0,0.44,3.0701278234985114
31.1,25.97,5.67,13.87,16.99,30.25,0.83,6.78,57.6,0.0,0.63,3.0701278234985114
19.32,91.05,5.4,13.42,14.99,11.59,0.77,5.38,55.94,0.0,0.1,3.0701278234985114
58.64,66.67,16.41,24.13,30.18,71.41,0.75,5.58,63.42,0.0,0.08,3.0701278234985114
36.56,94.02,13.22,19.29,24.68,71.93,0.81,6.55,63.92,0.0,0.0,3.0701278234985114
24.5,79.42,8.28,21.5,22.13,70.21,0.87,5.6,52.84,0.32,0.9,3.0701278234985114
95.49,111.38,15.05,17.79,22.53,22.28,0.73,9.38,30.06,0.0,0.82,3.0701278234985114
87.99,56.38,16.69,27.43,42.24,71.49,0.99,6.61,30.92,0.1,5.87,3.0701278234985114
40.78,56.24,33.32,22.47,48.82,88.85,1.04,7.58,29.3,0.0,3.64,3.0701278234985114
61.45,104.29,10.51,14.86,23.68,28.7,0.82,8.85,43.01,0.41,3.77,3.0701278234985114
56.9,154.66,5.21,14.19,16.07,22.5,0.53,6.7,51.76,0.0,1.45,3.0701278234985114
59.64,65.54,6.8,12.43,18.43,51.02,0.49,7.4,33.32,0.02,0.12,3.0701278234985114
53.68,89.09,5.35,13.29,17.05,207.14,0.55,7.21,33.97,0.02,0.09,3.0701278234985114
65.45,84.77,4.19,16.87,20.82,86.5,0.66,8.04,36.82,3.78,0.14,3.0701278234985114
72.57,79.66,7.46,18.47,25.58,87.16,0.69,13.49,33.86,6.17,0.14,3.0701278234985114
57.74,59.56,6.65,16.14,22.47,80.23,0.6,17.17,38.89,6.12,0.04,3.0701278234985114
58.43,74.13,10.48,20.28,30.75,84.51,0.72,18.7,27.5,0.25,0.75,3.0701278234985114
74.12,122.43,6.12,16.68,22.56,61.12,0.88,17.51,33.52,0.22,0.03,3.0701278234985114
48.06,66.92,7.2,13.76,20.74,44.99,0.65,17.7,33.57,0.24,0.03,3.0701278234985114
59.95,85.4,7.07,16.9,23.65,54.57,0.87,17.79,34.64,0.05,0.0,3.0701278234985114
62.34,112.61,11.88,24.68,36.45,47.63,0.97,19.6,32.88,0.09,0.0,3.0701278234985114
50.48,95.63,13.16,20.2,33.21,53.49,0.9,14.06,34.13,0.55,0.0,3.0701278234985114
56.85,102.04,7.34,17.3,24.59,39.09,1.02,18.01,37.77,1.45,0.05,3.0701278234985114
54.82,84.0,10.92,17.74,27.25,43.92,0.9,13.03,31.92,1.69,0.0,3.0701278234985114
23.02,118.12710293078135,6.7,11.32,17.82,38.67,0.95,6.39,60.89,0.15,0.0,3.0701278234985114
38.3,118.12710293078135,9.04,13.54,21.64,40.71,1.11,6.54,57.6,0.12,0.0,3.0701278234985114
33.99,118.12710293078135,7.45,9.69,15.08,41.97,0.94,5.44,62.0,0.1,0.0,3.0701278234985114
36.15,346.73,8.28,10.07,17.89,39.35,1.16,7.27,49.45,0.13,0.07,3.0701278234985114
20.52,142.52,8.59,12.19,20.39,43.08,1.17,5.35,56.57,0.12,0.02,3.0701278234985114
26.37,40.69,11.65,11.45,18.3,40.68,1.21,5.45,46.53,0.1,0.0,3.0701278234985114
104.45,25.05,10.61,13.24,20.6,43.45,1.2,6.83,52.79,0.09,0.0,3.0701278234985114
20.76,35.25,10.37,11.16,21.63,34.03,1.01,5.77,51.41,0.06,0.02,3.0701278234985114
23.89,41.27,11.16,17.22,27.99,33.65,1.21,9.99,73.43,0.07,0.01,3.0701278234985114
29.8,48.4,8.8,15.56,23.72,34.78,1.05,6.45,52.41,0.16,0.02,3.0701278234985114
89.92,50.56,8.8,14.48,22.61,34.06,1.12,5.5,61.97,0.1,0.0,3.0701278234985114
26.53,55.74,8.44,13.11,21.18,34.42,1.08,5.53,59.9,0.1,0.0,3.0701278234985114
23.55,35.3,9.42,8.94,18.09,35.35,1.12,6.66,71.42,0.1,0.04,3.0701278234985114
18.95,24.27,12.3,11.11,23.05,35.21,1.13,8.1,69.77,0.12,0.07,3.0701278234985114
28.83,31.28,7.17,9.57,16.05,34.89,1.07,6.32,70.18,0.08,0.0,3.0701278234985114
23.13,35.95,8.9,10.74,20.56,33.84,1.1,7.92,69.8,0.1,0.05,3.0701278234985114
21.3,22.21,7.65,9.69,16.74,34.07,0.96,6.62,62.57,0.09,0.01,3.0701278234985114
24.14,30.66,8.42,12.38,20.29,34.17,1.05,7.5,68.75,0.17,0.16,3.0701278234985114
23.68,34.51,11.55,30.1,39.0,2.92,2.17,10.95,30.66,0.02,0.15,3.0701278234985114
30.55,36.22,13.08,40.93,52.89,0.66,2.13,11.23,20.31,0.01,0.05,3.0701278234985114
28.58,44.21,11.63,33.12,44.76,1.87,2.15,11.31,28.91,0.0,0.0,3.0701278234985114
19.33,26.65,11.15,19.61,30.19,5.77,1.99,10.95,24.69,0.0,0.0,3.0701278234985114
23.09,26.71,9.43,15.74,25.17,5.65,1.91,10.41,26.69,0.0,0.0,3.0701278234985114
31.97,45.71,9.78,26.66,36.14,4.37,0.88,12.0,39.01,0.0,0.0,3.0701278234985114
63.1,73.83,9.19,29.72,38.91,1.72,0.64,12.75,45.09,0.01,0.02,3.0701278234985114
45.36,59.48,1.43,41.31,42.75,9.75,0.15,7.19,45.04,0.01,0.0,3.0701278234985114
42.24,56.3,1.84,66.14,66.74,18.73,0.27,9.6,47.42,0.01,0.0,3.0701278234985114
55.39,66.71,0.63,42.62,43.26,23.48347601937197,0.8,14.15,76.76,0.01,0.0,3.0701278234985114
44.6,50.0,0.48,35.34,35.83,23.48347601937197,0.68,12.96,72.29,0.0,0.0,3.0701278234985114
35.46,47.76,0.37,29.08,29.43,23.48347601937197,0.68,12.34,60.73,0.0,0.0,3.0701278234985114
45.57,56.23,0.49,37.37,37.85,23.48347601937197,0.81,9.23,68.48,0.0,0.0,3.0701278234985114
87.18,131.9,25.73,30.31,47.95,69.55,10.61,2.65,19.71,3.91,10.23,1.99
91.07,139.15,13.71,24.28,28.73,17.44,10.64,4.68,25.83,1.6,8.05,6.62
63.24,80.2,13.52,20.35,27.44,16.12,8.19,3.98,20.71,1.69,6.09,1.35
76.62,117.38,10.49,18.21,22.84,15.2,9.02,4.2,22.85,1.12,4.32,1.97
38.89,46.68,9.49,17.76,21.45,30.59,8.23,4.25,22.0,1.03,4.45,1.38
45.39,74.14,10.2,17.14,22.27,33.16,7.87,8.8,25.55,1.05,4.83,0.74
50.59,95.56,9.32,16.6,21.74,39.16,7.83,3.6,27.5,1.11,4.42,3.67
74.56,121.44,15.9,68.76,71.74,56.02,1.35,5.33,60.88,1.63,6.44,3.0701278234985114
59.73,82.7,7.05,50.78,40.03,66.21,1.59,6.11,52.78,1.08,4.73,3.0701278234985114
85.4,139.2,10.93,58.88,56.1,50.28,1.34,6.18,59.49,1.66,7.01,3.0701278234985114
37.59,62.38,17.17,44.72,104.26,50.86,1.25,7.67,46.7,1.69,5.27,3.0701278234985114
76.0,182.48,32.6,46.88,101.06,45.56,1.04,6.84,60.99,2.08,6.36,3.0701278234985114
48.5,96.78,5.47,38.37,81.25,43.97,1.07,7.74,52.21,0.89,3.04,3.0701278234985114
53.79,109.92,8.54,46.06,108.22,41.11,1.05,9.15,58.33,1.16,4.92,3.0701278234985114
57.99,135.43,8.88,49.64,103.97,40.5,1.06,8.88,61.42,1.62,6.78,3.0701278234985114
52.2,78.64,12.97,51.7,109.52,42.09,1.34,7.82,53.72,1.79,6.76,3.0701278234985114
47.68,95.1,26.94,46.71,173.98,53.64,1.26,8.97,35.79,2.24,9.43,3.0701278234985114
32.29,34.16,12.34,32.77,117.79,48.01,1.27,7.15,40.41,2.18,6.13,3.0701278234985114
36.68,54.36,12.21,37.71,105.59,41.83,1.3,8.11,37.7,1.96,6.02,3.0701278234985114
44.48,112.83,13.94,43.46,94.25,49.32,1.3,8.04,46.71,1.88,6.34,3.0701278234985114
38.97,85.89,19.43,41.41,132.19,36.49,2.73,20.43,44.49,5.82,16.67,3.0701278234985114
34.02,81.25,11.59,39.98,116.55,33.95,2.42,16.71,49.72,7.2,7.77,3.0701278234985114
46.13,94.49,9.1,43.99,146.4,37.38,0.98,16.01,47.11,1.25,5.68,3.0701278234985114
46.01,97.0,10.2,42.86,141.1,37.05,1.0,15.58,45.9,1.45,5.43,3.0701278234985114
29.81,86.01,8.06,30.66,106.81,33.05,0.81,15.09,40.73,0.87,4.39,3.0701278234985114
22.82,53.28,10.02,33.21,113.43,30.92,0.83,12.69,36.65,0.82,2.92,3.0701278234985114
24.69,51.98,10.03,40.25,127.68,28.99,0.74,7.61,38.49,0.87,2.57,3.0701278234985114
29.04,56.7,12.18,35.69,126.64,28.56,0.66,9.68,35.89,0.94,3.14,3.0701278234985114
25.76,47.91,13.51,32.96,105.81,29.31,1.2,9.49,26.26,0.89,3.24,3.0701278234985114
37.85,122.18,27.39,35.9,119.1,25.17,1.6,9.7,36.57,1.33,4.92,3.0701278234985114
41.32,126.33,29.5,35.14,139.85,23.1,1.08,10.8,41.27,1.41,5.16,3.0701278234985114
56.02,154.28,28.95,40.17,129.29,30.76,0.78,8.75,45.97,1.65,6.16,3.0701278234985114
54.46,136.88,19.25,46.74,142.99,31.77,1.21,9.72,56.88,1.66,5.74,3.0701278234985114
51.4,91.81,15.68,44.4,157.69,33.42,0.94,10.53,44.93,1.68,5.46,3.0701278234985114
55.71,93.33,37.6,48.39,187.78,33.29,1.06,10.46,44.79,1.96,6.53,3.0701278234985114
61.84,134.2,28.12,44.41,148.85,29.73,1.09,11.22,45.05,2.09,7.08,3.0701278234985114
60.65,126.2,18.21,56.15,133.24,32.71,1.02,12.39,48.86,2.08,6.64,3.0701278234985114
34.42,124.17,28.15,36.47,119.94,25.85,0.87,9.63,38.86,0.83,4.46,3.0701278234985114
44.67,138.12,21.72,33.76,52.07,33.25,0.78,9.53,33.94,2.26,7.64,3.0701278234985114
37.39,108.4,31.1,44.61,68.41,38.16,0.97,10.67,38.73,1.78,6.41,3.0701278234985114
52.06,222.39,21.93,39.88,56.22,36.07,0.93,9.12,44.9,1.73,5.34,3.0701278234985114
61.69,168.63,17.36,27.81,41.56,23.17,1.19,16.71,49.32,2.17,5.08,3.21
55.19,179.42,27.91,35.49,61.81,23.76,1.04,12.97,52.24,3.09,7.72,6.26
67.62,125.24,19.82,49.83,58.37,47.21,1.14,9.75,51.78,3.31,12.59,2.14
64.38,141.89,20.17,62.73,62.49,39.93,1.1,9.27,58.49,3.04,11.4,2.47
45.65,109.7,14.64,62.69,56.18,27.96,1.16,13.55,48.02,2.71,7.95,3.01
35.75,70.38,12.73,38.78,41.5,23.06,0.95,11.57,39.83,2.38,6.62,3.07
63.06,187.9,40.7,39.16,72.85,18.24,1.21,13.26,48.78,3.38,8.95,3.33
68.34,172.35,22.57,48.19,64.14,25.2,1.16,10.68,54.68,3.93,10.32,3.2
61.08,155.26,17.52,42.91,53.3,21.93,1.1,9.59,52.91,3.64,8.94,3.28
88.3,118.12710293078135,43.65,40.52,63.37,34.31,1.86,14.88,25.23,2.31,8.74,3.0701278234985114
47.43,60.61,17.03,55.78,61.54,44.64,0.86,15.1,81.26,2.32,5.23,3.0701278234985114
60.17,118.12710293078135,8.84,15.89,19.14,23.48347601937197,2.0,8.04,31.91,1.52,4.28,3.0701278234985114
58.95,118.12710293078135,4.1,10.63,15.13,23.48347601937197,1.43,7.25,66.25,1.03,2.48,3.0701278234985114
51.82,79.14,23.42,38.11,46.02,23.58,1.22,18.53,55.08,1.75,6.96,3.0701278234985114
81.32,162.38,71.57,34.54,75.09,26.0,1.74,20.36,77.88,3.24,11.97,3.0701278234985114
67.63,152.46,21.36,36.61,53.44,29.89,1.14,17.04,48.58,3.62,7.91,3.0701278234985114
70.86,137.98,22.03,65.89,78.38,31.57,1.12,21.48,73.05,4.97,11.2,3.0701278234985114
72.47,133.3,24.06,64.64,69.35,30.43,1.24,27.7,70.45,1.92,5.0,3.0701278234985114
47.43,139.62,5.98,31.12,32.05,21.64,0.96,13.54,70.69,2.41,4.66,3.0701278234985114
80.01,148.1,34.57,50.45,67.93,27.0,1.29,22.15,84.89,3.3,6.61,3.0701278234985114
61.75,54.0,6.56,37.18,36.21,28.36,0.74,18.09,66.87,1.6,3.56,3.0701278234985114
54.34,136.92,21.0,55.07,71.12,35.93,1.12,20.23,65.26,4.02,12.46,3.0701278234985114
66.49,112.6,6.74,52.3,50.94,53.04,0.98,16.32,61.02,2.99,12.34,3.0701278234985114
57.35,103.26,12.6,43.57,53.77,36.69,0.89,13.46,75.38,0.99,3.18,3.0701278234985114
56.87,101.24,21.03,50.18,64.65,39.34,1.39,11.3,73.43,2.4,9.91,3.0701278234985114
67.76,120.06,16.21,41.27,52.49,32.53,1.87,10.43,59.25,2.66,10.79,3.0701278234985114
72.33,54.85,6.49,32.04,32.95,35.69,2.49,10.54,43.4,2.81,6.77,3.0701278234985114
75.14,99.89,9.12,31.89,37.74,31.53,3.73,7.88,51.74,3.39,9.43,3.0701278234985114
48.0,86.63,4.54,40.57,42.04,39.05,0.85,8.71,58.37,2.99,9.68,3.0701278234985114
76.76,112.46,5.66,37.28,37.28,39.39,1.71,7.63,51.76,2.29,9.34,3.0701278234985114
80.89,96.05,12.43,40.07,49.02,35.05,3.0,9.77,55.61,2.91,14.57,3.0701278234985114
60.67,68.43,7.96,37.01,39.52,33.03,2.08,10.22,44.44,2.51,9.39,3.0701278234985114
69.65,103.25,9.49,34.17,39.9,31.42,2.39,9.43,51.31,2.96,9.9,3.0701278234985114
58.21,113.1,12.65,29.28,40.04,42.08,2.23,7.97,37.35,3.0,8.64,3.0701278234985114
57.24,96.62,15.31,33.9,48.12,36.91,2.93,7.81,40.49,3.18,12.52,3.0701278234985114
67.6,95.26,10.6,36.79,41.59,35.43,2.78,8.77,48.9,2.96,13.77,3.0701278234985114
57.1,75.83,14.67,37.93,50.05,35.38,1.72,8.88,52.3,2.79,9.43,3.0701278234985114
68.71,162.2,21.67,47.24,67.91,42.46,2.22,8.51,55.57,3.29,11.92,3.0701278234985114
54.5,80.82,6.51,27.69,29.77,37.18,2.18,8.73,42.67,2.53,6.88,3.0701278234985114
54.96,98.86,14.06,42.07,51.85,40.9,1.58,8.38,45.55,3.06,10.18,3.0701278234985114
52.95,87.81,13.01,30.77,41.97,40.31,1.96,7.73,45.1,2.59,9.41,3.0701278234985114
59.13,86.18,12.96,35.91,46.19,37.92,1.72,7.94,43.24,2.95,10.42,3.0701278234985114
60.92,74.51,13.86,33.57,45.91,38.15,1.08,7.74,42.22,3.58,8.87,3.0701278234985114
39.32,57.16,24.89,32.55,58.24,33.66,2.36,9.06,43.95,3.21,18.14,3.0701278234985114
71.53,79.1,29.55,31.96,57.77,43.92,1.82,8.23,50.01,3.75,17.84,3.0701278234985114
52.88,88.23,24.44,29.17,46.93,38.79,4.65,6.58,36.35,2.84,8.34,3.0701278234985114
50.99,44.48,14.85,22.38,37.7,40.89,1.21,7.18,33.31,3.47,5.86,3.0701278234985114
44.08,77.07,24.72,32.85,54.62,51.53,1.47,7.31,36.73,4.26,10.89,3.0701278234985114
42.14,166.27,20.73,31.4,48.11,55.76,1.31,6.78,44.7,4.26,9.89,3.0701278234985114
42.09,80.14,8.85,23.88,28.63,35.77,0.84,7.23,51.32,1.96,5.07,3.0701278234985114
76.29,163.57,19.52,58.4,73.04,45.77,1.32,7.93,62.62,3.39,12.4,3.0701278234985114
54.5,95.08,11.64,40.48,50.72,48.6,1.08,8.2,52.3,2.91,10.16,3.0701278234985114
40.55,58.09,25.41,40.86,65.28,42.48,1.36,10.82,56.73,4.88,14.13,3.0701278234985114
46.44,68.69,27.67,42.81,68.89,40.28,1.34,9.95,72.25,4.81,18.68,3.0701278234985114
56.16,76.89,38.7,44.18,82.68,41.18,1.76,9.87,70.34,5.25,20.12,3.0701278234985114
42.7,50.0,29.68,36.78,68.62,36.4,1.55,8.69,49.28,4.77,16.89,3.0701278234985114
48.03,70.62,23.7,32.5,54.99,37.62,1.29,8.01,85.11,4.25,15.17,3.0701278234985114
43.47,53.42,17.15,29.86,48.93,35.28,1.29,10.33,68.03,3.55,14.22,3.0701278234985114
43.55,55.33,24.58,34.87,56.3,34.99,2.69,8.23,91.54,2.99,19.32,3.0701278234985114
50.86,67.92,23.29,36.14,56.77,32.14,1.35,6.96,92.81,2.01,28.25,3.0701278234985114
49.04,87.48,17.77,35.93,53.75,32.45,0.92,9.03,86.42,2.26,20.91,3.0701278234985114
39.3,78.77,11.79,33.68,42.56,32.81,1.2,9.36,63.17,2.26,12.08,3.0701278234985114
43.86,76.69,23.12,38.29,60.55,32.22,2.13,9.81,68.19,2.28,19.87,3.0701278234985114
42.84,75.19,15.7,31.42,42.34,28.89,2.48,10.02,67.17,2.02,14.34,3.0701278234985114
44.04,82.26,16.52,34.27,48.51,29.3,1.37,8.48,73.28,1.93,11.98,3.0701278234985114
41.29,64.76,16.97,29.05,43.48,27.23,2.93,8.02,59.76,1.78,10.33,3.0701278234985114
39.28,54.92,15.91,30.76,43.16,29.55,1.6,9.75,53.53,1.92,11.58,3.0701278234985114
30.66,32.79,18.9,29.78,46.0,24.79,2.22,8.37,54.64,1.55,8.33,3.0701278234985114
42.15,84.46,31.69,34.9,66.83,23.83,1.39,8.73,70.12,2.22,11.94,3.0701278234985114
56.45,92.71,30.9,43.49,73.1,31.35,1.53,7.77,68.22,2.92,11.82,3.0701278234985114
40.81,80.14,38.03,42.53,81.71,32.09,1.28,12.53,81.39,2.39,12.1,3.0701278234985114
39.51,185.99,30.79,32.96,65.3,27.89,2.15,8.87,91.79,1.43,4.52,3.0701278234985114
59.03,153.16,22.45,43.97,62.04,28.14,1.15,8.84,69.54,2.83,15.47,3.0701278234985114
48.57,90.68,10.1,35.84,41.77,26.51,1.59,8.56,59.67,1.48,12.22,3.0701278234985114
28.01,65.58,5.42,27.58,29.64,23.44,3.11,9.02,42.88,1.1,4.52,3.0701278234985114
38.99,85.48,7.8,39.47,40.84,26.3,1.25,8.06,50.23,3.22,11.41,3.0701278234985114
43.35,73.22,11.04,32.04,37.18,22.95,1.17,10.86,48.2,3.11,12.66,3.0701278234985114
54.13,125.44,44.27,35.61,79.24,39.87,1.0,9.57,41.9,7.06,23.65,3.0701278234985114
54.73,189.12,19.0,37.48,52.4,29.89,1.1,8.92,40.47,5.01,17.09,3.0701278234985114
48.93,89.57,17.92,42.73,53.37,29.36,1.12,9.22,41.9,4.12,18.54,3.0701278234985114
28.06,47.47,32.06,51.78,87.95,23.08,1.22,9.47,54.7,2.55,13.23,3.0701278234985114
44.31,111.18,35.83,41.71,84.99,26.32,0.98,9.37,64.8,2.63,10.27,3.0701278234985114
45.89,164.1,32.14,40.58,67.7,20.4,2.36,10.92,52.36,2.08,6.37,3.0701278234985114
49.7,178.47,32.77,39.41,68.85,21.52,2.12,9.59,54.62,1.92,7.5,3.0701278234985114
57.08,184.5,31.66,43.84,75.96,25.79,1.62,10.93,63.46,2.47,13.54,3.0701278234985114
47.36,109.64,20.69,45.6,62.62,23.03,1.25,11.21,64.32,2.19,9.77,3.0701278234985114
75.02,143.48,24.51,67.37,74.28,34.17,1.08,14.63,88.62,1.9,5.99,3.0701278234985114
32.73,67.29,10.98,44.35,46.71,27.78,0.8,13.44,72.31,0.78,8.97,3.0701278234985114
55.64,125.31,13.63,57.24,64.51,29.48,1.18,13.77,78.31,1.21,8.94,3.0701278234985114
56.46,112.36,19.78,53.66,65.52,30.1,1.03,14.63,67.97,1.34,8.78,3.0701278234985114
56.64,137.48,29.6,55.69,81.12,27.69,1.24,15.5,73.87,1.23,7.19,3.0701278234985114
52.49,109.5,10.51,41.03,46.9,29.98,0.71,13.68,62.19,0.88,5.71,3.0701278234985114
105.43,260.01,17.52,100.66,58.72,40.17,0.49,11.94,113.81,0.81,6.44,3.0701278234985114
82.32,196.84,48.61,60.55,44.96,39.3,0.57,22.03,27.77,3.6,7.78,3.0701278234985114
68.88,106.39,23.17,33.32,15.14,25.51,0.21,17.93,47.51,1.58,4.4,3.0701278234985114
37.49,110.65,29.5,32.0,17.11,24.61,0.25,19.4,47.14,1.84,5.33,3.0701278234985114
64.42,169.87,31.79,32.11,17.93,24.24,0.26,20.11,42.82,2.76,5.78,3.0701278234985114
74.58,182.79,17.82,27.78,11.86,21.02,0.24,19.33,34.2,2.78,3.95,3.0701278234985114
85.8,211.83,64.66,70.38,41.01,40.22,1.05,56.64,42.85,2.89,16.32,3.0701278234985114
126.04,279.92,9.76,50.3,20.34,13.57,0.41,55.11,52.39,2.24,13.46,3.0701278234985114
40.33,150.34,7.16,45.6,15.27,37.97,0.49,31.5,57.01,1.37,9.65,3.0701278234985114
63.27,174.62,17.45,64.11,26.54,47.68,0.5,26.15,54.23,2.2,13.37,3.0701278234985114
56.38,137.62,26.49,69.98,30.75,53.68,0.83,21.94,50.95,2.37,12.75,3.0701278234985114
95.23,257.16,53.45,97.33,52.3,57.81,1.08,23.0,65.67,3.26,15.28,3.0701278234985114
64.63,118.12710293078135,22.12,80.04,7.62,41.51,0.0,14.53197725590996,34.49143047551845,0.6,0.0,3.0701278234985114
48.6,244.14,73.59,96.64,18.94,58.1,0.0,14.53197725590996,34.49143047551845,0.6,0.0,3.0701278234985114
62.0,310.73,37.26,86.9,8.6,52.51,0.0,14.53197725590996,34.49143047551845,0.89,0.0,3.0701278234985114
80.14,205.5,41.28,139.09,5.03,54.71,0.0,14.53197725590996,34.49143047551845,2.16,0.0,3.0701278234985114
51.6,124.35,43.17,80.43,12.37,51.3,0.0,14.53197725590996,34.49143047551845,0.1,0.0,3.0701278234985114
60.9,228.2,49.53,36.63,9.3,46.71,0.0,14.53197725590996,34.49143047551845,0.11,0.0,3.0701278234985114
58.27,87.74,61.79,63.2,13.55,50.91,0.0,14.53197725590996,34.49143047551845,0.25,0.0,3.0701278234985114
61.93,124.6,110.0,36.35,11.06,69.13,0.0,14.53197725590996,34.49143047551845,0.18,0.0,3.0701278234985114
63.62,245.23,55.51,83.84,14.32,58.3,0.0,14.53197725590996,34.49143047551845,0.51,0.0,3.0701278234985114
76.1,325.29,17.77,71.42,8.2,45.21,0.0,14.53197725590996,34.49143047551845,0.48,0.0,3.0701278234985114
51.52,359.19,20.96,53.97,7.09,38.93,0.0,14.53197725590996,34.49143047551845,0.6,0.0,3.0701278234985114
116.12,118.12710293078135,27.08,19.37,4.82,28.8,0.0,14.53197725590996,34.49143047551845,0.63,0.0,3.0701278234985114
58.46,118.12710293078135,67.54,21.16,10.42,41.79,0.0,14.53197725590996,34.49143047551845,0.14,0.0,3.0701278234985114
55.96,118.12710293078135,58.31,137.15,19.34,58.22,0.0,14.53197725590996,34.49143047551845,0.32,0.0,3.0701278234985114
28.88,118.12710293078135,41.13,61.54,11.02,44.64,0.0,14.53197725590996,34.49143047551845,0.27,0.0,3.0701278234985114
57.42,118.12710293078135,25.72,32.2,5.84,33.07,0.0,14.53197725590996,34.49143047551845,0.24,0.0,3.0701278234985114
51.33,118.12710293078135,24.48,39.3,3.85,18.75,0.0,14.53197725590996,34.49143047551845,0.37,0.0,3.0701278234985114
51.7,101.89,18.18,16.52,9.84,27.05,0.49,14.53197725590996,25.88,0.22,0.0,3.0701278234985114
60.46,119.5,30.53,19.76,14.83,49.74,0.48,14.53197725590996,26.39,0.44,0.0,3.0701278234985114
63.97,120.06,22.99,20.25,12.0,48.0,0.45,14.53197725590996,27.92,0.18,0.0,3.0701278234985114
46.65,103.84,17.92,16.56,10.14,23.48347601937197,0.42,14.53197725590996,24.84,0.14,0.0,3.0701278234985114
54.77,143.16,25.08,10.76,5.71,23.48347601937197,0.13,14.53197725590996,24.38,0.89,0.0,3.0701278234985114
80.47,186.11,81.89,31.88,10.24,43.06,0.12,14.53197725590996,26.98,0.24,0.0,3.0701278234985114
64.37,127.68,25.94,34.75,12.73,31.02,0.36,14.53197725590996,27.32,0.17,0.0,3.0701278234985114
51.56,82.26,19.27,36.6,14.42,40.92,0.44,14.53197725590996,26.7,0.14,0.0,3.0701278234985114
53.05,85.65,23.98,37.33,13.49,31.89,0.33,14.53197725590996,26.7,0.15,0.0,3.0701278234985114
55.55,112.21,19.87,34.72,16.17,45.0,0.43,14.53197725590996,28.73,0.27,0.0,3.0701278234985114
70.81,111.9,29.89,21.49,21.37,56.47,0.44,14.53197725590996,31.95,0.21,0.0,3.0701278234985114
55.93,76.81,27.16,22.74,16.34,31.36,0.46,14.53197725590996,23.1,0.18,0.0,3.0701278234985114
50.09,100.02,14.59,27.25,13.13,19.81,0.37,14.53197725590996,24.48,0.13,0.0,3.0701278234985114
66.12,114.15,23.12,27.52,18.35,34.54,0.6,7.13,30.45,0.25,1.38,0.13
80.94,125.39,26.98,21.39,22.31,50.34,0.61,6.62,29.26,0.35,1.74,0.12
75.4,102.91,50.72,38.55,23.52,54.37,0.43,6.08,34.06,0.27,1.54,0.11
89.38,140.94,37.45,29.45,18.61,41.19,0.45,7.17,40.26,0.44,1.82,0.13
74.2,125.73,21.1,26.08,8.59,44.1,0.3,6.64,38.44,0.22,1.73,0.1
68.47,120.56,25.43,28.66,14.66,50.15,0.46,3.46,32.9,0.46,2.34,0.03
63.41,128.15,22.86,25.2,12.1,39.12,0.43,2.94,30.1,0.54,2.43,0.05
69.45,127.48,22.75,26.09,11.47,31.36,0.2,5.81,34.34,0.24,1.27,0.1
76.81,138.81,24.88,28.99,14.09,39.43,0.19,11.7,35.79,0.35,2.07,0.08
75.73,125.31,15.35,24.45,13.8,37.22,0.27,11.96,36.81,0.25,1.59,0.09
79.81,111.43,14.82,27.44,12.19,31.48,0.33,13.91,38.67,0.39,2.11,0.15
70.98,151.15,17.2,25.61,14.27,35.37,0.32,22.29,34.44,0.27,1.72,0.09
95.58,163.65,17.4,37.37,2.44,35.36,1.2,12.68,36.4,1.87,3.48,0.12
103.93,170.12,37.45,46.48,72.84,50.89,1.21,10.25,38.83,1.73,4.16,0.35
94.49,173.59,16.78,38.54,47.11,44.48,1.03,11.47,40.95,1.16,2.82,0.16
67.27,156.72,14.44,33.59,43.27,41.83,0.88,9.64,43.19,1.09,2.1,0.05
85.53,178.51,24.54,43.12,56.44,43.85,1.15,10.72,40.51,1.93,3.03,0.06
76.96,164.74,24.87,39.58,56.62,38.32,0.99,12.7,40.45,1.39,2.92,0.0
75.45,163.52,15.1,37.92,44.67,34.56,0.94,12.99,44.99,1.26,2.83,0.0
87.62,178.53,25.71,45.6,54.4,36.46,1.11,13.23,45.24,1.7,3.57,0.0
88.3,183.74,23.14,41.81,55.86,39.62,1.08,15.41,46.28,1.28,3.12,0.0
82.15,173.07,18.88,31.72,41.03,30.32,1.2,17.22,45.83,0.93,2.17,0.0
81.93,197.13,28.38,43.85,62.83,37.7,1.1,16.95,44.89,1.06,4.02,0.0
64.2,151.45,14.86,34.53,42.49,34.91,0.89,12.75,46.6,1.57,3.61,0.0
78.4,186.62,15.2,37.32,44.39,35.84,0.91,14.56,50.02,2.36,3.53,0.0
48.46,132.97,18.92,36.94,50.39,42.48,1.12,10.48,54.42,1.43,3.32,0.0
50.27,137.52,13.22,34.29,41.32,44.48,1.09,10.5,56.29,0.95,2.63,0.0
49.56,123.41,24.07,39.45,53.81,44.12,1.35,10.77,42.76,2.34,4.47,0.0
48.61,125.53,16.25,32.33,41.68,39.88,0.99,11.21,46.34,4.24,11.48,0.0
46.21,109.03,20.89,40.94,49.98,33.55,1.3,10.07,48.2,4.98,6.09,0.0
76.11,219.94,17.48,39.43,43.95,27.09,1.03,12.89,63.78,1.83,3.31,0.0
54.88,165.91,11.11,33.37,41.04,44.37,0.81,8.8,65.54,1.18,1.91,0.0
66.74,189.28,14.43,34.14,42.86,37.69,1.02,7.65,64.55,1.19,1.84,0.0
47.25,153.75,15.63,31.77,40.96,38.01,1.23,9.52,50.16,0.94,2.3,0.0
49.09,123.82,11.61,30.44,37.96,38.61,1.17,9.06,59.09,1.41,2.55,0.0
74.82,196.76,23.26,46.75,55.93,44.85,1.74,11.85,59.48,2.46,4.28,0.0
71.99,177.76,19.68,46.09,56.74,43.68,1.46,12.35,53.1,1.93,4.49,0.0
49.22,137.39,13.4,40.3,41.85,46.61,2.05,11.3,56.2,1.07,2.34,0.0
67.23,177.03,13.34,39.81,43.92,49.62,1.91,11.9,62.52,1.85,3.06,0.0
78.74,221.21,16.47,41.79,45.65,43.11,1.11,9.25,54.41,2.59,3.61,0.0
79.98,233.97,8.65,30.14,33.87,48.38,0.81,8.24,58.87,1.48,3.18,0.0
52.6,154.66,12.65,29.28,35.13,41.24,0.98,9.08,60.12,1.51,3.67,0.0
59.52,140.21,16.93,31.51,43.09,43.82,0.84,7.79,57.87,1.32,3.37,0.0
64.42,179.31,14.32,30.68,38.57,49.08,0.81,8.14,57.03,2.13,3.41,0.0
61.72,152.57,9.58,27.67,32.62,43.21,0.82,7.51,48.46,2.52,4.69,0.0
57.68,159.45,8.99,31.11,33.05,39.58,0.88,9.34,48.47,2.71,6.46,0.0
73.77,165.33,10.21,33.8,37.99,40.17,0.96,10.1,60.18,4.76,6.4,0.0
76.78,196.34,9.8,31.27,36.1,46.72,0.95,7.75,54.22,2.56,4.55,0.0
52.79,136.75,10.94,27.39,36.36,40.4,0.9,6.41,41.95,2.72,4.57,0.0
67.02,141.09,16.94,34.23,38.52,49.24,0.93,7.35,45.16,2.67,7.04,0.0
73.22,218.14,11.9,34.85,35.75,48.15,0.9,6.94,46.66,2.57,5.41,0.0
61.06,166.71,11.44,26.68,31.17,33.27,0.77,7.71,46.41,2.82,8.24,0.0
52.76,152.06,10.85,26.52,29.02,31.25,0.68,6.5,53.39,3.73,8.34,0.03
67.55,201.22,13.82,33.71,37.25,36.03,0.77,10.05,60.2,4.51,10.83,0.0
54.15,163.89,10.39,34.98,37.1,34.64,0.77,13.73,59.17,2.66,10.24,7.98
46.9,155.61,10.81,34.92,31.12,32.64,0.74,12.17,39.06,1.93,11.0,2.05
29.98,92.12,8.89,34.16,26.14,35.67,0.72,13.16,33.09,1.81,17.81,0.76
52.48,111.4,9.03,31.0,25.96,44.57,0.84,10.43,44.04,2.24,22.29,1.31
41.41,103.75,10.42,32.89,28.23,40.71,0.91,9.55,31.21,2.3,21.04,1.02
34.18,97.81,10.82,28.46,26.45,44.47,0.78,8.53,28.09,1.56,20.66,1.0
34.24,122.23,7.87,25.74,22.61,36.17,0.65,8.82,33.79,0.98,15.01,0.37
44.55,109.65,11.74,37.27,32.19,38.7,0.86,10.11,39.78,1.82,21.86,1.98
45.76,113.75,8.01,31.17,25.67,37.0,0.78,10.14,45.71,1.88,22.27,5.74
50.41,133.6,13.52,38.05,33.66,38.45,0.95,11.14,41.14,2.57,32.38,14.04
57.12,163.19,16.15,36.71,35.28,48.7,0.94,10.27,40.01,2.31,31.73,3.26
61.93,158.13,8.99,34.43,28.17,51.84,0.9,10.4,53.82,2.06,24.89,2.46
68.2,179.05,14.86,39.85,35.86,57.11,0.98,11.6,65.27,2.31,30.07,2.62
70.48,169.96,9.06,35.14,28.69,55.38,0.93,11.0,54.8,1.66,20.19,1.01
47.48,112.45,7.74,28.19,24.09,47.18,0.81,10.92,43.89,1.07,17.31,0.24
39.78,102.39,8.76,31.82,26.63,39.31,0.84,11.26,34.6,1.49,21.21,0.39
46.53,127.08,10.21,34.22,28.48,35.01,0.76,10.92,45.16,1.49,21.79,1.1
28.44,61.6,12.27,31.94,29.09,33.49,0.88,10.69,26.96,1.55,24.0,0.99
34.26,84.78,11.89,30.73,28.81,41.85,0.87,10.2,31.96,1.53,28.84,0.85
37.76,97.11,12.45,29.45,28.39,46.23,0.82,11.04,32.43,1.48,25.94,0.83
35.04,83.54,10.58,27.41,25.71,41.74,0.8,11.14,31.96,1.31,22.7,0.47
50.21,95.93,17.99,36.48,37.03,43.54,0.97,11.2,32.23,2.32,32.24,0.88
39.3,94.8,12.18,29.15,26.72,40.08,0.83,10.78,34.46,1.5,24.69,0.45
39.89,122.86,15.98,25.06,28.28,42.39,0.8,8.96,28.09,1.08,22.42,0.29
50.59,165.4,15.59,28.84,30.1,41.94,0.91,9.12,27.81,1.28,24.33,0.57
55.77,195.09,19.92,26.14,32.34,38.58,0.94,9.71,29.94,1.38,22.32,0.28
50.64,131.76,19.28,26.59,32.23,45.36,0.9,9.4,27.42,1.44,22.79,0.49
44.54,110.19,18.64,26.15,31.04,40.11,0.98,10.65,32.06,1.55,24.7,0.59
36.7,76.04,19.04,25.24,30.33,38.57,1.02,9.47,31.12,1.55,23.23,0.58
36.84,91.15,17.18,24.98,29.1,38.58,0.89,9.85,34.11,1.37,21.43,0.47
46.24,115.63,27.59,34.82,42.63,40.95,1.11,9.66,31.83,1.81,28.91,0.33
32.72,98.26,18.61,24.06,28.8,36.5,0.7,8.84,27.66,1.28,22.4,0.27
32.75,106.03,16.15,25.04,28.15,34.65,0.84,9.26,27.7,1.11,23.38,0.09
46.85,126.7,14.03,29.49,30.34,39.38,1.09,9.86,32.47,1.57,31.99,0.19
43.0,117.21,9.88,23.72,22.86,37.96,0.84,8.85,34.04,1.41,30.1,0.07
36.49,88.06,18.67,29.32,33.72,40.19,1.21,10.43,31.87,1.88,38.17,0.11
32.98,80.82,18.25,24.58,30.72,37.68,0.98,9.26,30.62,1.88,35.61,0.23
61.1,125.39,23.17,32.54,37.99,38.4,1.18,10.88,39.36,1.66,30.16,0.12
30.98,77.56,11.76,27.85,26.25,32.36,1.02,11.99,31.02,1.09,20.9,0.09
47.53,152.29,13.54,25.96,26.93,28.79,0.82,9.67,23.57,1.47,29.67,0.12
45.19,110.35,19.47,28.51,31.54,31.04,1.02,10.53,19.58,2.24,34.3,0.04
40.9,80.4,20.91,23.44,29.51,31.34,0.87,9.81,23.36,1.95,33.74,0.15
55.72,105.56,34.09,35.94,49.8,32.41,1.29,10.8,26.55,2.89,37.58,0.13
39.77,101.8,21.85,30.63,37.55,29.56,1.04,9.62,20.64,2.12,31.65,0.08
49.44,138.52,28.45,30.88,43.56,30.78,0.96,10.13,26.24,2.19,29.94,0.03
42.11,87.03,30.95,37.91,49.1,32.06,1.1,10.75,28.23,2.51,36.86,0.28
35.45,72.63,17.48,26.65,31.93,28.17,0.84,11.38,23.65,1.84,28.88,0.06
27.49,115.88,19.96,23.21,30.78,20.34,0.63,11.24,23.11,1.28,24.6,0.03
31.38,113.92,20.52,25.18,32.01,19.9,0.7,11.21,24.58,1.44,24.24,0.07
37.48,125.81,26.65,27.72,37.7,22.31,0.8,11.74,25.86,2.29,24.43,0.12
43.09,131.43,21.14,25.92,31.12,24.13,0.72,11.14,26.12,1.78,23.98,0.0
55.86,157.59,22.25,29.15,33.99,25.37,0.78,11.12,35.01,1.68,21.94,0.01
54.94,165.11,15.0,29.8,28.63,24.13,0.75,11.95,38.79,1.71,23.97,0.0
58.63,175.12,26.29,37.36,40.98,26.44,0.89,13.43,40.04,2.12,27.54,0.0
73.3,185.23,28.51,38.16,42.01,29.96,0.98,14.41,49.18,2.75,35.2,0.01
46.73,112.51,11.6,26.7,24.32,28.6,0.75,12.74,30.31,1.98,22.78,0.01
71.44,171.42,66.23,37.42,73.58,30.7,1.5,12.78,35.24,4.84,60.29,0.06
83.78,214.66,86.96,44.68,93.15,35.57,1.78,12.98,37.24,6.51,75.0,0.12
69.49,155.26,20.83,34.52,35.4,31.15,1.0,12.38,35.54,2.9,34.63,0.03
65.78,177.08,30.83,40.86,47.61,31.58,1.13,12.7,38.52,3.29,45.58,0.04
76.03,185.21,31.9,36.68,46.51,35.08,1.11,12.25,35.8,3.8,47.19,0.04
63.37,177.17,39.9,42.57,56.37,31.83,1.13,13.36,36.72,3.74,45.68,0.32
81.14,221.03,39.4,44.81,57.51,35.47,1.25,14.33,42.38,4.61,50.09,0.57
67.93,172.04,29.52,44.48,47.82,25.13,1.13,16.06,42.01,3.68,47.52,0.66
53.25,72.61,14.1,38.56,34.22,39.73,1.01,11.87,27.01,2.16,19.7,0.1
135.68,211.71,55.53,48.14,76.5,42.37,1.62,14.17,26.51,5.6,40.42,0.64
81.2,136.43,16.96,40.03,38.45,34.17,1.01,14.62,30.01,2.42,27.94,0.08
72.29,156.6,31.23,39.24,49.45,29.11,0.94,12.66,30.59,2.78,24.72,4.03
82.5,165.94,22.67,38.31,41.45,28.42,0.96,13.25,33.55,2.51,21.49,0.78
73.33,178.07,46.44,47.15,67.04,38.24,1.37,20.1,34.41,3.76,31.74,2.24
73.9,147.86,25.55,33.95,41.61,39.11,1.07,13.94,28.45,3.24,24.76,2.66
56.51,115.07,11.62,36.12,30.5,26.26,0.85,15.66,37.26,2.09,15.68,0.89
89.34,161.89,19.34,46.26,42.89,29.95,1.03,18.99,38.02,2.43,22.6,0.92
59.97,120.3,24.36,50.31,48.45,32.19,0.95,16.88,32.19,2.49,28.02,0.74
47.18,91.52,14.25,35.07,33.41,26.57,0.79,12.52,31.38,1.67,20.26,0.73
96.38,180.46,40.92,45.02,60.89,31.23,1.25,16.98,35.95,3.14,31.82,1.1
62.92,105.16,20.21,40.61,41.09,30.98,1.16,13.48,33.59,2.32,25.83,0.73
68.86,135.4,18.77,40.05,37.94,28.71,1.01,14.26,36.3,2.73,21.24,0.33
83.45,168.32,32.02,45.3,53.83,29.05,1.25,15.16,33.71,3.38,28.52,1.0
73.31,162.18,20.1,40.84,41.64,30.68,0.99,17.3,33.51,3.06,27.63,0.47
73.98,163.8,20.28,44.17,43.2,27.17,0.96,16.36,44.11,3.34,22.35,0.61
82.17,205.43,27.71,52.91,53.94,30.69,1.24,18.44,42.09,4.35,28.53,0.47
57.28,129.4,14.64,37.45,34.98,29.97,0.93,13.82,37.15,2.9,28.82,0.37
89.17,231.19,31.0,57.03,59.86,32.39,1.27,22.48,33.94,4.61,38.19,1.04
74.88,144.35,30.36,41.27,50.74,32.74,1.0,16.21,33.4,3.55,26.99,0.49
68.64,140.6,15.28,40.6,37.43,27.95,0.92,15.72,43.66,2.82,19.21,0.27
93.61,184.01,26.28,46.88,50.26,30.56,1.07,19.96,42.0,3.79,26.23,0.28
38.43,119.87,13.54,32.19,28.73,27.85,0.74,16.06,46.73,1.85,12.49,0.19
55.62,138.56,8.76,34.57,27.32,26.54,0.89,17.52,52.24,2.27,14.11,0.25
53.28,133.47,12.55,34.25,30.81,27.52,0.82,19.06,42.57,2.1,18.18,0.21
65.0,150.34,11.9,34.84,30.48,30.32,0.93,20.19,36.06,2.59,18.57,0.26
75.82,169.16,16.61,40.8,37.75,29.95,1.04,19.26,41.35,3.25,20.89,0.32
78.37,186.49,26.56,49.68,50.71,29.54,1.22,20.35,43.23,3.96,26.16,0.37
58.96,177.53,15.14,38.42,35.27,32.06,0.94,18.9,48.72,2.54,19.16,0.82
59.08,170.14,11.3,38.55,32.02,27.21,0.88,20.09,54.95,2.46,14.87,0.58
90.1,211.47,29.38,55.76,57.47,29.3,1.19,24.4,54.67,4.02,27.15,1.03
70.25,204.19,29.03,47.54,53.99,34.96,1.21,21.51,48.59,3.28,32.83,0.84
55.93,175.93,15.35,37.89,35.19,33.66,1.06,20.82,45.3,2.42,25.55,0.47
51.51,168.11,15.19,36.61,34.28,29.84,1.02,20.65,41.86,2.02,20.11,0.71
54.84,187.59,29.69,41.92,50.81,29.21,1.28,22.2,42.3,2.74,25.15,0.8
22.14,62.49,9.73,26.84,23.56,26.7,0.9,11.1,45.44,1.16,10.16,0.64
38.92,91.55,15.97,39.07,35.02,26.28,1.01,15.05,50.12,2.26,16.68,0.74
71.62,155.39,26.94,47.56,49.15,29.85,1.24,21.22,45.45,3.13,22.01,1.49
90.55,193.76,30.3,55.28,56.28,29.35,1.42,26.03,55.67,3.8,21.84,1.13
77.96,196.87,38.81,59.78,54.6,30.39,1.26,18.19,46.34,3.06,23.01,1.04
84.81,191.04,31.89,57.75,59.46,43.8,1.52,20.93,41.85,5.07,36.61,0.77
75.45,218.38,26.79,50.99,51.51,44.72,1.38,15.36,46.97,4.14,31.48,0.57
44.28,106.51,11.87,33.79,29.15,39.74,1.04,10.93,45.46,2.4,20.4,0.06
81.99,162.83,17.04,45.8,40.46,35.4,1.21,17.36,59.34,3.35,20.41,0.18
64.24,201.27,32.04,51.8,57.11,32.83,1.5,16.92,38.34,4.15,27.61,0.25
43.86,117.66,20.82,40.33,40.59,45.86,1.21,11.99,31.11,3.49,31.5,0.92
43.66,118.65,11.83,34.52,29.66,33.81,0.99,13.09,51.47,2.65,18.48,0.11
55.13,136.58,13.32,41.51,34.89,27.2,1.06,17.94,59.94,2.53,23.51,0.15
64.66,172.68,26.16,53.92,53.14,28.45,1.28,18.9,53.59,3.43,30.03,0.3
65.82,183.77,37.41,61.45,66.06,29.84,1.3,20.59,54.43,4.44,30.24,0.43
74.8,202.75,34.62,65.84,68.16,29.53,1.45,23.61,57.99,4.85,34.39,0.48
73.35,208.72,14.43,42.68,36.36,35.7,1.29,15.82,59.78,3.15,20.62,0.17
54.81,152.39,14.19,35.32,32.74,32.37,1.11,14.44,74.12,2.27,18.06,0.01
69.75,187.62,23.42,51.0,50.16,38.84,1.47,13.47,63.64,2.96,25.47,0.08
52.66,189.69,13.33,34.53,31.46,30.0,1.03,11.79,52.93,1.96,17.35,0.29
53.79,188.21,18.67,37.07,37.54,23.77,1.07,12.89,59.31,2.32,21.47,0.61
40.18,137.08,13.34,27.51,26.75,26.8,0.89,11.07,40.56,1.75,15.55,1.1
30.39,84.53,15.97,32.32,31.79,25.6,1.03,8.0,48.99,1.92,22.32,0.44
79.96,223.08,17.37,37.14,36.51,35.53,1.12,12.69,61.02,2.98,24.24,0.55
42.76,130.88,10.57,31.19,26.95,29.5,0.92,9.7,68.57,1.76,12.68,0.59
71.15,188.16,13.56,44.78,37.67,32.14,1.22,12.23,59.68,3.07,24.07,0.64
68.27,177.16,12.77,44.12,37.1,32.1,1.11,14.97,69.18,3.0,23.59,1.42
42.06,126.12,6.64,23.02,19.84,31.36,0.95,10.11,57.33,1.55,9.57,0.69
26.29,85.68,9.51,25.93,22.57,28.84,0.92,10.74,37.78,1.48,11.28,0.26
53.65,119.98,11.18,32.24,29.27,28.87,1.07,11.91,54.02,2.67,20.21,0.51
67.36,155.9,15.67,37.39,34.44,30.64,1.16,12.87,46.26,2.75,21.37,0.41
65.3,230.98,17.87,39.94,38.24,29.35,1.16,13.46,46.84,2.8,22.59,0.34
57.27,189.32,10.44,31.09,27.68,26.07,0.94,12.22,58.0,1.96,17.02,0.72
39.99,113.92,7.3,26.57,21.33,33.05,0.99,9.75,42.31,1.69,9.86,0.59
36.82,87.8,12.82,29.23,27.0,28.65,1.11,9.75,28.2,2.25,22.07,0.87
48.6,99.98,18.04,34.77,34.24,37.63,1.2,11.05,22.68,2.88,24.95,1.12
38.81,91.79,11.02,28.87,25.63,32.3,1.08,10.67,38.66,1.97,13.47,0.16
49.12,148.79,12.56,32.85,28.57,33.43,1.15,10.64,35.11,2.22,16.39,0.81
42.56,128.6,11.93,30.38,26.68,32.19,1.11,9.52,25.75,1.94,18.86,1.5
69.21,278.71,13.97,31.36,29.11,33.73,1.04,10.41,28.65,2.24,16.29,1.07
42.04,137.67,11.57,27.17,26.07,25.07,1.09,10.39,27.23,1.97,18.94,0.63
31.51,79.22,8.59,27.54,23.74,26.39,1.05,9.64,30.05,1.99,20.07,0.09
63.02,158.3,29.13,40.79,49.35,30.83,1.41,9.95,49.9,3.38,32.0,0.53
46.43,117.84,14.59,37.1,34.22,34.1,1.15,8.6,29.1,2.39,26.17,0.33
50.57,105.55,23.14,33.89,40.01,37.02,1.39,8.83,32.04,2.6,27.75,0.23
60.38,119.66,31.57,33.03,45.91,43.72,1.55,8.95,34.79,2.91,29.07,0.31
73.08,153.96,26.12,39.89,46.01,45.51,1.61,9.05,40.16,2.82,32.72,0.43
63.26,156.93,22.05,40.29,42.88,44.36,1.41,8.83,33.1,2.36,27.06,1.54
38.54,80.35,16.87,31.0,33.32,35.33,1.07,9.43,27.74,2.58,28.18,0.33
46.69,88.15,17.79,30.9,34.32,34.25,1.13,9.96,27.25,2.13,21.93,0.29
52.2,104.96,20.62,34.64,38.54,37.17,1.24,9.37,28.66,2.18,23.36,0.49
32.63,72.98,22.98,31.82,38.88,33.65,1.22,9.81,29.87,3.07,29.46,0.58
41.74,95.71,19.92,26.86,31.87,33.03,1.23,8.12,28.41,2.44,24.96,3.44
46.69,129.46,15.16,32.68,32.26,34.19,1.14,7.81,31.18,2.37,23.43,4.66
44.16,130.49,23.36,42.21,44.39,34.28,1.21,8.41,25.95,3.1,29.02,1.68
50.49,142.76,37.04,40.32,54.52,36.4,1.3,8.36,28.57,3.26,32.01,1.65
60.71,149.82,41.65,41.76,59.19,41.36,1.47,8.78,28.17,3.71,36.48,1.52
33.49,67.82,11.09,31.71,27.89,34.91,0.93,8.23,24.22,1.99,18.44,1.6
40.68,107.99,21.99,34.48,39.32,31.99,1.17,10.01,36.98,2.84,29.66,0.84
42.04,103.01,19.01,34.62,37.1,34.95,1.07,9.64,34.34,2.54,23.75,3.88
33.92,90.29,11.52,30.6,27.72,32.6,0.93,8.24,30.97,1.88,15.84,0.44
43.5,105.68,12.89,32.44,30.15,33.69,1.02,9.33,39.25,1.93,18.03,0.71
57.16,123.23,18.34,40.79,40.39,38.62,1.41,9.14,33.71,2.72,26.9,1.11
35.13,81.44,12.03,32.08,29.57,41.15,1.11,8.41,31.24,2.01,20.82,0.79
46.15,101.79,10.33,31.91,27.85,36.31,1.07,8.81,39.18,1.96,21.64,1.3
70.64,143.56,13.02,36.51,32.78,36.34,1.21,8.95,32.5,2.4,25.4,2.28
73.33,150.39,10.62,36.99,30.78,37.13,1.22,9.03,36.13,2.38,26.31,1.74
33.9,90.44,9.99,29.09,25.41,33.31,0.97,9.25,28.87,1.75,20.2,0.94
56.31,126.43,13.78,30.47,29.46,30.37,1.0,8.45,30.84,1.88,23.34,1.62
64.48,144.47,16.24,34.12,34.48,29.2,1.07,9.49,40.53,2.34,27.18,2.8
79.6,174.33,15.86,39.69,37.15,31.57,1.15,9.54,48.95,2.5,27.98,2.06
57.83,132.61,9.71,34.01,28.38,30.72,0.99,8.91,32.08,1.85,17.13,1.28
33.59,83.22,9.52,29.75,25.5,28.56,0.88,8.16,27.33,1.5,16.47,1.04
56.6,129.47,19.02,36.18,37.24,26.11,1.13,8.35,35.4,2.25,26.03,0.82
59.14,135.84,14.08,38.18,34.26,27.51,1.12,8.64,41.22,2.62,24.58,0.51
35.41,97.32,7.76,31.3,25.04,25.54,0.86,9.46,37.19,1.86,15.45,0.42
39.23,96.29,17.26,31.43,32.82,24.45,0.99,9.63,28.51,2.08,22.37,0.98
35.88,96.22,16.67,34.98,34.14,25.61,0.98,9.19,28.92,2.55,21.11,1.0
40.16,96.13,17.97,29.72,32.24,24.63,1.05,8.95,34.94,2.83,15.7,0.73
57.99,143.97,30.13,36.77,46.78,27.17,1.25,10.42,44.29,4.03,25.96,1.08
43.07,94.9,17.87,34.07,35.15,26.21,0.99,8.34,32.54,2.99,25.91,1.52
39.48,108.22,20.52,33.82,36.22,23.56,1.03,8.08,32.66,2.5,20.58,2.01
58.75,140.15,18.29,36.98,37.52,26.89,0.99,8.62,40.18,2.82,22.98,1.66
55.88,137.81,13.36,33.46,31.6,26.98,0.91,8.25,36.23,2.35,18.65,1.28
44.85,116.56,17.58,33.4,34.71,23.12,0.85,8.91,38.81,2.29,15.02,1.14
77.02,182.89,40.81,45.5,58.38,25.59,1.37,11.9,51.37,4.1,30.69,2.53
76.77,174.84,31.61,51.37,53.94,33.65,1.18,11.33,43.23,4.23,33.23,1.69
65.7,128.1,19.37,42.94,41.04,34.32,0.89,10.71,30.2,2.89,28.31,0.3
31.03,58.6,10.57,32.3,27.14,30.25,0.65,8.99,28.72,1.88,20.27,0.18
96.96,159.36,34.59,45.04,56.55,36.65,1.21,9.87,23.38,4.1,30.82,0.84
78.59,128.36,26.2,41.29,43.17,38.62,1.18,9.04,22.94,3.38,25.36,0.5
93.07,140.23,27.2,32.7,40.32,46.78,1.07,7.26,24.27,2.52,14.12,0.09
79.83,151.81,23.68,44.0,45.88,34.23,0.99,10.73,30.53,2.66,15.38,0.06
91.56,168.43,30.79,45.04,50.9,36.77,1.08,10.06,24.23,3.49,19.83,0.14
73.84,172.28,12.35,34.6,30.48,34.06,0.82,13.53,43.62,2.43,12.11,0.06
83.07,174.78,18.16,44.57,41.54,32.48,0.91,17.59,42.21,2.93,17.62,0.39
53.11,85.49,8.84,33.27,26.24,35.81,0.83,10.45,39.58,2.03,20.21,0.32
63.62,123.44,29.86,41.23,50.12,33.46,1.2,13.38,32.03,2.8,23.92,1.42
70.59,145.05,29.23,44.2,51.6,33.19,1.02,15.94,33.36,2.29,20.9,0.16
60.01,115.82,9.66,33.98,27.57,34.88,0.83,12.05,37.35,2.42,15.56,2.68
42.83,91.88,20.57,40.73,41.36,31.4,0.97,12.19,39.84,2.18,22.27,7.59
99.34,203.51,64.58,50.23,85.92,39.78,1.58,15.81,36.64,4.58,37.92,4.39
82.9,193.79,40.18,45.62,60.78,37.32,1.1,16.22,41.77,3.57,28.32,0.66
31.43,67.5,11.78,32.97,28.54,32.27,0.81,11.32,36.98,1.81,16.39,0.27
72.1,140.22,45.65,37.14,61.74,31.51,1.11,12.61,34.59,3.51,35.85,0.63
58.04,133.75,18.86,32.29,34.79,29.29,0.75,13.33,34.54,1.91,17.48,0.33
84.35,160.91,14.46,30.22,29.74,30.99,0.84,17.21,47.66,2.35,15.58,0.42
55.19,112.57,10.1,29.76,24.99,32.88,0.76,13.82,42.36,1.96,12.04,0.36
56.92,155.18,21.91,36.74,39.57,35.31,0.94,13.68,34.27,2.25,19.69,0.7
68.72,209.02,29.31,40.53,49.0,31.36,0.87,15.42,37.42,2.63,24.39,3.61
39.41,85.26,14.67,34.59,32.7,34.29,0.76,11.59,29.17,1.99,17.98,0.47
60.99,124.24,26.33,41.09,46.69,31.09,0.9,13.92,37.25,2.43,23.4,1.37
61.61,144.37,21.37,41.52,44.12,31.07,0.89,14.8,38.38,2.29,20.26,1.28
69.7,160.15,26.05,43.5,48.87,32.31,1.0,15.06,40.59,2.65,20.92,2.99
68.93,162.56,29.29,45.86,53.31,32.99,1.07,14.93,41.73,3.05,28.9,2.21
90.62,195.15,37.81,45.67,59.24,36.15,1.14,17.66,43.16,3.37,33.51,1.49
78.61,134.46,14.49,29.85,30.31,32.61,0.92,16.63,47.67,2.86,21.43,0.5
54.26,100.55,11.75,25.96,25.31,30.31,0.78,15.17,46.48,1.96,16.08,0.74
55.85,103.62,12.3,27.07,26.48,31.91,0.81,15.81,38.23,2.53,16.24,0.64
51.79,96.88,10.99,24.42,22.78,25.14,0.81,16.03,44.55,1.74,12.38,0.26
59.91,114.88,11.05,24.37,22.68,26.41,0.81,15.59,44.16,2.04,12.8,0.24
57.67,112.93,9.8,27.12,23.3,27.71,0.81,16.32,40.36,1.79,11.45,0.14
53.03,118.1,9.54,23.64,21.9,28.33,0.83,18.38,49.51,1.88,11.18,0.04
38.57,92.7,5.48,17.59,14.66,26.99,0.67,15.7,50.15,1.19,6.87,0.0
60.6,136.77,7.16,23.4,19.83,27.95,0.83,19.86,41.07,1.78,9.62,0.0
58.22,144.7,8.83,25.71,22.96,28.76,0.93,17.38,40.74,2.04,13.12,0.01
58.31,190.98,10.37,24.55,24.05,28.36,0.93,14.89,38.22,2.36,11.89,0.02
69.8,191.17,11.86,25.01,25.66,30.36,0.94,19.42,41.87,2.4,13.75,0.01
26.93,89.58,8.12,15.83,16.95,26.06,0.64,14.08,53.53,1.07,7.79,0.0
29.09,102.53,8.45,15.45,17.02,27.18,0.68,12.63,49.14,1.19,7.55,0.0
52.86,113.25,12.38,24.56,25.55,31.57,1.02,15.06,32.67,2.37,15.52,0.0
37.17,87.27,8.89,19.64,19.57,29.75,0.82,15.36,48.56,1.48,8.92,0.0
58.25,130.99,10.78,24.79,24.17,29.39,0.86,17.34,46.94,2.03,13.9,0.01
54.71,127.82,9.42,24.83,22.92,30.02,0.91,17.39,43.99,2.8,17.19,0.01
65.91,138.46,11.0,25.62,24.87,32.62,0.99,18.62,47.98,2.57,13.43,0.06
33.09,85.83,9.6,18.68,19.91,28.65,0.75,12.76,54.53,1.13,8.55,0.0
40.24,117.1,8.42,17.45,17.77,31.61,0.77,16.21,47.16,1.68,8.42,0.0
41.75,80.36,10.32,17.35,20.03,28.6,0.86,17.6,58.96,1.7,8.3,0.0
55.18,114.91,12.66,20.11,22.66,28.86,0.91,19.08,58.57,2.03,13.02,0.01
49.96,115.63,12.73,17.61,20.45,32.99,0.84,17.42,59.55,1.68,9.27,0.0
61.04,143.11,11.8,18.46,20.45,36.43,0.89,17.52,56.81,1.96,11.92,0.0
34.67,107.36,12.81,14.36,19.49,33.93,0.76,13.0,60.45,1.19,6.42,0.01
32.56,83.02,12.72,15.14,21.57,32.48,0.68,11.94,49.04,1.31,7.51,0.02
56.24,115.91,13.93,21.36,24.06,30.86,0.87,16.4,52.12,2.0,14.92,0.03
58.44,169.61,13.75,21.88,25.58,29.53,0.89,15.78,53.95,2.04,13.31,0.06
36.02,88.35,10.31,17.97,18.92,25.51,0.73,13.6,73.11,1.46,10.18,0.04
51.09,120.82,10.02,21.66,20.69,27.98,0.83,13.82,74.28,1.69,13.41,0.1
54.18,126.9,9.47,17.65,19.17,30.14,0.85,13.33,76.32,1.61,11.66,1.08
44.3,110.39,5.21,16.46,14.47,28.71,0.74,12.02,63.71,1.3,9.23,0.15
43.26,93.49,4.8,19.53,15.6,28.13,0.76,12.66,64.6,1.55,10.63,0.27
43.19,94.4,4.42,18.49,14.62,29.43,0.75,13.84,64.1,1.5,12.68,0.27
68.8,159.2,5.09,21.34,16.74,32.29,0.9,15.41,52.2,1.81,14.78,0.39
56.17,126.53,9.04,25.12,21.86,30.82,0.89,12.92,50.22,1.69,14.93,0.22
47.44,101.93,6.76,23.45,18.9,27.39,0.84,13.71,53.08,1.41,12.6,0.22
81.87,151.8,6.11,26.17,19.89,27.62,0.99,16.19,63.12,1.61,11.64,0.15
67.8,155.41,8.79,32.8,25.93,28.73,1.03,18.96,62.34,1.92,15.99,0.16
55.92,163.77,9.67,31.36,25.81,25.55,1.09,18.99,62.56,1.72,15.2,2.43
94.37,213.47,17.16,45.36,40.17,28.56,1.31,26.05,55.45,2.96,26.42,11.36
55.37,179.3,8.13,27.35,21.76,26.54,0.87,17.11,53.31,1.76,15.43,0.07
61.46,162.41,9.3,30.92,25.0,27.22,0.94,21.3,54.74,1.88,13.82,0.11
55.38,190.11,19.09,37.79,37.41,27.06,1.1,16.82,38.73,2.51,24.05,0.27
43.22,161.76,7.58,26.95,21.37,25.79,0.83,14.49,66.77,1.7,16.71,0.05
39.07,229.55,4.89,17.1,13.26,29.02,0.8,11.68,55.92,1.11,7.56,0.01
24.62,66.66,5.14,19.02,14.69,32.19,0.77,9.95,47.48,1.1,10.48,0.03
45.9,98.32,7.25,24.78,19.94,35.78,0.92,12.71,50.06,1.75,21.26,0.68
50.62,114.01,7.07,28.02,21.64,36.05,0.9,15.91,52.16,1.93,20.14,0.85
68.24,143.79,11.87,34.11,29.57,38.85,1.09,17.97,39.14,2.79,29.63,2.28
42.43,87.05,7.6,25.87,20.45,35.51,0.87,12.46,44.83,2.0,18.02,2.01
35.14,80.49,5.85,21.25,16.37,31.81,0.82,10.69,51.46,1.6,11.45,0.38
39.99,91.17,6.5,22.65,17.92,30.79,0.86,11.89,45.4,1.82,17.23,0.8
46.9,103.27,7.94,25.81,21.44,31.81,0.94,15.78,51.77,1.99,20.22,0.47
64.77,148.67,11.04,32.01,28.36,33.83,1.01,15.06,49.14,2.23,27.6,1.0
58.9,156.29,16.38,34.31,35.09,33.27,1.03,14.12,40.8,2.17,24.61,1.52
54.69,134.36,12.37,30.94,30.0,36.54,0.91,12.74,40.63,1.84,22.43,0.97
64.0,152.7,12.41,30.05,29.74,38.64,1.06,12.9,43.37,2.16,19.86,0.67
52.36,129.33,8.9,25.46,22.93,36.62,0.95,10.59,34.95,2.09,17.4,0.53
71.08,150.28,8.19,26.01,22.01,40.0,1.04,13.57,38.86,2.42,23.32,1.71
48.69,120.23,7.8,25.95,21.79,35.38,0.88,12.57,48.39,1.9,16.58,0.73
39.87,107.99,7.35,24.58,19.98,32.62,0.88,12.08,51.4,1.99,19.29,0.51
34.35,92.58,5.47,16.94,14.73,29.4,0.78,10.84,48.72,1.55,14.6,0.19
36.84,100.62,6.02,18.32,15.69,28.68,0.82,12.19,47.98,1.5,12.01,0.22
57.6,205.56,6.58,17.78,15.57,27.96,0.86,11.98,40.95,1.69,14.04,0.27
35.96,108.73,6.53,20.37,17.92,26.38,0.8,10.98,36.24,1.42,14.47,0.2
39.7,95.63,7.21,23.7,19.89,28.84,0.85,11.71,33.92,1.51,17.57,0.63
39.47,77.48,5.67,20.61,17.46,34.32,0.91,11.08,42.76,1.54,18.47,0.37
50.01,112.08,9.67,22.06,21.75,32.64,1.01,11.66,24.82,2.07,23.31,0.7
39.8,155.94,10.88,21.46,22.47,31.43,0.87,10.38,18.88,1.69,19.99,0.43
59.52,308.65,12.67,21.6,23.86,29.27,0.94,10.7,18.05,1.71,25.13,1.74
39.8,91.98,5.99,17.96,15.44,28.48,0.84,10.51,37.29,1.57,16.37,0.49
54.01,128.66,6.33,21.05,16.81,29.06,0.97,11.15,29.73,2.03,23.57,0.65
53.0,84.58,126.22,7.8,134.02,104.05,1.17,3.48,34.49143047551845,0.9,1.93,0.19
58.31,85.47,125.14,7.95,133.09,103.2,1.2,3.54,34.49143047551845,1.15,1.83,0.18
53.06,80.24,152.12,5.9,156.21,133.25,1.24,3.49,34.49143047551845,1.34,2.34,0.2
60.99,95.07,133.5,7.48,140.31,107.43,1.37,3.64,34.49143047551845,1.62,2.5,0.3
57.41,96.7,67.41,16.13,83.55,36.6,1.35,3.59,34.49143047551845,5.05,9.85,1.39
38.45,70.37,84.83,0.68,84.43,74.95,1.23,3.61,34.49143047551845,1.48,3.52,0.35
51.09,85.94,73.25,0.68,73.89,64.53,1.42,3.46,34.49143047551845,1.34,2.68,0.32
49.84,83.54,78.8,0.36,78.9,17.96,1.46,3.66,34.49143047551845,3.99,7.9,0.93
39.71,58.34,81.76,0.27,81.43,15.4,1.04,4.08,34.49143047551845,0.07,0.26,0.01
78.27,116.73,63.43,1.42,64.85,11.41,1.64,3.53,34.49143047551845,1.86,2.55,0.5
55.37,88.08,60.95,1.63,62.59,10.94,1.39,3.45,34.49143047551845,0.84,1.73,0.39
59.74,89.73,59.45,1.77,61.22,10.68,1.61,3.47,34.49143047551845,1.14,2.25,0.53
47.25,72.04,57.27,1.89,59.16,10.71,1.73,3.99,34.49143047551845,1.27,2.45,0.24
27.97,43.68,51.02,2.47,53.49,9.34,1.63,3.67,34.49143047551845,0.83,2.31,0.26
30.85,61.79,0.94,6.94,7.86,0.18,1.76,4.29,34.49143047551845,0.55,1.62,0.26
37.26,73.37,0.59,6.96,7.53,0.11,1.87,4.12,34.49143047551845,0.3,0.91,0.17
30.91,63.61,0.27,6.99,7.16,0.05,1.79,3.98,34.49143047551845,1.51,2.55,0.92
24.61,51.19,7.23,28.560659061126955,6.51,22.79,1.98,2.85,34.49143047551845,0.29,0.48,0.08
23.83,50.41,8.32,28.560659061126955,7.49,30.93,2.13,2.79,34.49143047551845,0.24,0.45,0.01
13.66,32.04,8.0,28.560659061126955,7.2,29.65,1.98,2.75,34.49143047551845,0.11,0.29,0.0
18.49,44.23,7.63,28.560659061126955,6.86,28.49,2.2,2.77,34.49143047551845,0.17,0.34,0.02
16.93,44.12,7.42,28.560659061126955,6.67,27.82,2.06,2.8,34.49143047551845,0.13,0.25,0.01
20.78,45.3,6.84,28.560659061126955,6.16,25.78,2.53,2.82,34.49143047551845,0.16,0.33,0.05
18.82,49.32,7.94,28.560659061126955,7.13,31.5,2.54,2.81,34.49143047551845,0.1,0.22,0.03
9.3,35.64,7.43,28.560659061126955,6.68,30.69,2.22,2.8,34.49143047551845,0.0,0.0,0.0
16.41,48.58,6.39,28.560659061126955,5.76,25.29,1.9,2.43,34.49143047551845,0.48,1.5,0.11
18.49,39.77,5.88,28.560659061126955,5.29,23.53,2.04,2.52,34.49143047551845,0.62,1.67,0.11
12.41,27.44,5.77,28.560659061126955,5.2,23.11,2.0,2.47,34.49143047551845,0.59,1.67,0.15
12.57,34.03,5.69,28.560659061126955,5.12,22.71,1.89,2.51,34.49143047551845,0.37,1.03,0.05
6.91,18.27,4.99,28.560659061126955,4.5,19.71,1.87,2.54,34.49143047551845,0.26,1.08,0.1
5.95,14.15,4.87,28.560659061126955,4.39,19.11,2.03,2.62,34.49143047551845,0.32,1.44,0.37
10.29,29.53,4.76,28.560659061126955,4.29,18.74,2.15,2.58,34.49143047551845,0.4,1.38,0.15
16.7,41.66,4.77,28.560659061126955,4.3,19.07,2.3,2.68,34.49143047551845,0.86,3.25,0.24
15.66,39.86,4.72,28.560659061126955,4.25,18.85,2.26,2.64,34.49143047551845,0.7,2.57,0.22
10.79,28.53,4.62,1.53,4.16,18.38,2.14,2.65,34.49143047551845,0.47,1.89,0.17
19.09,45.62,4.58,1.55,4.12,18.26,2.85,2.68,34.49143047551845,2.06,7.36,1.98
16.22,37.9,4.58,1.54,4.13,18.39,2.32,2.7,34.49143047551845,1.81,5.12,0.52
19.85,40.32,3.57,2.14,3.46,4.58,2.53,2.76,34.49143047551845,0.14,0.26,0.02
5.71,14.24,2.6,2.4,1.6,1.51,2.06,2.75,34.49143047551845,0.04,0.17,0.0
13.24,28.66,5.05,2.2,3.19,4.56,2.51,2.64,34.49143047551845,0.49,1.65,0.33
14.8,38.28,5.81,2.19,3.68,5.46,2.51,2.62,34.49143047551845,0.52,1.76,0.39
23.73,51.36,3.38,2.34,2.11,2.46,2.78,2.7,34.49143047551845,1.55,4.53,1.13
10.63,26.08,3.91,2.29,2.46,3.2,2.22,2.65,34.49143047551845,0.32,1.04,0.03
5.8,17.83,3.06,2.38,1.91,2.09,2.16,2.67,34.49143047551845,0.2,1.09,0.01
12.14,27.94,5.19,2.16,3.29,4.78,2.43,2.69,34.49143047551845,0.38,1.43,0.09
8.97,21.47,7.27,2.0,4.63,7.32,2.16,2.66,34.49143047551845,0.27,0.98,0.0
12.22,24.97,5.44,2.17,3.45,5.06,2.41,2.74,34.49143047551845,0.18,0.3,0.04
11.87,30.24,3.8,2.35,2.39,2.99,2.42,2.65,34.49143047551845,0.0,0.0,0.0
5.88,13.91,2.58,2.4,1.6,1.44,2.1,2.72,34.49143047551845,0.0,0.0,0.0
103.23,118.12710293078135,9.2,16.9,10.3,23.48347601937197,1.5,8.75,16.66,3.280840304500585,8.700972080037227,3.0701278234985114
79.43,118.12710293078135,5.56,31.01,13.22,23.48347601937197,1.12,11.31,30.98,3.280840304500585,8.700972080037227,3.0701278234985114
83.23,118.12710293078135,6.07,37.45,15.64,23.48347601937197,1.23,25.1,39.34,3.280840304500585,8.700972080037227,3.0701278234985114
84.45,118.12710293078135,5.48,30.12,13.37,23.48347601937197,0.95,18.06,34.36,3.280840304500585,8.700972080037227,3.0701278234985114
70.79,118.12710293078135,4.68,21.94,12.36,23.48347601937197,0.91,15.18,41.77,3.280840304500585,8.700972080037227,3.0701278234985114
82.6,118.12710293078135,5.34,31.5,13.51,23.48347601937197,1.16,18.19,34.96,3.280840304500585,8.700972080037227,3.0701278234985114
81.36,118.12710293078135,4.76,28.96,12.65,23.48347601937197,1.11,5.38,17.69,3.280840304500585,8.700972080037227,3.0701278234985114
77.24,118.12710293078135,9.55,43.2,19.01,23.48347601937197,1.23,9.91,25.27,3.280840304500585,8.700972080037227,3.0701278234985114
82.65,118.12710293078135,1.03,20.96,9.65,23.48347601937197,1.28,3.79,23.97,3.280840304500585,8.700972080037227,3.0701278234985114
77.1,118.12710293078135,1.81,11.53,9.2,23.48347601937197,1.15,1.84,51.85,3.280840304500585,8.700972080037227,3.0701278234985114
63.89,118.12710293078135,5.02,9.04,13.03,23.48347601937197,1.25,2.91,45.35,3.280840304500585,8.700972080037227,3.0701278234985114
75.08,118.12710293078135,2.87,6.07,8.95,23.48347601937197,1.34,2.88,42.03,3.280840304500585,8.700972080037227,3.0701278234985114
103.68,118.12710293078135,2.93,5.93,8.94,23.48347601937197,1.27,6.24,19.62,3.280840304500585,8.700972080037227,3.0701278234985114
91.92,118.12710293078135,4.06,9.54,9.47,23.48347601937197,1.55,9.26,29.92,3.280840304500585,8.700972080037227,3.0701278234985114
67.44,118.12710293078135,0.92,6.6,8.94,23.48347601937197,1.23,9.65,38.39,3.280840304500585,8.700972080037227,3.0701278234985114
83.2,118.12710293078135,0.95,5.87,8.94,23.48347601937197,1.59,11.12,46.26,3.280840304500585,8.700972080037227,3.0701278234985114
75.28,118.12710293078135,0.97,5.9,8.96,23.48347601937197,1.31,2.37,35.49,3.280840304500585,8.700972080037227,3.0701278234985114
66.97,118.12710293078135,0.97,5.84,8.95,23.48347601937197,1.11,1.9,39.5,3.280840304500585,8.700972080037227,3.0701278234985114
78.33,118.12710293078135,1.09,6.5,9.1,23.48347601937197,0.94,1.96,39.93,3.280840304500585,8.700972080037227,3.0701278234985114
40.55,118.12710293078135,0.93,5.97,8.95,23.48347601937197,1.13,2.19,22.98,3.280840304500585,8.700972080037227,3.0701278234985114
82.76,118.12710293078135,1.37,5.89,7.56,23.48347601937197,0.74,2.75,19.06,3.280840304500585,8.700972080037227,3.0701278234985114
3.46,118.12710293078135,1.96,5.87,4.95,23.48347601937197,0.54,2.82,44.76,3.280840304500585,8.700972080037227,3.0701278234985114
81.56,118.12710293078135,2.25,8.16,5.24,23.48347601937197,0.49,4.69,26.12,3.280840304500585,8.700972080037227,3.0701278234985114
69.08,118.12710293078135,3.33,7.41,4.92,23.48347601937197,0.51,3.46,47.61,3.280840304500585,8.700972080037227,3.0701278234985114
139.85,118.12710293078135,2.19,7.07,4.95,23.48347601937197,0.33,3.44,28.95,3.280840304500585,8.700972080037227,3.0701278234985114
70.45,118.12710293078135,2.17,6.92,4.93,23.48347601937197,0.39,3.5,34.68,3.280840304500585,8.700972080037227,3.0701278234985114
32.15,118.12710293078135,2.42,5.32,4.97,23.48347601937197,0.39,2.0,14.8,3.280840304500585,8.700972080037227,3.0701278234985114
63.23,118.12710293078135,2.31,6.75,4.96,23.48347601937197,0.32,1.73,25.97,3.280840304500585,8.700972080037227,3.0701278234985114
74.37,118.12710293078135,2.38,6.78,4.96,23.48347601937197,0.35,1.81,26.37,3.280840304500585,8.700972080037227,3.0701278234985114
93.59,118.12710293078135,2.35,6.76,4.93,23.48347601937197,0.41,1.79,16.91,3.280840304500585,8.700972080037227,3.0701278234985114
46.96,118.12710293078135,1.49,9.04,5.0,23.48347601937197,0.41,1.94,37.96,3.280840304500585,8.700972080037227,3.0701278234985114
157.95,118.12710293078135,2.16,5.53,4.94,23.48347601937197,0.18,2.19,33.5,3.280840304500585,8.700972080037227,3.0701278234985114
44.71,118.12710293078135,2.79,7.3,4.93,23.48347601937197,0.4,1.76,35.02,3.280840304500585,8.700972080037227,3.0701278234985114
153.08,118.12710293078135,17.574729662029362,28.560659061126955,32.30912333307031,23.48347601937197,0.39,1.89,34.49143047551845,3.280840304500585,8.700972080037227,3.0701278234985114
73.17,118.12710293078135,17.574729662029362,28.560659061126955,32.30912333307031,23.48347601937197,0.55,2.49,21.62,3.280840304500585,8.700972080037227,3.0701278234985114
67.45057794890306,118.12710293078135,17.574729662029362,28.560659061126955,32.30912333307031,23.48347601937197,2.2485982090856145,14.53197725590996,34.49143047551845,3.280840304500585,8.700972080037227,3.0701278234985114
63.22,118.12710293078135,17.574729662029362,28.560659061126955,32.30912333307031,23.48347601937197,0.5,2.33,39.3,3.280840304500585,8.700972080037227,3.0701278234985114
62.28,118.12710293078135,17.574729662029362,28.560659061126955,32.30912333307031,23.48347601937197,0.53,2.43,45.49,3.280840304500585,8.700972080037227,3.0701278234985114
43.91,118.12710293078135,17.574729662029362,28.560659061126955,32.30912333307031,23.48347601937197,0.49,2.28,32.7,3.280840304500585,8.700972080037227,3.0701278234985114
59.96,118.12710293078135,17.574729662029362,28.560659061126955,32.30912333307031,23.48347601937197,0.53,2.46,32.61,3.280840304500585,8.700972080037227,3.0701278234985114
65.44,118.12710293078135,17.574729662029362,28.560659061126955,32.30912333307031,23.48347601937197,0.4,2.08,27.59,3.280840304500585,8.700972080037227,3.0701278234985114
74.64,118.12710293078135,17.574729662029362,28.560659061126955,32.30912333307031,23.48347601937197,0.52,2.77,27.56,3.280840304500585,8.700972080037227,3.0701278234985114
77.42,118.12710293078135,17.574729662029362,28.560659061126955,32.30912333307031,23.48347601937197,0.51,2.85,19.76,3.280840304500585,8.700972080037227,3.0701278234985114
61.99,118.12710293078135,17.574729662029362,28.560659061126955,32.30912333307031,23.48347601937197,0.54,2.27,32.51,3.280840304500585,8.700972080037227,3.0701278234985114
66.54,118.12710293078135,17.574729662029362,28.560659061126955,32.30912333307031,23.48347601937197,0.49,2.54,24.82,3.280840304500585,8.700972080037227,3.0701278234985114
79.11,118.12710293078135,17.574729662029362,28.560659061126955,32.30912333307031,23.48347601937197,0.51,2.47,26.79,3.280840304500585,8.700972080037227,3.0701278234985114
68.82,118.12710293078135,17.574729662029362,28.560659061126955,32.30912333307031,23.48347601937197,0.53,2.31,41.83,3.280840304500585,8.700972080037227,3.0701278234985114
94.24,118.12710293078135,17.574729662029362,28.560659061126955,32.30912333307031,23.48347601937197,0.5,2.43,48.24,3.280840304500585,8.700972080037227,3.0701278234985114
67.06,118.12710293078135,17.574729662029362,28.560659061126955,32.30912333307031,23.48347601937197,0.49,4.76,23.57,3.280840304500585,8.700972080037227,3.0701278234985114
63.34,118.12710293078135,17.574729662029362,28.560659061126955,32.30912333307031,23.48347601937197,0.56,6.52,26.84,3.280840304500585,8.700972080037227,3.0701278234985114
62.63,118.12710293078135,161.85,127.56,183.37,23.48347601937197,0.59,4.16,20.79,3.280840304500585,8.700972080037227,3.0701278234985114
50.29,118.12710293078135,8.62,7.7,12.7,23.48347601937197,0.52,5.44,19.95,3.280840304500585,8.700972080037227,3.0701278234985114
72.49,118.12710293078135,7.78,10.14,32.30912333307031,23.48347601937197,2.2485982090856145,5.52,25.36,3.45,34.47,3.0701278234985114
77.9,118.12710293078135,7.89,10.18,32.30912333307031,23.48347601937197,2.2485982090856145,7.13,36.38,2.37,23.55,3.0701278234985114
73.25,118.12710293078135,8.28,18.16,32.30912333307031,23.48347601937197,0.55,9.33,60.3,0.03,2.85,3.0701278234985114
85.19,118.12710293078135,5.9,16.83,32.30912333307031,23.48347601937197,0.58,12.15,45.58,0.03,2.17,3.0701278234985114
67.09,118.12710293078135,5.68,16.52,32.30912333307031,23.48347601937197,0.54,9.52,37.61,0.03,2.75,3.0701278234985114
61.95,118.12710293078135,6.91,16.63,32.30912333307031,23.48347601937197,0.55,5.77,44.28,0.04,3.94,3.0701278234985114
72.08,118.12710293078135,8.96,18.98,32.30912333307031,23.48347601937197,0.53,6.31,58.69,0.04,3.98,3.0701278234985114
104.98,118.12710293078135,5.92,14.58,32.30912333307031,23.48347601937197,0.59,8.8,43.25,0.03,2.62,3.0701278234985114
23.44,118.12710293078135,5.76,11.89,32.30912333307031,23.48347601937197,0.52,14.78,58.81,0.02,1.91,3.0701278234985114
89.33,118.12710293078135,4.71,10.88,32.30912333307031,23.48347601937197,0.59,15.84,50.45,0.03,3.27,3.0701278234985114
50.29,118.12710293078135,2.25,10.04,32.30912333307031,23.48347601937197,0.51,6.58,39.63,0.02,1.74,3.0701278234985114
108.87,118.12710293078135,2.5,10.41,32.30912333307031,23.48347601937197,0.5,7.33,41.81,0.03,2.69,3.0701278234985114
113.6,118.12710293078135,5.9,24.39,32.30912333307031,23.48347601937197,0.58,13.2,64.12,0.02,1.98,3.0701278234985114
78.72,118.12710293078135,6.97,10.4,32.30912333307031,23.48347601937197,0.43,2.72,57.15,0.03,3.09,3.0701278234985114
188.04,118.12710293078135,5.96,13.23,32.30912333307031,23.48347601937197,0.51,3.39,36.4,0.03,2.47,3.0701278234985114
76.66,118.12710293078135,5.93,10.02,32.30912333307031,23.48347601937197,0.48,3.81,17.05,0.02,2.22,3.0701278234985114
61.17,118.12710293078135,5.97,10.01,32.30912333307031,23.48347601937197,0.51,3.57,17.83,0.03,3.53,3.0701278234985114
47.73,118.12710293078135,2.04,0.88,32.30912333307031,23.48347601937197,0.28,20.85,61.17,0.02,2.31,3.0701278234985114
55.35,118.12710293078135,4.64,4.67,32.30912333307031,23.48347601937197,0.19,28.94,47.54,0.03,3.14,3.0701278234985114
84.4,118.12710293078135,10.71,24.23,32.30912333307031,23.48347601937197,0.92,4.5,30.62,0.0,0.0,3.0701278234985114
68.96,118.12710293078135,3.79,24.86,32.30912333307031,23.48347601937197,0.96,5.28,34.76,0.0,0.0,3.0701278234985114
73.17,118.12710293078135,4.12,24.89,32.30912333307031,23.48347601937197,0.88,6.47,38.85,0.0,0.0,3.0701278234985114
61.04,118.12710293078135,4.03,24.97,32.30912333307031,23.48347601937197,1.0,6.9,29.56,0.0,0.0,3.0701278234985114
64.36,118.12710293078135,3.88,25.01,32.30912333307031,23.48347601937197,0.95,5.83,19.78,0.0,0.0,3.0701278234985114
87.97,118.12710293078135,4.26,24.94,32.30912333307031,23.48347601937197,0.79,7.36,44.42,0.0,0.0,3.0701278234985114
67.28,118.12710293078135,3.59,25.89,32.30912333307031,23.48347601937197,1.0,4.38,20.76,0.03,2.73,3.0701278234985114
72.11,118.12710293078135,4.89,25.88,32.30912333307031,23.48347601937197,0.97,4.62,17.71,0.03,2.72,3.0701278234985114
79.97,118.12710293078135,3.22,25.36,32.30912333307031,23.48347601937197,0.88,4.79,17.61,0.03,2.71,3.0701278234985114
78.62,118.12710293078135,3.49,25.63,32.30912333307031,23.48347601937197,0.91,4.73,20.02,0.04,4.37,3.0701278234985114
85.17,118.12710293078135,4.51,23.15,32.30912333307031,23.48347601937197,1.02,5.2,18.91,0.04,4.35,3.0701278234985114
61.76,118.12710293078135,3.32,20.42,32.30912333307031,23.48347601937197,0.94,4.07,22.56,0.04,4.34,3.0701278234985114
69.14,118.12710293078135,1.25,20.5,32.30912333307031,23.48347601937197,1.02,4.49,21.38,0.04,4.39,3.0701278234985114
62.94,118.12710293078135,1.0,20.66,32.30912333307031,23.48347601937197,0.97,4.87,30.88,0.04,4.43,3.0701278234985114
56.2,118.12710293078135,0.81,21.01,32.30912333307031,23.48347601937197,1.16,5.39,38.15,0.04,4.48,3.0701278234985114
51.96,118.12710293078135,1.13,21.11,32.30912333307031,23.48347601937197,0.98,5.34,36.53,0.04,4.47,3.0701278234985114
93.97,118.12710293078135,2.71,21.01,32.30912333307031,23.48347601937197,0.99,7.83,30.21,0.04,4.45,3.0701278234985114
76.48,118.12710293078135,1.26,21.63,32.30912333307031,23.48347601937197,0.96,5.74,11.61,0.04,4.45,3.0701278234985114
92.74,118.12710293078135,0.97,21.87,32.30912333307031,23.48347601937197,0.89,4.45,9.48,0.04,4.45,3.0701278234985114
87.25,118.12710293078135,1.81,20.91,32.30912333307031,23.48347601937197,0.93,4.76,16.3,0.04,4.47,3.0701278234985114
77.67,118.12710293078135,2.23,19.41,32.30912333307031,23.48347601937197,0.81,5.11,23.68,0.03,4.46,3.0701278234985114
90.11,118.12710293078135,2.87,21.31,32.30912333307031,23.48347601937197,1.1,5.65,26.92,0.04,4.45,3.0701278234985114
90.15,118.12710293078135,2.13,20.41,23.46,23.48347601937197,0.94,4.7,32.0,0.04,4.41,3.0701278234985114
79.04,118.12710293078135,1.51,17.3,20.05,23.48347601937197,0.13,5.45,75.54,0.0,4.44,3.0701278234985114
91.11,118.12710293078135,1.41,24.96,16.01,23.48347601937197,0.51,3.73,21.17,0.02,4.39,3.0701278234985114
80.75,118.12710293078135,6.24,24.67,16.0,23.48347601937197,0.84,7.62,22.99,0.04,4.41,3.0701278234985114
83.99,118.12710293078135,4.81,24.35,32.30912333307031,23.48347601937197,0.88,6.86,26.71,0.04,4.41,3.0701278234985114
83.88,118.12710293078135,4.93,24.58,18.43,23.48347601937197,0.73,5.42,21.74,0.03,4.43,3.0701278234985114
77.28,118.12710293078135,2.29,23.5,21.51,23.48347601937197,0.61,5.58,34.77,0.03,4.44,3.0701278234985114
78.47,118.12710293078135,3.4,24.82,32.30912333307031,23.48347601937197,0.88,5.91,31.99,0.04,4.42,3.0701278234985114
78.69,118.12710293078135,6.9,24.63,32.30912333307031,23.48347601937197,0.88,9.91,34.61,0.04,4.42,3.0701278234985114
80.94,118.12710293078135,4.23,24.47,32.30912333307031,23.48347601937197,0.82,11.02,36.07,0.04,4.44,3.0701278234985114
94.86,118.12710293078135,7.44,25.86,32.30912333307031,23.48347601937197,1.13,14.84,32.59,0.04,4.43,3.0701278234985114
70.83,118.12710293078135,12.84,18.04,0.0,23.48347601937197,1.6,4.31,25.8,1.58,2.26,3.0701278234985114
68.28,118.12710293078135,9.74,22.57,0.0,23.48347601937197,0.92,4.27,36.66,0.95,2.2,3.0701278234985114
101.11,151.24,9.28,19.12,17.6,23.48347601937197,1.63,7.11,37.9,3.280840304500585,8.700972080037227,3.0701278234985114
73.09,149.89,16.59,43.05,37.86,23.48347601937197,1.06,14.53197725590996,59.01,3.280840304500585,8.700972080037227,3.0701278234985114
63.42,120.31,12.38,47.72,38.13,23.48347601937197,1.01,14.53197725590996,81.88,3.280840304500585,8.700972080037227,3.0701278234985114
53.53,132.16,11.77,49.61,38.72,23.48347601937197,1.02,1.66,82.67,3.280840304500585,8.700972080037227,3.0701278234985114
65.2,147.01,16.7,46.74,39.61,23.48347601937197,1.1,14.53197725590996,85.47,3.280840304500585,8.700972080037227,3.0701278234985114
63.36,152.3,16.46,45.04,38.64,23.48347601937197,1.15,14.53197725590996,74.93,3.280840304500585,8.700972080037227,3.0701278234985114
61.22,150.21,9.25,52.91,38.98,23.48347601937197,1.12,14.53197725590996,94.86,3.280840304500585,8.700972080037227,3.0701278234985114
76.06,179.26,17.74,46.3,40.14,23.48347601937197,1.15,14.53197725590996,85.33,3.280840304500585,8.700972080037227,3.0701278234985114
62.68,191.47,13.71,49.8,40.01,23.48347601937197,1.14,14.53197725590996,84.76,3.280840304500585,8.700972080037227,3.0701278234985114
68.85,212.52,16.18,41.28,36.91,23.48347601937197,1.12,14.53197725590996,62.35,3.280840304500585,8.700972080037227,3.0701278234985114
81.59,199.15,18.42,44.67,39.87,23.48347601937197,1.13,14.53197725590996,81.13,3.280840304500585,8.700972080037227,3.0701278234985114
72.49,136.34,18.48,36.15,35.48,23.48347601937197,0.0,1.87,47.61,3.280840304500585,8.700972080037227,3.0701278234985114
67.09,137.64,22.37,34.26,36.5,23.48347601937197,0.0,14.53197725590996,45.17,3.280840304500585,8.700972080037227,3.0701278234985114
90.64,167.07,25.31,36.81,39.18,23.48347601937197,0.0,14.53197725590996,51.7,3.280840304500585,8.700972080037227,3.0701278234985114
81.66,169.67,16.7,40.39,51.23,23.48347601937197,0.83,14.53197725590996,58.44,3.280840304500585,8.700972080037227,3.0701278234985114
63.59,138.47,11.11,45.21,50.73,23.48347601937197,1.09,14.53197725590996,68.66,3.280840304500585,8.700972080037227,3.0701278234985114
76.62,174.86,14.28,44.52,49.23,23.48347601937197,1.14,14.53197725590996,71.22,3.280840304500585,8.700972080037227,3.0701278234985114
68.55,158.38,10.07,48.32,55.89,23.48347601937197,1.27,14.53197725590996,77.31,3.280840304500585,8.700972080037227,3.0701278234985114
87.43,178.87,13.27,46.26,42.81,23.48347601937197,0.75,14.53197725590996,73.81,3.280840304500585,8.700972080037227,3.0701278234985114
81.94,189.2,22.28,37.89,38.17,23.48347601937197,0.75,21.43,57.27,3.280840304500585,8.700972080037227,3.0701278234985114
88.11,189.37,27.51,38.23,41.26,23.48347601937197,0.83,14.53197725590996,58.31,3.280840304500585,8.700972080037227,3.0701278234985114
85.46,177.84,37.18,22.82,38.52,23.48347601937197,1.09,14.53197725590996,21.45,3.280840304500585,8.700972080037227,3.0701278234985114
84.54,198.49,37.27,21.1,37.68,23.48347601937197,1.68,14.53197725590996,18.33,3.280840304500585,8.700972080037227,3.0701278234985114
58.41,128.53,33.14,21.92,32.93,23.48347601937197,1.61,14.53197725590996,16.42,3.280840304500585,8.700972080037227,3.0701278234985114
85.98,186.86,33.06,18.88,34.23,23.48347601937197,1.6,14.53197725590996,15.76,3.280840304500585,8.700972080037227,3.0701278234985114
87.35,147.11,33.0,19.17,27.18,23.48347601937197,1.52,14.53197725590996,13.89,3.280840304500585,8.700972080037227,3.0701278234985114
58.59,137.91,38.29,17.28,36.65,23.48347601937197,2.73,14.53197725590996,11.54,3.280840304500585,8.700972080037227,3.0701278234985114
43.74,105.56,40.93,16.65,37.7,23.48347601937197,2.57,14.53197725590996,10.69,3.280840304500585,8.700972080037227,3.0701278234985114
83.55,229.71,37.13,17.64,36.08,23.48347601937197,2.54,14.53197725590996,12.04,3.280840304500585,8.700972080037227,3.0701278234985114
40.73,112.53,39.11,17.12,34.55,23.48347601937197,2.16,14.53197725590996,11.33,3.280840304500585,8.700972080037227,3.0701278234985114
20.24,80.31,37.97,18.24,36.87,23.48347601937197,2.32,14.53197725590996,12.83,3.280840304500585,8.700972080037227,3.0701278234985114
10.0,146.19,34.05,18.93,35.35,23.48347601937197,2.49,14.53197725590996,13.9,3.280840304500585,8.700972080037227,3.0701278234985114
59.32,191.56,30.68,20.76,34.69,23.48347601937197,2.79,14.53197725590996,17.01,3.280840304500585,8.700972080037227,3.0701278234985114
40.76,203.33,17.574729662029362,28.560659061126955,17.61,23.48347601937197,0.17,14.53197725590996,34.49143047551845,3.280840304500585,8.700972080037227,3.0701278234985114
60.44,194.22,0.96,241.34,27.0,23.48347601937197,0.41,14.53197725590996,55.22,3.280840304500585,8.700972080037227,3.0701278234985114
76.49,235.17,0.75,28.560659061126955,16.76,23.48347601937197,0.3,14.53197725590996,38.39,3.280840304500585,8.700972080037227,3.0701278234985114
79.18,185.39,74.38,5.2,19.61,23.48347601937197,0.83,14.53197725590996,33.58,3.280840304500585,8.700972080037227,3.0701278234985114
59.79,170.98,22.24,2.45,16.01,23.48347601937197,0.17,14.53197725590996,15.75,3.280840304500585,8.700972080037227,3.0701278234985114
57.47,137.77,13.16,12.64,20.18,23.48347601937197,0.22,1.07,30.91,1.93,8.700972080037227,3.0701278234985114
59.63,158.02,12.59,12.5,19.35,23.48347601937197,0.12,14.53197725590996,29.73,1.35,8.700972080037227,3.0701278234985114
42.96,96.02,13.65,16.8,23.56,23.48347601937197,0.1,14.53197725590996,23.55,1.37,8.700972080037227,3.0701278234985114
65.96,140.45,12.3,14.6,20.77,23.48347601937197,0.16,14.53197725590996,29.43,66.41,8.700972080037227,3.0701278234985114
118.2,267.02,11.4,16.28,21.25,23.48347601937197,0.24,14.53197725590996,17.42,62.72,8.700972080037227,3.0701278234985114
81.48,116.99,14.05,20.86,27.43,23.48347601937197,0.22,14.53197725590996,24.76,0.71,8.700972080037227,3.0701278234985114
95.96,161.19,15.81,21.97,30.1,23.48347601937197,0.28,14.53197725590996,28.8,1.01,8.700972080037227,3.0701278234985114
64.77,193.84,11.32,23.42,23.37,23.48347601937197,0.28,14.53197725590996,31.38,0.54,8.700972080037227,3.0701278234985114
139.53,396.69,15.13,24.1,30.64,23.48347601937197,0.41,14.53197725590996,23.65,0.6,8.700972080037227,3.0701278234985114
86.98,219.14,15.85,28.77,33.69,23.48347601937197,0.5,14.53197725590996,22.31,0.91,8.700972080037227,3.0701278234985114
92.98,203.56,11.2,25.72,27.96,23.48347601937197,0.54,14.53197725590996,24.93,0.65,8.700972080037227,3.0701278234985114
106.83,215.18,14.3,27.54,28.02,23.48347601937197,0.57,14.53197725590996,27.7,1.06,8.700972080037227,3.0701278234985114
65.38,130.7,14.69,27.61,33.23,23.48347601937197,0.82,1.14,44.26,0.06,8.700972080037227,3.0701278234985114
82.98,159.65,15.56,26.74,33.93,23.48347601937197,0.82,0.98,43.96,0.19,8.700972080037227,3.0701278234985114
69.94,134.44,17.08,24.67,35.36,23.48347601937197,0.8,1.05,40.79,0.07,8.700972080037227,3.0701278234985114
75.87,148.17,18.53,26.52,38.65,23.48347601937197,0.82,1.11,32.66,0.22,8.700972080037227,3.0701278234985114
76.26,139.54,19.39,28.71,41.03,23.48347601937197,0.77,0.99,37.78,0.32,8.700972080037227,3.0701278234985114
89.34,118.12710293078135,6.81,22.45,17.45,23.48347601937197,0.1,0.87,47.58,0.17,8.700972080037227,3.0701278234985114
93.2,118.12710293078135,7.18,23.33,19.35,23.48347601937197,0.11,1.07,32.4,0.06,8.700972080037227,3.0701278234985114
50.85,118.12710293078135,7.77,25.38,23.51,23.48347601937197,0.08,1.2,25.9,0.13,8.700972080037227,3.0701278234985114
85.68,118.12710293078135,7.7,24.04,23.0,23.48347601937197,0.07,1.06,35.87,0.23,8.700972080037227,3.0701278234985114
59.65,118.12710293078135,8.58,20.66,22.07,23.48347601937197,1.97,4.55,26.08,0.0,8.700972080037227,3.0701278234985114
40.69,118.12710293078135,8.44,21.7,22.5,23.48347601937197,1.12,5.64,21.58,0.0,8.700972080037227,3.0701278234985114
43.68,118.12710293078135,8.58,21.42,22.46,23.48347601937197,1.11,6.02,22.89,0.0,8.700972080037227,3.0701278234985114
47.39,118.12710293078135,8.59,21.69,22.62,23.48347601937197,0.88,6.09,28.91,0.13,8.700972080037227,3.0701278234985114
70.27,118.12710293078135,8.42,21.7,22.48,23.48347601937197,0.59,4.22,33.35,0.41,8.700972080037227,3.0701278234985114
66.14,118.12710293078135,8.68,21.25,22.46,23.48347601937197,0.65,2.54,43.61,0.46,8.700972080037227,3.0701278234985114
79.13,118.12710293078135,8.46,21.09,22.2,23.48347601937197,0.75,4.24,40.61,1.47,8.700972080037227,3.0701278234985114
58.97,118.12710293078135,8.51,21.43,22.43,23.48347601937197,0.85,4.42,29.89,0.24,8.700972080037227,3.0701278234985114
70.54,118.12710293078135,8.59,23.22,22.53,23.48347601937197,0.46,4.87,28.76,2.06,8.700972080037227,3.0701278234985114
43.08,118.12710293078135,8.56,25.72,22.6,23.48347601937197,0.46,4.36,22.25,0.77,8.700972080037227,3.0701278234985114
56.42,118.12710293078135,8.81,26.12,22.89,23.48347601937197,0.77,6.83,25.31,0.84,8.700972080037227,3.0701278234985114
61.74,118.12710293078135,8.89,25.57,22.93,23.48347601937197,0.7,6.6,29.14,0.8,8.700972080037227,3.0701278234985114
61.81,118.12710293078135,8.66,25.94,22.8,23.48347601937197,0.89,5.98,27.51,1.22,8.700972080037227,3.0701278234985114
70.47,118.12710293078135,8.49,25.69,22.54,23.48347601937197,1.1,6.07,40.1,0.25,8.700972080037227,3.0701278234985114
55.24,118.12710293078135,8.44,25.97,22.63,23.48347601937197,0.54,6.0,15.22,0.17,8.700972080037227,3.0701278234985114
63.41,118.12710293078135,8.52,24.81,22.1,23.48347601937197,0.59,5.36,20.75,0.07,8.700972080037227,3.0701278234985114
67.55,118.12710293078135,8.71,25.08,22.39,23.48347601937197,0.63,6.05,18.83,0.07,8.700972080037227,3.0701278234985114
77.4,118.12710293078135,8.7,26.66,21.46,23.48347601937197,0.91,5.1,18.01,0.15,8.700972080037227,3.0701278234985114
62.79,118.12710293078135,8.61,24.78,22.15,23.48347601937197,1.0,6.23,21.61,0.54,8.700972080037227,3.0701278234985114
67.48,118.12710293078135,17.574729662029362,28.560659061126955,32.30912333307031,23.48347601937197,0.49,5.57,14.74,0.0,8.700972080037227,3.0701278234985114
69.78,118.12710293078135,17.574729662029362,28.560659061126955,32.30912333307031,23.48347601937197,0.38,5.41,18.7,0.0,8.700972080037227,3.0701278234985114
71.72,118.12710293078135,23.95,35.14,37.51,23.48347601937197,0.63,8.02,15.67,0.0,8.700972080037227,3.0701278234985114
76.99,118.12710293078135,17.15,17.04,22.59,23.48347601937197,0.38,3.43,17.99,3.280840304500585,8.700972080037227,3.0701278234985114
90.54,118.12710293078135,21.7,26.81,30.16,23.48347601937197,0.58,6.64,29.08,2.57,8.700972080037227,3.0701278234985114
54.44,118.12710293078135,10.68,24.04,19.01,23.48347601937197,0.54,6.08,18.51,1.36,8.700972080037227,3.0701278234985114
49.61,118.12710293078135,11.32,22.49,18.73,23.48347601937197,0.52,4.73,20.18,1.53,8.700972080037227,3.0701278234985114
74.94,118.12710293078135,12.93,20.75,18.9,23.48347601937197,0.61,6.12,16.1,0.83,8.700972080037227,3.0701278234985114
48.51,118.12710293078135,24.7,19.63,27.92,23.48347601937197,0.58,9.27,12.89,1.61,8.700972080037227,3.0701278234985114
68.13,118.12710293078135,25.56,20.05,27.96,23.48347601937197,0.56,7.47,4.49,0.52,8.700972080037227,3.0701278234985114
93.9,118.12710293078135,73.61,26.56,70.92,23.48347601937197,0.6,8.45,22.57,3.49,8.700972080037227,3.0701278234985114
73.69,217.73,24.34,27.4,40.85,23.48347601937197,0.83,4.36,34.57,1.46,8.700972080037227,3.0701278234985114
94.13,213.48,32.48,27.21,48.97,23.48347601937197,0.85,4.22,36.78,1.74,8.700972080037227,3.0701278234985114
79.82,183.93,35.03,17.98,35.37,23.48347601937197,0.86,6.03,36.83,2.24,8.700972080037227,3.0701278234985114
81.43,107.25,118.9,24.59,110.24,23.48347601937197,0.82,11.86,36.75,0.0,0.0,3.0701278234985114
79.02,146.35,17.5,44.44,52.65,23.48347601937197,0.47,5.51,26.79,0.0,0.0,3.0701278234985114
83.98,198.33,31.7,59.84,78.51,23.48347601937197,0.43,0.73,27.73,0.0,0.0,3.0701278234985114
67.26,205.79,36.71,59.54,78.03,23.48347601937197,0.48,5.5,28.54,0.0,0.0,3.0701278234985114
94.16,281.59,68.47,61.41,83.2,23.48347601937197,0.55,7.93,25.1,0.0,0.0,3.0701278234985114
83.4,118.12710293078135,23.74,24.77,31.82,23.48347601937197,1.1,13.77,41.79,0.0,0.0,3.0701278234985114
51.48,70.62,31.98,24.07,24.91,23.48347601937197,1.91,5.35,32.21,0.0,0.0,3.0701278234985114
105.71,212.62,23.99,21.02,25.04,23.48347601937197,2.84,6.7,26.46,0.0,0.0,3.0701278234985114
58.17,115.89,11.3,18.38,20.29,23.48347601937197,1.78,4.68,33.32,0.0,0.0,3.0701278234985114
82.66,167.36,11.23,17.67,19.35,23.48347601937197,1.96,4.97,42.61,0.0,0.0,3.0701278234985114
80.94,161.45,22.64,32.89,40.27,23.48347601937197,2.28,5.52,45.07,0.0,0.0,3.0701278234985114
57.85,79.11,13.39,10.51,22.9,23.48347601937197,0.17,14.53197725590996,19.74,3.280840304500585,8.700972080037227,3.0701278234985114
55.96,174.76,34.79,40.68,57.78,23.48347601937197,0.23,6.66,19.62,0.0,0.0,3.0701278234985114
49.02,121.29,32.67,44.31,59.96,23.48347601937197,0.18,3.92,19.92,0.0,0.0,3.0701278234985114
98.01,221.36,54.58,191.83,166.07,23.48347601937197,0.76,6.11,25.86,0.0,0.0,3.0701278234985114
78.9,184.28,24.04,70.5,35.82,23.48347601937197,0.52,11.57,26.01,0.0,0.0,3.0701278234985114
80.01,159.91,18.63,53.64,34.34,23.48347601937197,0.41,5.95,29.68,0.0,0.0,3.0701278234985114
58.47,120.51,39.78,113.18,69.31,23.48347601937197,0.57,5.5,38.84,0.0,0.0,3.0701278234985114
88.93,118.12710293078135,68.04,203.41,152.06,23.48347601937197,0.73,5.05,35.01,0.0,0.0,3.0701278234985114
76.86,223.97,36.57,65.34,55.37,23.48347601937197,0.65,15.84,29.59,0.0,0.0,3.0701278234985114
48.94,138.82,10.3,20.75,21.12,23.48347601937197,0.45,9.19,31.01,0.0,0.0,3.0701278234985114
49.22,115.91,5.97,12.79,13.66,23.48347601937197,0.42,12.3,34.53,0.0,0.0,3.0701278234985114
51.22,129.97,9.49,16.17,17.77,23.48347601937197,0.51,11.36,46.54,0.0,0.0,3.0701278234985114
78.68,168.92,22.07,24.22,32.74,23.48347601937197,0.47,14.82,38.18,0.0,0.0,3.0701278234985114
41.41,93.91,12.04,23.54,24.96,23.48347601937197,0.41,26.83,36.35,0.0,0.0,3.0701278234985114
55.34,123.54,23.18,22.95,34.97,23.48347601937197,0.42,35.53,33.43,0.0,0.0,3.0701278234985114
66.43,168.92,12.3,23.22,26.61,23.48347601937197,0.32,37.24,31.94,0.0,0.0,3.0701278234985114
73.98,163.48,16.06,30.6,32.88,23.48347601937197,0.45,38.39,17.01,0.0,0.0,3.0701278234985114
31.97,54.32,11.76,21.15,17.69,23.48347601937197,0.41,17.31,25.43,0.0,0.0,3.0701278234985114
74.89,180.75,21.31,15.05,25.76,23.48347601937197,0.28,11.51,33.94,0.0,0.0,3.0701278234985114
66.24,174.95,20.85,18.99,27.46,23.48347601937197,0.31,8.07,30.34,0.0,0.0,3.0701278234985114
65.44,155.62,16.76,8.74,15.19,23.48347601937197,0.19,5.67,35.3,0.0,0.0,3.0701278234985114
45.61,132.72,9.38,10.67,13.64,23.48347601937197,0.2,2.97,44.13,0.0,0.0,3.0701278234985114
63.7,176.12,17.9,11.68,20.27,23.48347601937197,0.26,3.85,42.08,0.0,0.0,3.0701278234985114
59.86,116.73,12.78,8.37,13.06,23.48347601937197,0.21,5.02,31.76,0.0,0.0,3.0701278234985114
75.29,233.06,11.32,11.13,15.49,23.48347601937197,0.3,2.15,25.59,0.0,0.0,3.0701278234985114
52.58,139.65,9.92,5.98,12.31,23.48347601937197,0.21,1.31,31.69,0.0,0.0,3.0701278234985114
59.13,129.58,12.34,5.81,12.27,23.48347601937197,0.16,1.55,44.82,0.0,0.0,3.0701278234985114
63.26,149.64,6.91,5.65,9.06,23.48347601937197,0.23,1.51,40.64,0.0,0.0,3.0701278234985114
74.62,172.96,7.34,4.63,8.82,23.48347601937197,0.24,11.33,41.42,0.0,0.0,3.0701278234985114
90.27,237.1,7.41,6.08,9.13,23.48347601937197,0.29,29.28,37.4,0.0,0.0,3.0701278234985114
82.34,214.76,7.21,7.13,8.72,23.48347601937197,0.26,25.49,34.34,0.0,0.0,3.0701278234985114
43.44,124.72,6.62,7.56,6.93,23.48347601937197,0.13,14.21,33.52,0.0,0.0,3.0701278234985114
43.6,151.22,5.47,8.65,7.28,23.48347601937197,0.16,15.36,31.38,0.0,0.0,3.0701278234985114
49.62,143.81,5.83,8.46,7.3,23.48347601937197,0.19,16.21,25.93,0.0,0.0,3.0701278234985114
58.85,156.68,5.28,8.17,8.79,23.48347601937197,0.22,13.16,32.12,0.0,0.0,3.0701278234985114
60.18,168.05,6.11,8.58,7.62,23.48347601937197,0.21,15.87,33.04,0.0,0.0,3.0701278234985114
86.86,195.91,6.05,8.7,7.63,23.48347601937197,0.3,17.8,28.29,0.0,0.0,3.0701278234985114
62.86,148.69,8.72,9.79,12.09,23.48347601937197,0.2,12.89,31.86,0.0,0.0,3.0701278234985114
45.22,150.52,7.49,7.96,8.69,23.48347601937197,0.16,14.3,36.66,0.0,0.0,3.0701278234985114
76.87,181.59,7.6,8.46,9.03,23.48347601937197,0.21,13.35,36.84,0.0,0.0,3.0701278234985114
78.55,150.53,14.26,9.11,8.35,23.48347601937197,0.38,11.42,27.0,0.0,0.0,3.0701278234985114
100.22,262.82,7.89,8.57,7.03,23.48347601937197,0.7,7.39,33.02,0.0,0.0,3.0701278234985114
82.16,194.48,78.05,8.56,79.67,23.48347601937197,0.26,5.1,27.93,0.02,0.0,3.0701278234985114
59.13,184.49,10.22,9.29,7.74,23.48347601937197,0.66,2.82,28.19,0.0,0.0,3.0701278234985114
57.02,215.35,11.42,13.92,18.25,23.48347601937197,0.51,2.64,28.71,0.0,0.0,3.0701278234985114
65.08,200.13,11.19,13.85,17.94,23.48347601937197,0.58,3.38,26.62,0.0,0.0,3.0701278234985114
72.14,186.18,13.02,16.72,23.24,23.48347601937197,0.65,2.13,32.57,0.0,0.0,3.0701278234985114
66.43,177.73,12.92,16.33,22.13,23.48347601937197,0.6,2.71,38.01,0.0,0.0,3.0701278234985114
78.12,201.89,13.24,17.96,26.8,23.48347601937197,0.74,2.08,43.16,0.0,0.0,3.0701278234985114
83.48,194.57,27.13,30.37,56.6,23.48347601937197,0.84,3.9,45.01,0.0,0.0,3.0701278234985114
59.71,101.37,14.83,15.8,23.69,23.48347601937197,0.56,9.93,54.44,0.0,0.0,3.0701278234985114
79.01,160.23,16.31,17.11,25.86,23.48347601937197,0.61,15.92,41.87,0.0,0.0,3.0701278234985114
90.77,220.13,18.77,17.73,29.59,23.48347601937197,0.58,8.43,43.82,0.0,0.0,3.0701278234985114
45.53,87.81,22.98,19.77,35.83,23.48347601937197,0.55,4.17,38.05,0.0,0.0,3.0701278234985114
71.07,133.88,19.7,18.3,31.12,23.48347601937197,0.6,6.44,49.78,0.0,0.0,3.0701278234985114
85.19,169.96,19.27,18.82,31.07,23.48347601937197,0.61,6.77,44.3,0.0,0.0,3.0701278234985114
79.2,172.15,19.15,18.85,31.09,23.48347601937197,0.64,6.53,31.52,0.0,0.0,3.0701278234985114
89.14,172.04,20.16,19.79,33.09,23.48347601937197,0.65,5.92,43.19,0.0,0.0,3.0701278234985114
49.57,103.97,20.81,19.46,33.02,23.48347601937197,0.59,5.47,38.42,0.0,0.0,3.0701278234985114
70.89,140.86,24.54,22.86,42.65,23.48347601937197,0.6,9.71,43.77,0.0,0.0,3.0701278234985114
72.5,143.32,23.65,31.98,49.11,23.48347601937197,0.6,15.42,52.3,0.0,0.0,3.0701278234985114
80.45,162.23,32.32,44.55,58.69,23.48347601937197,0.58,15.22,63.14,0.0,0.0,3.0701278234985114
70.6,205.0,32.9,41.29,60.76,23.48347601937197,0.5,5.74,59.11,0.0,0.0,3.0701278234985114
65.3,180.99,14.02,31.68,63.13,23.48347601937197,0.58,4.8,57.99,0.0,0.0,3.0701278234985114
83.99,265.03,7.74,8.52,1.08,23.48347601937197,0.11,7.62,51.57,0.0,0.0,3.0701278234985114
44.04,118.12710293078135,7.97,9.47,2.37,23.48347601937197,0.8,9.46,59.92,0.0,0.0,3.0701278234985114
42.37,118.12710293078135,7.9,9.46,2.5,23.48347601937197,0.53,13.73,106.55,0.0,0.0,3.0701278234985114
45.75,118.12710293078135,10.66,9.77,4.23,23.48347601937197,0.28,13.69,86.95,0.0,0.0,3.0701278234985114
79.0,118.12710293078135,13.18,8.05,4.88,23.48347601937197,0.24,8.1,71.53,0.0,0.0,3.0701278234985114
66.3,118.12710293078135,13.63,6.59,5.11,23.48347601937197,0.26,8.85,99.79,0.0,0.0,3.0701278234985114
54.89,107.63,13.52,64.06,5.07,23.48347601937197,0.47,6.89,73.16,0.0,0.0,3.0701278234985114
47.46,109.61,13.46,70.85,4.96,23.48347601937197,0.52,14.53197725590996,58.79,0.0,0.0,3.0701278234985114
66.91,130.33,24.33,50.2,23.13,23.48347601937197,0.57,4.33,45.38,0.0,0.0,3.0701278234985114
81.9,223.52,18.54,29.93,30.63,23.48347601937197,0.49,5.65,52.55,1.3,3.87,3.0701278234985114
72.48,230.82,16.13,27.17,27.98,23.48347601937197,0.44,8.7,47.31,2.0,6.01,3.0701278234985114
78.64,264.71,17.4,27.81,28.68,23.48347601937197,0.44,9.47,41.72,2.0,6.0,3.0701278234985114
66.52,215.41,16.14,26.75,28.1,23.48347601937197,0.48,7.76,49.54,1.99,6.0,3.0701278234985114
93.12,277.55,17.81,21.77,24.91,23.48347601937197,0.56,10.52,79.6,2.0,6.02,3.0701278234985114
48.85,111.72,14.3,10.34,5.16,23.48347601937197,0.56,7.16,36.88,1.99,6.01,3.0701278234985114
60.89,223.74,9.62,10.43,12.95,23.48347601937197,0.54,6.57,19.4,2.0,6.02,3.0701278234985114
81.39,277.24,9.54,9.62,11.8,23.48347601937197,0.53,7.01,23.4,1.99,6.0,3.0701278234985114
85.36,201.93,10.97,10.24,13.69,23.48347601937197,0.45,10.61,27.07,2.0,5.99,3.0701278234985114
99.31,268.94,11.63,9.71,11.99,23.48347601937197,0.37,9.41,32.3,2.0,5.98,3.0701278234985114
63.38,170.31,17.0,14.76,24.76,23.48347601937197,0.33,6.47,36.03,1.99,6.0,3.0701278234985114
47.43,88.05,9.07,9.66,11.23,23.48347601937197,0.48,7.5,54.19,2.0,6.02,3.0701278234985114
45.04,71.07,26.12,19.17,36.78,23.48347601937197,0.32,14.32,26.71,2.01,6.0,3.0701278234985114
47.85,71.8,20.76,11.46,16.46,23.48347601937197,0.53,14.1,47.05,2.0,6.01,3.0701278234985114
42.36,117.66,9.32,8.72,9.98,23.48347601937197,0.53,12.6,62.77,1.99,6.01,3.0701278234985114
54.71,105.22,9.0,8.8,9.55,23.48347601937197,0.5,9.46,62.49,2.0,5.99,3.0701278234985114
52.07,153.43,5.09,11.54,16.38,23.48347601937197,0.6,89.91,31.7,2.0,5.97,3.0701278234985114
46.94,117.96,6.31,8.98,14.7,23.48347601937197,0.43,44.16,23.62,2.01,6.0,3.0701278234985114
63.79,118.12710293078135,7.45,4.81,11.57,23.48347601937197,0.3,56.13,36.34,2.0,6.0,3.0701278234985114
76.15,24.94,5.96,9.61,15.19,23.48347601937197,0.62,15.04,37.42,2.0,6.02,3.0701278234985114
76.65,142.29,5.49,8.51,13.61,23.48347601937197,0.55,16.12,34.66,2.0,5.99,3.0701278234985114
30.99,77.31,5.37,7.61,12.58,23.48347601937197,0.48,15.59,27.08,2.01,6.02,3.0701278234985114
75.84,151.93,5.71,8.48,13.77,23.48347601937197,0.61,13.93,47.73,1.99,5.97,3.0701278234985114
80.6,166.53,5.01,8.79,13.46,23.48347601937197,0.61,13.79,39.01,2.0,5.99,3.0701278234985114
65.41,118.66,6.35,14.65,19.08,23.48347601937197,1.07,14.48,32.4,1.99,5.96,3.0701278234985114
58.53,124.72,6.18,7.66,13.37,23.48347601937197,1.77,10.49,38.11,2.01,6.04,3.0701278234985114
70.44,118.12710293078135,40.46,31.37,47.16,23.48347601937197,1.21,2.43,36.55,0.0,0.0,3.0701278234985114
83.57,118.12710293078135,72.45,56.19,87.42,23.48347601937197,1.35,3.04,50.07,0.0,0.0,3.0701278234985114
83.09,118.12710293078135,13.67,29.19,25.46,23.48347601937197,0.93,2.41,54.08,0.0,0.0,3.0701278234985114
79.53,139.69,11.48,13.11,17.01,23.48347601937197,1.54,2.07,57.26,0.0,0.0,3.0701278234985114
98.05,186.3,12.81,22.8,26.91,23.48347601937197,2.55,2.06,47.24,0.75,2.24,3.0701278234985114
72.1,170.46,9.39,43.65,36.65,23.48347601937197,1.91,2.52,55.13,2.0,6.0,3.0701278234985114
70.95,111.61,11.62,34.47,30.35,23.48347601937197,0.68,21.46,42.12,2.01,6.03,3.0701278234985114
86.86,152.86,37.66,47.48,61.14,23.48347601937197,0.94,26.14,33.71,2.0,6.01,3.0701278234985114
61.45,121.15,11.56,50.09,38.98,23.48347601937197,0.78,8.42,31.37,2.0,6.0,3.0701278234985114
60.83,127.45,9.83,35.83,33.41,23.48347601937197,0.88,8.78,26.31,2.0,6.0,3.0701278234985114
76.17,143.66,36.11,41.25,42.04,23.48347601937197,0.81,8.13,34.45,2.01,5.98,3.0701278234985114
97.16,180.59,21.34,44.59,35.21,23.48347601937197,0.93,7.61,34.14,1.99,6.0,3.0701278234985114
76.17,143.09,8.16,28.44,24.64,23.48347601937197,1.07,27.74,25.94,2.0,6.02,3.0701278234985114
63.2,106.03,4.75,22.09,17.09,23.48347601937197,0.96,20.02,25.34,2.0,6.01,3.0701278234985114
65.24,115.4,8.91,19.26,19.1,23.48347601937197,1.14,21.42,27.62,2.02,5.99,3.0701278234985114
93.92,188.12,13.45,28.71,29.15,23.48347601937197,1.41,31.97,31.24,1.96,5.88,3.0701278234985114
88.95,123.2,31.64,37.6,39.74,23.48347601937197,1.75,8.97,9.61,2.0,5.99,3.0701278234985114
66.14,101.18,4.78,20.39,16.63,23.48347601937197,1.48,7.49,20.76,2.0,5.99,3.0701278234985114
89.87,147.3,6.09,30.44,24.27,23.48347601937197,1.76,6.89,28.33,1.98,6.02,3.0701278234985114
90.38,162.36,10.86,34.76,31.74,23.48347601937197,1.28,8.04,20.05,2.0,6.01,3.0701278234985114
93.89,159.55,27.74,33.25,46.05,23.48347601937197,1.68,8.48,20.46,2.01,6.0,3.0701278234985114
85.13,161.08,12.1,23.24,24.18,23.48347601937197,1.3,8.68,31.63,2.0,6.0,3.0701278234985114
56.38,92.62,7.94,28.6,25.35,23.48347601937197,0.87,7.5,44.71,1.99,6.02,3.0701278234985114
51.22,92.58,4.56,28.98,20.95,23.48347601937197,0.97,8.29,57.14,2.01,6.02,3.0701278234985114
84.59,161.1,42.89,38.66,59.05,23.48347601937197,1.7,9.3,41.64,2.0,6.0,3.0701278234985114
47.0,90.49,8.5,29.88,24.98,23.48347601937197,1.23,8.92,23.66,1.99,6.0,3.0701278234985114
63.71,130.06,8.47,30.2,27.33,23.48347601937197,1.4,8.39,23.65,2.01,6.0,3.0701278234985114
62.07,127.12,13.08,31.13,30.09,23.48347601937197,1.42,8.79,27.43,2.01,5.98,3.0701278234985114
79.58,162.58,44.31,35.77,59.99,23.48347601937197,2.18,9.06,25.48,2.0,6.0,3.0701278234985114
71.37,137.94,8.65,24.32,22.77,23.48347601937197,2.04,8.29,28.89,2.0,6.01,3.0701278234985114
87.41,182.76,37.53,29.87,49.36,23.48347601937197,2.23,9.01,28.47,2.0,5.99,3.0701278234985114
79.42,169.37,14.89,26.08,27.51,23.48347601937197,1.76,7.58,44.36,2.0,5.99,3.0701278234985114
63.78,123.14,7.68,15.8,15.27,23.48347601937197,1.17,11.56,59.5,1.99,5.99,3.0701278234985114
64.17,134.91,7.13,12.87,13.91,23.48347601937197,1.38,11.53,60.62,1.98,6.02,3.0701278234985114
50.24,112.08,7.25,14.87,14.52,23.48347601937197,1.42,11.74,41.7,2.0,5.99,3.0701278234985114
93.15,185.61,17.66,21.86,27.6,23.48347601937197,1.91,12.36,36.29,2.0,6.0,3.0701278234985114
69.82,166.21,35.08,25.16,43.18,23.48347601937197,1.89,11.29,23.02,1.99,6.01,3.0701278234985114
83.56,166.82,56.58,22.08,58.19,23.48347601937197,1.88,11.93,28.43,2.01,5.98,3.0701278234985114
85.97,173.5,6.7,16.77,14.81,23.48347601937197,1.67,10.66,62.28,2.02,6.02,3.0701278234985114
49.47,79.23,10.11,13.52,16.98,23.48347601937197,1.82,11.28,37.34,2.0,6.03,3.0701278234985114
95.42,167.11,16.06,23.87,27.49,23.48347601937197,1.82,3.11,30.42,2.01,6.04,3.0701278234985114
66.85,126.64,16.16,20.6,25.38,23.48347601937197,1.24,4.51,37.23,2.0,6.0,3.0701278234985114
92.36,206.09,6.72,25.61,20.71,23.48347601937197,1.29,7.35,32.57,1.99,6.0,3.0701278234985114
71.0,130.39,4.91,27.01,20.91,23.48347601937197,1.27,5.84,57.46,2.0,6.03,3.0701278234985114
55.87,102.76,5.93,23.0,20.29,23.48347601937197,1.26,3.91,54.76,2.0,5.96,3.0701278234985114
24.29,50.03,18.49,26.97,29.38,23.48347601937197,1.07,2.9,58.03,2.0,5.98,3.0701278234985114
73.57,139.73,39.81,35.93,57.29,23.48347601937197,1.68,6.95,45.68,2.01,6.01,3.0701278234985114
80.0,177.56,50.59,40.4,71.38,23.48347601937197,1.97,7.88,39.54,1.99,6.01,3.0701278234985114
71.23,148.75,55.3,35.37,68.35,23.48347601937197,1.69,5.35,44.57,2.01,6.01,3.0701278234985114
32.0,57.05,6.49,28.84,24.71,39.69,1.16,4.8,51.61,2.2,5.04,10.64
56.58,107.07,31.82,28.16,45.99,33.94,0.97,17.83,35.2,3.84,3.98,15.62
62.38,112.32,6.75,23.13,22.26,34.01,0.77,15.82,42.54,3.09,3.41,12.4
75.88,144.37,6.63,25.83,23.64,29.39,0.92,16.29,53.14,3.42,3.7,12.84
52.61,100.26,4.09,25.06,20.72,32.17,0.89,14.62,58.4,3.26,3.43,12.11
50.17,139.66,8.29,30.02,24.22,38.11,0.88,13.28,40.31,3.22,3.17,9.96
60.57,182.58,13.32,30.6,30.07,32.89,0.84,12.68,40.26,2.45,3.18,7.03
43.92,99.84,6.43,25.9,18.59,31.5,0.82,14.36,38.98,2.3,3.81,5.5
57.48,137.62,9.08,27.24,24.04,28.03,0.97,15.87,50.33,3.73,6.15,13.09
73.26,152.93,7.21,24.94,21.39,45.16,1.06,15.9,47.56,4.43,7.67,20.66
76.84,169.8,8.85,25.66,22.97,62.83,1.18,19.73,52.03,5.44,7.61,26.17
84.93,191.47,19.96,30.5,35.47,54.53,1.28,19.43,46.04,5.44,7.4,21.43
80.27,200.51,24.1,28.31,36.81,51.6,1.23,19.95,50.39,6.14,7.35,19.57
85.31,183.37,18.22,18.07,26.78,57.77,1.11,15.81,60.03,5.44,7.15,16.96
58.09,129.3,13.97,16.63,21.9,74.89,0.88,16.66,57.23,4.52,7.96,17.23
85.87,150.43,15.15,19.83,25.12,62.06,1.13,17.25,55.11,5.94,8.08,18.46
51.38,103.56,7.66,15.96,16.31,56.53,0.81,18.26,50.47,4.55,8.08,18.57
61.21,113.66,8.08,17.61,17.3,54.29,0.97,16.44,43.6,5.08,7.77,17.87
52.7,94.54,5.54,14.5,10.57,36.91,0.65,15.57,54.3,2.06,2.77,2.73
31.68,68.97,4.98,12.14,9.19,33.63,0.47,14.14,67.87,1.74,2.66,2.32
49.34,96.26,8.54,18.33,13.59,33.84,0.68,14.23,50.44,2.55,2.71,2.57
51.41,103.83,10.44,18.3,15.15,34.72,0.81,14.52,60.63,2.21,2.78,2.75
32.16,68.78,5.49,16.41,10.09,35.82,0.6,14.0,67.11,1.75,2.73,2.49
53.33,121.47,6.16,17.19,11.64,34.84,0.76,13.83,53.63,2.18,2.75,2.58
51.22,131.79,6.89,19.88,13.53,37.1,0.81,13.28,47.71,3.09,2.97,2.82
59.01,185.92,7.03,18.25,12.74,39.87,0.79,13.21,45.18,7.67,3.84,3.54
62.75,154.53,7.98,17.1,12.94,38.95,0.83,13.53,55.51,8.12,3.86,3.56
28.23,79.28,5.4,12.66,9.64,37.36,0.62,12.42,73.94,7.0,3.69,3.2
26.84,87.29,4.98,12.87,8.86,36.77,0.57,12.12,71.23,7.06,3.46,2.97
30.21,70.61,5.28,15.3,10.22,37.27,0.65,12.1,62.46,7.18,3.51,2.9
33.79,72.37,4.95,14.88,9.68,36.66,0.68,10.67,66.92,7.41,3.52,2.97
49.59,102.91,5.91,18.46,12.07,37.91,0.77,11.29,62.97,7.5,3.64,3.05
51.55,105.97,8.65,18.33,12.88,38.34,0.79,10.01,55.3,7.29,3.45,2.95
56.54,100.68,5.01,15.69,13.06,36.58,0.77,9.28,63.8,6.47,3.49,3.3
26.55,63.78,4.25,12.23,10.32,40.59,0.58,8.55,73.49,6.04,3.38,2.88
49.26,119.82,11.76,13.94,11.22,43.4,0.67,8.79,62.13,6.46,2.51,2.49
25.94,46.63,4.24,10.35,9.44,38.04,0.54,7.9,67.03,5.89,2.46,2.36
34.2,58.26,4.48,11.32,10.31,37.56,0.63,7.02,74.53,5.33,3.07,2.4
58.64,111.67,4.39,13.84,11.56,28.22,0.75,7.75,66.09,5.95,3.29,2.68
62.21,122.56,4.47,12.84,10.82,22.41,0.76,7.88,70.1,5.74,3.4,2.69
62.55,134.75,4.28,12.69,10.68,22.14,0.74,7.45,79.99,5.47,3.38,2.64
41.11,104.29,4.12,10.69,8.97,16.18,0.7,5.59,91.17,4.39,3.0,2.11
39.62,86.75,4.02,10.84,9.17,13.18,0.73,6.11,72.95,4.76,2.83,2.1
55.54,94.42,4.16,13.71,10.97,16.73,0.81,7.78,67.79,5.46,3.24,2.49
48.01,138.24,4.27,14.5,11.67,24.99,0.72,7.33,74.54,6.2,3.2,2.45
40.41,89.12,4.18,13.66,11.2,31.94,0.61,6.38,83.29,4.35,3.53,3.09
56.55,102.78,4.24,14.09,10.87,25.48,0.72,7.37,92.2,4.04,5.13,4.2
63.16,120.48,3.93,13.16,10.27,17.78,0.77,7.94,100.91,3.34,5.97,4.73
51.33,112.01,4.07,11.14,9.9,12.6,0.77,7.18,83.27,2.66,5.06,2.33
43.34,92.6,4.56,12.79,10.36,21.99,0.53,8.76,70.79,2.77,5.08,2.14
46.22,92.82,4.16,13.56,10.95,15.54,0.68,7.47,78.92,2.62,5.16,3.09
63.71,140.61,4.76,16.23,11.7,10.45,0.81,13.26,73.47,2.68,5.68,3.8
51.25,128.05,12.17,27.73,24.42,8.99,0.94,9.38,67.65,3.21,5.06,4.06
44.84,89.14,52.57,36.56,65.35,12.08,0.76,9.6,77.07,6.2,3.04,2.24
70.96,149.96,8.38,37.52,24.05,22.68,1.01,12.0,63.65,6.71,3.17,2.39
59.29,115.94,9.85,34.85,23.82,22.59,0.91,8.51,61.06,6.35,3.18,2.38
74.62,146.61,14.08,35.58,26.4,22.82,0.99,9.11,61.72,5.84,3.08,2.35
67.08,124.58,11.33,27.33,22.39,22.17,0.89,10.08,71.92,5.88,3.06,2.09
51.41,130.77,15.32,24.81,24.8,22.2,0.92,10.07,71.0,5.94,3.06,2.0
62.53,153.39,17.2,24.42,29.67,21.97,1.06,9.26,53.74,7.8,2.6,2.39
65.12,187.33,7.49,19.3,16.56,22.63,1.02,8.96,51.48,6.83,2.87,2.31
56.3,154.36,3.81,21.9,10.69,17.11,0.91,7.56,55.27,5.75,3.0,2.17
60.53,148.39,3.83,18.16,11.58,20.07,0.93,8.68,55.55,6.66,2.68,2.15
56.62,184.71,14.91,22.71,21.68,23.19,0.91,6.96,34.74,6.51,2.9,2.32
68.78,205.39,4.82,25.72,14.63,22.52,0.91,7.33,69.11,4.86,3.17,2.14
32.39,69.05,4.17,15.43,8.89,17.69,0.67,16.6,70.04,5.37,2.18,1.38
27.67,63.92,9.54,16.09,13.2,15.53,0.79,9.79,64.29,5.71,2.69,1.78
36.12,87.51,6.9,20.5,13.33,12.39,0.85,5.42,72.06,5.83,2.93,2.01
46.04,141.66,5.19,14.95,11.86,11.73,0.77,5.2,64.49,4.96,2.99,2.0
46.92,117.56,5.52,14.13,11.72,9.97,0.78,5.85,64.22,5.19,3.26,2.04
58.03,143.56,5.26,17.88,13.04,9.73,0.87,5.78,52.81,5.4,3.36,2.05
39.79,75.0,5.18,15.71,11.6,13.31,0.82,5.91,57.47,6.08,3.15,2.04
43.29,91.47,5.64,13.55,11.05,10.83,0.77,5.69,64.64,5.99,3.09,1.96
48.67,92.32,5.37,14.17,10.95,7.97,0.87,7.4,64.41,6.64,2.66,1.94
47.11,91.34,5.61,15.24,11.93,6.96,1.0,7.28,64.5,6.02,3.11,2.0
65.0,141.77,6.12,18.55,14.29,6.4,0.92,7.99,74.49,5.78,3.17,2.06
50.5,123.83,6.56,19.0,16.17,5.8,0.81,7.07,65.41,5.71,3.06,2.07
46.61,110.92,6.12,15.17,13.95,5.36,0.72,4.22,67.71,5.6,2.78,2.0
72.62,157.12,6.78,24.0,13.74,5.32,0.77,6.6,93.6,4.66,2.92,1.89
61.48,138.26,6.15,13.94,13.73,4.92,0.64,7.16,91.81,4.66,2.82,1.79
73.88,166.94,5.72,10.48,10.81,4.99,0.68,6.57,93.14,4.9,2.77,1.93
54.15,117.53,5.12,12.44,10.42,5.05,0.58,5.43,94.84,4.41,2.93,1.85
49.75,108.22,5.75,13.67,11.58,4.74,0.55,6.29,81.32,4.56,2.53,1.76
45.21,92.67,4.51,11.29,9.57,3.9,0.53,6.87,79.58,4.67,2.87,1.51
46.26,119.83,4.66,8.86,9.43,1.08,0.55,5.81,69.32,4.98,3.04,1.78
65.61,244.35,4.95,9.0,10.02,4.43,0.7,4.15,62.43,4.97,2.94,1.7
49.08,156.48,5.51,8.09,10.59,4.04,0.53,5.38,55.44,4.49,2.75,1.56
49.1,103.78,6.28,8.75,10.83,4.05,0.49,5.41,66.63,5.28,2.86,1.69
48.62,97.08,6.49,8.8,10.23,4.3,0.65,5.13,79.1,5.25,2.88,1.62
39.63,74.69,5.9,8.95,10.49,4.23,0.69,4.28,54.24,26.52,3.03,5.17
42.64,111.09,5.22,8.14,8.61,3.74,0.75,4.06,45.86,2.47,5.72,12.43
56.56,141.92,2.65,10.07,8.52,3.88,0.9,6.42,32.75,3.41,4.8,5.98
47.82,158.08,3.12,8.05,7.24,3.33,0.66,9.18,19.54,2.16,4.78,5.27
64.72,261.05,5.62,9.65,8.97,3.43,0.67,7.82,17.28,2.65,3.59,5.16
46.89,154.0,4.0,8.97,9.65,3.05,0.57,7.86,36.5,2.34,3.84,4.72
47.27,114.29,6.29,10.38,12.08,3.2,0.78,7.36,58.07,2.4,4.3,4.89
61.64,174.08,5.99,10.58,12.37,2.91,1.11,7.57,44.14,2.67,4.46,4.73
58.31,85.39,3.67,10.82,17.63,23.6,0.47,14.47,33.85,0.88,8.700972080037227,3.0701278234985114
55.61,92.36,2.89,11.71,17.3,16.68,0.49,27.07,44.89,0.98,8.700972080037227,3.0701278234985114
83.66,134.1,15.72,13.63,40.44,17.55,1.09,25.9,43.69,2.29,8.700972080037227,3.0701278234985114
60.89,98.85,11.36,13.79,33.42,27.84,0.64,17.6,30.81,1.38,8.700972080037227,3.0701278234985114
69.01,104.75,18.25,11.5,42.29,22.89,0.85,16.11,18.39,2.09,8.700972080037227,3.0701278234985114
89.55,152.36,38.49,18.77,83.29,18.52,1.06,22.36,36.19,2.94,8.700972080037227,3.0701278234985114
68.21,119.93,3.1,9.74,15.53,18.33,0.62,20.25,47.8,1.49,8.700972080037227,3.0701278234985114
63.29,90.92,4.3,10.2,17.98,21.26,0.54,19.66,43.86,1.22,8.700972080037227,3.0701278234985114
74.81,112.75,17.25,15.01,44.42,23.67,0.85,16.5,25.03,3.0,8.700972080037227,3.0701278234985114
66.5,100.2,8.26,15.9,30.58,21.3,0.82,20.72,42.59,1.54,8.700972080037227,3.0701278234985114
73.33,200.77,6.29,12.45,23.67,17.6,0.59,22.51,59.44,4.3,8.700972080037227,3.0701278234985114
53.17,244.18,2.47,8.41,13.07,14.5,0.4,24.26,65.28,0.75,8.700972080037227,3.0701278234985114
67.46,139.67,4.0,12.05,19.48,14.17,0.72,24.23,43.92,1.51,8.700972080037227,3.0701278234985114
70.83,143.99,9.08,14.69,30.63,14.97,0.86,26.9,49.96,1.74,8.700972080037227,3.0701278234985114
62.29,87.81,3.88,10.6,17.76,22.19,0.67,17.84,30.71,1.08,8.700972080037227,3.0701278234985114
79.69,138.38,15.8,18.47,45.75,22.37,0.93,21.41,41.97,1.84,8.700972080037227,3.0701278234985114
58.96,91.04,12.89,14.85,37.05,18.8,0.76,22.37,36.43,1.34,8.700972080037227,3.0701278234985114
29.99,62.01,2.54,11.69,16.7,13.07,0.37,32.4,55.27,0.65,8.700972080037227,3.0701278234985114
43.93,69.9,9.78,13.05,30.04,14.9,0.64,22.18,36.2,0.88,8.700972080037227,3.0701278234985114
66.63,135.87,29.45,18.87,68.61,17.3,1.03,21.65,36.44,1.73,8.700972080037227,3.0701278234985114
79.26,153.64,22.78,25.1,64.26,16.62,0.95,20.12,40.9,2.06,8.700972080037227,3.0701278234985114
85.8,141.6,12.13,25.11,46.8,16.31,0.88,19.03,41.0,1.47,8.700972080037227,3.0701278234985114
51.4,76.17,5.16,19.16,29.0,13.48,0.59,18.75,41.84,1.12,8.700972080037227,3.0701278234985114
58.84,108.28,18.52,13.0,44.3,14.55,0.78,16.8,23.46,82.72,8.700972080037227,3.0701278234985114
58.98,108.56,10.25,16.64,34.65,13.91,0.8,17.35,36.7,1.47,8.700972080037227,3.0701278234985114
52.39,99.12,3.93,12.81,20.17,12.75,0.52,17.64,52.49,0.84,8.700972080037227,3.0701278234985114
76.74,133.16,37.94,31.12,95.62,11.7,1.0,18.26,19.6,3.43,8.700972080037227,3.0701278234985114
57.55,87.53,10.92,17.36,36.49,14.18,0.58,16.95,47.07,0.0,8.700972080037227,3.0701278234985114
40.8,77.72,9.73,15.16,32.22,15.17,0.56,25.18,55.57,0.49,8.700972080037227,3.0701278234985114
28.15,43.75,3.0,11.58,17.32,14.18,0.44,19.46,62.12,1.42,8.700972080037227,3.0701278234985114
27.48,47.82,13.17,17.05,39.87,7.03,0.66,15.93,47.42,0.35,8.700972080037227,3.0701278234985114
41.37,83.59,17.55,21.24,51.58,7.31,0.75,16.45,51.37,9.94,8.700972080037227,3.0701278234985114
60.98,110.62,22.75,21.15,59.98,6.24,0.89,16.61,27.05,0.56,8.700972080037227,3.0701278234985114
80.31,149.69,7.52,10.85,23.95,6.07,0.61,10.63,4.6,0.29,8.700972080037227,3.0701278234985114
68.31,135.68,13.45,11.46,34.37,7.62,0.55,10.8,12.82,0.15,8.700972080037227,3.0701278234985114
26.73,167.95,5.14,10.39,19.59,8.73,0.45,10.92,1.63,3.21,8.700972080037227,3.0701278234985114
17.81,118.36,2.35,7.42,11.8,7.81,0.38,10.86,19.91,0.28,8.700972080037227,3.0701278234985114
68.67,153.57,6.91,10.76,22.86,7.24,0.47,11.18,14.86,0.38,8.700972080037227,3.0701278234985114
54.9,150.89,3.38,8.22,13.1,8.98,0.37,11.03,18.1,0.09,8.700972080037227,3.0701278234985114
40.56,52.31,4.7,9.14,17.51,7.43,0.31,11.18,17.88,0.21,8.700972080037227,3.0701278234985114
59.08,117.59,5.63,9.33,19.22,4.88,0.44,11.17,16.38,0.06,8.700972080037227,3.0701278234985114
21.24,91.02,6.92,10.15,22.24,5.42,0.59,11.29,20.37,0.17,8.700972080037227,3.0701278234985114
26.59,164.97,5.49,10.37,20.12,5.49,0.42,11.62,16.4,0.11,8.700972080037227,3.0701278234985114
15.95,27.49,3.03,7.78,13.32,7.04,0.34,11.42,15.71,21.52,8.700972080037227,3.0701278234985114
14.39,33.16,7.98,9.13,22.35,10.86,0.53,12.11,71.45,72.38,8.700972080037227,3.0701278234985114
60.17,105.48,43.9,20.3,93.8,2.6,0.76,16.42,18.37,0.0,8.700972080037227,3.0701278234985114
51.01,103.55,36.63,20.01,81.59,2.62,0.76,16.42,18.22,0.0,8.700972080037227,3.0701278234985114
52.61,112.77,37.05,19.98,82.21,2.5,0.79,13.83,17.93,0.0,8.700972080037227,3.0701278234985114
49.51,101.76,36.09,20.0,80.67,3.49,0.8,14.1,18.18,0.0,8.700972080037227,3.0701278234985114
84.13,130.98,14.5,13.86,38.65,4.49,0.72,15.31,22.33,0.0,8.700972080037227,3.0701278234985114
55.9,84.17,13.0,14.82,37.2,7.42,0.74,12.04,17.8,0.0,8.700972080037227,3.0701278234985114
38.53,124.06,29.12,14.21,63.04,3.89,0.72,9.65,17.8,0.01,8.700972080037227,3.0701278234985114
47.68,105.97,39.78,16.91,83.4,3.56,0.8,9.82,17.83,0.04,8.700972080037227,3.0701278234985114
50.28,99.52,44.59,13.91,88.1,3.19,0.79,9.92,17.74,0.03,8.700972080037227,3.0701278234985114
48.37,127.35,39.63,16.39,82.59,3.33,0.81,9.88,17.86,2.88,8.700972080037227,3.0701278234985114
51.29,130.43,53.03,18.23,106.59,3.84,0.88,10.17,18.27,22.52,8.700972080037227,3.0701278234985114
53.17,112.41,44.87,15.87,90.67,4.59,0.9,10.36,18.06,2.2,8.700972080037227,3.0701278234985114
46.78,101.47,30.12,12.73,63.12,4.26,0.87,10.17,18.06,3.19,8.700972080037227,3.0701278234985114
49.33,91.14,51.11,16.54,101.62,5.75,0.95,10.44,17.93,4.06,8.700972080037227,3.0701278234985114
53.17,101.59,40.79,14.87,82.87,5.25,0.98,10.34,18.16,4.64,8.700972080037227,3.0701278234985114
64.61,198.38,48.83,15.93,97.21,5.25,0.96,10.4,18.23,3.8,8.700972080037227,3.0701278234985114
63.24,140.29,66.61,19.74,130.53,5.01,0.91,10.3,18.2,2.53,8.700972080037227,3.0701278234985114
84.99,151.83,65.59,20.12,129.26,5.94,0.99,10.69,18.52,2.42,8.700972080037227,3.0701278234985114
51.3,94.31,16.0,13.37,40.59,6.56,0.61,10.0,18.18,1.57,8.700972080037227,3.0701278234985114
69.59,129.07,52.87,18.9,107.1,4.4,0.87,10.04,17.49,2.77,8.700972080037227,3.0701278234985114
68.87,125.67,55.15,16.71,108.47,5.83,0.93,10.44,17.71,2.53,8.700972080037227,3.0701278234985114
84.51,143.51,56.95,13.7,108.16,10.85,1.02,10.96,18.14,2.32,8.700972080037227,3.0701278234985114
83.44,138.8,63.49,14.23,119.48,11.7,0.94,11.03,18.05,2.03,8.700972080037227,3.0701278234985114
84.86,143.37,58.45,13.89,110.84,11.45,0.93,11.02,17.94,2.36,8.700972080037227,3.0701278234985114
93.22,165.55,54.18,13.55,103.49,11.79,1.09,10.92,18.14,2.49,8.700972080037227,3.0701278234985114
73.44,126.46,40.99,13.88,82.17,10.7,1.0,10.75,18.19,2.3,8.700972080037227,3.0701278234985114
87.21,135.39,45.65,13.77,89.7,10.4,1.05,10.79,18.3,2.16,8.700972080037227,3.0701278234985114
96.93,166.82,61.71,14.52,116.9,10.81,1.09,11.11,18.14,10.82,8.700972080037227,3.0701278234985114
66.64,108.71,18.3,8.41,39.08,10.35,0.64,10.75,17.99,1.33,8.700972080037227,3.0701278234985114
86.17,140.23,53.64,10.02,98.8,11.72,1.02,11.39,18.04,1.92,8.700972080037227,3.0701278234985114
91.37,160.65,71.34,11.55,129.47,11.57,1.14,11.58,17.97,2.59,8.700972080037227,3.0701278234985114
78.66,138.03,55.99,11.6,104.35,11.55,1.03,11.33,17.89,1.77,8.700972080037227,3.0701278234985114
89.58,163.87,48.09,11.17,90.9,12.43,1.04,11.3,17.95,1.95,8.700972080037227,3.0701278234985114
58.98,100.53,14.53,12.47,37.22,14.36,0.7,12.18,17.91,0.53,8.700972080037227,3.0701278234985114
69.89,102.68,16.53,9.85,37.67,13.72,0.7,12.28,17.85,0.51,8.700972080037227,3.0701278234985114
89.1,122.49,19.56,7.57,40.24,15.08,0.84,11.96,17.98,0.5,8.700972080037227,3.0701278234985114
88.81,147.58,14.21,10.11,34.17,13.98,0.8,11.72,18.71,0.4,8.700972080037227,3.0701278234985114
120.64,183.95,15.75,12.31,39.05,16.06,0.9,12.62,21.13,9.8,8.700972080037227,3.0701278234985114
74.2,105.99,9.63,8.8,25.22,17.74,0.61,12.85,18.79,0.29,8.700972080037227,3.0701278234985114
72.51,140.07,19.93,19.02,53.12,14.76,0.61,13.15,18.52,0.51,8.700972080037227,3.0701278234985114
66.48,137.52,52.09,21.7,108.77,12.8,0.63,14.1,18.9,0.49,8.700972080037227,3.0701278234985114
84.06,168.91,74.24,29.75,153.71,13.24,0.75,14.09,20.16,13.65,8.700972080037227,3.0701278234985114
63.93,108.82,26.12,23.76,68.34,17.05,0.51,13.53,19.42,0.36,8.700972080037227,3.0701278234985114
58.74,102.63,10.83,15.28,34.19,12.3,0.32,13.2,18.58,0.2,8.700972080037227,3.0701278234985114
76.67,125.31,37.68,19.39,82.64,16.12,0.67,13.79,18.58,0.33,8.700972080037227,3.0701278234985114
62.83,128.2,30.87,15.52,67.29,16.85,0.6,13.58,19.07,0.28,8.700972080037227,3.0701278234985114
66.71,169.5,22.15,20.19,57.99,15.21,0.43,13.32,19.02,0.2,8.700972080037227,3.0701278234985114
97.15,167.83,23.63,23.06,63.52,13.47,0.64,13.24,19.03,0.37,8.700972080037227,3.0701278234985114
80.63,158.25,43.46,31.04,80.0,13.02,0.7,13.58,19.61,0.33,8.700972080037227,3.0701278234985114
81.83,178.48,28.0,32.03,36.48,15.43,0.48,13.34,19.07,0.24,8.700972080037227,3.0701278234985114
79.96,154.9,8.86,18.55,15.64,13.28,0.37,13.23,19.02,0.17,8.700972080037227,3.0701278234985114
90.97,195.79,38.35,36.21,46.27,13.93,0.5,14.04,22.33,0.42,8.700972080037227,3.0701278234985114
78.14,134.65,25.71,23.59,30.67,16.08,0.42,14.85,19.18,0.2,8.700972080037227,3.0701278234985114
99.05,136.28,29.82,24.63,34.24,16.54,0.55,15.2,19.36,0.31,8.700972080037227,3.0701278234985114
31.95,211.55,1.37,5.65,3.78,11.88,0.09,15.43,22.26,0.06,8.700972080037227,3.0701278234985114
38.98,149.95,12.63,17.44,17.92,12.16,0.27,14.77,27.91,0.13,8.700972080037227,3.0701278234985114
75.94,179.25,3.73,15.72,10.44,10.25,0.46,16.08,43.81,0.17,8.700972080037227,3.0701278234985114
71.62,137.99,2.44,15.17,9.2,8.04,0.45,16.69,55.53,0.16,8.700972080037227,3.0701278234985114
83.89,230.77,0.9,6.98,4.07,6.82,0.34,16.2,67.04,0.11,8.700972080037227,3.0701278234985114
78.7,190.7,2.48,13.87,8.61,4.23,0.38,15.75,52.64,0.15,8.700972080037227,3.0701278234985114
58.36,112.46,1.36,7.41,4.62,3.57,0.36,16.55,43.33,0.12,8.700972080037227,3.0701278234985114
26.5,115.1,0.93,6.41,3.81,6.05,0.19,14.9,63.97,28.5,8.700972080037227,3.0701278234985114
57.4,93.25,1.98,9.42,6.06,11.7,0.58,15.85,45.23,0.13,8.700972080037227,3.0701278234985114
89.24,126.06,6.4,8.34,8.83,24.53,0.89,18.38,34.98,0.14,8.700972080037227,3.0701278234985114
101.75,154.37,16.84,11.14,18.0,31.06,1.01,20.22,37.33,0.14,8.700972080037227,3.0701278234985114
38.33,54.22,2.85,6.46,5.28,28.31,0.41,18.47,34.72,0.05,8.700972080037227,3.0701278234985114
47.03,118.12710293078135,9.71,16.94,26.65,23.48347601937197,0.81,13.2,25.13,0.44,4.31,1.01
40.62,118.12710293078135,8.41,13.18,21.59,23.48347601937197,0.81,7.89,34.19,0.55,3.57,0.88
83.0,118.12710293078135,9.72,12.91,22.63,23.48347601937197,0.89,8.89,33.67,0.2,2.02,0.31
112.21,118.12710293078135,13.85,17.06,31.52,23.48347601937197,1.05,11.21,30.68,0.2,1.8,0.32
38.67,118.12710293078135,8.38,9.28,17.66,23.48347601937197,0.73,7.58,23.53,0.22,2.2,0.4
33.88,118.12710293078135,18.44,13.18,31.61,23.48347601937197,0.8,8.28,21.58,3.280840304500585,8.700972080037227,3.0701278234985114
30.88,118.12710293078135,22.5,12.34,34.32,23.48347601937197,0.76,8.46,22.8,3.280840304500585,8.700972080037227,3.0701278234985114
42.88,118.12710293078135,14.84,17.22,32.06,23.48347601937197,0.87,8.13,32.93,3.280840304500585,8.700972080037227,3.0701278234985114
26.38,118.12710293078135,4.77,8.78,13.55,23.48347601937197,1.41,2.93,32.86,3.280840304500585,8.700972080037227,3.0701278234985114
56.39,118.12710293078135,14.17,13.36,27.53,23.48347601937197,1.13,13.04,40.11,3.280840304500585,8.700972080037227,3.0701278234985114
44.79,118.12710293078135,8.33,15.29,23.62,23.48347601937197,0.8,7.6,30.83,3.280840304500585,8.700972080037227,3.0701278234985114
30.21,118.12710293078135,8.02,12.22,20.24,23.48347601937197,0.76,8.08,33.59,3.280840304500585,8.700972080037227,3.0701278234985114
39.04,118.12710293078135,11.03,15.82,26.86,23.48347601937197,0.84,9.56,39.94,3.280840304500585,8.700972080037227,3.0701278234985114
76.0,118.12710293078135,34.35,33.56,67.91,23.48347601937197,1.3,11.04,35.28,3.280840304500585,8.700972080037227,3.0701278234985114
54.25,118.12710293078135,10.01,21.04,31.05,23.48347601937197,1.0,8.83,41.52,3.280840304500585,8.700972080037227,3.0701278234985114
41.38,118.12710293078135,8.44,15.76,24.21,23.48347601937197,0.86,8.48,32.44,3.280840304500585,8.700972080037227,3.0701278234985114
75.08,118.12710293078135,12.7,15.17,27.87,23.48347601937197,0.81,9.56,29.91,3.280840304500585,8.700972080037227,3.0701278234985114
39.71,118.12710293078135,18.41,18.78,36.38,23.48347601937197,1.02,8.24,23.51,3.280840304500585,8.700972080037227,3.0701278234985114
87.54,118.12710293078135,11.03,17.45,28.48,23.48347601937197,1.14,5.43,37.94,3.280840304500585,8.700972080037227,3.0701278234985114
39.38,118.12710293078135,8.53,12.68,21.07,23.48347601937197,0.76,9.61,42.52,3.280840304500585,8.700972080037227,3.0701278234985114
35.61,118.12710293078135,29.06,7.42,35.3,23.48347601937197,0.81,3.43,51.44,3.280840304500585,8.700972080037227,3.0701278234985114
46.62,118.12710293078135,6.67,18.93,25.34,23.48347601937197,0.83,9.63,39.74,3.280840304500585,8.700972080037227,3.0701278234985114
94.29,118.12710293078135,5.66,18.65,24.05,23.48347601937197,0.72,10.58,38.94,3.280840304500585,8.700972080037227,3.0701278234985114
53.79,118.12710293078135,17.07,19.14,35.02,23.48347601937197,1.01,12.34,52.57,3.280840304500585,8.700972080037227,3.0701278234985114
49.38,118.12710293078135,5.25,14.38,19.37,23.48347601937197,0.75,8.54,48.14,3.280840304500585,8.700972080037227,3.0701278234985114
38.96,118.12710293078135,6.68,13.74,20.07,23.48347601937197,0.69,8.33,46.87,3.280840304500585,8.700972080037227,3.0701278234985114
45.0,118.12710293078135,7.24,17.31,24.32,23.48347601937197,0.74,9.03,42.93,3.280840304500585,8.700972080037227,3.0701278234985114
42.62,118.12710293078135,5.37,15.34,20.37,23.48347601937197,0.76,9.62,50.1,3.280840304500585,8.700972080037227,3.0701278234985114
43.29,118.12710293078135,7.75,18.21,24.92,23.48347601937197,1.52,13.7,51.13,3.280840304500585,8.700972080037227,3.0701278234985114
40.12,118.12710293078135,6.43,18.06,23.92,23.48347601937197,1.83,9.0,32.89,3.280840304500585,8.700972080037227,3.0701278234985114
56.88,118.12710293078135,13.42,26.23,39.41,23.48347601937197,0.88,10.17,39.26,3.280840304500585,8.700972080037227,3.0701278234985114
62.38,118.12710293078135,7.27,22.78,29.61,23.48347601937197,0.89,8.96,43.05,3.280840304500585,8.700972080037227,3.0701278234985114
54.08,118.12710293078135,6.33,16.65,22.64,23.48347601937197,0.73,9.57,42.66,3.280840304500585,8.700972080037227,3.0701278234985114
67.08,118.12710293078135,14.36,21.67,34.34,23.48347601937197,0.89,9.43,28.16,3.280840304500585,8.700972080037227,3.0701278234985114
40.88,118.12710293078135,7.77,13.54,19.29,23.48347601937197,0.65,8.13,33.0,3.280840304500585,8.700972080037227,3.0701278234985114
83.21,118.12710293078135,33.82,21.74,54.46,23.48347601937197,0.76,8.06,19.97,3.280840304500585,8.700972080037227,3.0701278234985114
40.58,118.12710293078135,8.49,8.42,16.64,23.48347601937197,0.85,7.7,22.67,3.280840304500585,8.700972080037227,3.0701278234985114
36.5,118.12710293078135,12.72,8.52,20.92,23.48347601937197,0.86,8.17,16.09,3.280840304500585,8.700972080037227,3.0701278234985114
41.67,118.12710293078135,8.68,11.99,20.26,23.48347601937197,0.99,8.54,20.62,3.280840304500585,8.700972080037227,3.0701278234985114
32.75,118.12710293078135,8.17,9.74,17.56,23.48347601937197,0.73,8.38,33.49,3.280840304500585,8.700972080037227,3.0701278234985114
42.96,118.12710293078135,11.17,13.2,24.13,23.48347601937197,1.01,10.08,40.72,3.280840304500585,8.700972080037227,3.0701278234985114
60.79,118.12710293078135,18.64,18.36,40.48,23.48347601937197,1.33,10.98,39.48,3.280840304500585,8.700972080037227,3.0701278234985114
53.67,118.12710293078135,21.58,16.05,37.38,23.48347601937197,1.23,10.65,36.86,3.280840304500585,8.700972080037227,3.0701278234985114
68.96,118.12710293078135,22.12,20.16,41.97,23.48347601937197,1.73,12.39,45.08,3.280840304500585,8.700972080037227,3.0701278234985114
66.38,118.12710293078135,21.99,18.99,40.71,23.48347601937197,1.4,11.44,36.66,3.280840304500585,8.700972080037227,3.0701278234985114
43.29,118.12710293078135,9.57,13.27,22.64,23.48347601937197,0.67,10.57,39.2,3.280840304500585,8.700972080037227,3.0701278234985114
44.79,118.12710293078135,14.81,13.64,28.05,23.48347601937197,0.72,11.55,29.71,3.280840304500585,8.700972080037227,3.0701278234985114
41.21,118.12710293078135,11.26,11.5,22.46,23.48347601937197,0.9,9.15,29.88,3.280840304500585,8.700972080037227,3.0701278234985114
54.12,118.12710293078135,21.26,15.75,36.63,23.48347601937197,0.88,11.79,32.89,3.280840304500585,8.700972080037227,3.0701278234985114
60.5,118.12710293078135,15.2,12.31,27.23,23.48347601937197,1.21,11.62,39.2,3.280840304500585,8.700972080037227,3.0701278234985114
49.54,118.12710293078135,8.88,15.76,24.3,23.48347601937197,0.79,9.52,44.58,3.280840304500585,8.700972080037227,3.0701278234985114
48.12,118.12710293078135,9.4,11.3,20.51,23.48347601937197,0.79,9.16,46.28,3.280840304500585,8.700972080037227,3.0701278234985114
53.42,118.12710293078135,7.92,13.81,21.33,23.48347601937197,0.8,9.25,50.6,3.280840304500585,8.700972080037227,3.0701278234985114
237.79,118.12710293078135,7.75,9.84,17.42,23.48347601937197,0.78,8.05,48.34,3.280840304500585,8.700972080037227,3.0701278234985114
50.58,118.12710293078135,8.19,11.94,19.82,23.48347601937197,0.81,8.57,49.06,3.280840304500585,8.700972080037227,3.0701278234985114
43.62,118.12710293078135,8.43,14.44,22.2,23.48347601937197,0.82,8.09,43.08,3.280840304500585,8.700972080037227,3.0701278234985114
83.88,118.12710293078135,10.29,15.72,25.63,23.48347601937197,0.85,8.31,41.62,3.280840304500585,8.700972080037227,3.0701278234985114
43.12,118.12710293078135,15.05,20.71,35.47,23.48347601937197,1.14,7.65,22.47,3.280840304500585,8.700972080037227,3.0701278234985114
30.71,118.12710293078135,11.46,11.84,23.0,23.48347601937197,0.75,7.8,23.72,3.280840304500585,8.700972080037227,3.0701278234985114
26.0,118.12710293078135,11.03,13.23,24.11,23.48347601937197,0.69,8.78,24.27,3.280840304500585,8.700972080037227,3.0701278234985114
29.33,118.12710293078135,14.83,12.49,27.11,23.48347601937197,0.94,8.22,16.93,3.280840304500585,8.700972080037227,3.0701278234985114
87.21,118.12710293078135,11.17,9.67,20.39,23.48347601937197,1.14,4.05,9.61,3.280840304500585,8.700972080037227,3.0701278234985114
25.07,118.12710293078135,8.25,6.58,14.69,23.48347601937197,0.64,7.58,15.04,3.280840304500585,8.700972080037227,3.0701278234985114
66.78,118.12710293078135,8.55,5.87,14.35,23.48347601937197,0.67,7.71,15.55,3.280840304500585,8.700972080037227,3.0701278234985114
14.75,118.12710293078135,8.61,4.18,12.69,23.48347601937197,0.62,7.75,15.72,3.280840304500585,8.700972080037227,3.0701278234985114
39.62,118.12710293078135,10.62,9.26,19.82,23.48347601937197,0.66,8.32,15.64,3.280840304500585,8.700972080037227,3.0701278234985114
35.88,118.12710293078135,15.1,10.35,25.45,23.48347601937197,0.89,8.49,21.59,3.280840304500585,8.700972080037227,3.0701278234985114
45.88,118.12710293078135,31.38,18.72,50.1,23.48347601937197,1.3,8.53,12.32,3.280840304500585,8.700972080037227,3.0701278234985114
35.54,118.12710293078135,11.77,12.07,23.84,23.48347601937197,0.79,8.21,16.23,3.280840304500585,8.700972080037227,3.0701278234985114
37.0,118.12710293078135,9.8,9.01,18.81,23.48347601937197,0.72,7.3,23.39,3.280840304500585,8.700972080037227,3.0701278234985114
34.92,118.12710293078135,8.97,8.77,17.72,23.48347601937197,0.65,9.5,24.33,3.280840304500585,8.700972080037227,3.0701278234985114
29.54,118.12710293078135,8.17,5.22,13.33,23.48347601937197,0.58,8.88,22.7,3.280840304500585,8.700972080037227,3.0701278234985114
32.46,118.12710293078135,10.07,6.24,16.24,23.48347601937197,0.64,8.3,20.17,3.280840304500585,8.700972080037227,3.0701278234985114
36.08,118.12710293078135,9.0,8.45,17.29,23.48347601937197,0.73,8.44,17.43,3.280840304500585,8.700972080037227,3.0701278234985114
30.78,118.12710293078135,8.19,7.49,15.55,23.48347601937197,0.87,7.24,13.39,3.280840304500585,8.700972080037227,3.0701278234985114
31.94,118.12710293078135,10.25,8.43,18.6,23.48347601937197,2.23,2.65,14.15,3.280840304500585,8.700972080037227,3.0701278234985114
19.33,118.12710293078135,9.69,8.52,18.09,23.48347601937197,0.77,8.17,16.41,0.78,0.77,0.08
29.96,118.12710293078135,9.26,11.94,20.94,23.48347601937197,0.81,7.2,13.63,0.85,4.38,0.02
30.67,118.12710293078135,11.01,13.33,24.11,23.48347601937197,0.91,7.04,9.85,0.83,4.33,0.01
30.79,118.12710293078135,3.31,13.48,16.78,23.48347601937197,0.83,6.91,13.55,1.07,4.41,0.03
34.23,118.12710293078135,7.41,15.1,22.28,23.48347601937197,0.88,6.49,16.88,1.06,4.98,0.04
75.88,118.12710293078135,6.88,15.6,22.19,23.48347601937197,0.84,6.27,18.66,1.21,5.98,0.04
67.85,118.12710293078135,15.45,18.4,32.98,23.48347601937197,0.71,8.03,18.63,0.82,5.32,0.03
32.6,118.12710293078135,11.46,16.37,25.9,23.48347601937197,0.68,7.59,19.52,0.78,4.85,0.02
96.77,118.12710293078135,12.99,21.29,33.46,23.48347601937197,0.77,7.59,15.83,0.78,4.37,0.02
31.12,118.12710293078135,11.25,16.07,24.29,23.48347601937197,0.66,7.42,16.65,0.59,3.03,0.01
30.12,118.12710293078135,10.44,17.82,26.91,23.48347601937197,0.71,7.07,14.33,0.61,2.91,0.01
53.65,118.12710293078135,6.41,11.61,17.64,23.48347601937197,0.71,6.5,16.57,0.76,3.8,0.01
90.29,93.0,10.37,11.4,18.28,23.48347601937197,0.67,6.94,22.47,0.77,4.59,0.02
48.83,30.79,5.85,22.54,19.41,23.48347601937197,0.86,8.22,29.29,2.02,4.9,0.6
91.82,32.94,5.41,28.93,23.37,24.94,0.48,7.98,27.04,1.01,5.74,0.68
35.56,40.81,4.02,31.15,24.31,24.81,0.57,4.93,22.48,1.41,7.61,0.89
60.88,51.27,5.15,30.64,24.22,25.86,0.53,5.16,24.11,1.09,5.42,0.48
65.61,41.31,3.4,26.03,20.37,24.78,0.57,5.44,25.47,0.83,4.39,0.22
60.02,36.67,2.35,19.82,14.51,21.68,0.49,4.02,37.7,0.79,4.07,0.3
73.21,35.28,2.82,19.94,15.4,21.4,0.57,5.96,34.11,0.52,2.44,0.09
83.87,30.48,3.1,20.0,16.31,22.34,0.59,5.99,25.88,0.63,2.66,0.08
56.53,37.06,2.39,18.53,13.81,20.69,0.39,4.97,31.05,0.51,2.39,0.07
33.03,29.64,1.37,12.01,10.82,20.92,0.41,2.37,24.33,0.5,2.39,0.06
95.29,118.12710293078135,6.89,14.22,20.96,23.48347601937197,0.45,0.71,11.03,0.75,4.27,0.05
88.0,118.12710293078135,3.11,14.96,17.98,23.48347601937197,0.48,1.79,18.37,0.53,3.28,0.02
44.79,118.12710293078135,2.02,13.31,15.17,23.48347601937197,0.44,1.72,22.66,0.66,4.22,0.02
107.7,118.12710293078135,2.73,13.3,15.78,23.48347601937197,0.46,2.01,16.89,1.0,6.92,0.08
78.9,118.12710293078135,10.6,15.42,24.58,23.48347601937197,0.44,5.03,26.14,1.05,7.3,0.08
69.88,118.12710293078135,7.01,11.01,17.93,23.48347601937197,0.37,2.81,20.63,0.86,6.87,0.04
29.66,76.0,2.0,25.94,16.02,20.45,0.6,3.81,17.4,1.2,5.62,1.05
75.04,81.99,2.27,16.05,12.57,15.02,0.93,6.88,33.52,1.36,7.22,1.04
45.98,62.98,1.6,2.28,3.32,7.42,0.97,5.24,37.06,1.22,6.06,0.47
106.66,94.07,3.2,2.56,5.18,7.44,1.43,7.46,32.81,1.93,12.58,2.92
58.05,109.03,3.31,3.46,5.84,7.43,1.35,10.15,31.12,1.98,14.94,1.89
124.14,105.62,10.95,6.46,16.28,7.44,1.06,6.89,33.14,2.8,17.14,1.31
65.35,102.27,2.2,1.05,2.33,9.27,0.95,6.73,32.63,1.26,9.54,2.24
116.35,116.14,3.57,2.84,5.27,11.14,1.05,7.99,29.83,1.78,14.17,1.32
86.98,116.0,2.72,1.94,4.51,11.18,0.62,3.9,35.23,1.66,8.04,0.31
73.34,107.94,2.65,1.33,3.4,11.18,0.41,4.64,34.78,1.21,7.08,2.1
133.6,104.98,2.98,0.85,2.7,11.17,1.05,6.64,44.17,1.26,6.9,0.62
31.56,94.33,2.95,0.71,1.98,12.02,1.02,6.96,37.57,1.32,7.15,1.35
54.91,93.72,2.89,0.71,1.96,11.97,1.15,7.07,38.74,1.31,7.52,0.66
56.93,97.74,3.6,1.18,2.04,11.93,0.96,10.7,29.23,1.35,7.32,1.0
40.67,90.56,5.24,1.72,2.45,11.75,0.99,13.4,32.02,1.2,6.72,0.63
50.03,90.53,3.44,4.47,6.21,12.04,0.96,8.04,36.49,1.16,6.74,1.52
89.59,107.82,7.89,14.73,20.85,12.06,1.53,10.99,36.11,1.44,8.75,1.72
51.21,101.07,5.46,10.48,15.16,12.03,1.24,8.8,47.35,1.11,5.54,0.4
53.87,118.33,7.18,15.98,21.66,11.98,0.59,8.37,40.12,1.08,6.41,1.1
67.45,114.47,9.39,18.54,26.53,11.93,0.55,11.9,32.42,1.33,8.0,1.44
85.48,115.5,11.75,17.0,24.91,11.96,0.78,13.68,38.48,0.75,5.2,0.1
72.77,111.94,8.77,15.59,22.61,11.7,0.61,13.17,29.49,1.88,10.04,1.22
61.82,99.33,11.49,15.61,24.35,9.85,1.19,13.89,33.99,1.82,13.68,2.3
70.51,100.62,17.12,16.18,28.61,2.5,1.2,11.67,33.14,1.96,12.9,1.02
69.02,98.3,7.66,10.53,14.07,3.52,1.06,12.49,32.91,1.36,6.87,0.7
44.27,107.15,9.28,6.38,12.52,6.01,0.81,9.57,31.61,0.89,5.89,1.15
46.31,92.72,8.21,6.58,11.61,5.94,0.84,9.58,30.33,0.97,5.09,1.1
37.76,102.3,7.23,5.1,9.17,5.96,0.89,9.16,38.1,0.88,3.83,0.39
70.96,104.88,7.28,7.21,12.71,10.08,1.25,9.36,43.03,1.42,5.74,1.04
40.59,94.94,4.84,10.51,13.63,8.95,0.92,9.44,36.46,1.2,5.98,2.65
69.37,112.36,8.69,15.65,22.64,8.87,1.1,8.3,26.89,1.51,7.33,0.75
91.06,108.82,15.49,21.0,34.72,8.95,1.4,11.16,25.38,1.86,8.97,1.03
83.12,115.67,7.2,16.36,21.79,8.93,1.1,9.12,33.04,1.58,6.92,0.78
81.22,110.9,4.52,11.75,14.87,8.6,1.01,9.53,39.42,1.26,6.04,0.46
67.13,109.51,4.52,9.39,12.25,8.95,0.97,8.22,46.11,1.28,4.77,0.7
45.49,106.29,4.86,8.74,11.95,8.93,0.92,8.03,31.7,1.15,5.14,2.61
38.24,102.51,5.31,10.07,13.74,8.94,0.93,9.1,28.27,1.1,5.45,2.51
57.22,103.72,5.61,19.75,24.69,9.3,1.28,9.04,31.38,1.14,8.69,1.45
61.11,109.53,7.38,16.02,21.96,10.39,1.04,9.25,24.0,1.37,6.67,1.26
61.38,118.12710293078135,6.91,24.24,30.73,23.48347601937197,1.11,7.86,29.85,0.72,4.08,0.2
79.25,105.66,8.72,22.09,29.96,10.53,1.17,8.71,24.41,1.22,7.57,1.47
72.74,104.94,8.25,17.02,23.62,10.43,1.14,10.42,28.54,1.67,9.31,1.01
60.2,104.11,7.51,16.7,22.55,10.35,1.12,7.05,29.88,1.57,7.05,1.07
49.53,117.53,6.44,16.6,21.53,10.5,1.11,7.85,29.88,1.46,6.76,0.92
24.85,64.47,8.58,12.14,19.29,10.5,0.91,8.54,20.59,0.84,5.26,0.34
42.92,87.86,10.1,13.9,22.57,10.48,1.18,7.02,24.96,1.47,7.26,0.99
57.34,93.23,5.24,9.76,13.55,10.46,0.86,8.74,31.37,1.35,7.01,0.85
30.53,95.47,5.52,10.89,14.9,10.43,0.81,8.78,31.66,1.06,5.46,0.6
33.68,85.59,6.62,12.81,18.01,10.54,0.85,7.29,30.43,1.26,5.91,0.76
38.31,103.29,7.85,13.32,19.67,10.41,1.03,7.17,22.6,1.31,9.67,1.78
45.87,98.28,5.3,8.87,12.6,10.49,0.88,7.81,27.92,1.33,7.7,1.0
59.23,84.19,6.68,13.39,18.49,10.38,0.92,7.79,31.1,1.13,6.38,0.56
38.41,83.4,6.6,12.88,18.03,10.42,0.8,6.71,30.15,1.1,5.35,0.64
60.86,108.11,6.06,11.42,15.98,10.42,0.99,8.48,52.28,1.27,7.24,0.49
74.08,94.0,4.72,8.91,12.19,10.42,0.91,11.36,72.53,1.26,5.22,0.8
79.9,99.88,4.84,12.23,15.52,10.35,1.26,14.13,83.35,1.6,7.69,2.41
79.52,97.83,5.14,14.89,18.53,10.38,1.26,17.09,61.51,1.78,7.98,1.53
65.91,99.88,7.62,21.23,27.43,10.43,1.57,9.83,30.85,1.83,9.55,1.53
68.43,98.43,24.6,27.59,50.51,10.35,1.52,12.64,23.09,2.65,16.45,2.34
83.76,102.69,38.06,29.6,52.78,10.51,1.71,13.79,22.94,2.57,16.0,2.11
66.92,105.15,10.65,15.35,24.45,10.35,1.23,7.77,35.08,1.86,9.56,1.54
134.61,109.29,9.99,15.94,24.34,10.52,1.27,9.82,34.33,1.86,9.33,2.09
66.19,102.61,5.71,13.35,17.48,10.52,0.93,7.82,42.99,1.16,7.22,0.86
69.27,100.47,9.06,18.17,25.57,10.43,1.14,7.82,47.4,1.35,6.72,1.23
72.09,101.26,17.44,19.99,35.77,10.44,1.17,8.85,62.68,1.48,8.37,1.13
71.44,107.05,13.04,19.87,31.26,10.47,1.21,8.01,51.86,1.42,7.31,0.9
56.01,104.73,5.12,7.15,10.77,10.4,0.73,7.28,68.31,0.55,2.62,0.22
58.57,93.52,5.16,9.91,13.47,10.42,0.93,7.02,74.69,0.37,2.46,0.13
54.12,99.69,5.16,8.61,12.3,10.39,1.05,8.47,74.38,0.48,3.07,0.14
43.05,82.25,5.78,9.64,13.97,10.41,0.78,6.51,74.51,0.41,2.66,0.12
50.38,79.94,5.56,9.39,13.46,10.42,0.74,7.33,39.71,0.53,3.07,0.16
75.11,102.17,6.03,12.5,17.01,10.51,1.02,8.71,19.6,1.1,5.52,0.42
62.65,114.92,5.01,10.2,13.7,10.39,0.78,10.16,37.85,0.35,3.56,0.07
51.14,103.09,5.2,10.0,13.76,10.42,0.92,13.55,50.35,0.4,3.69,0.07
66.16,97.42,5.23,13.23,17.06,10.5,0.99,8.42,48.7,0.48,3.42,0.09
73.91,105.01,5.09,10.36,14.06,10.59,0.89,7.65,44.51,0.55,3.64,0.13
69.02,103.83,7.99,6.65,12.84,10.58,1.25,9.03,42.29,0.56,3.21,0.12
67.45057794890306,101.29,5.41,2.7,5.36,10.42,0.98,10.08,50.63,3.280840304500585,8.700972080037227,3.0701278234985114
58.2,94.48,5.07,2.75,5.12,10.44,0.81,9.41,28.75,3.280840304500585,8.700972080037227,3.0701278234985114
66.76,103.98,5.41,2.59,5.3,10.45,1.24,12.97,0.1,3.280840304500585,8.700972080037227,3.0701278234985114
60.79,101.32,5.46,3.01,5.53,10.4,1.76,13.37,21.78,3.280840304500585,8.700972080037227,3.0701278234985114
61.3,95.96,5.33,2.88,5.37,10.4,1.94,12.42,20.34,3.280840304500585,8.700972080037227,3.0701278234985114
77.8,99.57,5.07,2.87,5.18,10.42,1.32,12.31,0.1,3.280840304500585,8.700972080037227,3.0701278234985114
67.17,104.62,5.32,2.76,5.31,10.5,1.43,11.66,0.1,3.280840304500585,8.700972080037227,3.0701278234985114
58.73,96.69,5.13,2.9,5.24,10.52,0.86,11.32,0.1,3.280840304500585,8.700972080037227,3.0701278234985114
57.81,100.26,5.35,3.04,5.47,10.51,1.73,12.69,0.1,3.280840304500585,8.700972080037227,3.0701278234985114
103.27,95.5,4.76,8.26,10.52,10.57,1.25,12.0,5.79,0.52,4.65,0.26
68.56,107.67,6.71,13.49,18.84,10.61,0.98,9.9,35.46,0.53,4.01,0.24
61.7,102.86,5.41,10.58,14.63,10.57,1.12,6.51,45.37,0.44,3.13,0.16
61.74,101.15,5.38,8.97,12.97,10.28,0.92,3.82,45.44,0.44,2.67,0.15
69.72,108.26,5.46,10.01,14.1,10.42,0.86,3.99,37.8,0.44,2.87,0.15
72.39,106.72,5.41,11.19,15.2,10.38,1.02,4.32,40.99,0.43,3.15,0.15
62.0,99.08,5.91,12.15,16.68,10.28,0.92,4.73,46.72,0.45,6.47,0.16
66.95,109.31,5.29,10.13,14.05,10.45,0.92,6.21,51.08,0.44,6.43,0.16
61.41,96.56,5.45,10.43,14.54,10.28,0.68,4.48,49.34,0.37,4.66,0.13
62.77,102.95,4.93,10.25,13.87,10.39,0.89,4.77,50.96,0.54,4.25,0.4
58.29,100.33,5.07,7.93,11.66,10.3,0.94,5.61,38.25,1.12,5.71,1.44
56.27,98.59,5.52,9.52,13.7,10.28,0.67,5.45,33.34,0.9,3.95,0.87
37.03,72.15,7.35,9.96,16.16,9.8,1.1,5.59,24.56,0.46,2.92,0.39
45.02,107.06,5.77,11.18,15.59,10.47,0.99,5.38,28.3,0.19,2.17,0.1
173.37,113.67,10.62,17.14,26.33,10.49,1.22,6.56,31.91,1.46,8.86,1.97
50.22,95.03,5.37,9.25,13.29,10.42,0.79,7.02,41.45,0.75,4.14,0.61
53.47,101.93,5.49,10.41,14.59,10.48,0.9,5.88,43.55,0.82,4.75,0.79
48.65,96.82,5.28,7.94,11.87,10.4,0.89,6.79,26.1,0.84,9.74,0.82
38.91,86.74,5.26,8.86,12.81,10.29,0.88,5.35,33.92,0.81,3.43,0.9
48.34,98.72,5.38,10.22,14.24,10.26,1.08,5.22,39.26,0.98,5.35,1.07
50.06,88.76,5.58,12.11,16.27,10.21,1.0,7.78,45.55,0.95,5.37,1.11
63.29,99.76,5.44,12.41,16.46,10.27,1.08,5.8,44.08,1.02,5.7,2.22
65.76,105.71,5.35,12.36,16.33,10.37,1.1,6.89,47.03,0.93,5.53,2.3
43.36,96.52,5.14,10.03,13.7,10.16,0.87,5.59,40.23,0.81,3.71,0.92
50.81,86.52,7.07,13.18,18.89,10.29,1.33,9.26,41.84,0.92,4.24,1.47
60.66,98.21,8.12,15.99,22.67,10.27,1.14,5.09,32.62,1.3,6.92,2.93
63.93,96.69,8.2,16.48,23.29,10.31,1.11,6.07,36.32,1.17,7.49,1.65
63.41,109.62,6.11,13.84,18.54,10.33,0.96,6.19,38.78,1.19,5.73,1.42
57.96,98.74,5.5,8.84,12.98,10.27,0.82,6.35,47.36,0.67,3.83,0.8
63.41,96.78,5.24,8.98,12.78,10.26,0.86,6.13,46.51,0.8,4.04,1.44
48.22,87.46,5.67,8.51,12.81,10.29,0.85,4.96,25.95,0.73,3.83,1.86
49.29,83.28,5.47,13.73,18.23,10.11,0.83,5.05,30.63,0.64,3.29,0.76
45.8,77.21,11.98,13.46,25.45,23.48347601937197,1.05,5.53,28.15,0.62,3.32,0.56
65.12,98.55,5.36,2.69,5.31,10.32,1.37,6.6,36.69,2.36,12.1,3.37
56.19,105.42,5.62,3.0,5.66,10.22,1.66,9.28,28.03,2.99,15.19,5.6
56.72,103.22,5.51,3.09,5.83,10.4,1.53,12.25,45.66,3.02,21.34,5.59
77.4,101.33,10.15,14.08,22.41,10.39,1.68,10.62,42.17,2.3,12.17,4.36
73.6,105.96,5.26,10.41,14.27,10.31,0.85,5.67,53.31,0.93,5.12,1.42
73.9,104.01,5.61,11.53,15.68,10.34,1.01,6.29,52.35,0.9,5.75,1.04
61.09,106.24,5.46,11.4,15.49,10.35,0.91,4.08,49.85,0.93,4.36,1.21
69.37,108.55,5.36,9.86,13.88,10.29,1.0,3.7,62.11,0.87,3.77,0.88
64.25,111.27,5.24,9.19,13.03,10.31,1.18,4.33,55.42,0.72,3.6,0.88
58.28,101.14,5.44,11.1,15.26,10.12,1.12,3.25,50.93,0.86,3.61,0.84
55.96,95.45,5.7,11.15,15.47,10.16,1.13,3.89,46.22,0.89,4.24,0.75
57.97,99.89,4.06,11.52,13.91,10.47,0.9,6.58,47.76,1.08,7.15,4.19
56.44,100.69,17.574729662029362,28.560659061126955,32.30912333307031,23.48347601937197,1.03,5.81,50.64,1.45,5.94,2.0
70.8,100.96,1.31,24.28,27.17,23.48347601937197,0.84,4.33,54.71,1.23,5.12,1.36
53.75,104.14,8.83,24.81,28.55,28.56,1.21,4.43,50.46,0.84,3.62,0.74
52.91,116.28,4.51,34.56,23.81,26.16,0.86,5.58,47.1,0.99,5.3,1.09
50.6,114.32,9.27,33.59,30.45,22.29,1.5,4.5,43.43,0.73,4.34,1.18
42.22,96.54,3.83,31.94,23.71,22.34,0.96,5.25,45.28,0.76,4.1,0.96
48.99,87.94,12.85,34.56,37.07,19.29,1.61,10.06,41.0,0.69,4.45,0.75
55.96,98.92,12.5,31.16,32.34,22.54,1.24,6.89,40.31,0.84,5.48,1.02
66.47,109.42,11.84,37.0,35.18,25.98,1.2,10.04,42.49,1.35,5.99,1.89
54.58,102.11,4.9,23.02,19.15,23.21,0.83,4.06,50.46,0.92,3.77,1.22
70.92,96.84,4.74,21.28,18.48,21.43,1.05,3.85,48.14,0.57,2.94,0.46
63.68,95.59,4.81,20.25,17.83,21.25,0.97,5.27,40.9,0.64,3.28,0.72
51.86,108.24,4.68,28.92,23.65,22.27,1.2,4.67,27.96,0.99,4.38,1.22
37.66,78.68,7.38,27.73,24.53,20.13,1.1,7.1,26.39,0.64,4.01,0.86
45.0,93.9,8.98,33.13,29.96,22.38,1.02,7.21,29.12,0.68,3.69,0.98
48.65,87.02,4.58,33.5,24.68,23.69,1.3,5.98,36.99,0.9,4.98,1.36
26.0,93.08,4.34,21.79,13.84,18.78,0.6,8.13,58.17,0.6,3.36,0.39
56.86,109.0,8.33,44.83,30.9,34.24,0.17,9.29,39.46,0.77,3.64,1.18
52.96,108.3,10.35,34.44,30.89,38.48,0.9,7.58,24.33,0.53,3.21,0.69
44.3,89.26,11.41,34.53,32.21,31.97,0.51,8.18,34.32,0.44,2.87,0.43
46.08,107.77,9.55,31.1,28.46,29.73,0.49,6.57,40.05,0.55,3.61,0.65
37.28,84.02,4.85,26.57,21.07,23.99,0.43,6.13,52.45,0.25,1.39,0.19
40.37,87.52,5.33,35.95,27.93,30.58,0.71,3.05,34.06,0.46,3.22,0.43
40.12,50.94,24.62,35.16,51.79,78.57,1.65,6.65,43.27,0.19,0.98,0.17
50.76,82.05,7.79,33.2,33.14,35.16,1.27,5.84,41.24,0.32,1.79,0.37
30.45,56.0,8.8,44.42,25.36,34.26,1.27,8.4,35.04,0.47,4.37,1.43
60.7,81.89,20.76,51.24,50.0,31.42,1.42,7.73,24.56,0.91,7.68,1.75
51.09,96.09,18.48,46.69,46.61,30.83,1.66,15.51,38.0,0.44,3.58,0.45
45.67,82.71,6.1,38.21,29.19,29.29,0.94,5.84,44.28,0.36,2.87,0.36
46.24,90.98,5.03,35.88,26.3,30.57,0.9,5.23,51.78,0.31,1.96,0.31
32.82,71.8,5.54,16.81,17.74,34.21,0.48,5.56,16.96,0.08,0.5,0.08
48.62,67.89,13.77,23.86,28.59,20.86,0.59,5.85,19.21,0.18,1.96,0.2
42.25,44.45,9.96,22.65,24.95,21.38,0.52,4.88,22.3,0.12,1.08,0.1
29.5,118.12710293078135,6.06,13.95,20.01,23.48347601937197,2.59,6.24,22.62,0.12,0.74,0.07
39.88,118.12710293078135,12.31,22.05,34.36,23.48347601937197,0.94,6.65,21.89,0.23,1.54,0.23
39.59,118.12710293078135,8.94,22.33,31.26,23.48347601937197,0.89,6.54,25.0,0.18,1.15,0.15
29.21,118.12710293078135,4.8,12.83,17.63,23.48347601937197,0.73,6.47,35.81,0.11,0.79,0.1
36.13,118.12710293078135,5.02,13.02,18.04,23.48347601937197,0.79,6.06,35.42,0.13,0.82,0.08
37.4,118.12710293078135,5.24,14.63,19.86,23.48347601937197,0.8,5.99,38.04,0.16,0.94,0.1
40.65,118.12710293078135,14.21,25.02,39.23,23.48347601937197,1.5,6.62,24.97,0.21,1.52,0.19
35.65,118.12710293078135,5.29,15.98,21.26,23.48347601937197,1.23,6.29,26.72,0.21,1.49,0.18
34.02,118.12710293078135,5.79,13.95,19.74,23.48347601937197,0.79,1.54,27.2,0.12,1.1,0.11
31.34,118.12710293078135,5.08,10.86,15.95,23.48347601937197,0.71,5.73,31.8,0.13,0.92,0.08
29.75,118.12710293078135,2.57,11.1,13.67,23.48347601937197,1.29,1.97,15.25,0.19,1.32,0.09
63.07,118.12710293078135,7.79,10.21,18.0,23.48347601937197,0.65,8.16,16.0,0.16,1.07,0.08
27.86,118.12710293078135,5.82,9.75,15.57,23.48347601937197,0.67,7.66,17.5,0.1,0.65,0.06
363.14,118.12710293078135,7.73,10.54,18.28,23.48347601937197,0.68,7.39,13.11,0.1,0.63,0.06
34.07,118.12710293078135,5.87,12.21,18.08,23.48347601937197,0.77,6.3,13.51,0.21,1.39,0.14
29.26,118.12710293078135,6.35,10.64,16.99,23.48347601937197,1.16,6.14,13.6,0.22,1.3,0.16
33.96,118.12710293078135,8.94,15.16,24.1,23.48347601937197,0.99,6.66,16.7,0.24,1.69,0.18
24.56,118.12710293078135,7.98,11.26,19.25,23.48347601937197,1.18,6.34,18.23,0.3,1.89,0.24
20.94,118.12710293078135,5.89,9.17,15.06,23.48347601937197,1.02,6.47,13.17,0.12,0.8,0.12
66.04,118.12710293078135,9.42,10.91,20.33,23.48347601937197,0.7,6.19,6.28,0.14,0.86,0.15
20.5,118.12710293078135,6.77,11.42,18.19,23.48347601937197,0.66,6.17,9.19,0.14,0.92,0.15
34.0,118.12710293078135,6.42,8.37,14.79,23.48347601937197,0.72,6.21,10.13,0.11,0.67,0.14
121.18,118.12710293078135,2.71,7.2,9.91,23.48347601937197,1.03,9.05,9.39,0.11,0.75,0.13
62.03,118.12710293078135,6.78,8.55,15.33,23.48347601937197,0.66,6.71,8.54,0.09,0.58,0.1
9.92,118.12710293078135,6.54,8.48,15.03,23.48347601937197,1.07,5.9,12.97,0.09,0.64,0.09
19.97,118.12710293078135,6.9,14.16,21.05,23.48347601937197,1.12,5.93,13.64,0.16,1.25,0.12
10.6,118.12710293078135,5.83,8.3,14.13,23.48347601937197,1.02,5.83,10.45,0.1,0.73,0.08
13.04,118.12710293078135,2.54,8.78,11.32,23.48347601937197,1.1,1.74,8.07,0.1,0.73,0.08
49.97,118.12710293078135,5.82,9.3,14.69,23.48347601937197,1.09,6.03,10.21,0.16,1.48,0.1
11.62,118.12710293078135,10.22,7.29,17.51,23.48347601937197,1.2,8.89,11.86,0.13,1.22,0.09
13.15,118.12710293078135,6.13,10.61,16.74,23.48347601937197,1.32,6.76,12.4,0.16,0.96,0.13
15.94,118.12710293078135,7.62,11.71,19.33,23.48347601937197,1.46,5.95,8.19,0.23,2.06,0.18
6.41,118.12710293078135,7.59,7.9,15.49,23.48347601937197,1.07,5.87,6.9,0.08,0.49,0.07
5.81,118.12710293078135,12.49,7.43,19.92,23.48347601937197,1.19,8.76,8.76,0.09,0.6,0.07
9.67,118.12710293078135,6.82,9.49,16.31,23.48347601937197,1.09,5.95,9.91,0.09,0.58,0.07
9.77,118.12710293078135,11.88,8.03,8.71,23.48347601937197,0.5,10.37,9.19,0.09,0.59,0.05
37.67,101.49,8.09,45.98,13.6,11.83,0.01,6.55,35.03,0.06,1.71,6.22
48.55,108.27,10.24,45.48,9.94,15.37,0.43,19.26,27.61,0.23,3.94,4.6
50.52,99.86,12.08,63.89,20.04,21.18,0.65,15.29,26.79,0.48,10.12,4.94
56.83,104.28,15.01,75.39,23.92,31.41,0.79,21.55,33.68,0.33,8.32,2.28
58.85,101.67,12.43,75.82,22.89,29.97,0.97,29.86,35.87,0.07,1.53,0.66
61.53,106.2,11.99,77.75,23.4,29.1,0.81,34.73,35.26,0.09,1.88,0.82
59.04,100.29,12.44,71.09,21.95,39.49,0.51,35.22,35.03,0.13,3.11,0.48
54.48,108.28,13.08,79.11,24.12,53.38,0.39,29.12,34.31,0.08,1.5,1.12
67.45057794890306,106.91,11.06,86.29,25.14,54.55,0.55,37.97,40.26,0.1,3.39,0.62
58.23,108.26,10.82,66.72,20.79,34.59,0.3,30.29,29.52,0.08,2.06,0.31
64.18,103.01,11.65,68.11,20.88,30.24,0.38,18.9,27.18,0.06,1.27,1.74
61.11,105.64,11.8,60.83,19.19,47.92,0.33,32.05,38.81,0.11,1.83,0.73
64.35,101.48,11.68,50.97,16.75,45.17,0.33,44.21,56.45,0.09,2.43,0.95
62.16,99.01,9.59,41.2,13.55,39.85,0.38,47.38,70.1,0.07,1.48,0.81
73.11,104.96,10.85,49.76,16.1,42.24,0.5,46.17,56.15,0.07,1.78,1.1
63.6,97.16,7.96,25.39,9.13,27.36,0.33,19.58,55.87,0.09,1.61,0.62
58.15,84.2,8.84,24.36,11.15,26.1,0.54,23.55,46.88,0.07,1.37,0.09
73.45,106.62,9.75,35.18,17.47,24.59,0.57,47.02,58.59,0.17,4.44,1.96
64.93,100.92,9.23,22.8,8.34,21.5,0.35,45.54,68.19,0.2,2.78,1.8
61.75,97.54,9.6,23.49,9.26,20.77,0.35,35.06,58.34,0.08,1.68,2.07
65.1,101.16,9.43,13.74,5.38,9.27,0.36,31.95,58.26,0.05,1.63,2.03
67.23,100.75,10.41,31.41,11.5,12.51,0.26,31.89,66.88,0.08,1.35,2.46
65.76,104.57,9.87,25.01,9.76,13.96,0.36,31.29,66.89,0.08,1.73,0.98
66.65,112.8,8.73,18.35,7.51,22.83,0.35,40.78,72.73,0.16,1.99,0.28
60.51,107.1,8.57,36.85,12.13,25.37,0.47,38.63,66.96,0.13,2.09,0.35
65.33,103.8,8.22,42.02,13.74,24.24,0.45,35.56,74.13,0.12,1.21,0.13
71.55,106.32,9.65,56.07,17.15,36.33,0.45,46.68,79.48,0.11,1.66,0.29
62.24,97.74,8.99,52.96,25.65,33.77,0.92,46.54,79.89,0.13,2.3,0.45
61.83,104.38,9.26,53.12,16.3,39.06,0.61,35.55,92.1,0.08,1.54,0.33
60.96,98.46,8.93,48.17,14.97,30.06,0.64,28.22,91.75,0.05,0.86,0.5
61.46,99.72,10.06,45.51,14.73,31.45,0.74,16.38,59.28,0.05,0.76,0.13
67.56,102.5,9.75,35.21,12.11,27.89,0.54,25.31,55.35,0.06,1.11,0.16
59.73,101.38,8.44,36.72,11.96,31.12,0.59,51.36,78.43,0.07,1.02,0.04
63.35,103.32,8.28,38.09,12.26,33.57,0.49,42.96,75.33,0.05,0.85,0.06
61.71,95.29,8.64,41.53,13.22,29.05,0.45,37.9,76.18,0.08,0.83,0.34
61.8,98.96,10.96,58.71,18.26,36.62,0.52,44.93,67.7,0.07,0.82,0.33
61.0,96.5,11.02,63.32,19.38,33.56,0.57,30.3,64.43,0.02,0.57,0.08
55.76,85.33,11.63,59.47,18.69,38.92,0.51,36.43,53.54,0.03,0.57,0.06
62.65,91.64,10.05,51.12,14.74,37.16,0.52,34.96,63.49,0.05,0.85,0.18
64.38,95.85,12.59,60.39,19.27,30.2,0.64,31.07,67.2,0.04,0.65,0.31
63.41,102.09,10.63,37.87,13.16,23.54,0.59,41.97,50.88,0.02,0.61,0.33
52.96,90.29,7.65,8.25,4.6,5.08,0.55,38.34,32.64,0.03,0.44,0.33
59.95,98.75,7.69,5.3,4.13,3.64,0.5,48.96,51.89,0.03,0.67,0.4
63.92,103.2,7.48,5.31,3.59,4.08,0.49,42.29,57.06,0.02,0.46,0.05
55.4,95.5,7.97,27.3,6.7,16.48,0.3,41.03,49.06,0.02,0.36,0.11
58.86,97.97,10.58,54.03,10.45,31.73,0.38,23.1,49.67,0.02,0.15,0.12
57.06,89.69,9.88,38.29,9.69,23.13,0.28,8.7,33.69,0.03,0.04,0.04
66.0,104.04,12.87,46.01,15.87,28.38,0.49,38.17,39.49,0.02,0.35,0.06
65.98,100.21,9.11,43.82,11.8,27.81,0.46,39.34,62.06,0.02,0.22,0.05
58.07,91.26,10.79,58.31,9.62,28.78,0.32,44.6,47.96,0.01,0.13,0.08
60.69,102.1,11.49,64.12,11.6,31.26,0.36,36.91,53.68,0.01,0.18,0.15
63.73,106.83,9.61,60.81,12.1,17.46,0.29,30.48,62.7,0.02,0.08,0.22
61.83,103.12,11.02,60.63,12.58,24.41,0.38,34.5,54.68,0.02,0.42,0.66
61.79,97.38,10.11,68.61,13.47,34.77,0.37,45.32,50.84,0.03,1.08,0.86
48.86,104.26,11.21,58.18,11.72,26.45,0.45,46.34,45.44,0.02,0.49,0.13
60.56,103.88,10.75,55.27,8.25,30.9,0.26,41.86,37.38,0.01,0.46,0.06
64.61,96.25,13.66,48.99,7.57,27.7,0.28,33.63,44.11,0.02,0.33,0.02
56.65,95.79,18.38,60.92,14.28,31.24,0.47,34.23,40.88,0.05,1.14,0.57
61.36,96.74,10.63,65.8,13.12,31.03,0.32,43.85,46.78,0.03,0.97,0.31
60.03,94.81,10.0,67.81,13.49,34.35,0.34,49.63,56.91,0.03,1.02,0.6
54.24,95.55,11.18,73.32,14.68,29.32,0.42,45.43,49.4,0.04,1.08,0.9
58.12,96.04,8.65,67.71,13.14,42.78,0.36,44.42,49.82,0.07,1.16,1.32
60.2,95.54,11.1,67.78,13.76,26.75,0.33,37.44,42.22,0.04,1.07,1.73
60.28,103.11,9.82,70.51,16.86,31.14,0.43,31.91,55.7,0.05,1.25,0.65
61.28,103.5,8.23,58.82,17.39,19.36,0.51,11.31,63.02,0.03,0.64,0.12
53.5,99.82,9.6,55.26,19.56,36.57,0.73,19.3,51.25,0.09,1.31,0.25
62.67,101.25,10.89,73.53,16.43,35.44,0.45,39.57,74.29,0.07,1.55,0.52
60.05,98.82,9.38,58.31,14.69,24.76,0.48,10.11,57.89,0.04,0.69,0.92
61.49,104.8,9.17,49.74,10.35,25.35,0.37,15.23,80.55,0.03,0.48,0.36
61.98,110.38,7.84,40.04,8.45,18.5,0.28,6.27,83.19,0.03,0.23,0.04
61.25,100.46,7.54,39.37,8.27,15.38,0.25,6.08,69.11,0.02,0.2,0.03
47.21,80.12,9.69,52.0,10.85,24.87,0.33,20.73,47.61,0.02,0.77,0.18
65.45,132.09,11.01,58.68,13.66,18.06,0.31,22.99,50.37,0.03,0.75,0.45
75.89,147.99,12.09,69.76,15.64,23.85,0.0,34.18,36.8,0.04,0.78,0.29
63.83,104.25,10.37,37.49,9.45,16.18,0.0,7.83,58.44,0.03,0.45,0.11
62.34,100.56,10.32,34.38,8.88,15.23,0.0,3.21,52.76,0.02,0.2,0.05
82.34,168.93,11.85,49.71,14.9,19.45,0.0,29.68,49.64,0.09,1.78,2.41
73.75,114.17,10.06,38.15,9.48,20.75,0.0,7.78,47.92,0.04,0.35,0.05
81.72,120.38,9.88,39.02,9.59,17.64,0.0,3.77,42.95,0.05,0.27,0.05
83.39,140.24,14.4,52.77,12.14,19.03,0.0,21.93,30.43,0.06,0.85,0.07
64.14,116.31,10.96,49.49,11.74,17.53,0.0,5.32,32.75,0.04,0.54,0.06
54.56,81.16,10.06,34.26,8.81,14.66,0.0,4.16,58.14,0.04,0.24,0.05
67.09,109.2,10.09,38.78,9.6,14.4,0.0,3.76,66.33,0.02,0.16,0.03
76.51,135.24,10.68,49.29,11.62,15.32,0.0,9.0,55.29,0.02,0.33,0.04
69.51,137.83,19.01,63.8,16.45,18.0,0.0,7.19,48.08,0.02,0.33,0.07
60.61,111.85,10.06,49.44,16.53,15.71,0.0,6.68,53.25,0.02,0.46,0.3
83.79,150.97,10.65,52.58,19.39,20.72,0.0,13.58,53.54,0.06,1.01,0.07
71.49,148.62,10.19,50.58,11.72,19.98,0.0,12.35,53.29,0.03,0.38,0.03
76.94,144.81,10.14,47.79,11.21,18.46,0.0,9.19,58.67,0.01,0.25,0.03
64.21,108.56,9.54,32.92,8.41,14.62,0.0,4.04,75.82,0.0,0.1,0.03
68.79,131.75,8.46,43.74,7.53,18.29,0.0,12.09,43.59,0.0,0.1,0.03
85.73,157.28,10.5,53.72,12.36,28.21,0.0,34.99,49.54,0.08,1.15,0.07
62.96,124.01,19.88,60.35,16.06,25.86,0.0,19.96,56.94,0.06,0.75,0.08
54.98,115.66,10.14,46.64,16.51,17.73,0.0,12.33,53.74,0.07,1.1,0.13
44.56,87.45,10.32,35.7,9.92,16.81,0.0,5.74,74.98,0.03,0.37,0.17
52.36,96.1,10.06,37.44,9.36,16.25,0.0,3.48,68.59,0.01,0.14,0.03
58.81,109.98,9.92,42.23,10.17,16.49,0.0,8.29,76.03,0.01,0.2,0.04
68.29,141.85,10.64,52.03,12.26,17.59,0.0,13.7,82.95,0.04,0.51,0.47
56.73,117.29,9.79,45.95,10.79,18.65,0.0,11.04,98.75,0.02,0.32,0.04
64.14,136.36,17.54,52.4,8.17,17.5,0.0,18.17,61.34,0.0,0.03,0.0
93.54,188.21,8.44,60.66,11.41,26.73,0.0,25.9,42.44,0.0,0.0,0.0
83.13,163.13,7.1,51.31,8.72,22.71,0.0,17.22,45.33,0.01,0.18,0.01
70.3,134.14,8.62,45.89,10.47,19.35,0.0,7.48,50.11,0.02,0.31,0.04
64.97,108.1,8.71,35.98,7.61,15.93,0.0,5.02,67.42,0.0,0.1,0.01
41.77,118.12710293078135,6.28,27.85,3.04,13.23,0.0,1.8,64.54,0.0,0.03,0.0
62.32,115.04,10.84,35.19,9.17,18.65,0.0,10.09,57.4,0.03,0.37,0.06
66.1,129.76,13.81,40.94,12.43,17.52,0.08,10.89,38.79,0.05,0.75,0.14
85.12,173.28,12.04,46.28,14.03,22.99,0.11,23.38,40.55,0.11,1.51,0.23
82.76,203.34,13.26,46.37,15.73,26.52,0.28,29.72,37.61,0.25,2.46,0.85
75.46,197.99,15.75,46.97,15.11,27.44,0.24,33.86,39.71,0.24,2.35,0.73
63.58,163.83,10.87,40.25,9.18,31.66,0.23,27.84,50.72,0.22,2.36,0.53
57.61,157.84,8.41,35.93,8.46,39.69,0.25,22.31,39.94,0.2,2.08,0.38
53.34,144.79,11.52,44.31,13.02,22.19,0.24,25.23,39.26,0.17,2.14,0.48
65.52,167.51,12.37,46.93,13.69,30.84,0.27,20.72,49.52,0.16,1.92,0.57
72.0,184.43,13.74,48.13,14.06,29.77,0.28,24.77,52.2,0.22,3.77,1.91
68.68,178.16,14.91,44.73,14.36,41.8,0.21,30.71,56.79,0.27,5.19,1.92
80.73,198.07,9.99,46.49,13.6,47.49,0.21,40.3,51.85,0.36,5.39,1.32
64.09,163.99,10.4,44.5,12.84,29.14,0.22,26.83,57.97,0.25,3.35,2.7
55.13,148.99,12.48,39.79,11.67,29.39,0.28,17.65,64.27,0.18,2.08,0.46
69.06,177.21,13.34,45.33,13.98,40.73,0.23,27.21,64.43,0.31,2.94,0.94
63.3,161.94,7.64,38.86,9.94,25.67,0.24,15.45,38.61,0.14,1.65,0.41
57.86,130.83,7.72,29.63,8.8,18.51,0.19,10.31,42.14,0.08,0.98,0.31
28.95,87.02,7.66,25.79,7.97,17.57,0.14,7.43,51.83,0.08,0.97,0.28
32.73,90.8,7.83,25.01,7.66,18.84,0.16,10.15,68.85,0.06,0.92,0.22
31.06,69.14,7.81,19.79,6.75,15.43,0.14,14.85,55.32,0.05,0.92,0.17
42.16,106.15,8.94,28.0,8.86,17.68,0.17,9.61,50.93,0.09,1.39,0.36
35.62,80.09,7.05,17.76,6.07,14.61,0.14,12.29,55.68,0.05,0.74,0.18
45.6,118.95,8.68,28.85,8.91,16.96,0.13,13.64,57.87,0.09,1.85,0.48
77.14,189.5,13.65,45.09,14.68,24.9,0.2,19.6,47.16,0.17,3.35,1.02
30.97,89.71,8.47,24.09,8.42,13.14,0.12,9.13,42.43,0.05,1.05,0.31
30.33,111.84,9.63,33.13,10.18,8.95,0.11,12.9,43.3,0.06,1.02,0.57
43.8,146.18,11.64,41.87,12.69,15.42,0.16,22.58,44.15,0.16,1.75,0.53
63.7,181.89,11.59,42.87,12.28,32.61,0.21,25.87,52.81,0.21,2.59,0.42
50.64,132.94,9.56,37.51,11.09,26.41,0.16,17.73,50.11,0.22,2.27,0.26
67.57,186.0,20.68,52.24,17.22,33.02,0.2,21.64,34.77,0.33,4.68,3.14
63.1,216.97,17.42,54.07,17.35,40.79,0.19,24.11,29.02,0.22,3.34,1.32
52.04,186.28,15.13,43.35,12.52,41.5,0.19,24.0,25.22,0.2,2.61,0.43
61.33,191.22,13.78,50.59,14.69,33.24,0.17,29.93,41.21,0.24,3.57,0.54
60.92,175.69,12.57,52.0,14.03,26.07,0.17,21.17,68.16,0.16,2.49,0.75
60.33,158.98,12.2,48.25,13.65,21.52,0.23,10.61,64.54,0.1,1.34,0.35
54.59,135.47,10.5,42.79,11.92,19.77,0.17,11.49,64.9,0.11,1.25,0.32
60.55,148.34,9.42,41.27,11.22,24.64,0.19,14.86,63.64,0.1,1.74,0.25
62.45,152.69,9.35,38.24,10.57,19.94,0.17,12.7,65.94,0.09,1.29,0.25
57.61,144.64,9.53,39.4,10.9,17.01,0.16,13.08,66.96,0.09,0.97,0.22
51.42,128.17,9.57,38.28,10.72,16.62,0.16,10.89,57.96,0.09,1.07,0.21
49.28,117.75,9.55,33.72,10.29,15.1,0.16,6.55,57.0,0.09,0.89,0.2
47.02,122.96,9.2,35.07,10.75,15.91,0.17,8.66,54.3,0.1,1.26,0.2
45.77,119.32,9.23,35.7,10.05,16.73,0.15,8.68,62.1,0.09,0.94,0.2
44.15,117.72,9.09,30.98,8.99,14.2,0.14,6.09,59.95,0.08,0.86,0.4
51.9,144.41,10.08,41.35,11.47,15.37,0.16,8.48,49.08,0.09,1.51,0.37
50.37,125.87,9.17,34.02,9.63,14.48,0.15,7.24,53.76,0.09,1.12,0.26
43.52,105.3,9.33,30.44,8.9,15.11,0.14,10.83,55.87,0.08,0.92,0.18
47.15,98.46,9.49,29.71,8.89,12.67,0.15,7.18,43.12,0.07,0.71,0.19
48.68,119.71,9.41,32.91,10.06,14.76,0.14,9.66,48.79,0.05,0.77,0.24
68.34,186.2,11.67,38.38,11.62,19.05,0.2,16.14,41.4,0.56,1.45,0.28
77.56,193.33,16.76,49.22,23.27,17.48,0.29,14.15,36.76,0.24,1.7,0.62
67.48,184.29,4.95,39.61,11.11,22.74,0.21,17.04,46.58,0.16,1.21,0.31
77.94,235.99,13.35,52.07,16.81,33.95,0.23,30.86,41.49,0.48,2.44,0.33
158.04,485.88,38.01,70.52,16.42,51.93,0.3,70.39,10.79,0.28,2.07,0.65
59.32,161.14,9.86,37.36,11.15,26.62,0.15,18.52,64.29,0.13,1.15,0.26
60.92,155.57,8.26,32.52,10.17,23.64,0.17,16.51,53.34,0.13,1.05,0.25
57.68,161.11,6.46,29.2,9.42,16.22,0.16,15.79,46.79,0.2,0.98,0.3
56.31,172.7,8.75,28.75,8.96,16.17,0.15,14.29,41.88,0.17,1.12,0.29
68.97,221.35,11.91,41.41,12.46,28.4,0.23,23.3,41.35,0.18,1.69,0.6
70.99,219.74,10.84,45.1,13.09,23.76,0.25,22.43,56.8,0.26,1.54,0.57
57.04,157.84,8.37,27.79,8.08,30.84,0.14,9.25,50.43,0.22,1.59,0.24
49.73,155.18,8.94,35.29,10.53,41.98,0.12,15.24,48.24,0.16,1.49,0.24
45.5,146.01,9.86,37.88,11.26,26.61,0.13,15.64,48.44,0.09,1.09,0.26
53.51,173.04,12.27,42.5,13.91,36.91,0.19,19.01,42.89,0.17,1.46,0.43
58.3,187.29,14.55,42.34,13.23,45.33,0.16,23.97,36.37,0.2,1.88,0.44
57.26,195.54,12.62,40.89,12.81,32.1,0.17,19.79,33.12,0.32,2.92,0.47
55.63,186.41,13.26,42.61,16.03,26.05,0.18,27.37,35.6,0.22,1.94,0.67
61.48,178.52,7.13,51.82,10.74,30.94,0.06,19.33,26.72,0.1,0.95,0.64
63.36,195.29,12.52,45.42,15.74,36.73,0.19,22.7,48.36,0.2,2.02,0.67
37.64,90.98,8.81,23.58,8.78,33.13,0.09,5.2,70.21,0.04,0.61,0.12
27.39,97.09,6.2,29.07,8.18,38.26,0.09,10.98,59.6,0.08,0.94,0.23
29.34,70.91,5.92,21.73,7.49,25.34,0.1,5.69,64.01,0.04,0.67,0.12
37.31,85.68,6.09,25.09,8.5,34.75,0.11,4.14,54.45,0.04,0.63,0.17
43.24,111.88,6.23,26.06,9.73,22.03,0.15,8.28,52.6,0.05,0.75,0.23
40.48,113.26,6.06,24.97,10.1,16.38,0.15,8.41,65.03,0.12,0.82,0.17
38.11,89.14,5.12,25.56,7.62,24.02,0.11,11.54,50.37,0.03,0.64,0.17
27.81,82.02,3.79,18.72,4.24,14.29,0.06,10.16,62.99,0.02,0.5,0.08
32.95,91.33,5.63,41.36,9.72,38.95,0.06,10.25,53.25,0.06,0.76,0.13
31.54,71.48,5.72,56.78,17.44,54.45,0.16,5.59,93.07,0.03,0.54,0.12
30.22,66.24,8.1,72.96,22.12,50.53,0.14,3.96,57.35,0.02,0.61,0.16
40.68,101.34,5.06,42.42,10.51,23.54,0.15,4.93,44.74,0.05,0.83,0.23
37.23,102.58,4.41,38.74,11.94,18.51,0.11,8.88,38.04,0.03,0.73,0.29
48.21,159.97,5.62,50.64,14.58,33.13,0.13,11.25,32.17,0.08,1.15,0.55
45.73,153.81,6.3,49.46,12.42,21.18,0.11,12.25,32.93,0.06,0.73,0.4
41.91,143.04,4.73,48.49,12.84,22.07,0.11,10.89,36.62,0.09,0.91,0.49
35.78,119.47,2.2,47.98,15.64,44.56,0.16,10.0,39.06,0.27,1.66,0.42
38.13,117.36,4.44,51.56,15.38,25.27,0.13,8.43,44.56,0.08,1.24,0.38
49.56,173.1,4.69,66.04,18.88,43.01,0.15,12.73,29.12,0.21,1.56,0.47
57.16,177.19,5.39,70.75,17.53,39.41,0.17,9.6,30.25,0.23,1.5,0.38
39.09,115.26,4.42,45.01,10.87,25.52,0.09,4.46,47.08,0.05,0.59,0.16
43.73,135.42,4.5,47.81,11.47,23.05,0.1,7.28,45.06,0.03,0.54,0.35
26.99,79.38,4.45,30.37,7.75,18.74,0.07,4.17,43.41,0.01,0.27,0.08
13.75,45.45,8.57,22.7,7.61,9.17,0.07,3.03,57.96,0.01,0.26,0.03
13.78,42.98,8.4,19.42,6.83,14.37,0.07,2.33,53.33,0.01,0.33,0.04
16.11,54.35,8.38,19.2,6.73,21.42,0.07,6.0,54.74,0.02,0.44,0.16
50.36,108.16,9.68,23.27,11.18,12.83,0.0,6.41,28.45,0.17,3.04,3.95
31.08,50.52,1.24,11.81,2.95,10.65,0.26,5.12,29.4,0.8,4.06,0.48
49.75,77.06,16.68,22.44,11.72,11.28,0.66,10.46,39.92,2.59,12.69,2.06
55.88,89.52,16.52,22.79,11.45,12.98,0.33,8.94,43.05,3.33,17.97,5.94
28.48,54.04,11.38,19.44,8.09,10.26,0.21,5.7,32.82,1.69,8.81,1.49
25.79,41.72,7.6,17.7,6.49,9.24,0.36,4.24,41.5,1.12,5.21,0.9
28.04,46.53,26.06,24.18,6.08,8.55,0.1,8.63,70.62,0.66,3.27,0.25
27.38,51.78,6.99,25.01,4.63,9.16,0.19,4.3,43.76,0.78,4.89,0.52
41.74,69.1,13.72,26.83,5.04,9.37,0.11,4.2,54.35,1.22,6.71,0.92
20.48,39.46,8.45,19.29,3.15,8.93,0.08,2.36,79.99,0.19,1.1,0.03
33.32,60.37,10.84,25.1,3.74,12.38,0.1,2.46,63.15,0.17,1.48,0.0
72.18,133.53,9.92,36.5,4.69,18.24,0.15,11.19,67.21,0.34,2.38,0.07
69.53,137.82,14.42,34.49,5.58,12.5,0.12,4.82,56.47,1.87,11.62,0.98
75.46,144.81,8.76,30.6,10.71,11.56,0.31,5.43,57.92,3.49,11.82,2.01
67.18,105.44,7.91,18.74,5.46,10.7,0.1,10.49,81.47,0.24,0.97,0.06
65.39,98.82,7.56,17.27,2.55,10.52,0.07,3.29,68.38,0.02,0.19,0.0
53.78,83.34,7.98,21.46,5.48,12.09,0.19,5.28,53.28,0.98,4.33,1.08
63.35,97.66,8.24,24.35,2.17,14.58,0.06,5.02,40.66,0.16,0.89,0.16
70.46,147.82,14.32,25.47,4.19,14.16,0.12,7.7,58.83,0.29,1.29,0.02
67.45057794890306,118.12710293078135,17.574729662029362,28.560659061126955,0.0,13.55,0.0,14.53197725590996,34.49143047551845,0.0,0.0,0.0
63.38,141.15,12.1,43.37,32.64,14.57,0.79,16.79,53.67,5.98,38.06,5.25
68.21,149.12,14.71,46.37,36.6,14.02,1.19,14.94,58.62,7.47,45.03,6.16
69.73,141.02,9.19,37.68,27.41,15.88,1.06,17.59,63.67,5.29,30.22,4.5
66.51,126.96,10.34,37.44,27.54,16.61,1.04,20.33,55.23,4.87,30.0,5.14
49.62,97.93,9.76,35.86,23.05,16.9,0.58,13.5,51.23,5.08,24.64,3.75
38.84,82.74,9.92,40.59,24.69,14.87,0.57,17.4,54.87,6.23,33.9,6.02
61.84,115.98,8.87,42.21,29.64,16.04,0.63,27.55,71.54,4.6,26.91,2.78
57.58,109.26,8.88,42.84,29.99,15.71,0.74,21.15,53.74,6.36,33.38,4.07
55.36,107.88,9.34,37.83,27.59,16.47,0.74,17.25,59.62,6.36,31.59,5.29
58.41,118.47,10.25,39.01,28.97,19.2,0.83,20.01,44.16,6.18,30.87,6.43
51.08,100.21,8.07,36.07,25.3,22.73,0.68,16.76,48.8,4.42,21.49,2.76
66.82,71.59,10.05,32.58,24.83,13.28,0.65,11.42,37.79,2.98,18.83,2.92
36.53,77.41,9.41,34.18,25.29,15.87,0.72,10.46,39.81,4.31,25.26,4.05
44.65,87.99,10.73,39.07,28.86,15.12,0.81,8.34,40.93,5.34,21.33,6.5
40.48,75.97,6.79,32.25,22.12,13.03,0.7,14.21,51.0,2.88,12.43,3.1
96.83,88.36,11.04,37.91,28.39,14.6,0.76,18.61,39.92,2.33,15.71,3.03
69.5,125.61,6.26,35.4,23.41,18.59,0.76,12.78,60.26,2.82,15.13,2.49
70.91,133.01,5.34,37.5,24.28,16.11,0.71,13.35,68.38,2.3,17.66,1.8
84.08,137.59,8.98,50.36,31.34,20.0,0.9,10.47,52.91,3.03,13.06,1.91
73.25,145.39,9.81,52.99,33.05,16.73,0.86,15.16,55.76,2.84,20.01,5.78
91.39,144.06,10.31,54.18,36.36,14.78,0.9,16.7,56.56,4.23,31.14,8.15
66.49,122.5,7.04,45.7,29.33,13.66,0.81,15.0,67.32,3.01,16.61,4.56
64.72,121.51,9.05,45.03,30.5,13.13,0.82,14.09,60.26,2.95,12.16,3.69
70.03,128.64,8.67,37.15,26.11,16.99,0.8,14.25,59.62,2.98,13.32,3.83
69.44,123.66,7.02,35.14,23.91,16.25,0.76,10.97,65.3,4.65,15.59,3.93
70.83,125.86,7.22,38.05,25.61,13.39,0.8,9.54,63.84,3.29,11.38,2.99
70.47,119.15,6.46,37.31,24.68,14.3,0.78,12.21,67.63,2.94,9.43,2.43
58.07,96.64,6.29,29.67,20.52,13.51,0.7,13.2,60.14,2.66,7.83,2.1
69.33,127.59,7.77,40.86,27.61,14.4,0.91,16.11,48.33,4.5,20.98,3.9
74.79,153.15,2.82,39.18,22.87,15.55,0.8,24.61,61.72,4.19,18.64,3.66
67.7,149.05,3.04,38.26,22.57,14.5,0.77,19.03,59.43,5.13,21.25,4.67
48.99,108.63,4.44,37.26,23.47,11.86,0.69,22.76,39.78,3.38,24.04,2.35
55.7,117.26,8.39,48.48,32.65,12.57,1.05,22.48,44.73,5.06,25.71,4.75
66.78,140.38,12.01,62.23,42.71,16.12,1.19,12.94,54.6,6.26,35.81,6.17
69.33,136.56,7.91,50.13,33.14,20.13,1.0,8.51,48.7,4.08,22.77,4.66
66.12,120.92,2.4,39.48,22.84,18.6,0.92,7.88,48.56,3.19,12.58,3.88
68.48,119.88,3.5,38.85,23.42,18.09,0.77,7.52,42.62,3.11,12.0,3.83
68.87,131.11,7.78,48.12,31.68,15.3,0.88,8.56,42.31,3.79,16.57,5.63
71.38,142.76,8.44,47.26,31.63,15.98,0.8,12.3,46.91,4.68,24.39,5.32
73.33,143.78,3.67,37.36,23.1,16.89,0.59,22.04,56.42,3.5,20.96,2.12
59.35,130.67,8.22,49.48,32.53,14.23,0.7,24.06,45.37,3.38,19.14,3.48
88.14,152.17,16.01,67.71,48.21,17.75,1.33,21.88,43.0,6.11,34.41,9.3
74.94,148.17,18.07,68.63,50.51,20.76,1.4,16.67,51.64,5.42,32.45,6.21
130.23,162.0,21.37,73.32,55.73,24.14,1.4,16.21,50.01,6.94,38.49,7.58
82.05,170.76,10.07,65.66,42.69,24.8,1.26,15.01,57.5,4.37,25.14,5.62
79.19,156.46,9.99,63.74,41.56,25.5,1.14,10.11,47.69,3.89,22.93,4.49
76.47,144.94,8.37,56.9,36.68,24.11,1.13,8.51,38.5,3.98,21.63,4.73
76.08,151.9,8.2,53.18,34.06,24.77,0.87,18.35,53.45,4.75,30.55,4.36
63.18,129.4,6.1,55.68,34.05,17.06,0.85,16.26,47.38,3.96,22.49,4.42
68.65,139.18,10.23,60.71,39.96,16.52,0.93,14.18,47.22,3.62,21.6,5.69
112.35,152.12,12.65,67.12,45.17,18.82,1.09,10.66,49.58,3.97,21.46,5.15
65.09,132.99,15.07,67.32,47.61,17.46,1.1,9.62,41.64,3.61,23.28,4.63
68.45,126.76,13.13,62.26,43.33,18.74,1.02,8.17,39.55,4.47,23.6,5.0
57.7,119.64,10.55,54.46,36.98,25.09,0.99,11.25,38.93,4.26,21.07,3.74
68.55,135.87,5.81,51.51,31.23,22.84,0.92,9.44,51.26,3.16,16.68,3.19
77.77,149.51,5.35,46.8,28.9,23.34,0.83,10.52,56.84,3.32,16.7,5.07
79.18,164.76,10.82,60.89,40.67,25.77,1.0,17.34,58.03,4.01,26.54,7.64
76.33,160.28,12.4,63.88,41.36,23.67,1.05,15.67,52.74,3.5,20.49,6.1
73.15,150.95,9.24,63.11,40.73,23.17,1.1,12.81,47.04,4.6,25.95,8.02
72.41,144.54,8.91,55.39,36.43,22.16,1.03,11.62,50.17,3.28,21.34,4.23
72.66,141.46,7.08,51.85,33.01,19.8,0.98,9.28,52.61,2.43,12.46,2.89
77.65,160.44,6.41,53.96,33.53,22.57,0.95,10.51,57.35,2.65,11.99,2.85
74.08,158.74,7.01,53.36,33.57,22.15,1.03,12.71,56.34,2.98,13.68,2.89
76.19,162.88,7.06,59.3,36.87,24.42,1.04,17.13,55.98,4.21,22.96,6.5
74.76,159.96,10.88,64.97,43.0,25.98,1.09,17.29,52.03,4.04,27.68,6.66
70.48,157.0,12.85,59.98,41.95,22.44,1.19,20.89,49.6,4.4,28.97,4.92
72.38,141.02,14.16,54.79,40.04,23.14,1.16,13.76,48.64,3.82,24.52,5.41
70.98,115.26,3.98,37.89,23.11,23.39,0.83,7.43,50.02,2.18,9.33,2.17
65.1,126.51,5.75,39.7,25.41,24.56,0.92,9.12,43.58,3.74,26.83,11.61
64.2,128.06,6.13,45.06,28.58,22.08,0.87,10.5,45.85,2.99,18.36,4.24
65.86,141.85,11.21,55.84,38.39,25.42,0.99,13.02,37.53,3.98,30.44,8.02
61.1,139.54,10.99,56.03,38.21,22.32,0.9,17.29,38.71,3.88,33.75,6.24
64.18,143.85,12.5,60.93,42.06,27.24,1.0,23.32,45.46,6.07,37.82,10.57
68.52,140.77,9.93,56.67,37.92,25.79,0.95,13.76,44.16,3.53,27.78,5.37
72.01,142.1,5.81,50.74,31.43,25.72,0.89,9.28,52.29,2.84,16.9,4.31
60.4,117.57,4.36,46.04,27.83,19.96,0.71,6.93,47.74,2.48,12.28,4.47
67.07,131.41,4.69,42.71,26.3,24.15,0.71,9.52,45.11,2.46,12.56,4.5
68.8,155.17,12.11,54.52,38.56,23.83,0.89,16.47,45.4,4.31,32.98,6.98
66.84,155.11,9.3,56.49,37.18,24.19,0.91,19.6,52.7,5.18,33.63,8.14
69.43,156.79,7.53,55.38,34.93,26.28,1.45,13.62,52.9,4.7,27.88,7.51
68.84,145.17,6.26,49.3,30.72,25.13,0.85,9.02,48.76,3.22,18.63,5.89
67.69,149.79,5.49,46.08,28.63,23.34,0.84,8.69,50.19,2.79,17.05,3.9
59.46,152.71,7.61,51.91,33.46,20.35,0.68,16.9,51.92,4.12,29.14,5.56
53.45,141.76,14.36,59.99,44.33,20.39,1.0,20.33,40.67,5.96,41.6,10.09
50.88,129.95,33.83,67.8,63.29,24.5,1.1,22.37,36.26,4.76,37.74,6.12
47.46,120.39,21.51,68.01,53.44,21.65,0.99,16.85,36.32,5.81,41.64,9.58
43.48,115.8,6.47,53.31,33.42,20.36,0.8,9.51,50.3,4.06,32.65,8.68
39.14,105.44,4.91,41.49,25.66,22.91,0.73,9.46,54.21,2.54,19.19,4.52
41.79,112.02,6.03,43.96,29.17,25.26,0.73,8.16,56.47,1.46,5.67,1.65
48.86,124.69,13.91,58.09,40.94,23.0,0.86,9.68,36.51,4.55,43.34,4.35
56.76,135.34,22.03,72.8,56.56,24.6,0.99,13.6,39.53,6.4,35.02,7.84
46.18,105.04,14.55,59.37,42.94,28.79,0.84,13.52,34.55,2.62,16.53,3.39
50.05,116.97,14.25,55.81,38.89,35.08,0.87,13.92,35.92,2.56,17.15,3.35
52.28,119.66,7.15,53.5,32.19,37.24,0.82,13.07,29.39,2.59,16.88,3.04
54.34,87.6,3.15,20.55,12.99,27.37,0.61,6.61,38.74,0.76,3.46,0.86
52.88,118.54,6.74,48.93,29.9,23.72,0.84,12.88,46.88,2.27,13.04,2.42
51.84,116.94,8.45,51.24,33.77,20.48,0.81,17.02,41.68,2.14,16.62,2.48
49.86,121.32,10.09,60.23,39.91,20.36,0.92,20.36,39.46,3.07,22.59,2.83
55.87,126.08,10.42,58.63,39.49,21.29,1.02,10.27,47.42,2.55,18.56,4.02
46.22,112.55,4.17,44.16,26.69,20.45,0.77,7.39,53.02,1.28,6.61,1.72
47.64,101.62,4.48,41.75,25.68,20.08,0.74,6.36,50.85,1.18,10.52,1.86
54.76,118.2,5.07,46.91,28.9,20.29,0.85,7.37,47.88,1.75,14.68,2.73
57.85,131.06,4.83,49.21,29.91,18.86,0.88,8.69,46.5,1.9,9.21,2.14
56.99,125.93,5.72,48.0,30.0,18.56,0.85,8.18,48.94,1.94,10.21,2.22
43.57,112.47,4.92,43.62,27.02,17.34,0.7,8.22,45.22,1.25,5.75,1.41
43.37,105.66,8.22,51.65,33.9,18.26,0.76,7.54,33.06,1.63,7.65,2.2
56.87,119.73,22.13,65.82,52.86,19.58,1.09,9.89,40.48,2.74,16.8,3.72
57.66,123.59,20.92,67.65,52.81,19.27,1.16,14.95,40.86,3.05,18.83,3.91
62.25,139.53,20.73,70.43,54.05,22.7,1.3,12.91,41.99,4.03,21.23,3.94
54.84,127.04,14.31,65.26,46.13,21.27,1.12,11.14,37.91,2.69,19.29,3.4
52.72,120.49,10.11,56.01,37.83,21.27,1.06,10.18,43.91,2.04,13.08,2.57
51.59,122.0,4.25,45.04,27.24,23.4,0.88,9.79,53.05,1.62,7.39,1.75
54.72,116.74,7.81,49.19,32.28,20.81,0.94,9.17,50.33,1.64,9.31,1.92
47.44,111.76,4.59,45.37,27.82,20.49,0.89,8.88,48.64,1.61,6.32,1.85
47.97,104.93,3.86,38.91,23.52,19.42,0.74,9.83,56.45,1.33,7.29,1.34
50.78,101.89,5.37,43.04,26.99,21.37,0.79,7.58,53.66,1.32,6.6,1.67
53.81,114.59,6.73,49.93,31.44,22.9,0.92,7.22,45.08,1.72,8.25,1.75
57.28,120.43,4.89,52.67,31.79,21.26,0.96,6.03,45.57,1.61,5.98,1.94
66.37,133.3,4.83,49.74,30.19,23.5,1.02,7.24,50.9,1.88,7.61,1.72
53.02,108.18,2.68,35.56,20.92,19.08,0.79,6.94,57.23,1.05,4.32,1.13
47.34,101.24,5.1,45.05,27.97,19.71,0.85,7.43,49.57,1.72,8.45,2.25
60.25,134.44,3.98,39.37,23.98,23.84,0.86,14.59,43.99,1.8,11.45,1.92
51.0,78.33,3.01,33.36,20.02,22.04,0.76,5.86,47.12,1.06,4.57,1.92
54.74,102.17,5.57,47.03,29.2,22.3,0.87,7.01,47.14,1.17,5.22,1.57
57.87,118.46,3.95,45.49,27.17,20.87,0.89,11.32,45.92,1.53,8.23,1.98
57.07,139.34,8.9,52.52,34.8,22.99,0.86,13.35,32.33,2.13,12.21,3.12
56.64,146.7,13.11,58.35,41.43,23.52,1.01,16.25,36.12,3.31,18.45,4.81
59.91,149.81,12.22,63.27,43.32,25.07,1.05,16.63,39.62,2.93,17.29,4.59
71.4,150.7,5.3,49.1,30.11,25.92,0.98,10.47,43.09,2.03,10.45,3.08
61.47,126.86,3.49,39.51,23.68,20.6,0.84,7.69,44.76,1.76,6.16,1.94
59.53,124.78,3.6,44.63,26.49,18.75,0.79,9.57,50.92,1.63,9.03,1.71
53.11,113.07,3.09,40.84,24.05,17.08,0.75,9.65,51.24,1.38,6.57,1.85
62.27,135.91,4.41,48.19,28.94,20.47,0.91,9.33,48.28,2.01,10.48,3.44
54.62,114.81,2.56,40.32,23.3,20.25,0.81,7.54,45.56,1.5,7.9,2.26
50.15,112.36,3.36,41.99,24.83,16.41,0.83,7.47,49.61,1.43,6.17,1.5
43.05,89.8,3.18,31.47,19.08,17.57,0.63,5.79,48.2,0.94,4.01,1.15
44.94,91.88,4.18,39.39,24.13,15.22,0.72,5.82,50.85,1.04,3.64,1.55
43.52,118.3,11.25,44.05,32.35,14.75,0.77,10.51,39.18,1.57,7.6,2.38
42.38,120.61,14.73,44.88,35.01,14.67,0.86,9.2,37.27,1.71,9.53,4.15
49.14,139.55,14.17,51.13,38.23,19.44,0.9,10.1,31.15,2.21,15.4,4.97
42.97,110.65,4.45,39.3,24.29,16.81,0.75,7.55,43.31,1.31,6.62,1.5
35.61,86.24,2.81,29.59,17.69,15.82,0.6,6.07,53.56,0.72,2.68,0.71
39.78,99.47,3.35,35.85,21.56,13.68,0.68,7.12,52.49,1.35,7.38,1.44
43.44,95.6,3.02,30.99,18.74,12.35,0.59,7.72,49.28,0.89,7.07,0.76
44.84,106.84,7.3,39.52,26.63,17.29,0.7,9.74,44.31,1.2,7.43,1.59
43.83,133.09,2.21,32.08,20.1,15.39,0.57,7.94,45.47,1.47,7.29,1.32
36.08,95.82,5.67,31.21,18.75,15.34,0.7,5.92,48.88,0.88,3.81,0.78
43.05,110.15,4.18,43.5,27.32,17.7,0.97,7.8,46.9,1.47,8.91,1.99
44.32,101.87,3.44,37.73,22.67,15.48,0.67,6.11,43.87,1.09,6.34,0.93
33.83,74.91,3.68,31.53,19.53,15.07,0.63,5.28,45.59,0.97,5.2,0.95
31.85,76.51,2.78,32.48,19.38,11.93,0.74,6.11,61.46,0.65,3.29,0.55
43.47,103.29,5.47,41.31,26.17,16.08,0.9,9.18,39.03,1.0,5.56,0.82
47.42,136.63,4.4,37.25,23.1,19.61,0.69,8.04,46.38,1.16,6.38,1.58
38.59,106.87,2.41,29.22,17.35,12.49,0.62,6.25,62.1,0.83,3.35,0.62
48.33,137.04,1.95,32.24,18.72,14.11,0.91,6.97,59.66,1.05,3.85,0.63
42.68,108.84,1.61,27.06,15.7,13.64,0.69,7.04,56.37,0.87,4.3,0.44
47.5,122.16,2.07,33.71,19.55,14.03,0.83,6.22,52.86,1.31,6.64,1.57
36.41,93.09,4.43,32.39,20.82,13.99,0.78,6.42,47.17,1.01,4.99,1.7
42.17,108.46,2.82,31.54,18.88,13.05,0.76,6.99,55.12,1.22,6.48,2.17
37.26,77.09,2.92,31.53,18.61,18.36,0.64,6.76,52.89,1.24,6.75,2.16
48.98,89.05,8.74,33.93,24.38,21.78,0.5,7.78,22.86,3.04,28.66,7.68
53.68,107.41,19.37,44.83,39.13,17.8,0.8,8.2,16.94,4.16,37.37,9.91
67.69,129.23,17.39,37.28,32.15,22.86,0.62,9.16,24.96,5.97,47.79,15.5
63.16,122.8,6.21,38.16,24.9,17.1,0.5,7.78,23.41,2.92,29.8,2.79
56.36,136.25,7.79,42.33,27.18,15.35,0.56,8.43,29.21,4.05,31.53,5.93
65.91,139.95,5.65,39.75,25.24,16.63,0.5,6.99,29.27,3.02,29.46,6.31
64.44,144.33,6.46,40.33,25.58,15.8,0.56,9.45,28.65,3.34,35.14,3.19
60.07,146.71,8.4,46.53,31.0,18.89,0.54,17.26,23.73,5.46,56.11,18.56
56.5,150.65,7.83,48.32,31.61,15.44,0.48,13.82,21.94,4.33,39.8,28.24
52.63,148.36,5.23,43.03,26.79,22.61,0.46,14.89,25.52,3.68,29.56,24.01
54.39,132.24,6.33,42.79,26.64,18.36,0.53,13.5,27.9,3.35,36.12,19.53
58.56,130.27,13.85,46.54,34.65,15.35,0.64,10.8,21.39,4.92,45.43,14.77
54.35,111.45,6.53,36.76,24.31,14.78,0.47,9.08,27.41,4.0,40.2,14.87
53.26,90.41,6.11,32.39,20.97,13.5,0.46,4.76,26.04,2.71,25.89,2.12
58.44,128.56,8.23,47.2,31.47,12.06,0.68,6.19,26.5,3.78,34.82,5.02
61.34,131.27,6.33,44.57,28.44,11.97,0.61,5.23,26.96,2.41,26.89,5.56
66.82,144.33,10.4,51.4,35.41,17.06,0.72,9.47,27.86,3.99,40.01,7.44
67.12,139.91,5.57,45.12,28.2,12.98,0.67,6.04,30.64,3.35,25.37,3.97
67.52,125.13,5.09,46.11,28.34,15.3,0.89,6.88,28.14,3.46,41.47,7.03
60.72,124.74,8.06,45.35,30.25,10.89,0.61,8.39,28.84,3.58,29.89,6.28
48.68,123.62,6.28,47.97,30.17,8.4,0.46,11.76,31.72,3.17,27.27,2.37
57.44,145.22,13.24,60.75,42.38,10.5,0.68,16.45,27.8,6.3,54.43,13.98
56.51,134.88,10.74,46.84,33.18,12.03,0.55,14.29,36.66,6.21,60.02,10.85
56.02,130.4,4.14,46.3,27.61,10.69,0.5,19.41,41.62,5.25,52.36,5.56
57.32,121.32,5.54,47.35,28.61,11.99,0.58,14.14,41.46,5.31,42.2,8.99
56.98,120.91,8.65,47.69,32.11,11.49,0.56,14.98,34.51,4.83,33.6,14.01
50.87,109.17,9.71,45.19,30.38,11.95,0.59,11.42,26.9,3.91,32.09,8.22
59.82,109.93,3.82,35.89,21.32,10.25,0.55,7.39,41.0,1.83,8.74,1.08
64.36,125.75,4.45,42.33,25.9,9.96,0.54,10.52,36.77,2.96,23.02,2.22
69.5,136.07,4.22,44.02,26.57,10.22,0.58,16.11,42.35,3.67,27.46,1.99
61.15,129.81,4.84,44.85,27.54,9.52,0.58,18.58,44.0,3.89,39.61,6.93
62.68,148.54,7.17,50.55,31.73,9.49,0.58,27.46,43.16,5.14,38.79,4.06
66.08,150.01,10.08,56.68,37.98,11.75,0.68,32.99,34.36,6.78,53.46,10.63
67.28,159.01,10.49,60.17,39.93,12.04,0.76,28.68,35.17,6.23,54.91,13.56
58.4,140.37,9.82,52.31,35.35,11.78,0.73,23.55,30.37,4.71,39.56,17.29
46.2,115.57,7.78,45.12,29.83,12.59,0.61,14.26,25.38,4.55,37.94,12.65
63.08,139.98,5.82,44.09,27.7,9.74,0.58,13.92,36.71,3.66,32.4,1.71
66.0,137.89,4.81,46.07,28.06,9.64,0.6,9.72,34.42,2.57,17.72,2.21
71.81,147.11,7.22,47.8,30.04,10.43,0.65,15.7,32.72,4.48,30.82,14.82
72.98,155.13,8.56,53.95,34.44,10.78,0.72,15.99,36.63,4.52,37.53,10.4
69.28,149.67,4.95,50.29,30.48,9.59,0.64,16.75,46.4,3.27,30.13,2.17
63.01,150.75,5.59,53.44,32.61,8.97,0.67,18.36,44.11,4.19,40.63,2.91
69.91,152.94,6.32,59.24,35.57,10.25,0.74,11.85,41.07,3.59,20.25,2.68
73.48,155.16,6.86,59.43,36.14,11.11,0.77,8.85,43.73,3.45,15.27,2.45
72.26,153.14,11.19,65.02,43.12,11.13,0.81,14.12,34.93,5.26,36.89,4.64
67.69,145.96,7.06,56.72,34.75,10.92,0.67,20.32,40.48,5.29,41.06,12.75
69.94,147.06,6.95,56.11,35.06,10.94,0.72,13.09,35.54,3.57,27.45,6.58
71.17,145.82,7.24,52.98,33.02,12.06,0.74,9.29,34.25,3.22,20.7,2.28
74.62,145.29,5.43,48.78,30.02,12.31,0.75,7.79,36.37,3.01,16.07,2.53
77.72,147.65,6.32,47.55,29.22,12.49,0.76,8.53,37.26,3.19,21.43,5.61
67.3,118.13,3.28,40.48,24.04,11.3,0.7,5.66,33.84,2.13,9.26,0.87
62.87,111.3,5.26,41.39,25.89,11.58,0.74,4.21,29.75,2.39,12.49,1.53
61.66,92.8,3.74,32.11,19.87,11.09,0.64,4.65,31.2,2.35,12.22,1.01
76.14,122.93,4.44,34.16,20.56,12.1,0.71,4.23,36.84,2.47,9.73,1.3
78.36,131.2,4.34,33.76,20.26,9.87,0.74,5.66,36.66,1.63,7.35,0.59
77.94,132.25,4.06,30.74,18.63,10.81,0.63,5.63,36.29,1.29,6.15,0.91
76.22,145.09,4.87,39.51,24.48,13.3,0.73,7.25,31.26,2.8,19.03,10.42
74.78,134.84,3.74,36.07,21.92,11.93,0.68,5.85,36.7,2.23,11.58,2.9
74.19,123.7,3.87,37.39,22.72,11.45,0.67,4.46,34.73,2.4,13.27,1.86
74.48,119.8,4.96,41.82,25.98,13.69,0.8,6.86,24.87,3.65,27.29,2.03
75.15,134.26,4.81,38.42,24.05,12.75,0.62,13.68,37.42,3.48,29.08,0.95
76.15,149.24,4.2,39.24,23.25,11.76,0.61,16.29,49.21,4.19,29.84,7.28
59.61,95.42,3.61,33.95,20.68,10.46,0.53,12.91,34.28,3.79,25.71,4.7
55.1,107.95,6.18,48.47,30.3,10.79,0.64,12.56,27.57,3.25,34.17,9.43
72.66,139.71,5.48,52.59,31.84,13.22,0.67,10.82,36.75,3.49,30.97,6.86
78.01,138.69,5.23,41.45,25.43,16.4,0.68,7.12,42.72,2.6,17.11,4.8
76.81,154.46,3.25,44.67,25.96,13.72,0.68,10.6,34.26,3.67,25.64,7.54
73.18,149.61,3.91,46.1,26.91,12.02,0.61,8.93,43.56,3.39,25.34,2.22
67.91,119.15,5.14,36.25,23.04,12.18,0.69,6.85,39.08,1.84,11.39,1.27
68.06,134.16,7.16,38.87,25.8,13.96,0.63,10.27,28.38,2.61,19.67,9.82
64.1,138.43,6.93,44.84,28.62,13.36,0.62,16.12,36.78,3.63,25.25,22.15
68.76,140.93,6.88,44.93,28.59,13.17,0.62,20.66,45.65,4.24,34.16,11.18
71.7,142.41,7.93,45.42,29.77,14.25,0.67,17.59,44.23,3.83,29.95,1.78
65.24,136.91,10.12,52.86,35.35,12.52,0.7,19.97,38.19,4.51,31.48,3.94
66.79,143.42,15.13,63.82,45.22,13.84,0.94,22.51,31.99,5.59,38.44,4.12
71.55,153.99,19.02,67.44,50.15,14.81,1.03,13.44,33.44,3.7,21.41,3.35
69.7,146.69,17.18,67.01,48.67,17.38,0.97,13.01,32.47,3.85,29.59,6.34
75.25,158.34,13.81,63.58,44.19,18.99,0.88,12.51,34.39,3.3,19.38,4.87
73.03,140.13,7.3,50.4,32.05,17.23,0.78,8.17,40.43,2.17,10.09,1.25
77.71,153.78,6.07,40.96,26.12,18.85,0.73,6.61,46.03,2.14,8.52,0.97
76.5,157.71,11.3,49.16,34.49,17.3,0.76,9.93,40.13,3.22,20.89,4.08
73.78,165.61,14.97,62.35,44.33,20.56,0.92,15.09,27.73,4.47,39.4,14.59
74.7,164.93,18.53,71.55,51.58,18.51,0.94,24.2,28.57,6.74,51.33,16.8
75.43,161.34,9.06,64.0,40.41,19.24,0.82,15.91,34.38,4.14,26.42,6.54
75.77,143.85,3.95,47.6,27.71,20.95,0.74,6.42,39.24,2.5,14.29,1.66
78.62,146.0,3.45,39.74,23.07,21.51,0.68,5.24,40.02,2.27,9.16,1.25
72.03,120.93,3.27,37.2,22.02,19.45,0.62,4.84,40.0,1.79,7.86,0.74
74.37,132.9,3.09,39.21,23.01,19.81,0.66,5.55,37.84,2.17,8.85,0.99
75.13,145.13,3.24,42.04,24.66,23.37,0.75,10.91,35.6,3.68,26.28,4.9
75.55,150.46,4.44,44.72,27.09,22.12,0.74,13.59,35.82,3.4,23.92,2.85
73.51,156.89,7.91,57.06,35.9,22.61,0.83,9.96,30.21,3.69,34.31,6.64
75.34,154.77,5.36,53.23,31.9,23.79,0.78,9.28,30.69,3.26,25.86,5.06
78.12,159.37,4.02,51.49,30.41,22.85,0.72,11.05,31.88,3.2,23.24,2.45
70.0,148.16,6.89,58.07,36.2,20.39,0.76,11.84,29.49,3.67,32.62,10.7
66.4,129.97,4.63,46.24,28.09,19.07,0.68,6.44,33.19,2.46,12.2,1.3
47.29,93.9,5.79,33.37,21.82,15.8,0.46,5.3,32.82,1.24,6.16,0.75
60.93,106.81,2.98,37.74,22.14,18.07,0.53,4.71,33.93,1.64,9.02,0.84
59.22,112.52,4.03,40.03,23.4,18.59,0.58,5.47,29.43,1.58,7.54,0.91
71.62,104.9,5.27,38.41,24.51,17.74,0.62,10.45,18.86,4.28,35.42,1.06
64.42,114.66,5.12,39.62,24.96,17.1,0.54,12.83,29.15,4.02,35.12,0.87
55.6,118.88,4.74,49.58,29.88,15.05,0.57,16.51,33.69,3.79,32.83,1.78
63.8,121.95,5.22,51.35,31.26,17.81,0.66,9.26,29.69,2.71,17.9,7.33
66.44,115.34,3.97,45.36,27.13,17.81,0.64,5.43,34.07,2.09,11.14,1.66
62.22,117.17,3.93,47.27,28.11,16.59,0.64,6.77,29.72,2.03,13.09,1.43
60.26,107.15,3.47,41.85,24.88,17.74,0.59,5.07,34.63,1.89,10.08,1.4
63.75,115.35,3.44,42.48,25.0,18.18,0.64,5.28,38.6,1.94,7.39,2.79
63.26,120.36,3.35,45.85,26.85,16.95,0.67,7.07,38.11,2.34,11.62,1.41
68.06,130.57,4.64,45.84,27.64,17.45,0.71,6.27,34.76,1.91,12.52,1.36
58.46,110.45,2.62,35.49,20.66,16.3,0.54,6.17,40.27,1.18,5.4,0.53
58.24,133.58,8.67,48.41,32.58,14.22,0.64,10.22,29.95,2.11,18.41,10.15
55.67,157.47,7.5,43.21,28.81,15.07,0.59,13.22,35.28,3.19,31.91,19.0
58.82,162.47,3.61,39.43,22.94,17.78,0.54,28.83,34.46,2.59,26.09,1.17
58.64,119.01,2.34,35.55,20.66,19.22,0.57,7.38,32.49,1.76,11.69,0.82
64.14,119.19,3.96,46.13,27.17,15.79,0.63,5.18,30.71,1.79,7.94,1.05
64.94,137.41,3.93,56.54,33.09,13.74,0.65,6.0,29.39,2.02,10.03,1.62
62.79,128.51,5.08,47.79,29.37,16.03,0.68,4.32,35.52,1.79,8.47,0.98
38.84,86.91,3.95,38.74,23.07,13.93,0.54,3.41,28.5,0.94,4.27,0.39
45.12,94.43,4.42,44.87,27.3,18.23,0.55,6.81,26.53,2.15,18.63,6.75
65.14,136.33,10.09,51.92,34.94,19.36,0.73,9.02,34.67,3.47,28.29,3.58
55.8,113.45,4.0,38.85,23.75,14.51,0.56,5.59,31.04,1.73,11.39,1.13
57.13,133.36,4.92,51.31,31.15,17.74,0.71,6.7,32.58,2.0,16.22,2.49
46.64,104.32,4.04,39.75,24.27,12.82,0.57,5.81,33.16,1.54,11.14,5.77
54.83,136.81,5.65,46.58,28.73,16.45,0.58,11.07,28.01,4.61,31.48,6.78
57.06,126.1,5.27,44.72,27.78,19.6,0.62,11.17,25.47,3.11,31.11,16.59
50.34,127.96,3.77,37.89,23.07,14.67,0.52,9.8,29.24,2.25,24.56,5.3
55.59,129.12,5.27,45.3,27.68,14.27,0.6,9.83,26.37,1.95,16.23,4.16
59.27,160.94,4.66,42.82,26.36,13.75,0.64,14.57,26.83,3.46,36.86,16.9
62.5,160.54,6.31,51.51,32.23,20.35,0.74,20.09,32.22,4.28,45.07,16.55
66.8,166.23,9.08,57.64,37.6,23.55,0.88,23.3,36.21,6.73,58.97,15.98
66.34,154.68,4.56,45.68,27.4,19.37,0.67,13.99,32.16,3.23,28.93,6.32
49.68,118.38,5.08,39.57,24.61,15.47,0.62,5.59,26.07,1.54,11.43,1.71
45.2,108.68,5.39,32.1,21.43,14.75,0.44,4.96,26.28,0.92,5.87,0.62
41.23,112.41,3.02,30.87,18.66,10.46,0.5,5.42,35.6,1.14,7.24,0.95
41.63,110.33,3.87,34.6,20.9,10.64,0.44,7.95,32.13,1.28,9.19,7.52
48.94,121.89,4.66,35.69,22.04,14.58,0.57,9.87,32.17,1.41,9.95,4.2
39.06,110.0,3.66,31.2,18.97,12.57,0.71,5.68,33.27,1.73,6.18,0.67
43.36,111.13,3.68,37.47,22.74,13.78,0.73,6.14,31.37,1.74,15.13,1.45
50.52,118.89,3.99,36.62,22.14,14.17,0.69,7.32,34.52,1.83,14.78,1.22
50.06,117.86,4.11,38.91,23.8,13.23,0.71,7.35,34.56,1.8,9.53,1.31
51.5,123.44,5.91,40.1,25.55,14.37,0.74,7.21,31.57,2.18,15.13,2.13
48.51,115.06,4.51,36.61,22.44,15.65,0.65,6.45,34.62,1.86,12.88,2.49
55.2,136.99,3.57,40.49,24.28,15.37,0.74,9.55,36.1,2.24,19.35,2.02
59.8,146.25,5.28,47.46,28.9,17.95,0.79,10.09,37.07,2.41,18.76,2.01
59.21,140.7,3.97,37.75,22.57,16.4,0.81,7.18,41.34,1.83,11.34,1.41
48.49,137.92,2.93,34.71,20.48,19.61,0.71,5.63,38.94,1.39,8.01,2.78
37.8,115.93,5.39,36.39,22.71,15.9,0.56,7.18,36.69,3.26,13.07,4.72
43.82,119.4,4.29,35.96,22.45,16.27,0.59,6.48,40.44,1.94,13.25,1.6
45.6,116.3,4.55,34.95,22.16,16.25,0.67,5.57,36.41,1.88,11.7,0.97
39.01,104.02,4.71,32.84,21.16,14.24,0.58,5.26,34.99,1.52,9.57,1.03
41.0,102.32,4.6,41.38,25.55,12.37,0.67,8.61,37.66,2.18,15.01,2.32
39.47,111.85,3.88,34.63,20.98,12.53,0.55,7.05,47.0,1.67,12.24,4.77
36.16,98.68,4.14,34.65,21.2,11.81,0.65,4.87,49.41,1.69,14.14,0.87
43.87,116.45,3.31,30.94,18.98,13.17,0.6,5.83,61.91,1.65,11.53,0.79
51.92,134.45,4.83,37.2,23.05,15.48,0.71,6.0,54.12,1.8,14.25,1.71
41.82,112.97,3.04,27.4,16.87,11.89,0.6,7.03,46.78,1.21,9.22,2.56
39.66,98.53,3.67,26.75,16.3,12.63,0.63,6.19,48.48,1.25,5.41,0.55
38.41,141.06,3.1,26.61,16.47,10.86,0.49,8.07,41.64,1.29,7.24,5.07
36.05,146.83,1.46,23.87,13.67,16.18,0.43,9.12,47.23,1.3,4.57,2.54
32.12,123.19,1.55,25.55,14.72,20.57,0.48,11.55,42.01,1.0,5.53,4.19
36.53,126.81,3.4,32.84,20.05,27.01,0.53,12.2,36.18,2.19,10.37,6.5
43.68,135.12,6.78,41.05,26.43,22.07,0.8,13.57,33.27,4.06,26.06,6.63
52.95,152.18,13.86,54.4,39.49,19.48,1.08,12.38,33.49,6.25,35.39,12.32
47.23,152.96,5.38,42.65,26.82,20.71,0.78,11.17,39.92,5.02,33.18,8.48
46.82,139.1,7.03,40.85,27.2,21.34,0.76,11.69,35.35,4.91,33.17,11.33
46.39,139.05,9.34,44.32,30.85,21.97,0.8,16.44,35.22,5.89,42.79,11.86
48.29,136.64,1.98,27.81,16.23,20.92,0.72,9.88,47.78,3.01,28.16,5.02
37.24,95.62,1.63,24.18,13.98,16.92,0.59,5.39,52.22,1.34,9.3,1.8
41.34,108.46,2.28,26.81,15.97,16.18,0.62,6.61,52.29,1.82,13.6,5.55
42.5,110.8,2.31,28.26,16.76,14.87,0.63,5.83,45.58,1.76,13.49,3.06
43.35,123.1,2.41,25.97,15.54,15.96,0.59,7.43,42.46,2.35,23.06,6.91
48.5,144.54,3.83,29.47,18.66,16.88,0.63,10.74,37.63,2.44,21.82,6.62
55.84,158.9,7.38,39.35,26.81,16.8,0.84,13.51,40.31,4.49,34.93,6.16
48.9,124.74,1.7,22.09,12.98,16.66,0.58,6.3,52.92,1.81,11.18,1.06
43.6,114.83,2.23,20.39,12.46,13.28,0.5,5.97,53.16,4.23,7.83,0.62
36.78,94.33,1.8,22.19,13.11,12.62,0.51,6.41,56.64,3.96,9.83,2.26
44.73,111.01,1.73,21.49,12.57,12.13,0.53,5.38,53.87,1.07,6.1,0.39
46.56,128.82,5.68,33.57,22.03,12.5,0.68,7.62,41.11,1.99,12.41,3.25
49.91,144.06,7.15,44.65,29.48,16.25,0.82,9.65,36.25,3.46,19.3,3.48
41.93,124.03,3.57,32.43,19.84,19.38,0.56,7.74,38.17,1.71,13.43,1.96
41.88,128.79,2.92,33.95,20.36,17.33,0.6,5.92,42.15,1.41,10.47,1.26
52.22,148.7,3.2,41.52,24.53,18.68,0.79,7.43,47.71,2.68,20.27,4.26
42.3,120.31,2.69,23.98,14.72,16.58,0.56,6.04,55.34,1.07,6.02,0.57
39.47,107.63,1.69,24.28,14.16,12.37,0.59,4.32,48.05,1.17,6.15,0.47
44.33,127.37,3.35,30.78,19.0,11.35,0.66,5.89,42.0,1.62,12.26,1.63
35.67,104.77,1.72,23.98,14.13,13.39,0.43,4.84,52.02,0.9,5.41,0.38
48.12,94.64,5.5,27.32,16.0,8.62,0.63,2.7,17.79,1.31,9.73,3.08
64.09,94.5,5.52,24.01,15.71,11.32,0.59,5.25,20.95,0.64,3.3,0.28
84.85,157.6,6.75,36.15,23.28,23.37,0.75,13.54,28.26,0.78,6.2,0.48
84.0,155.75,8.64,35.47,24.61,20.55,0.85,9.23,27.88,0.83,9.49,0.49
70.7,125.56,4.46,27.89,17.71,15.01,0.65,6.2,31.05,0.62,5.76,0.22
69.8,129.17,8.51,29.95,21.6,15.53,0.71,7.62,28.77,0.83,6.51,0.27
81.35,146.94,4.9,29.9,19.58,15.9,0.67,9.4,32.63,0.79,6.0,0.26
72.38,133.78,3.52,28.07,17.44,12.72,0.57,11.76,38.45,0.81,4.98,1.41
60.06,122.21,5.61,30.62,20.55,11.9,0.64,6.83,27.21,0.74,6.35,0.29
56.27,111.69,4.11,27.67,17.74,11.32,0.48,8.28,32.11,0.64,5.76,0.25
62.64,120.38,4.36,32.29,20.36,10.87,0.55,7.01,34.16,0.96,8.01,0.37
67.77,124.6,4.17,28.91,18.43,11.7,0.6,5.57,34.65,1.98,18.87,0.36
69.15,130.32,4.1,34.06,21.15,12.01,0.67,6.04,30.76,2.15,17.02,0.84
66.42,134.25,4.52,33.39,20.91,12.6,0.67,6.42,30.5,3.29,25.61,0.66
70.79,135.59,3.95,30.37,18.84,13.55,0.66,11.76,34.73,4.22,30.21,4.54
76.03,153.76,3.46,35.4,21.34,15.46,0.71,13.24,41.27,4.76,30.77,2.68
82.72,159.66,3.29,32.85,19.65,15.59,0.68,9.84,44.86,5.01,30.64,6.97
84.11,153.06,3.88,38.32,23.25,13.49,0.69,6.29,35.3,3.6,19.66,2.09
78.63,137.03,5.37,38.44,24.57,10.53,0.7,4.59,30.22,2.58,13.84,2.11
76.7,143.27,5.09,40.26,25.3,11.35,0.76,5.68,29.72,2.85,16.56,1.84
75.82,146.29,7.29,42.14,28.07,13.8,0.77,9.06,26.43,3.94,25.89,10.22
80.31,147.9,6.13,38.39,25.13,14.89,0.79,6.99,30.62,3.31,21.64,9.46
86.18,152.32,3.74,35.5,20.55,12.62,0.72,7.34,32.54,2.06,12.21,0.99
80.88,147.41,3.03,31.01,15.71,11.0,0.7,6.09,32.79,1.69,10.41,0.7
71.3,141.73,4.68,38.76,20.13,10.22,0.85,5.83,28.08,2.78,17.32,3.6
74.49,141.9,8.62,49.64,30.01,13.02,0.88,7.11,27.41,3.02,17.04,6.68
62.42,117.76,7.57,44.76,29.05,16.02,0.79,5.44,28.58,1.51,9.39,0.5
63.81,129.5,6.0,40.93,26.28,17.83,0.79,5.9,24.91,2.6,14.28,1.86
61.97,115.41,7.3,32.04,22.23,14.62,0.7,5.92,23.4,5.02,24.32,6.33
79.37,134.99,7.67,38.31,25.8,14.17,0.81,5.55,30.71,2.21,10.15,0.45
82.44,152.49,10.1,47.96,32.55,15.47,0.92,8.32,27.09,2.88,18.28,0.69
85.82,164.16,11.81,46.9,32.85,15.81,0.86,8.61,30.81,3.19,23.71,5.16
83.29,152.67,10.13,49.14,33.08,14.05,0.82,6.63,33.25,2.05,12.27,0.78
67.07,126.99,10.2,42.75,29.65,14.96,0.83,5.88,27.28,2.53,14.6,4.29
57.77,111.21,9.93,41.58,28.47,16.72,0.89,5.62,24.99,1.58,8.23,0.29
58.14,116.77,12.36,43.91,31.49,14.78,0.86,6.12,24.18,2.83,21.08,4.2
64.73,122.45,14.33,45.83,36.44,14.38,0.92,5.73,26.62,2.04,12.16,2.33
55.77,109.27,10.17,44.15,30.6,13.92,0.78,5.58,23.84,1.89,11.47,0.46
69.16,129.71,13.06,45.94,33.48,17.47,0.84,6.06,24.37,1.48,9.42,0.3
75.72,146.93,16.08,48.4,37.04,19.48,0.91,6.88,24.3,2.0,12.35,3.88
75.66,147.41,12.24,45.84,32.73,17.5,0.92,5.69,25.57,0.97,5.65,0.18
78.86,152.23,15.73,52.39,38.9,17.39,1.0,8.96,25.49,1.18,9.52,0.32
82.1,156.27,14.3,45.79,33.96,18.8,0.84,7.61,31.18,1.01,6.8,0.34
77.15,141.72,9.68,41.34,28.6,19.15,0.66,6.27,28.57,1.12,5.17,0.72
74.42,132.56,8.99,41.57,28.3,16.81,0.73,5.84,30.37,1.17,6.71,0.52
62.38,109.07,8.67,34.51,24.29,14.8,0.63,5.24,32.49,0.64,3.59,0.07
72.06,123.2,8.46,33.0,23.25,14.82,0.74,4.73,34.33,0.56,2.35,0.05
62.79,114.8,9.47,33.93,24.52,13.26,0.75,5.43,29.67,0.62,3.18,0.05
56.3,119.06,10.23,36.66,26.15,13.04,0.73,6.89,26.83,0.68,3.52,0.04
73.73,141.13,10.37,39.62,28.11,13.24,0.72,14.5,31.39,0.59,5.07,0.08
80.23,149.05,11.11,44.53,31.18,13.85,0.79,10.51,32.58,0.84,4.6,0.09
72.02,127.34,11.1,36.32,26.86,13.41,0.81,6.71,36.01,0.66,1.69,0.02
47.37,82.17,8.73,30.94,22.41,14.24,0.68,5.25,30.96,0.68,1.91,0.04
64.52,113.98,10.67,34.05,24.59,15.44,0.57,17.49,29.06,0.59,3.64,0.06
56.86,101.12,9.19,36.85,25.69,13.85,0.75,11.39,26.58,0.54,2.94,0.08
74.35,129.65,8.75,29.58,21.49,16.41,0.52,8.8,30.67,0.49,4.03,0.03
74.55,141.86,10.9,41.69,29.49,16.45,0.62,13.04,29.76,0.73,4.92,0.08
67.37,137.74,13.05,42.49,30.97,17.71,0.57,14.43,29.52,0.67,3.21,0.17
65.69,135.4,12.77,46.15,33.07,17.95,0.61,11.57,32.27,0.82,6.51,0.27
72.24,139.44,4.8,40.97,25.37,23.48,0.63,5.04,41.27,0.47,2.26,0.08
50.23,86.93,2.88,25.29,15.62,20.92,0.42,4.35,36.53,0.42,1.55,0.09
56.38,115.76,11.39,43.87,31.09,18.33,0.62,6.51,23.8,0.27,2.8,0.1
63.09,128.53,16.57,49.49,37.99,19.87,0.66,7.58,21.9,0.37,3.09,0.12
67.01,141.41,16.44,47.05,36.22,22.15,0.7,9.29,24.01,0.36,3.1,0.12
62.52,138.48,16.82,43.0,34.1,22.36,0.63,8.08,26.27,0.32,2.77,0.16
57.99,119.51,14.41,38.53,30.46,22.01,0.56,7.35,29.09,0.28,2.18,0.08
51.37,105.71,11.61,29.77,23.94,22.99,0.45,9.14,36.31,0.24,2.23,0.08
58.15,132.5,12.15,38.77,28.53,27.52,0.56,12.66,27.33,0.34,3.83,0.28
68.2,149.58,15.2,36.66,29.56,24.9,0.57,12.68,32.23,0.3,2.88,0.08
59.22,131.21,15.5,38.18,30.84,31.58,0.47,8.72,33.28,0.15,1.26,0.0
61.85,130.5,14.13,43.3,32.56,17.28,0.6,9.22,28.73,1.6,9.64,0.37
74.29,149.4,27.33,60.15,52.12,20.31,0.85,19.3,25.32,3.4,31.35,1.27
66.96,142.86,28.85,57.58,51.8,22.58,0.8,13.19,27.56,3.77,29.6,1.27
65.61,134.24,17.31,43.19,34.66,25.29,0.56,11.81,34.95,1.8,16.12,0.74
59.75,138.05,18.42,44.99,35.83,24.82,0.63,10.93,29.88,1.65,11.19,0.35
45.93,120.32,13.0,47.25,33.53,23.78,0.57,14.12,29.11,1.47,11.44,1.63
49.6,116.05,12.41,44.57,32.04,26.32,0.58,8.36,32.27,1.38,8.41,1.07
55.84,134.28,12.79,34.26,26.33,21.99,0.51,12.79,34.42,0.96,11.94,0.07
38.49,108.25,9.06,33.43,23.77,16.36,0.41,10.07,36.84,0.88,10.68,0.0
46.51,109.13,10.5,29.56,22.73,20.08,0.52,8.82,26.06,2.23,8.69,0.77
57.23,135.4,11.81,37.61,27.67,22.86,0.64,11.83,29.33,4.14,24.47,7.99
38.0,85.6,9.58,20.45,16.82,11.33,0.49,6.38,26.93,2.88,22.98,4.11
36.62,134.25,5.97,31.45,20.28,30.92,0.44,10.5,29.47,2.33,20.02,3.44
31.59,118.03,7.65,33.69,22.31,29.77,0.43,11.4,32.1,2.6,18.13,3.68
39.91,137.19,7.64,38.9,25.41,13.84,0.68,8.55,28.72,4.92,39.42,4.6
44.09,147.59,6.29,35.83,22.82,16.26,0.62,8.65,35.2,3.68,29.38,3.02
41.03,124.09,5.05,26.38,17.02,14.07,0.52,6.61,43.37,1.79,14.76,1.95
33.07,97.27,5.23,22.72,15.57,18.83,0.44,5.94,38.23,1.02,5.27,0.38
70.1,75.55,10.55,6.16,32.30912333307031,8.17,0.81,9.02,13.83,0.0,0.26,3.0701278234985114
67.5,93.8,10.29,2.98,32.30912333307031,5.1,0.71,9.26,38.19,0.0,0.33,3.0701278234985114
68.1,101.47,0.99,10.53,32.30912333307031,6.36,0.56,9.37,1.17,0.0,0.13,3.0701278234985114
60.61,80.86,1.71,10.05,32.30912333307031,6.59,0.64,9.14,1.22,0.0,0.1,3.0701278234985114
81.08,120.51,0.44,11.14,32.30912333307031,4.73,1.8,9.74,2.18,3.280840304500585,8.700972080037227,3.0701278234985114
41.86,0.42,17.574729662029362,28.560659061126955,32.30912333307031,23.48347601937197,1.46,9.54,1.54,3.280840304500585,8.700972080037227,3.0701278234985114
43.26,113.04,12.44,24.5,32.30912333307031,21.13,0.13,4.06,11.12,0.0,0.18,3.0701278234985114
31.91,95.79,10.94,21.16,32.30912333307031,22.46,0.23,12.47,16.37,0.0,0.17,3.0701278234985114
63.95,175.36,7.92,24.65,32.30912333307031,17.15,0.69,9.57,24.42,0.87,0.84,3.0701278234985114
68.29,190.23,7.4,24.79,32.30912333307031,16.99,0.61,11.2,15.58,0.0,0.07,3.0701278234985114
82.07,214.16,7.84,24.63,32.30912333307031,17.14,0.62,6.66,17.93,0.0,0.03,3.0701278234985114
72.83,162.79,7.5,24.76,32.30912333307031,16.97,0.68,6.61,18.09,0.0,0.06,3.0701278234985114
60.86,120.88,9.21,24.55,32.30912333307031,17.76,0.81,5.52,17.38,0.0,0.35,3.0701278234985114
50.6,116.45,6.38,28.04,32.30912333307031,17.46,0.74,12.26,17.53,0.0,0.35,3.0701278234985114
44.02,95.86,2.96,31.2,32.30912333307031,16.89,0.68,6.76,18.32,0.0,0.16,3.0701278234985114
39.21,122.7,2.55,30.34,32.30912333307031,16.44,0.8,5.46,23.83,3.280840304500585,8.700972080037227,3.0701278234985114
43.4,123.6,2.68,30.61,32.30912333307031,16.53,0.57,5.54,24.37,3.280840304500585,8.700972080037227,3.0701278234985114
67.45057794890306,118.12710293078135,17.574729662029362,28.560659061126955,32.30912333307031,23.48347601937197,0.0,14.53197725590996,34.49143047551845,0.0,0.0,3.0701278234985114
34.1,105.38,2.58,30.39,32.30912333307031,16.45,0.61,8.53,22.05,0.0,0.04,3.0701278234985114
28.79,107.75,2.42,26.11,32.30912333307031,15.14,0.86,9.26,20.16,0.0,0.09,3.0701278234985114
25.35,73.02,4.4,26.68,32.30912333307031,17.11,0.64,9.02,36.12,0.8,0.99,3.0701278234985114
22.64,62.19,4.24,25.78,32.30912333307031,16.8,0.55,9.18,172.28,0.0,0.07,3.0701278234985114
22.13,129.39,4.34,26.03,32.30912333307031,16.89,0.55,9.04,109.72,0.0,0.02,3.0701278234985114
20.83,107.61,4.51,27.81,32.30912333307031,17.44,0.19,8.67,22.04,3.280840304500585,8.700972080037227,3.0701278234985114
26.72,119.22,4.96,28.13,32.30912333307031,17.73,0.23,9.36,19.97,3.280840304500585,8.700972080037227,3.0701278234985114
31.5,134.85,4.93,29.7,32.30912333307031,18.13,0.26,8.51,17.19,3.280840304500585,8.700972080037227,3.0701278234985114
27.4,127.1,4.85,29.02,32.30912333307031,17.95,0.24,8.97,16.84,0.0,0.43,3.0701278234985114
29.31,141.03,4.7,29.37,32.30912333307031,17.99,0.24,8.75,34.49143047551845,0.0,0.48,3.0701278234985114
29.82,134.31,4.39,28.04,32.30912333307031,17.44,0.2,9.65,34.49143047551845,0.0,0.2,3.0701278234985114
27.27,119.65,4.35,27.34,32.30912333307031,17.24,0.18,9.76,42.69,0.0,0.08,3.0701278234985114
24.81,100.32,4.3,27.2,32.30912333307031,17.16,0.2,9.68,43.17,0.0,0.22,3.0701278234985114
32.23,129.25,5.1,29.45,32.30912333307031,18.16,0.32,9.55,37.53,0.01,0.92,3.0701278234985114
38.06,159.03,4.67,29.1,32.30912333307031,17.77,0.2,8.75,37.34,0.02,0.96,3.0701278234985114
42.42,166.8,4.5,29.0,32.30912333307031,17.74,0.21,9.01,36.74,0.0,0.38,3.0701278234985114
36.33,158.2,4.4,28.37,32.30912333307031,17.5,0.22,9.91,37.68,0.0,0.13,3.0701278234985114
38.83,166.38,4.89,31.45,32.30912333307031,18.54,0.31,9.28,34.34,0.0,0.64,3.0701278234985114
30.51,138.75,6.44,32.22,32.30912333307031,18.73,0.94,13.22,23.59,0.01,0.7,3.0701278234985114
37.34,147.92,7.94,41.96,32.30912333307031,46.08,0.86,10.57,28.72,1.39,1.73,3.0701278234985114
37.63,123.45,12.0,42.54,32.30912333307031,64.55,0.7,7.96,34.49143047551845,0.0,0.21,3.0701278234985114
58.92,103.16,11.7,38.77,32.30912333307031,52.22,0.21,7.01,38.96,0.0,0.1,3.0701278234985114
66.73,121.45,14.64,48.71,32.30912333307031,66.3,0.25,7.87,51.03,0.0,0.61,3.0701278234985114
50.59,93.76,17.51,47.48,32.30912333307031,64.77,0.16,6.44,1.59,0.0,0.34,3.0701278234985114
78.87,135.61,19.56,54.73,32.30912333307031,84.46,0.23,7.86,1.55,0.0,0.64,3.0701278234985114
92.75,156.57,18.29,58.87,32.30912333307031,86.2,0.3,7.31,1.55,0.0,1.01,3.0701278234985114
60.15,103.81,14.39,49.69,32.30912333307031,69.51,0.25,7.28,1.11,0.0,0.31,3.0701278234985114
72.27,126.14,15.92,54.68,32.30912333307031,76.06,0.23,7.12,1.68,0.0,0.49,3.0701278234985114
91.49,168.86,17.84,60.61,51.05,87.28,0.25,7.76,2.42,0.0,0.92,3.0701278234985114
67.43,49.68,12.37,46.53,35.78,64.25,0.17,6.82,2.07,0.0,0.24,3.0701278234985114
82.3,136.85,12.2,45.85,35.25,67.27,0.24,8.63,0.67,0.0,0.22,3.0701278234985114
90.96,137.4,11.93,44.42,34.28,62.2,0.24,8.71,0.43,0.0,0.23,3.0701278234985114
64.19,157.92,8.88,32.33,25.84,25.33,0.61,6.12,31.08,2.89,8.61,3.0701278234985114
73.93,169.87,12.75,29.67,36.92,25.34,0.6,7.73,44.67,3.08,7.86,3.0701278234985114
70.41,149.33,16.66,27.97,45.42,24.28,0.85,6.77,85.91,4.4,17.93,3.0701278234985114
88.45,192.4,6.0,37.92,37.63,22.19,0.75,7.56,114.57,3.45,13.59,3.0701278234985114
77.68,179.69,15.68,55.5,66.96,33.91,0.64,6.02,67.79,3.22,12.63,3.0701278234985114
84.21,152.03,8.64,22.51,28.69,12.62,0.68,5.15,100.59,3.85,6.38,3.0701278234985114
90.76,159.11,3.33,25.04,23.64,11.45,0.54,7.96,89.14,2.0,5.29,3.0701278234985114
63.22,121.42,4.38,39.4,31.51,19.82,0.51,7.95,51.15,2.04,2.45,3.0701278234985114
66.56,138.6,10.86,44.86,43.67,14.82,0.19,9.49,50.67,2.88,2.22,3.0701278234985114
76.04,165.07,30.6,57.6,70.95,19.37,0.08,10.31,55.99,5.36,4.68,3.0701278234985114
82.61,153.87,15.21,29.33,27.11,18.73,0.0,10.06,65.1,3.42,5.2,3.0701278234985114
84.81,178.79,16.03,26.92,17.66,14.8,0.0,10.8,69.44,5.1,6.71,3.0701278234985114
89.74,195.03,24.49,26.37,23.45,16.35,0.0,6.13,52.89,8.93,7.89,3.0701278234985114
72.32,142.66,10.58,21.7,11.05,14.88,0.0,6.87,76.32,3.2,8.9,3.0701278234985114
52.64,104.96,5.95,19.59,6.04,22.44,0.0,7.74,83.65,2.19,0.9,3.0701278234985114
52.76,103.23,8.86,20.25,7.96,21.95,0.0,3.32,28.16,3.53,1.09,3.0701278234985114
69.9,162.87,11.36,12.72,12.71,17.79,0.0,10.11,48.42,8.17,0.97,3.0701278234985114
50.09,122.76,7.31,11.7,9.39,15.82,0.0,12.86,53.42,5.03,0.79,3.0701278234985114
85.99,233.77,15.53,4.9,20.4,18.55,0.0,13.65,29.52,13.64,8.700972080037227,3.0701278234985114
67.74,157.34,18.21,38.79,20.68,18.16,0.0,10.35,20.26,8.07,2.88,3.0701278234985114
48.39,114.04,14.66,27.05,15.07,13.97,0.0,11.87,43.46,1.98,1.49,3.0701278234985114
50.68,143.67,56.27,39.61,32.12,24.43,0.0,9.47,43.65,10.57,6.25,3.0701278234985114
70.37,145.27,58.21,48.02,19.04,23.84,0.0,7.95,51.36,6.13,6.06,3.0701278234985114
60.28,139.44,28.68,42.35,24.54,26.06,0.0,12.47,42.49,6.13,4.96,3.0701278234985114
75.44,194.31,51.83,26.19,15.77,61.28,0.0,11.31,42.85,8.78,8.26,3.0701278234985114
65.88,169.41,40.39,48.94,44.81,13.34,0.0,11.57,54.47,6.02,12.16,3.0701278234985114
68.64,203.76,8.84,48.01,27.74,18.14,0.0,17.52,70.86,2.94,4.54,3.0701278234985114
81.93,167.95,7.82,34.78,21.26,24.48,0.0,12.93,59.4,3.33,2.38,3.0701278234985114
87.46,168.34,13.69,69.13,41.07,25.52,0.0,9.67,44.31,5.44,14.2,3.0701278234985114
70.3,148.31,8.61,58.29,36.34,19.83,0.0,16.11,32.07,4.06,6.89,3.0701278234985114
78.86,186.29,37.04,76.84,56.41,31.07,0.0,15.68,39.68,8.06,18.63,3.0701278234985114
89.46,193.76,32.47,69.36,51.81,27.98,0.0,11.92,60.8,6.47,11.0,3.0701278234985114
96.1,204.94,59.36,73.96,54.8,48.84,0.0,23.61,43.56,3.82,10.34,3.0701278234985114
83.29,177.58,33.6,27.88,31.18,42.31,0.0,12.79,49.59,3.07,4.37,3.0701278234985114
67.74,147.77,31.18,16.57,20.46,43.52,0.0,13.37,35.43,2.61,3.94,3.0701278234985114
71.2,147.79,23.76,14.07,15.77,49.67,0.0,10.78,53.28,1.75,3.18,3.0701278234985114
52.41,95.02,8.34,16.29,10.69,31.7,0.0,8.48,77.47,1.02,1.19,3.0701278234985114
73.67,150.86,16.86,13.42,25.55,33.4,0.0,12.92,56.89,1.87,1.73,3.0701278234985114
84.48,162.69,16.75,14.47,31.11,37.71,0.0,10.84,52.2,1.38,1.55,3.0701278234985114
84.69,159.86,17.52,18.37,46.95,38.1,0.01,10.02,51.67,1.73,2.1,3.0701278234985114
67.67,151.15,6.84,17.24,28.63,24.09,0.22,12.44,80.44,0.98,0.63,3.0701278234985114
67.38,139.83,13.71,22.56,32.81,19.99,0.21,8.79,63.97,1.13,2.27,3.0701278234985114
84.31,150.18,19.13,40.92,48.47,28.49,0.31,10.4,68.73,0.89,6.63,3.0701278234985114
86.57,136.44,40.34,43.76,61.77,38.27,0.42,9.51,46.15,2.07,3.42,3.0701278234985114
72.7,125.73,36.15,35.06,55.53,42.02,0.46,14.81,63.56,2.08,3.09,3.0701278234985114
67.97,125.41,25.14,32.42,50.91,40.31,1.23,17.77,64.12,2.19,2.41,3.0701278234985114
59.22,128.24,20.02,31.76,45.22,34.48,1.16,18.37,78.61,1.74,2.57,3.0701278234985114
71.01,202.91,43.6,19.91,44.29,28.1,1.7,10.94,30.7,3.16,3.73,3.0701278234985114
79.98,163.54,19.29,18.69,31.11,28.86,0.83,11.35,42.92,1.48,3.39,3.0701278234985114
49.84,142.6,10.72,22.09,25.56,23.2,0.75,21.12,77.78,0.5,0.5,3.0701278234985114
56.54,131.3,11.65,24.31,28.55,20.12,0.83,16.14,86.54,0.67,0.73,3.0701278234985114
116.02,143.84,13.46,25.7,30.15,18.66,0.75,14.37,73.03,0.97,1.13,3.0701278234985114
61.1,142.45,16.18,21.12,26.43,17.2,1.23,12.96,60.7,1.07,2.9,3.0701278234985114
68.06,130.41,10.99,17.46,19.86,13.4,0.54,11.43,94.86,1.49,2.19,3.0701278234985114
56.46,94.19,7.94,19.03,20.32,11.33,0.6,10.6,65.26,0.58,1.52,3.0701278234985114
61.48,115.9,9.45,28.36,32.45,22.27,0.62,9.0,63.08,0.63,3.21,3.0701278234985114
79.69,95.49,11.22,27.64,32.95,12.66,0.59,9.26,65.17,0.47,2.95,3.0701278234985114
70.2,120.24,13.93,28.2,38.92,13.95,1.18,12.55,45.86,0.91,5.08,3.0701278234985114
73.01,151.38,24.19,33.56,54.9,19.48,1.51,10.87,46.16,0.85,15.65,3.0701278234985114
65.08,170.79,20.2,41.52,61.35,23.01,1.17,12.98,89.57,0.54,23.16,3.0701278234985114
65.66,169.44,32.37,64.87,87.92,26.91,1.41,7.55,69.73,1.3,23.83,3.0701278234985114
74.56,173.37,26.21,49.15,65.37,36.05,0.98,17.05,40.12,2.28,8.63,3.0701278234985114
49.48,132.12,13.33,37.71,41.26,26.34,0.83,8.32,63.51,0.68,2.62,3.0701278234985114
42.24,111.95,13.97,43.16,47.11,26.92,0.81,10.13,53.56,0.61,2.47,3.0701278234985114
56.23,140.03,15.35,39.9,42.66,26.69,0.89,11.47,51.77,0.67,2.0,3.0701278234985114
55.39,135.15,13.49,39.98,43.46,26.86,0.99,8.37,81.28,1.03,3.01,3.0701278234985114
64.1,125.46,11.57,34.24,36.96,24.35,0.75,12.0,81.47,1.22,4.17,3.0701278234985114
55.62,96.5,10.77,38.45,40.16,25.44,0.76,8.08,56.37,0.75,4.72,3.0701278234985114
51.15,106.4,10.81,50.57,54.25,28.59,0.67,6.62,56.2,0.61,4.41,3.0701278234985114
56.89,112.89,11.9,45.56,49.83,33.53,0.71,8.31,58.18,0.57,3.76,3.0701278234985114
31.08,65.63,9.04,39.92,40.93,27.62,0.65,8.22,68.26,0.38,2.61,3.0701278234985114
44.18,87.4,15.66,51.18,58.14,27.31,0.79,9.78,45.88,0.79,3.13,3.0701278234985114
45.01,101.44,7.93,38.12,42.08,20.44,0.77,12.32,91.2,0.92,2.08,3.0701278234985114
34.41,93.48,13.06,42.62,48.85,23.44,0.61,9.72,74.52,0.7,3.31,3.0701278234985114
42.66,114.52,14.24,47.37,56.16,25.5,1.07,7.8,62.44,0.83,4.02,3.0701278234985114
55.22,134.5,15.03,47.85,61.12,23.49,1.2,9.81,45.99,1.27,2.68,3.0701278234985114
47.13,149.6,11.63,41.97,51.65,20.16,0.67,10.37,24.9,0.57,2.35,3.0701278234985114
43.63,145.77,12.56,42.68,54.24,23.55,0.82,8.84,34.09,0.81,2.7,3.0701278234985114
50.2,145.28,9.71,36.64,45.46,21.3,0.69,10.57,60.08,1.04,2.25,3.0701278234985114
41.0,110.91,7.91,37.36,43.71,17.9,0.71,11.16,74.39,0.51,1.26,3.0701278234985114
33.6,95.43,6.73,34.5,39.58,15.99,0.76,11.81,84.96,0.71,1.27,3.0701278234985114
44.62,117.03,7.62,29.87,34.41,15.79,0.78,11.13,81.08,0.85,1.33,3.0701278234985114
41.72,102.34,9.1,39.72,44.5,19.97,0.78,9.02,50.35,0.44,1.53,3.0701278234985114
56.15,170.32,10.23,34.22,40.25,16.37,0.67,8.62,48.83,0.3,1.15,3.0701278234985114
52.94,137.88,8.89,29.2,33.77,20.57,0.73,9.33,71.21,0.35,0.88,3.0701278234985114
40.63,99.92,7.92,29.49,33.29,19.85,0.79,7.61,69.35,0.39,0.88,3.0701278234985114
48.33,99.02,8.93,38.26,43.21,17.58,0.73,8.77,53.65,0.47,1.33,3.0701278234985114
56.76,120.57,9.43,40.11,46.6,18.28,0.69,10.05,62.13,0.64,1.95,3.0701278234985114
56.16,122.38,20.9,48.03,65.21,23.62,1.17,10.06,42.88,1.41,5.43,3.0701278234985114
76.01,193.53,37.87,53.0,86.52,30.64,1.67,10.24,31.33,2.08,11.47,3.0701278234985114
49.92,145.62,10.75,34.58,40.83,19.53,0.86,11.31,43.54,0.71,1.7,3.0701278234985114
46.52,123.85,15.38,34.81,45.81,20.63,0.91,10.16,76.41,0.69,1.25,3.0701278234985114
60.9,165.81,11.89,35.24,42.69,19.86,0.72,11.24,66.68,0.59,1.38,3.0701278234985114
43.4,128.46,5.7,28.65,33.35,15.82,0.56,11.76,87.17,0.71,2.53,3.0701278234985114
54.63,150.31,5.06,26.69,31.74,21.56,0.72,9.94,100.86,1.17,2.95,3.0701278234985114
60.99,147.7,19.34,29.31,45.68,24.15,0.84,10.63,98.23,1.09,2.08,3.0701278234985114
62.79,164.25,9.79,33.62,39.32,19.23,0.83,9.35,91.4,0.81,2.05,3.0701278234985114
55.95,159.23,18.11,37.81,55.55,21.97,1.18,13.25,44.35,1.09,3.92,3.0701278234985114
62.98,168.6,10.44,35.89,43.27,21.16,0.74,11.46,70.08,0.83,3.07,3.0701278234985114
56.87,165.54,7.97,24.82,28.76,19.91,0.77,9.65,97.55,0.41,1.95,3.0701278234985114
45.6,130.82,8.9,34.27,39.97,27.39,1.03,8.96,93.05,0.77,3.24,3.0701278234985114
49.85,131.99,7.89,22.81,26.74,35.65,1.06,7.76,104.05,0.87,2.57,3.0701278234985114
39.81,114.73,7.39,25.52,28.75,28.36,0.8,7.84,98.39,0.49,2.36,3.0701278234985114
48.96,132.35,7.64,28.91,29.88,30.81,0.53,7.77,80.06,0.45,2.37,3.0701278234985114
42.24,107.11,6.42,30.38,34.97,25.95,0.66,6.34,70.35,0.75,4.23,3.0701278234985114
33.56,96.36,7.93,36.24,35.13,21.58,0.64,8.4,65.62,0.4,6.97,3.0701278234985114
37.67,114.8,8.38,35.9,35.45,23.19,0.6,7.43,60.73,0.35,8.62,3.0701278234985114
57.56,188.52,8.44,40.43,43.58,27.59,0.63,5.59,37.98,0.41,11.71,3.0701278234985114
51.78,162.73,8.54,35.93,38.92,23.86,0.61,7.5,40.94,0.35,12.08,3.0701278234985114
54.55,155.48,8.65,37.14,37.22,23.45,0.58,7.97,59.38,0.31,9.4,3.0701278234985114
64.1,167.26,11.68,45.78,48.99,28.08,0.78,7.73,45.28,0.45,10.29,3.0701278234985114
36.29,123.99,8.24,34.2,34.26,21.84,0.5,8.73,70.82,0.15,0.0,3.0701278234985114
96.02,109.14,4.74,33.55,34.61,22.12,0.7,6.96,71.61,0.32,3.79,3.0701278234985114
98.88,132.15,15.07,48.53,56.57,19.74,1.15,9.55,49.49,0.7,9.57,3.0701278234985114
56.46,141.44,20.38,60.46,71.45,25.05,1.19,9.46,42.43,0.75,13.24,3.0701278234985114
55.72,167.8,11.2,49.13,50.99,22.9,0.84,10.84,46.37,0.36,7.57,3.0701278234985114
76.08,203.97,7.31,53.92,50.85,27.11,0.71,10.29,42.32,0.46,4.74,3.0701278234985114
58.94,182.58,12.69,44.65,51.62,21.43,0.66,7.69,39.32,0.49,13.42,3.0701278234985114
56.72,181.87,8.52,32.45,40.97,11.99,0.5,5.78,68.36,0.61,21.78,3.0701278234985114
53.42,182.6,6.75,34.49,35.74,24.11,0.46,5.95,52.55,0.32,13.4,3.0701278234985114
56.81,210.23,7.73,40.11,41.2,38.78,0.7,7.74,51.24,0.48,9.62,3.0701278234985114
65.79,224.58,9.47,29.32,32.24,25.56,0.6,5.51,56.0,0.85,4.96,3.0701278234985114
47.86,155.74,8.07,26.94,30.48,16.3,0.49,7.75,85.36,0.77,17.94,3.0701278234985114
51.16,132.15,9.04,25.09,30.24,18.38,0.73,7.2,101.61,0.68,19.83,3.0701278234985114
60.11,148.22,12.38,34.71,40.5,18.5,0.77,8.75,111.96,0.92,22.12,3.0701278234985114
67.36,168.37,10.71,25.6,31.37,11.54,0.67,8.65,94.99,0.45,15.21,3.0701278234985114
53.19,145.71,13.16,26.45,34.22,17.04,0.86,10.8,84.84,0.42,20.61,3.0701278234985114
55.01,148.03,10.03,24.3,31.34,18.82,0.74,8.61,87.99,0.33,10.84,3.0701278234985114
52.1,126.26,12.6,35.04,41.54,13.08,0.84,8.44,83.94,0.42,12.65,3.0701278234985114
60.83,146.01,13.33,46.07,43.12,14.23,0.8,9.23,69.54,1.53,13.36,3.0701278234985114
55.45,155.01,11.51,36.61,35.19,12.97,0.94,9.43,55.5,1.19,8.7,3.0701278234985114
76.41,223.93,10.18,32.45,34.29,12.29,1.85,10.77,47.12,0.99,6.83,3.0701278234985114
71.69,196.66,17.05,41.27,51.73,12.65,2.11,11.15,68.29,1.04,6.36,3.0701278234985114
70.42,199.7,16.53,37.41,48.58,11.81,0.8,12.09,75.99,0.95,5.85,3.0701278234985114
56.88,153.33,15.45,38.21,48.72,12.85,0.91,11.27,74.15,1.24,4.96,3.0701278234985114
66.11,166.85,2.87,16.03,14.57,18.77,0.88,8.6,98.27,1.14,0.23,3.0701278234985114
54.57,223.76,3.14,21.16,19.51,19.62,0.83,9.45,93.77,0.91,0.31,3.0701278234985114
57.33,143.79,2.77,19.16,16.62,19.17,0.82,9.83,106.57,1.08,0.24,3.0701278234985114
68.99,189.57,6.78,27.86,27.73,21.62,1.07,11.69,91.18,1.54,0.34,3.0701278234985114
75.45,203.48,11.54,36.46,39.64,21.7,0.97,11.24,73.61,2.27,0.45,3.0701278234985114
61.93,168.39,7.43,30.38,31.24,23.1,0.86,16.49,101.63,1.52,1.36,3.0701278234985114
68.44,159.11,19.24,54.59,58.58,38.58,1.15,10.24,74.21,3.22,3.99,3.0701278234985114
56.84,138.06,20.06,44.26,50.55,33.24,1.03,12.22,71.11,1.65,4.36,3.0701278234985114
63.49,196.27,11.96,27.59,37.31,17.05,0.61,10.01,75.28,0.98,3.07,3.0701278234985114
70.45,188.11,9.79,41.91,44.83,14.22,0.93,15.87,77.68,1.36,3.89,3.0701278234985114
64.81,161.76,5.46,29.36,28.58,11.97,0.85,10.39,80.15,0.88,2.1,3.0701278234985114
59.09,190.37,6.79,22.64,25.08,17.28,0.98,10.23,48.49,0.61,2.03,3.0701278234985114
50.38,137.75,6.56,33.95,30.82,22.41,0.9,10.31,61.73,1.24,3.51,3.0701278234985114
71.04,179.51,8.39,24.45,29.19,16.23,0.9,12.89,53.89,1.14,3.79,3.0701278234985114
79.44,234.51,9.96,20.29,26.62,12.03,0.9,11.14,41.93,0.87,2.97,3.0701278234985114
59.58,191.06,7.62,15.35,19.44,13.97,0.82,8.07,94.49,0.54,0.84,3.0701278234985114
69.5,197.39,7.76,17.07,20.01,14.55,0.82,8.76,77.34,0.73,1.07,3.0701278234985114
49.28,101.89,9.29,18.54,23.49,23.33,0.53,10.74,30.99,0.72,2.64,3.0701278234985114
49.5,152.0,9.69,18.3,22.39,19.28,0.44,9.54,50.65,0.78,1.77,3.0701278234985114
73.33,248.63,8.37,22.09,24.34,28.49,0.7,10.04,39.2,0.49,2.56,3.0701278234985114
62.62,158.06,8.87,23.54,22.7,19.88,0.55,9.4,47.06,0.26,2.24,3.0701278234985114
54.54,130.08,9.16,24.46,23.99,20.21,0.48,9.07,42.86,0.26,2.34,3.0701278234985114
79.91,239.87,8.83,21.54,21.73,18.18,0.48,9.68,53.41,0.39,2.42,3.0701278234985114
58.91,125.66,9.93,20.24,24.72,14.42,0.47,8.23,62.32,0.45,3.93,3.0701278234985114
51.15,99.87,12.89,22.97,32.68,18.94,0.54,13.27,61.32,0.44,3.47,3.0701278234985114
83.77,198.31,8.07,25.52,31.67,19.51,0.83,13.19,65.73,0.66,3.69,3.0701278234985114
71.26,145.43,9.58,30.02,39.6,24.08,0.77,10.2,60.59,0.73,3.68,3.0701278234985114
69.38,143.46,7.66,19.31,26.97,32.96,0.56,10.28,61.66,0.43,2.76,3.0701278234985114
60.2,116.5,7.91,19.87,27.78,40.99,0.66,9.77,62.2,0.39,2.38,3.0701278234985114
54.1,45.71,11.04,12.34,23.33,21.52,0.64,10.02,41.04,0.53,2.66,3.0701278234985114
77.05,50.54,9.06,15.56,24.24,17.72,0.52,8.04,30.16,1.75,2.29,3.0701278234985114
73.53,66.1,9.31,14.69,23.79,11.11,0.55,9.04,34.25,0.48,1.62,3.0701278234985114
92.72,127.94,10.68,22.37,33.05,14.91,0.3,10.73,28.59,0.63,1.29,3.0701278234985114
42.08,92.06,11.21,20.43,31.64,14.54,0.55,10.97,29.6,0.74,2.37,3.0701278234985114
79.95,132.67,10.92,15.53,26.45,10.0,0.59,9.44,32.81,0.89,5.05,3.0701278234985114
51.39,164.14,9.99,16.71,26.7,9.21,0.75,10.3,49.06,0.87,4.83,3.0701278234985114
62.56,171.89,8.19,17.3,25.49,8.63,0.89,10.34,56.81,0.66,3.77,3.0701278234985114
61.82,174.4,9.04,18.38,27.42,9.48,0.78,10.72,57.03,0.74,3.92,3.0701278234985114
61.97,169.73,9.41,16.79,26.19,9.9,0.77,9.83,59.01,0.99,5.77,3.0701278234985114
53.08,125.02,10.13,15.06,23.27,13.56,0.72,8.84,56.39,0.83,4.72,3.0701278234985114
51.71,82.22,10.65,18.88,28.65,16.77,0.68,8.4,37.09,1.28,7.01,3.0701278234985114
66.31,82.09,10.16,17.37,27.5,14.28,0.73,9.51,32.42,1.18,6.78,3.0701278234985114
70.35,62.93,8.69,18.46,27.05,27.07,0.57,10.16,32.39,0.56,2.15,3.0701278234985114
61.42,58.65,8.93,14.77,23.66,9.6,0.68,7.23,23.64,0.74,2.47,3.0701278234985114
55.96,154.02,10.35,16.85,27.03,7.75,0.58,8.96,18.44,0.54,2.39,3.0701278234985114
52.41,137.81,9.62,16.53,26.15,7.49,0.49,9.81,25.3,0.51,1.81,3.0701278234985114
48.42,115.76,9.58,17.69,27.27,7.43,0.52,8.71,19.37,0.43,1.47,3.0701278234985114
50.68,122.45,8.99,15.94,24.94,7.11,0.42,9.76,18.87,0.34,1.11,3.0701278234985114
44.09,107.31,7.8,17.26,25.07,9.96,0.45,10.03,19.16,0.41,1.35,3.0701278234985114
53.4,139.8,8.72,31.33,32.48,15.13,0.48,9.76,28.43,0.44,1.57,3.0701278234985114
63.97,178.41,14.02,30.99,33.17,18.31,0.51,8.75,47.11,0.35,1.25,3.0701278234985114
68.84,191.11,10.95,20.59,26.64,11.37,0.53,8.6,52.35,0.32,1.3,3.0701278234985114
68.51,187.2,12.4,27.2,34.91,10.0,0.69,9.41,41.62,0.31,1.28,3.0701278234985114
61.58,173.12,15.01,23.91,32.28,10.65,0.69,10.74,36.23,0.26,1.07,3.0701278234985114
60.62,164.36,11.85,24.05,29.14,7.11,0.69,9.3,34.4,0.28,1.4,3.0701278234985114
50.47,133.34,13.32,22.21,29.95,8.67,0.73,10.37,31.14,0.41,1.76,3.0701278234985114
54.87,113.08,8.78,26.42,30.51,9.47,0.91,8.0,32.71,0.71,2.74,3.0701278234985114
51.27,92.53,12.92,21.8,31.27,12.7,0.83,7.59,31.31,0.74,2.95,3.0701278234985114
73.24,174.59,9.58,20.69,26.49,12.89,0.64,11.23,25.3,0.5,15.11,3.0701278234985114
38.92,63.99,8.99,19.6,25.37,14.62,0.74,10.39,26.32,0.74,17.07,3.0701278234985114
44.1,184.45,10.68,23.31,28.96,12.09,0.74,10.98,29.72,1.38,12.67,3.0701278234985114
44.67,142.72,10.82,19.92,26.83,12.24,0.65,9.56,20.82,0.5,9.97,3.0701278234985114
38.23,108.97,9.76,18.28,24.75,12.9,0.57,11.33,22.11,0.41,7.62,3.0701278234985114
45.95,111.45,13.32,23.44,31.5,12.55,0.71,11.5,20.8,0.58,7.06,3.0701278234985114
47.34,93.5,9.96,21.39,26.98,11.76,0.71,11.19,24.79,0.64,9.17,3.0701278234985114
47.33,96.66,11.74,23.88,30.7,12.66,0.7,9.41,27.95,0.65,9.23,3.0701278234985114
48.12,108.36,12.96,25.65,32.32,17.29,0.84,9.87,28.52,0.68,4.18,3.0701278234985114
49.52,125.88,13.52,27.89,35.53,20.44,0.92,15.17,36.04,0.68,1.88,3.0701278234985114
48.99,131.03,8.51,29.68,32.55,27.4,0.95,11.49,41.56,0.7,2.13,3.0701278234985114
47.7,152.06,6.15,17.58,19.86,29.4,0.81,10.81,58.88,0.82,3.16,3.0701278234985114
52.7,148.79,22.32,24.82,40.12,25.21,1.21,8.09,20.58,1.2,3.14,3.0701278234985114
53.34,137.69,30.58,29.87,51.29,20.66,1.06,9.04,20.41,1.16,3.15,3.0701278234985114
57.85,133.41,42.62,28.89,56.9,23.72,1.34,11.1,25.73,1.2,3.15,3.0701278234985114
55.11,204.24,42.3,32.84,58.5,26.59,1.34,9.96,23.3,1.24,5.13,3.0701278234985114
50.9,169.67,18.51,30.4,41.26,24.82,1.14,10.08,24.86,1.51,12.23,3.0701278234985114
47.8,120.65,25.54,30.31,47.15,21.91,1.16,11.04,23.78,1.54,10.23,3.0701278234985114
52.83,130.6,40.85,27.83,56.61,27.81,1.28,14.15,27.09,1.54,14.22,3.0701278234985114
41.04,117.24,18.0,37.48,46.19,24.45,1.13,12.57,34.67,1.52,10.96,3.0701278234985114
42.35,86.8,11.02,35.71,38.02,22.74,0.98,9.8,51.58,1.17,9.99,3.0701278234985114
46.05,103.51,13.33,37.16,40.68,20.32,1.06,10.32,41.69,1.38,9.47,3.0701278234985114
46.46,118.1,22.36,32.3,44.18,21.12,0.95,10.31,45.55,1.11,10.71,3.0701278234985114
44.93,112.71,14.2,34.63,39.73,19.4,0.91,9.94,59.91,1.21,11.37,3.0701278234985114
44.43,104.33,17.76,41.0,47.78,19.02,1.1,10.18,53.06,1.37,10.58,3.0701278234985114
49.14,118.42,33.36,37.55,59.12,22.65,1.12,11.77,28.8,1.34,9.02,3.0701278234985114
69.46,149.94,17.1,36.41,45.2,27.93,1.01,16.05,35.97,1.35,10.06,3.0701278234985114
71.12,164.77,9.91,27.52,31.45,21.64,0.9,9.12,62.94,1.24,11.21,3.0701278234985114
61.36,135.2,13.2,28.83,34.58,17.21,0.92,8.56,63.73,1.2,11.76,3.0701278234985114
59.86,129.21,11.34,35.09,37.28,15.96,0.8,11.57,61.39,1.19,10.59,3.0701278234985114
65.77,175.48,11.34,36.45,38.31,14.96,0.9,11.12,55.39,1.22,13.96,3.0701278234985114
66.0,143.41,34.26,40.58,64.0,15.86,1.38,14.45,53.49,1.69,12.61,3.0701278234985114
85.38,156.8,46.41,42.5,83.77,24.55,1.43,13.89,27.12,2.08,14.93,3.0701278234985114
58.16,128.48,52.28,45.45,77.86,25.93,1.6,11.8,26.39,1.76,13.98,3.0701278234985114
67.49,147.49,43.71,59.26,87.19,27.25,1.36,13.06,28.91,1.98,15.65,3.0701278234985114
78.42,147.93,20.04,53.89,57.64,25.15,1.26,9.78,52.77,1.69,16.46,3.0701278234985114
72.99,136.15,19.95,47.86,54.99,24.57,1.54,9.25,61.5,1.73,13.36,3.0701278234985114
74.69,181.3,7.04,38.28,34.6,20.42,0.96,10.36,77.81,1.33,13.33,3.0701278234985114
60.43,113.03,27.39,47.36,59.74,22.14,1.28,9.52,53.21,1.59,10.82,3.0701278234985114
51.98,108.54,19.57,37.34,48.23,23.69,1.27,8.39,57.11,1.32,15.52,3.0701278234985114
59.1,121.51,29.87,42.32,58.23,24.74,1.3,9.23,47.41,1.37,14.16,3.0701278234985114
55.75,123.68,23.33,41.0,53.35,24.69,1.2,9.29,43.91,1.73,12.12,3.0701278234985114
62.72,131.48,11.61,35.17,39.16,24.39,1.02,9.15,61.83,1.36,8.79,3.0701278234985114
69.35,137.79,15.15,45.64,52.5,28.22,1.09,10.26,58.93,1.32,2.17,3.0701278234985114
80.31,151.56,13.14,44.02,49.04,27.6,1.07,12.13,70.93,1.33,2.29,3.0701278234985114
71.04,159.56,39.0,55.17,81.51,22.34,1.91,13.46,56.74,2.46,4.4,3.0701278234985114
63.12,139.07,65.05,58.43,110.57,26.49,1.92,8.24,45.11,3.01,4.06,3.0701278234985114
49.51,111.45,43.49,50.46,81.95,21.28,1.44,11.34,40.8,1.86,2.7,3.0701278234985114
79.78,155.07,14.27,40.36,46.16,19.89,1.08,9.9,41.88,1.42,1.64,3.0701278234985114
44.83,96.51,19.13,44.42,53.37,20.85,0.95,9.49,39.54,1.03,1.6,3.0701278234985114
74.94,143.3,25.57,51.35,66.09,19.99,1.4,10.95,39.45,1.4,2.44,3.0701278234985114
74.51,147.91,41.43,46.85,75.93,16.08,1.53,16.96,36.81,1.48,2.46,3.0701278234985114
60.18,171.85,25.95,55.83,80.06,20.19,2.42,10.39,41.03,1.88,0.61,3.0701278234985114
70.21,171.55,55.58,56.75,96.78,19.89,2.39,15.29,32.75,2.04,3.31,3.0701278234985114
56.53,120.91,13.73,56.95,59.62,14.39,1.26,10.2,48.12,1.25,2.02,3.0701278234985114
84.76,179.8,21.54,68.0,76.85,18.3,1.53,7.17,28.87,1.9,4.0,3.0701278234985114
77.87,171.56,46.15,47.14,77.97,21.08,1.96,9.88,33.16,2.45,5.4,3.0701278234985114
67.8,132.79,15.19,41.75,44.87,15.08,1.21,12.13,58.23,1.31,8.42,3.0701278234985114
59.2,123.11,15.81,46.42,46.87,13.44,1.24,11.45,61.44,1.46,7.19,3.0701278234985114
68.34,145.57,30.79,51.87,68.81,21.02,1.29,11.07,31.97,1.51,7.22,3.0701278234985114
87.81,160.78,25.94,47.29,61.09,16.6,1.74,13.14,52.16,2.18,8.2,3.0701278234985114
70.4,168.41,13.08,46.13,48.41,14.94,1.16,12.7,52.86,1.26,6.81,3.0701278234985114
74.86,159.27,26.61,43.16,58.75,20.48,1.49,13.3,49.72,1.83,6.27,3.0701278234985114
63.6,139.42,27.15,47.57,61.76,17.38,1.24,10.68,42.32,1.64,7.93,3.0701278234985114
67.29,132.45,7.75,39.88,37.17,13.18,1.13,13.03,77.62,1.12,7.18,3.0701278234985114
82.51,150.3,7.44,36.11,34.09,12.35,1.14,10.07,76.29,1.04,5.91,3.0701278234985114
73.02,159.61,23.35,43.46,52.5,10.9,1.39,9.53,48.1,1.76,7.72,3.0701278234985114
69.45,171.07,72.64,37.52,92.54,15.13,1.85,13.0,30.05,3.02,11.27,3.0701278234985114
73.56,177.14,72.67,45.95,100.82,20.92,1.87,13.79,27.97,2.52,8.76,3.0701278234985114
71.73,159.49,34.49,47.58,67.09,20.88,1.51,12.63,38.64,1.79,10.27,3.0701278234985114
71.78,154.57,38.83,49.84,73.89,22.92,1.74,11.81,31.94,2.07,10.89,3.0701278234985114
59.35,135.66,29.9,46.31,61.42,20.89,1.53,17.2,41.29,1.81,10.67,3.0701278234985114
62.76,147.49,41.53,47.89,73.62,21.22,1.53,17.2,37.25,2.47,10.23,3.0701278234985114
74.1,148.21,38.9,47.68,70.96,26.67,1.63,15.92,38.44,2.19,11.0,3.0701278234985114
55.16,128.71,26.41,41.09,54.14,22.4,1.37,20.16,42.89,1.43,9.27,3.0701278234985114
62.2,131.45,28.55,42.12,57.28,23.52,1.44,19.89,45.1,1.52,10.05,3.0701278234985114
74.88,142.75,36.81,44.12,66.72,25.28,1.71,19.87,39.29,2.01,10.89,3.0701278234985114
74.13,145.21,37.62,44.22,66.35,23.16,1.57,17.52,40.62,1.79,9.67,3.0701278234985114
63.82,132.43,15.57,36.56,37.78,20.59,1.0,16.02,66.08,1.0,6.62,3.0701278234985114
55.57,95.9,7.38,34.55,31.13,20.84,0.91,8.99,57.6,0.72,4.45,3.0701278234985114
37.75,184.78,20.73,36.18,46.98,14.2,0.92,10.88,40.2,0.9,6.97,3.0701278234985114
38.53,97.21,8.87,35.52,39.09,15.93,1.09,13.18,47.35,1.1,6.88,3.0701278234985114
42.37,114.26,23.73,39.21,53.39,16.3,1.31,11.59,39.36,1.54,8.16,3.0701278234985114
64.83,196.71,61.85,50.9,94.52,18.6,1.95,9.98,28.43,2.52,8.71,3.0701278234985114
63.37,124.86,11.3,34.44,39.64,17.76,0.95,10.25,67.92,0.86,6.74,3.0701278234985114
62.08,133.18,19.03,41.02,50.01,20.08,1.31,12.24,55.13,1.22,7.07,3.0701278234985114
54.27,133.25,18.09,41.7,47.54,21.02,1.08,15.93,39.63,1.21,7.89,3.0701278234985114
54.98,142.13,51.18,41.21,79.21,27.06,1.77,17.73,27.87,2.2,10.1,3.0701278234985114
76.03,190.06,63.37,46.22,90.9,25.62,1.66,15.89,32.9,2.53,8.67,3.0701278234985114
63.41,130.37,6.08,25.45,23.06,19.01,0.8,13.07,61.45,1.31,8.01,3.0701278234985114
98.16,173.96,6.27,29.73,27.82,19.69,1.05,11.12,52.22,1.59,7.16,3.0701278234985114
50.19,108.94,7.92,32.05,30.17,20.1,0.82,14.19,45.11,1.35,5.31,3.0701278234985114
70.88,154.85,18.65,40.04,45.02,21.9,1.09,17.31,35.76,2.01,8.01,3.0701278234985114
65.03,144.19,13.01,30.68,33.01,19.42,0.98,15.86,38.67,2.48,6.07,3.0701278234985114
65.24,145.13,17.36,27.58,36.73,23.16,1.42,11.8,37.97,2.07,9.51,3.0701278234985114
50.08,109.93,9.32,27.8,26.92,21.15,1.03,11.48,53.55,1.05,5.95,3.0701278234985114
70.83,148.73,15.41,28.84,33.21,23.65,1.16,15.38,59.19,1.45,6.03,3.0701278234985114
68.0,151.52,7.97,28.75,26.46,23.17,0.89,16.28,62.46,1.12,6.6,3.0701278234985114
49.54,118.65,8.51,23.87,24.09,20.99,0.74,17.6,49.14,0.69,4.23,3.0701278234985114
58.11,144.21,38.8,31.85,62.74,26.98,1.57,18.46,34.28,2.15,7.01,3.0701278234985114
58.36,145.41,36.69,26.29,55.87,27.04,1.25,15.56,40.67,2.17,10.57,3.0701278234985114
68.19,174.82,22.37,34.61,43.24,24.26,1.28,16.52,46.79,1.57,7.97,3.0701278234985114
76.46,199.04,30.4,37.4,58.35,34.27,1.85,19.45,42.24,2.15,9.32,3.0701278234985114
64.56,139.62,15.12,20.26,35.14,23.64,1.09,22.47,42.14,1.67,9.31,3.0701278234985114
60.48,136.56,7.73,16.53,24.49,19.15,0.91,20.26,45.35,1.11,5.97,3.0701278234985114
44.36,84.68,14.09,17.62,27.5,24.75,0.92,17.52,28.28,0.86,4.44,3.0701278234985114
52.33,120.1,8.28,22.69,24.05,23.32,0.79,18.41,38.57,0.87,5.3,3.0701278234985114
37.73,128.72,26.87,22.47,38.08,22.58,0.69,11.0,35.6,0.59,4.44,3.0701278234985114
56.01,115.61,14.48,25.32,34.59,21.58,1.16,13.56,29.3,1.59,7.13,3.0701278234985114
47.51,109.38,12.43,24.17,32.23,19.87,1.05,12.25,35.66,1.36,5.74,3.0701278234985114
42.38,116.55,14.06,23.48,33.17,22.27,1.15,9.88,39.17,1.36,12.05,3.0701278234985114
51.65,127.06,10.52,18.38,22.27,18.38,0.88,11.9,35.74,1.02,7.03,3.0701278234985114
60.0,126.12,11.43,19.26,24.54,20.22,1.07,10.13,37.83,1.35,6.78,3.0701278234985114
67.4,136.68,13.55,19.99,26.64,21.17,1.08,11.35,44.31,1.66,18.18,3.0701278234985114
58.23,122.01,12.61,21.47,26.76,20.09,1.06,10.6,53.22,1.41,15.31,3.0701278234985114
59.43,132.47,13.24,23.02,29.1,20.81,1.36,12.14,54.55,1.46,19.6,3.0701278234985114
54.13,116.91,14.61,25.39,32.37,23.8,1.31,11.4,44.72,1.5,15.63,3.0701278234985114
52.17,138.74,13.66,23.04,28.47,23.32,1.03,9.66,33.03,1.05,7.87,3.0701278234985114
50.76,130.76,12.04,21.84,26.93,20.85,0.98,13.03,42.95,0.52,6.02,3.0701278234985114
48.6,114.07,15.67,28.3,36.76,25.39,1.83,14.17,36.72,0.9,5.98,3.0701278234985114
52.06,119.98,19.94,38.73,52.19,29.54,1.69,10.68,42.35,1.16,12.01,3.0701278234985114
45.82,103.34,16.33,34.07,42.81,27.63,1.26,9.57,48.86,0.68,7.42,3.0701278234985114
47.75,103.97,14.2,31.9,38.43,28.93,1.16,10.23,59.92,0.73,7.02,3.0701278234985114
45.85,100.35,13.56,30.14,35.96,28.48,1.19,14.76,64.44,0.74,6.89,3.0701278234985114
51.51,112.12,13.4,36.87,42.96,29.21,1.09,12.21,43.88,0.85,5.05,3.0701278234985114
48.23,98.3,16.3,45.05,54.32,28.78,1.29,16.09,36.24,1.04,8.17,3.0701278234985114
43.89,125.28,14.52,37.21,44.16,27.96,1.23,13.54,33.95,1.16,8.32,3.0701278234985114
54.38,152.36,13.28,34.29,39.19,24.32,0.91,13.62,38.75,0.9,6.98,3.0701278234985114
54.54,105.01,13.38,29.52,35.78,29.01,0.95,10.76,40.58,1.29,7.6,3.0701278234985114
54.38,110.79,12.99,29.71,35.85,26.67,0.9,11.13,43.64,1.21,6.53,3.0701278234985114
41.39,97.62,13.14,33.04,38.74,25.67,0.86,14.35,50.94,1.13,9.29,3.0701278234985114
42.61,99.75,13.83,32.96,40.3,25.01,0.96,12.61,47.6,1.07,7.62,3.0701278234985114
39.97,86.36,11.79,37.33,39.01,36.22,0.91,9.25,51.61,1.02,7.62,3.0701278234985114
42.41,93.01,8.54,30.45,31.81,30.22,0.89,11.34,57.51,1.07,8.63,3.0701278234985114
43.88,95.81,7.98,29.44,29.73,32.69,0.88,9.77,59.2,1.24,7.88,3.0701278234985114
47.99,104.75,8.05,28.7,30.86,31.27,0.93,7.85,46.49,1.28,8.81,3.0701278234985114
36.58,76.61,7.97,32.27,34.15,28.98,0.82,8.8,40.62,0.73,5.61,3.0701278234985114
40.68,98.3,12.65,30.33,37.1,29.52,1.07,10.98,54.93,1.3,8.94,3.0701278234985114
42.31,109.92,6.42,28.8,30.22,26.38,0.89,12.3,58.57,0.86,5.89,3.0701278234985114
36.68,78.2,6.21,25.07,27.4,25.56,1.06,9.99,64.01,0.69,6.7,3.0701278234985114
48.61,113.73,7.0,41.57,38.08,21.56,0.89,12.14,56.13,0.74,5.48,3.0701278234985114
46.44,112.89,7.53,32.46,32.43,20.62,0.93,12.91,52.01,1.06,6.45,3.0701278234985114
42.19,103.28,8.87,30.11,32.26,20.4,0.82,10.95,54.15,0.99,5.91,3.0701278234985114
33.98,90.2,14.85,37.12,43.42,24.2,0.84,9.94,52.21,0.76,7.34,3.0701278234985114
35.79,88.88,15.64,36.63,43.88,24.17,1.01,10.6,56.84,0.89,6.39,3.0701278234985114
36.6,95.8,16.44,30.55,38.39,24.04,1.04,11.35,57.42,1.18,6.92,3.0701278234985114
39.76,113.06,16.73,35.47,43.61,23.16,0.95,12.03,46.24,0.81,5.92,3.0701278234985114
48.81,120.22,8.37,28.01,29.15,21.75,0.78,11.78,68.35,0.93,4.61,3.0701278234985114
35.71,94.58,9.42,30.34,33.08,18.71,0.68,9.19,66.58,0.46,3.82,3.0701278234985114
39.05,116.74,10.27,31.52,35.16,21.24,0.63,11.82,58.17,0.56,4.77,3.0701278234985114
39.88,109.51,10.33,31.17,35.7,21.88,0.71,12.25,47.95,0.57,3.99,3.0701278234985114
36.97,78.85,12.23,37.98,41.66,20.29,0.91,12.29,58.09,0.63,4.42,3.0701278234985114
42.6,93.5,27.07,43.74,59.87,25.29,1.6,13.59,55.4,1.75,7.77,3.0701278234985114
46.27,110.43,27.5,36.53,53.59,26.1,1.45,13.55,52.94,2.6,10.61,3.0701278234985114
49.69,134.35,28.93,39.79,59.47,27.06,1.51,15.17,38.66,2.67,10.97,3.0701278234985114
45.29,125.59,15.25,36.27,43.5,26.34,1.04,13.5,61.09,1.21,5.71,3.0701278234985114
46.08,121.18,10.34,35.51,36.62,27.87,0.86,12.61,64.76,0.73,3.91,3.0701278234985114
41.4,96.36,14.05,41.56,45.27,25.48,0.96,12.73,57.44,0.86,5.35,3.0701278234985114
40.71,93.61,18.82,35.7,45.26,26.86,1.1,14.66,65.75,1.19,5.46,3.0701278234985114
44.59,106.73,14.2,36.63,41.59,26.93,1.2,16.58,75.99,1.47,6.96,3.0701278234985114
44.88,113.56,30.74,33.36,54.39,31.17,1.47,16.55,69.83,2.41,9.04,3.0701278234985114
48.68,162.11,19.58,36.14,46.21,26.03,0.99,11.75,54.78,1.62,8.62,3.0701278234985114
38.72,135.7,12.16,28.92,38.5,25.05,0.8,12.73,47.12,0.53,6.18,3.0701278234985114
47.59,224.38,10.66,27.38,33.2,24.3,0.74,17.05,58.64,0.44,5.53,3.0701278234985114
55.19,161.64,12.65,30.85,35.21,27.44,0.94,14.8,67.87,0.97,5.11,3.0701278234985114
54.01,149.74,13.62,34.35,38.05,30.52,1.06,17.0,66.0,1.47,6.17,3.0701278234985114
53.6,157.93,12.67,22.5,27.18,24.0,0.85,15.36,69.9,1.14,5.55,3.0701278234985114
52.49,129.76,10.08,25.97,29.28,20.04,0.81,14.74,81.83,0.75,4.12,3.0701278234985114
47.63,116.91,10.86,28.17,32.05,20.17,0.77,13.23,68.09,0.56,4.14,3.0701278234985114
55.41,183.47,11.6,26.02,30.99,19.01,0.75,12.31,70.5,0.49,3.56,3.0701278234985114
44.23,132.07,13.12,23.79,30.85,21.39,0.88,11.44,50.55,0.34,3.34,3.0701278234985114
36.19,83.64,13.46,39.88,42.78,21.91,0.84,9.88,64.75,0.6,3.98,3.0701278234985114
35.66,84.96,16.7,44.65,49.73,24.2,0.95,11.33,72.28,0.86,6.03,3.0701278234985114
41.23,99.17,17.67,44.36,50.45,24.93,0.86,10.84,65.95,1.12,6.17,3.0701278234985114
49.55,132.85,29.57,50.26,65.57,27.54,1.32,14.74,45.5,1.61,6.89,3.0701278234985114
61.69,159.44,40.36,47.86,75.95,33.87,1.66,14.65,40.73,2.42,9.72,3.0701278234985114
56.24,147.99,24.1,39.66,57.52,31.97,1.14,17.13,41.16,1.46,7.01,3.0701278234985114
58.99,183.88,15.89,36.33,48.05,28.32,0.94,21.97,46.46,0.89,5.37,3.0701278234985114
76.51,226.52,12.33,29.88,37.46,27.36,0.93,14.33,66.47,0.87,4.71,3.0701278234985114
53.95,135.05,12.02,36.5,42.22,23.62,0.83,13.69,63.36,0.61,3.95,3.0701278234985114
62.44,158.98,11.72,38.99,40.31,46.29,0.75,14.63,72.33,0.56,3.62,3.0701278234985114
64.2,156.09,13.5,39.08,41.19,66.69,1.03,14.22,71.68,1.07,4.92,3.0701278234985114
59.3,140.33,45.88,59.2,69.55,44.78,1.64,12.71,40.87,1.55,7.83,3.0701278234985114
62.23,160.14,50.58,50.35,79.58,22.6,1.51,11.98,41.03,0.67,4.77,3.0701278234985114
73.33,186.04,12.57,28.55,35.71,21.4,0.9,13.99,75.58,1.07,5.43,3.0701278234985114
58.09,127.27,18.37,29.26,40.1,23.37,0.94,16.75,70.59,0.99,5.9,3.0701278234985114
50.37,102.97,30.76,39.8,61.83,27.71,1.06,17.37,55.31,1.4,6.43,3.0701278234985114
48.16,123.61,36.14,51.14,71.14,29.48,1.51,14.56,42.79,1.78,8.35,3.0701278234985114
52.53,138.44,20.09,30.35,45.8,26.65,1.11,11.5,47.06,1.82,9.36,3.0701278234985114
60.4,190.08,21.43,29.0,43.39,22.21,0.94,10.27,34.89,0.57,4.86,3.0701278234985114
90.69,253.87,21.09,30.56,43.22,20.61,0.82,12.51,32.21,0.57,4.36,3.0701278234985114
54.87,116.66,12.13,22.06,29.78,20.4,0.67,11.19,48.3,0.25,3.99,3.0701278234985114
57.35,126.72,11.48,24.88,31.18,21.73,0.78,8.5,45.79,0.36,4.96,3.0701278234985114
47.42,109.65,10.7,25.07,30.0,21.5,0.76,11.7,58.85,0.53,4.4,3.0701278234985114
108.94,345.65,14.29,32.14,38.56,21.9,1.06,10.85,40.59,1.16,5.63,3.0701278234985114
78.42,288.94,10.88,20.39,26.23,20.35,0.71,10.28,50.67,0.22,3.33,3.0701278234985114
41.98,72.58,10.79,22.44,28.28,21.76,0.84,12.03,57.26,0.24,3.34,3.0701278234985114
41.69,89.54,13.78,34.22,40.95,21.54,0.97,12.27,56.63,0.78,5.75,3.0701278234985114
46.85,105.8,14.34,34.77,41.72,22.51,0.94,11.71,51.82,1.02,6.66,3.0701278234985114
44.41,113.58,11.25,31.07,37.44,22.32,0.84,11.47,47.92,0.9,5.4,3.0701278234985114
42.93,95.82,10.51,28.17,33.18,21.69,0.78,12.09,41.22,1.08,5.46,3.0701278234985114
44.0,84.22,7.88,30.78,34.41,17.51,0.61,11.43,70.81,0.48,3.05,3.0701278234985114
47.64,120.86,14.56,35.31,44.06,18.18,0.83,11.51,42.07,1.02,4.46,3.0701278234985114
44.35,88.86,12.42,37.51,42.88,17.41,0.75,12.66,60.98,1.11,5.38,3.0701278234985114
48.91,110.77,16.68,42.32,50.57,18.84,0.85,12.57,36.62,1.42,7.05,3.0701278234985114
49.88,113.74,9.69,26.83,31.03,17.9,0.53,11.33,36.83,0.52,4.39,3.0701278234985114
53.88,129.06,9.05,28.12,31.62,17.72,0.56,12.74,44.47,0.55,4.66,3.0701278234985114
56.82,126.37,16.03,32.21,41.33,18.12,0.73,12.13,35.58,0.93,5.52,3.0701278234985114
50.89,135.33,19.73,26.7,41.18,17.5,0.73,13.55,47.94,0.68,3.45,3.0701278234985114
63.32,179.22,16.94,34.52,43.81,17.16,0.77,12.39,43.61,1.25,5.38,3.0701278234985114
68.86,231.37,11.59,26.16,32.8,15.27,0.65,12.44,49.18,0.72,3.15,3.0701278234985114
65.03,212.32,9.19,21.35,26.33,16.82,0.71,11.54,42.51,0.4,2.73,3.0701278234985114
57.23,132.26,10.01,27.89,31.39,14.96,0.7,12.37,58.08,0.69,3.97,3.0701278234985114
72.96,165.0,8.13,29.67,30.37,17.65,0.88,10.93,86.51,1.2,4.47,3.0701278234985114
58.91,111.22,9.12,29.64,32.03,23.33,0.87,11.33,100.38,1.2,3.77,3.0701278234985114
52.86,106.15,15.78,38.67,44.55,20.44,1.01,12.04,78.46,1.27,4.87,3.0701278234985114
60.95,148.37,14.4,39.41,43.78,28.36,0.81,13.45,55.12,1.32,4.61,3.0701278234985114
47.08,112.71,7.9,28.64,31.34,45.81,0.61,10.63,52.39,0.53,2.6,3.0701278234985114
44.82,99.1,11.99,30.85,37.74,52.17,0.62,9.84,36.65,0.62,2.37,3.0701278234985114
27.33,93.21,13.35,27.81,36.42,41.92,0.87,12.56,40.48,0.65,2.74,3.0701278234985114
48.53,133.44,10.7,37.96,39.74,16.81,0.95,13.12,55.88,1.28,3.02,3.0701278234985114
42.39,98.69,3.61,24.81,22.72,19.77,0.85,18.85,84.46,0.75,3.3,3.0701278234985114
40.64,86.19,8.54,36.86,36.37,21.09,1.0,10.84,55.24,0.74,3.99,3.0701278234985114
76.2,278.62,6.28,30.03,29.2,16.55,0.76,10.43,54.68,0.6,3.22,3.0701278234985114
48.84,126.7,6.4,24.7,24.99,20.21,0.78,13.95,44.59,0.45,2.55,3.0701278234985114
37.33,92.83,6.76,22.8,25.57,18.1,0.74,11.52,50.27,0.28,2.65,3.0701278234985114
34.07,95.18,7.29,22.04,24.42,16.54,0.73,10.83,52.79,0.32,3.03,3.0701278234985114
41.85,109.13,5.97,26.0,26.2,14.87,0.71,9.48,51.98,0.6,2.83,3.0701278234985114
44.32,90.87,6.84,20.77,24.02,17.77,0.8,9.48,62.56,0.96,3.74,3.0701278234985114
48.45,102.12,7.4,16.32,21.02,15.33,0.69,9.76,25.67,0.34,2.84,3.0701278234985114
45.66,129.19,7.78,23.22,26.12,15.44,0.61,9.76,30.17,0.23,2.36,3.0701278234985114
46.92,113.69,8.69,20.48,24.92,13.75,0.62,9.98,29.47,0.21,2.71,3.0701278234985114
41.91,98.81,7.84,18.96,23.18,12.51,0.59,10.2,30.56,0.15,2.53,3.0701278234985114
52.69,117.34,6.75,18.88,22.17,13.94,0.59,11.6,28.01,0.22,1.67,3.0701278234985114
46.04,99.4,7.04,19.2,22.08,21.08,0.63,10.37,27.16,0.21,1.63,3.0701278234985114
56.74,115.21,9.41,34.64,36.8,50.9,0.85,11.14,37.87,1.01,4.91,3.0701278234985114
47.43,100.18,8.87,32.6,33.37,37.1,0.8,11.11,30.86,0.68,3.57,3.0701278234985114
24.8,130.77,12.53,24.22,32.89,47.61,0.73,12.67,36.7,0.33,3.7,3.0701278234985114
51.77,100.67,18.15,36.11,45.44,37.79,1.48,9.57,31.55,2.77,9.46,3.0701278234985114
43.48,92.61,17.46,37.18,45.98,36.22,1.07,9.38,33.02,2.89,9.87,3.0701278234985114
42.7,98.12,19.65,44.26,51.72,36.15,1.04,11.48,43.2,2.6,10.12,3.0701278234985114
39.96,92.04,18.11,44.44,50.57,27.22,0.75,9.87,36.15,2.18,8.88,3.0701278234985114
48.35,101.36,10.01,41.18,39.6,27.19,0.83,10.85,49.24,2.0,8.81,3.0701278234985114
49.71,107.82,9.7,42.69,41.41,36.85,0.96,10.65,48.34,2.85,10.71,3.0701278234985114
53.72,141.72,8.87,36.43,40.35,41.86,0.86,12.75,49.59,2.73,9.37,3.0701278234985114
57.76,127.04,9.57,43.28,43.42,40.28,0.91,12.99,51.24,2.68,8.91,3.0701278234985114
64.81,138.94,22.71,54.6,64.61,55.81,1.28,12.33,48.5,3.39,12.35,3.0701278234985114
54.17,128.95,10.18,50.34,48.83,48.69,1.02,14.93,52.1,2.67,10.35,3.0701278234985114
56.0,143.55,6.05,36.55,35.05,43.0,0.88,16.03,63.12,1.69,14.0,3.0701278234985114
54.41,113.18,5.94,33.99,33.19,49.37,0.88,13.6,56.63,1.25,7.93,3.0701278234985114
46.17,106.5,7.61,39.01,38.88,44.59,0.95,12.7,43.18,1.55,7.89,3.0701278234985114
54.76,152.29,10.18,42.73,42.37,44.34,0.94,13.55,51.21,1.65,8.73,3.0701278234985114
58.89,126.29,25.3,58.75,69.59,59.93,1.16,12.82,40.89,3.29,10.53,3.0701278234985114
67.33,150.71,50.83,63.6,98.5,62.2,1.37,14.51,38.57,5.16,17.47,3.0701278234985114
73.4,164.0,67.61,66.43,112.9,61.36,1.43,13.83,30.96,7.03,25.1,3.0701278234985114
59.09,129.05,14.57,51.44,53.49,52.75,0.87,14.03,53.36,3.39,14.02,3.0701278234985114
77.5,156.27,5.6,43.9,39.29,51.08,0.85,10.39,58.26,2.56,10.11,3.0701278234985114
64.51,128.1,5.93,38.55,36.19,36.77,0.9,10.3,50.67,2.35,7.69,3.0701278234985114
87.77,167.46,23.49,52.45,63.45,55.11,1.1,14.34,42.25,4.99,11.86,3.0701278234985114
61.65,149.59,23.04,56.61,64.42,55.28,1.15,15.01,49.6,3.57,11.69,3.0701278234985114
48.1,117.66,13.61,48.01,50.96,48.35,0.84,15.73,48.71,2.43,10.87,3.0701278234985114
104.62,204.73,5.67,38.23,35.6,36.1,0.96,12.76,60.74,2.38,6.87,3.0701278234985114
60.87,135.82,13.34,42.12,46.83,37.79,0.99,13.21,40.66,2.5,8.75,3.0701278234985114
73.22,147.13,37.42,56.9,77.62,46.42,1.17,11.88,38.39,4.16,12.15,3.0701278234985114
49.36,113.7,13.89,43.71,48.42,35.9,0.86,12.32,49.84,2.41,12.45,3.0701278234985114
43.43,86.17,6.41,29.33,28.05,23.35,0.69,10.61,54.77,1.28,9.56,3.0701278234985114
88.44,156.68,5.4,36.18,33.67,34.9,0.9,10.46,63.63,2.56,9.3,3.0701278234985114
76.91,143.75,6.01,36.9,35.2,32.89,0.83,10.81,68.85,2.01,8.37,3.0701278234985114
82.58,153.14,7.47,41.64,39.37,32.9,0.92,10.78,66.41,2.24,9.69,3.0701278234985114
78.29,143.57,13.45,40.06,42.66,19.74,0.85,14.0,51.04,2.23,9.87,3.0701278234985114
38.6,94.09,12.05,40.74,40.99,18.42,0.66,11.72,50.32,1.61,7.5,3.0701278234985114
47.08,95.75,12.92,43.61,43.07,26.27,0.78,10.5,43.58,1.92,8.52,3.0701278234985114
43.07,108.09,23.61,47.99,57.93,51.94,0.93,13.13,48.96,3.12,15.26,3.0701278234985114
51.49,112.33,11.38,40.3,39.95,42.99,0.85,11.19,66.03,2.53,33.55,3.0701278234985114
68.84,136.99,13.49,46.5,47.89,46.88,1.03,11.89,60.61,2.55,12.99,3.0701278234985114
73.61,183.61,20.67,55.72,66.46,53.65,1.2,11.0,45.18,2.78,9.77,3.0701278234985114
67.26,154.12,11.09,48.35,51.7,47.02,0.91,13.15,46.3,2.39,12.25,3.0701278234985114
68.62,137.38,8.78,37.64,36.58,41.01,0.81,13.54,60.28,1.25,6.3,3.0701278234985114
47.55,106.04,15.15,43.72,48.22,54.31,0.88,12.21,61.13,1.75,10.08,3.0701278234985114
52.64,115.98,10.22,35.23,39.12,48.12,0.74,14.76,66.26,1.78,9.97,3.0701278234985114
91.33,173.58,9.37,36.15,41.64,47.78,1.07,12.92,62.43,2.76,8.37,3.0701278234985114
54.61,114.1,14.17,36.39,44.39,49.03,0.75,9.96,35.12,1.78,8.17,3.0701278234985114
51.18,113.4,10.98,43.57,44.81,48.91,0.72,10.59,51.42,1.2,5.66,3.0701278234985114
52.02,113.24,10.82,46.12,47.21,47.27,0.79,12.57,56.94,1.5,5.81,3.0701278234985114
42.73,103.89,18.17,52.45,58.9,46.35,0.92,16.07,55.6,2.88,8.84,3.0701278234985114
50.78,133.0,34.45,65.24,86.05,65.04,1.21,17.42,44.5,4.74,14.02,3.0701278234985114
52.85,127.29,46.88,62.15,99.62,78.8,1.31,16.74,41.07,4.9,16.74,3.0701278234985114
52.63,110.43,8.36,51.15,48.35,45.78,0.88,19.16,72.92,2.72,12.27,3.0701278234985114
73.44,154.65,9.49,62.43,61.78,53.69,1.05,15.88,61.14,3.89,11.11,3.0701278234985114
73.42,170.28,11.18,56.58,56.82,49.91,1.06,10.86,52.82,4.02,11.76,3.0701278234985114
53.69,129.83,20.13,51.8,67.66,56.78,1.23,10.3,54.34,4.74,12.47,3.0701278234985114
56.61,143.97,20.96,53.14,66.75,57.77,1.18,11.55,64.27,4.19,13.18,3.0701278234985114
70.48,170.32,35.78,65.52,88.16,70.18,1.58,13.66,46.63,5.56,15.38,3.0701278234985114
73.27,159.87,33.06,59.22,79.62,68.83,1.33,13.22,51.47,5.61,18.84,3.0701278234985114
67.04,133.17,5.07,37.72,35.13,34.8,0.82,9.51,79.11,2.57,9.65,3.0701278234985114
53.64,110.13,9.81,37.64,38.65,30.95,0.79,13.03,37.08,2.34,8.0,3.0701278234985114
67.99,145.26,22.7,53.16,67.99,54.31,1.12,12.01,33.53,6.09,23.62,3.0701278234985114
47.92,114.33,17.9,47.58,57.15,47.1,0.98,11.32,36.13,4.86,18.13,3.0701278234985114
59.26,132.48,21.06,55.63,67.34,57.26,1.22,10.17,34.8,5.84,20.36,3.0701278234985114
52.95,124.14,15.29,50.72,55.27,49.35,0.91,11.88,35.94,4.72,18.74,3.0701278234985114
37.53,102.75,26.85,47.21,63.24,43.98,0.96,10.89,35.59,4.09,23.8,3.0701278234985114
43.69,107.85,6.21,48.98,40.83,26.01,0.96,11.45,47.06,3.8,16.13,3.0701278234985114
43.58,110.92,19.2,63.5,65.71,37.04,1.04,12.16,32.49,4.61,19.06,3.0701278234985114
54.28,137.0,45.77,69.79,96.58,48.86,1.08,11.22,28.11,5.85,22.43,3.0701278234985114
55.55,151.74,41.42,77.26,96.65,52.73,1.3,13.06,29.57,6.61,23.82,3.0701278234985114
64.59,164.04,24.38,78.18,82.95,51.35,1.18,11.23,36.27,6.8,22.56,3.0701278234985114
71.03,156.69,13.85,70.77,70.51,49.52,1.28,11.57,29.6,7.26,24.67,3.0701278234985114
80.04,183.66,8.7,60.65,55.85,41.64,1.24,12.76,37.5,6.99,23.31,3.0701278234985114
69.91,168.36,6.99,43.68,40.45,32.8,1.06,9.95,30.58,5.12,15.8,3.0701278234985114
68.61,153.05,3.97,37.84,33.18,27.34,1.03,13.52,54.13,3.87,15.86,3.0701278234985114
48.02,96.26,5.67,35.09,32.49,26.62,0.95,12.32,54.38,3.03,16.51,3.0701278234985114
47.44,119.11,7.54,45.51,44.62,33.84,0.81,10.76,41.04,3.83,19.94,3.0701278234985114
52.46,120.23,14.72,47.22,55.68,47.9,1.11,10.01,36.18,4.51,23.9,3.0701278234985114
66.18,143.95,22.43,49.72,69.22,57.93,1.2,14.26,30.41,6.86,37.11,3.0701278234985114
55.07,127.91,15.24,49.37,54.28,43.96,0.8,11.96,32.81,3.95,19.35,3.0701278234985114
46.61,103.39,5.69,37.36,35.02,34.8,0.81,10.42,50.94,2.61,10.01,3.0701278234985114
54.75,116.72,7.85,34.88,36.53,31.05,0.85,11.06,34.35,3.51,10.53,3.0701278234985114
46.14,116.17,20.28,57.57,69.15,62.02,1.27,12.06,40.1,4.73,19.23,3.0701278234985114
49.42,119.43,18.75,53.49,64.2,73.24,1.42,11.85,46.56,4.61,21.63,3.0701278234985114
48.46,124.35,18.39,47.46,56.52,47.18,0.91,13.05,37.9,5.34,16.76,3.0701278234985114
34.99,96.06,7.8,33.08,34.28,29.08,0.76,12.35,44.74,3.03,9.08,3.0701278234985114
47.61,101.53,14.34,48.12,56.51,40.58,1.0,12.84,39.97,4.12,4.6,3.0701278234985114
58.77,119.35,12.23,43.38,49.87,35.19,0.86,14.82,50.48,3.86,3.36,3.0701278234985114
60.37,137.1,13.22,56.22,61.52,47.78,0.84,10.47,46.14,3.5,4.75,3.0701278234985114
47.88,93.14,6.07,34.98,33.96,29.34,0.81,9.74,53.34,2.89,4.32,3.0701278234985114
52.59,107.22,6.4,39.35,37.73,28.79,0.85,11.42,54.89,3.13,4.42,3.0701278234985114
42.58,94.73,14.49,46.1,49.44,30.49,0.85,14.24,43.67,2.52,5.85,3.0701278234985114
51.8,120.92,50.06,58.13,90.0,55.47,1.42,13.81,39.26,4.33,8.85,3.0701278234985114
62.6,152.56,48.34,56.28,94.75,68.58,1.37,12.52,38.55,5.19,10.65,3.0701278234985114
31.85,89.61,5.45,38.01,36.02,31.09,1.24,13.01,58.51,2.9,6.01,3.0701278234985114
48.24,107.15,13.5,43.05,48.57,31.61,0.97,9.87,48.61,3.47,8.18,3.0701278234985114
51.08,114.62,9.46,40.38,41.75,29.45,1.17,10.9,56.42,3.53,7.03,3.0701278234985114
47.03,105.2,6.81,40.61,39.87,30.15,1.08,11.57,54.92,3.69,8.53,3.0701278234985114
50.51,106.78,5.59,35.28,34.34,27.64,0.83,12.97,64.82,4.35,7.66,3.0701278234985114
50.79,110.26,7.46,40.79,42.45,29.5,1.0,13.92,65.6,3.3,6.24,3.0701278234985114
55.6,121.15,6.67,47.01,43.42,34.79,1.03,12.64,52.03,3.35,6.82,3.0701278234985114
50.77,109.67,5.39,39.64,36.62,30.67,0.82,13.1,62.78,2.92,6.22,3.0701278234985114
46.02,93.48,5.21,43.33,40.92,32.83,1.08,14.4,62.17,2.2,5.36,3.0701278234985114
59.48,126.91,12.8,51.97,55.18,42.11,1.18,12.54,51.55,4.56,8.29,3.0701278234985114
65.67,152.86,28.12,62.17,80.83,60.94,1.4,13.61,43.28,6.98,12.48,3.0701278234985114
60.95,129.13,22.63,55.3,70.23,55.93,1.28,15.08,61.41,3.98,8.73,3.0701278234985114
64.04,151.41,17.45,63.37,68.55,51.48,1.17,13.21,56.7,3.31,5.46,3.0701278234985114
72.87,170.52,39.28,64.98,86.21,56.15,1.23,14.08,49.06,5.58,14.1,3.0701278234985114
59.62,130.02,9.45,46.03,44.09,32.63,0.87,15.04,58.76,2.55,6.06,3.0701278234985114
50.97,121.14,16.56,58.13,62.63,38.26,0.92,18.1,47.75,3.64,12.24,3.0701278234985114
49.83,128.09,43.28,67.32,92.47,43.24,1.02,13.5,46.34,5.33,21.23,3.0701278234985114
65.69,150.22,60.44,82.69,119.71,57.28,1.23,14.45,36.29,6.71,23.25,3.0701278234985114
61.27,154.46,78.5,83.09,135.91,56.33,1.58,15.14,36.74,7.9,25.31,3.0701278234985114
66.08,153.94,43.35,64.85,90.02,44.52,1.04,18.31,49.74,8.86,26.38,3.0701278234985114
46.11,105.0,5.57,37.07,34.97,23.28,0.92,17.16,58.24,3.15,6.53,3.0701278234985114
66.72,161.44,5.33,33.95,34.82,25.68,0.96,15.43,54.19,3.7,4.25,3.0701278234985114
49.79,91.06,5.44,35.4,33.16,25.4,0.86,12.67,48.74,2.63,5.63,3.0701278234985114
51.39,104.68,4.25,33.67,30.65,24.34,0.83,12.87,61.16,2.39,4.81,3.0701278234985114
50.4,98.54,8.2,42.37,42.84,31.16,0.88,16.53,59.99,2.53,5.64,3.0701278234985114
60.53,121.82,11.98,55.28,56.92,36.36,0.84,13.8,51.19,3.05,7.5,3.0701278234985114
48.24,107.89,8.24,43.69,40.15,25.95,1.01,14.49,65.03,3.01,6.61,3.0701278234985114
50.09,115.08,13.24,44.11,47.99,25.62,0.97,13.1,67.06,3.61,8.87,3.0701278234985114
53.32,121.08,6.78,37.13,35.85,22.04,0.88,13.42,64.07,3.78,6.26,3.0701278234985114
48.52,114.53,9.51,38.31,41.52,22.34,1.04,12.92,64.28,2.66,3.84,3.0701278234985114
29.03,86.33,4.88,27.16,25.74,22.55,0.66,11.69,72.11,1.05,2.4,3.0701278234985114
49.42,116.32,6.06,39.03,37.78,41.76,0.91,13.27,72.23,2.2,4.33,3.0701278234985114
44.52,100.89,5.62,33.16,34.56,31.07,0.92,13.27,75.54,2.55,7.92,3.0701278234985114
43.86,122.98,7.65,40.09,40.12,38.84,0.86,11.69,53.33,1.51,24.66,3.0701278234985114
78.24,247.19,16.42,47.23,51.48,55.36,0.76,15.56,51.0,1.58,23.23,3.0701278234985114
60.0,181.04,5.82,32.01,30.43,36.05,1.04,14.93,67.46,1.31,21.62,3.0701278234985114
44.49,101.22,4.56,33.42,30.67,35.97,1.83,13.71,66.38,1.26,22.25,3.0701278234985114
45.38,92.2,4.42,34.31,31.21,36.64,0.82,17.26,87.83,1.64,27.14,3.0701278234985114
43.23,93.03,7.64,45.87,44.0,45.22,1.01,14.32,76.5,2.47,27.97,3.0701278234985114
43.92,97.43,18.39,48.04,54.49,55.9,1.21,13.86,71.2,3.82,30.98,3.0701278234985114
46.94,102.61,15.7,43.78,48.53,46.08,1.06,14.21,69.56,3.8,31.36,3.0701278234985114
47.44,100.6,4.35,28.08,25.96,29.6,0.52,16.32,86.07,2.52,24.59,3.0701278234985114
31.9,64.36,4.06,30.67,28.98,30.64,0.65,15.34,77.24,1.37,24.55,3.0701278234985114
42.11,116.07,3.7,17.77,18.21,24.03,0.66,12.46,48.44,0.95,10.71,3.0701278234985114
47.5,147.95,3.22,11.34,12.55,17.38,0.62,11.67,50.1,0.38,8.87,3.0701278234985114
49.37,143.5,3.38,14.52,15.04,20.42,0.52,13.33,45.98,0.35,9.46,3.0701278234985114
33.63,72.79,3.4,11.22,12.42,17.23,0.52,13.25,58.19,0.41,6.65,3.0701278234985114
51.34,193.04,3.39,14.2,15.01,20.66,0.59,12.14,51.56,0.46,0.54,3.0701278234985114
36.28,92.73,3.58,16.95,17.28,22.81,0.64,11.48,43.9,0.46,0.65,3.0701278234985114
42.37,102.62,3.61,11.67,13.16,19.68,0.7,11.01,51.96,1.2,0.35,3.0701278234985114
45.16,119.29,4.68,16.94,18.45,22.84,0.64,9.81,50.36,0.91,0.93,3.0701278234985114
47.55,146.77,4.33,14.02,16.1,19.76,0.65,9.67,54.73,0.58,0.63,3.0701278234985114
31.29,84.08,4.52,13.38,15.96,19.7,0.77,11.67,58.73,0.77,0.52,3.0701278234985114
66.4,252.96,4.73,17.89,19.77,23.21,0.69,11.23,57.77,0.67,1.0,3.0701278234985114
35.15,67.1,3.54,15.29,16.7,19.43,0.62,11.74,67.13,0.54,0.56,3.0701278234985114
35.33,79.61,2.84,15.52,15.54,23.09,0.39,10.58,88.66,1.65,2.26,3.0701278234985114
36.12,112.29,3.39,20.03,19.86,27.67,0.62,11.87,69.98,1.8,3.51,3.0701278234985114
47.73,142.31,3.24,19.85,19.01,26.7,0.6,11.32,75.42,1.64,3.0,3.0701278234985114
50.93,122.71,5.12,23.42,23.42,32.22,0.46,12.32,67.08,1.98,5.97,3.0701278234985114
45.31,104.68,2.75,18.13,17.25,24.42,0.67,12.57,87.55,1.4,1.84,3.0701278234985114
43.03,104.48,5.21,27.91,27.37,37.79,0.94,11.06,68.88,2.77,5.08,3.0701278234985114
51.18,141.08,8.67,28.88,30.97,41.55,0.7,13.05,43.33,2.87,8.34,3.0701278234985114
54.27,179.36,3.54,18.83,18.39,27.74,0.79,11.35,46.8,0.94,1.92,3.0701278234985114
55.99,152.88,3.51,17.7,17.87,25.96,0.66,12.5,48.84,1.31,2.0,3.0701278234985114
46.96,119.96,3.61,18.97,18.53,27.07,0.64,11.14,47.5,1.19,1.86,3.0701278234985114
48.1,127.41,4.32,20.71,19.82,28.76,0.58,12.31,43.71,1.15,1.67,3.0701278234985114
48.33,148.49,5.62,17.91,19.99,27.61,0.68,8.0,48.85,1.63,2.01,3.0701278234985114
61.57,192.43,5.33,17.37,19.25,26.85,0.65,11.11,61.95,2.06,1.31,3.0701278234985114
49.62,154.79,4.94,13.87,16.35,23.48,0.67,10.31,82.35,1.41,0.88,3.0701278234985114
33.9,70.43,5.28,13.46,16.52,24.07,0.79,8.23,70.86,1.26,0.79,3.0701278234985114
29.66,59.38,5.13,18.81,21.25,28.88,0.68,9.3,75.03,1.19,1.86,3.0701278234985114
37.85,94.71,5.2,19.05,20.83,29.25,0.74,11.36,70.47,0.55,1.27,3.0701278234985114
43.7,97.19,5.93,16.79,21.62,27.42,0.84,8.81,78.89,1.27,2.02,3.0701278234985114
44.22,113.24,3.96,19.13,18.22,27.68,0.62,9.64,76.8,0.84,2.02,3.0701278234985114
44.53,105.61,3.58,15.93,16.06,22.37,0.62,10.35,74.1,0.4,0.79,3.0701278234985114
51.98,121.22,5.33,19.32,21.0,28.6,0.68,8.94,53.48,0.64,1.96,3.0701278234985114
44.05,103.34,4.8,15.28,16.93,24.58,0.55,11.3,56.55,0.26,0.36,3.0701278234985114
49.29,134.98,4.75,13.56,15.75,22.66,0.59,10.04,59.19,0.18,0.36,3.0701278234985114
35.81,118.34,6.61,18.81,21.85,25.43,0.69,10.34,39.55,0.5,1.71,3.0701278234985114
67.45057794890306,170.61,8.0,10.2,32.30912333307031,23.48347601937197,0.27,29.35,15.85,3.280840304500585,8.700972080037227,3.0701278234985114
67.45057794890306,124.64,7.92,9.45,32.30912333307031,23.48347601937197,0.29,33.34,17.76,3.280840304500585,8.700972080037227,3.0701278234985114
67.45057794890306,107.36,7.74,9.39,32.30912333307031,23.48347601937197,0.31,34.1,21.71,3.280840304500585,8.700972080037227,3.0701278234985114
67.45057794890306,178.28,7.49,10.72,32.30912333307031,23.48347601937197,0.33,38.16,17.94,3.280840304500585,8.700972080037227,3.0701278234985114
67.45057794890306,178.55,7.95,11.07,32.30912333307031,23.48347601937197,0.39,13.11,21.16,3.280840304500585,8.700972080037227,3.0701278234985114
67.45057794890306,151.89,7.84,10.4,32.30912333307031,23.48347601937197,0.28,25.56,17.64,3.280840304500585,8.700972080037227,3.0701278234985114
67.45057794890306,188.39,7.97,10.42,32.30912333307031,23.48347601937197,0.28,57.19,20.48,3.280840304500585,8.700972080037227,3.0701278234985114
67.45057794890306,99.66,8.04,8.75,32.30912333307031,23.48347601937197,0.29,16.33,15.45,3.280840304500585,8.700972080037227,3.0701278234985114
67.45057794890306,89.09,8.06,7.8,32.30912333307031,23.48347601937197,0.33,20.0,12.01,3.280840304500585,8.700972080037227,3.0701278234985114
67.45057794890306,124.83,7.72,9.04,32.30912333307031,23.48347601937197,0.32,14.53197725590996,22.1,3.280840304500585,8.700972080037227,3.0701278234985114
67.45057794890306,169.22,7.8,9.45,32.30912333307031,23.48347601937197,0.36,14.53197725590996,29.21,3.280840304500585,8.700972080037227,3.0701278234985114
67.45057794890306,107.19,7.9,9.27,32.30912333307031,23.48347601937197,0.3,14.53197725590996,33.89,3.280840304500585,8.700972080037227,3.0701278234985114
67.45057794890306,103.55,7.98,9.76,32.30912333307031,23.48347601937197,0.36,5.62,14.69,3.280840304500585,8.700972080037227,3.0701278234985114
67.45057794890306,135.11,7.78,9.24,32.30912333307031,23.48347601937197,0.29,36.97,34.49143047551845,3.280840304500585,8.700972080037227,3.0701278234985114
67.45057794890306,156.37,7.78,9.59,32.30912333307031,23.48347601937197,0.31,59.05,33.75,3.280840304500585,8.700972080037227,3.0701278234985114
67.45057794890306,128.4,7.94,9.01,32.30912333307031,23.48347601937197,0.31,12.28,16.65,3.280840304500585,8.700972080037227,3.0701278234985114
67.45057794890306,205.38,7.71,9.77,32.30912333307031,23.48347601937197,0.3,42.19,19.6,3.280840304500585,8.700972080037227,3.0701278234985114
67.45057794890306,194.08,7.67,10.02,32.30912333307031,23.48347601937197,0.43,28.22,28.14,3.280840304500585,8.700972080037227,3.0701278234985114
67.45057794890306,149.04,7.91,9.49,32.30912333307031,23.48347601937197,0.33,25.57,50.33,3.280840304500585,8.700972080037227,3.0701278234985114
67.45057794890306,92.3,7.53,8.47,32.30912333307031,23.48347601937197,0.27,22.19,50.94,3.280840304500585,8.700972080037227,3.0701278234985114
67.45057794890306,120.26,7.74,9.47,32.30912333307031,23.48347601937197,0.3,18.81,17.59,3.280840304500585,8.700972080037227,3.0701278234985114
67.45057794890306,115.24,7.91,9.56,32.30912333307031,23.48347601937197,0.4,43.43,48.65,3.280840304500585,8.700972080037227,3.0701278234985114
67.45057794890306,111.91,7.98,9.82,32.30912333307031,23.48347601937197,0.39,21.08,36.24,3.280840304500585,8.700972080037227,3.0701278234985114
67.45057794890306,130.72,7.82,8.66,32.30912333307031,23.48347601937197,0.29,52.08,37.25,3.280840304500585,8.700972080037227,3.0701278234985114
67.45057794890306,154.29,7.47,8.47,32.30912333307031,23.48347601937197,0.36,36.18,28.23,3.280840304500585,8.700972080037227,3.0701278234985114
67.45057794890306,149.02,7.94,9.68,32.30912333307031,23.48347601937197,0.44,65.81,34.31,3.280840304500585,8.700972080037227,3.0701278234985114
67.45057794890306,195.18,7.83,10.22,32.30912333307031,23.48347601937197,0.38,23.99,15.75,3.280840304500585,8.700972080037227,3.0701278234985114
67.45057794890306,136.9,7.94,9.84,32.30912333307031,23.48347601937197,0.31,48.14,10.3,3.280840304500585,8.700972080037227,3.0701278234985114
67.45057794890306,98.77,8.15,9.9,32.30912333307031,23.48347601937197,0.28,31.56,6.42,3.280840304500585,8.700972080037227,3.0701278234985114
67.45057794890306,116.99,8.09,9.25,32.30912333307031,23.48347601937197,0.43,38.71,11.59,3.280840304500585,8.700972080037227,3.0701278234985114
67.45057794890306,129.23,8.17,10.45,32.30912333307031,23.48347601937197,0.42,47.44,7.08,3.280840304500585,8.700972080037227,3.0701278234985114
67.45057794890306,101.19,7.94,9.28,32.30912333307031,23.48347601937197,0.39,26.29,16.13,3.280840304500585,8.700972080037227,3.0701278234985114
67.45057794890306,167.86,7.77,9.85,32.30912333307031,23.48347601937197,0.36,46.82,11.6,3.280840304500585,8.700972080037227,3.0701278234985114
67.45057794890306,197.14,8.02,10.65,32.30912333307031,23.48347601937197,0.34,28.47,16.98,3.280840304500585,8.700972080037227,3.0701278234985114
67.45057794890306,175.7,8.12,8.73,32.30912333307031,23.48347601937197,0.38,42.62,22.45,3.280840304500585,8.700972080037227,3.0701278234985114
67.45057794890306,130.9,8.06,9.7,32.30912333307031,23.48347601937197,0.34,34.66,10.02,3.280840304500585,8.700972080037227,3.0701278234985114
67.45057794890306,119.44,8.1,9.2,32.30912333307031,23.48347601937197,0.35,24.31,12.56,3.280840304500585,8.700972080037227,3.0701278234985114
67.45057794890306,177.78,7.76,8.99,32.30912333307031,23.48347601937197,0.4,41.41,10.77,3.280840304500585,8.700972080037227,3.0701278234985114
67.45057794890306,154.1,7.96,9.89,32.30912333307031,23.48347601937197,0.4,41.89,6.7,3.280840304500585,8.700972080037227,3.0701278234985114
67.45057794890306,105.49,7.77,9.02,32.30912333307031,23.48347601937197,0.4,20.14,5.77,3.280840304500585,8.700972080037227,3.0701278234985114
67.45057794890306,107.84,7.95,9.78,32.30912333307031,23.48347601937197,0.36,39.08,5.27,3.280840304500585,8.700972080037227,3.0701278234985114
67.45057794890306,186.63,8.15,9.83,32.30912333307031,23.48347601937197,0.43,52.3,21.69,3.280840304500585,8.700972080037227,3.0701278234985114
67.45057794890306,81.65,6.87,9.53,32.30912333307031,23.48347601937197,0.34,23.99,10.24,3.280840304500585,8.700972080037227,3.0701278234985114
67.45057794890306,122.54,21.64,13.85,32.30912333307031,23.48347601937197,0.3,15.99,9.0,3.280840304500585,8.700972080037227,3.0701278234985114
67.45057794890306,107.21,7.97,10.3,32.30912333307031,23.48347601937197,0.42,34.81,24.8,3.280840304500585,8.700972080037227,3.0701278234985114
67.45057794890306,161.58,7.68,9.53,32.30912333307031,23.48347601937197,0.28,16.38,26.71,3.280840304500585,8.700972080037227,3.0701278234985114
67.45057794890306,110.27,7.77,9.79,32.30912333307031,23.48347601937197,0.31,25.25,14.85,3.280840304500585,8.700972080037227,3.0701278234985114
67.45057794890306,155.17,17.574729662029362,28.560659061126955,32.30912333307031,23.48347601937197,2.2485982090856145,19.29,10.18,3.280840304500585,8.700972080037227,3.0701278234985114
67.45057794890306,184.27,17.574729662029362,28.560659061126955,32.30912333307031,23.48347601937197,2.2485982090856145,18.46,8.07,3.280840304500585,8.700972080037227,3.0701278234985114
67.45057794890306,147.58,10.7,10.67,32.30912333307031,6.97,0.35,37.13,92.07,3.280840304500585,8.700972080037227,3.0701278234985114
67.45057794890306,125.99,9.41,10.14,32.30912333307031,7.04,0.33,36.49,44.94,3.280840304500585,8.700972080037227,3.0701278234985114
67.45057794890306,185.76,9.85,10.5,32.30912333307031,6.93,0.32,30.87,27.97,3.280840304500585,8.700972080037227,3.0701278234985114
67.45057794890306,183.64,9.33,10.39,32.30912333307031,6.9,0.35,41.49,23.24,3.280840304500585,8.700972080037227,3.0701278234985114
67.45057794890306,145.69,9.37,10.43,32.30912333307031,6.98,0.32,50.32,28.59,3.280840304500585,8.700972080037227,3.0701278234985114
67.45057794890306,200.02,10.14,11.67,32.30912333307031,6.97,0.41,65.31,31.34,3.280840304500585,8.700972080037227,3.0701278234985114
67.45057794890306,231.28,10.72,11.86,32.30912333307031,6.88,0.34,68.86,65.8,3.280840304500585,8.700972080037227,3.0701278234985114
67.45057794890306,269.77,15.66,15.43,32.30912333307031,6.76,0.42,90.57,9.06,3.280840304500585,8.700972080037227,3.0701278234985114
67.45057794890306,102.45,8.42,9.73,32.30912333307031,6.93,0.32,36.65,25.19,3.280840304500585,8.700972080037227,3.0701278234985114
67.45057794890306,160.61,7.17,10.23,32.30912333307031,7.07,0.37,50.94,28.05,3.280840304500585,8.700972080037227,3.0701278234985114
67.45057794890306,274.55,17.574729662029362,28.560659061126955,32.30912333307031,23.48347601937197,0.31,32.47,7.22,3.280840304500585,8.700972080037227,3.0701278234985114
67.45057794890306,168.65,9.06,11.01,32.30912333307031,6.88,0.34,54.32,47.58,3.280840304500585,8.700972080037227,3.0701278234985114
67.45057794890306,184.4,9.04,11.11,32.30912333307031,7.03,0.32,14.53197725590996,27.21,3.280840304500585,8.700972080037227,3.0701278234985114
67.45057794890306,157.44,8.48,10.39,32.30912333307031,6.85,0.31,14.53197725590996,27.94,3.280840304500585,8.700972080037227,3.0701278234985114
67.45057794890306,158.25,8.21,10.5,32.30912333307031,6.89,0.31,68.66,31.08,3.280840304500585,8.700972080037227,3.0701278234985114
67.45057794890306,202.4,9.56,11.82,32.30912333307031,6.89,0.4,55.34,41.2,3.280840304500585,8.700972080037227,3.0701278234985114
67.45057794890306,241.21,11.05,12.11,32.30912333307031,6.95,0.27,56.92,27.28,3.280840304500585,8.700972080037227,3.0701278234985114
67.45057794890306,165.49,9.83,11.64,32.30912333307031,6.99,0.34,55.11,23.77,3.280840304500585,8.700972080037227,3.0701278234985114
67.45057794890306,197.7,10.28,11.84,32.30912333307031,6.93,0.31,59.55,23.47,3.280840304500585,8.700972080037227,3.0701278234985114
67.45057794890306,137.24,10.07,11.09,32.30912333307031,7.11,0.35,60.54,26.94,3.280840304500585,8.700972080037227,3.0701278234985114
67.45057794890306,146.55,8.78,10.21,32.30912333307031,7.02,0.36,59.32,24.24,3.280840304500585,8.700972080037227,3.0701278234985114
67.45057794890306,246.1,11.74,13.07,32.30912333307031,6.85,0.32,72.63,24.22,3.280840304500585,8.700972080037227,3.0701278234985114
67.45057794890306,165.4,10.55,11.98,32.30912333307031,7.09,0.32,73.57,19.66,3.280840304500585,8.700972080037227,3.0701278234985114
67.45057794890306,89.61,8.64,9.92,32.30912333307031,7.06,0.27,44.84,18.61,3.280840304500585,8.700972080037227,3.0701278234985114
67.45057794890306,123.43,9.31,10.57,32.30912333307031,6.99,0.34,47.29,19.74,3.280840304500585,8.700972080037227,3.0701278234985114
67.45057794890306,128.31,8.82,10.02,32.30912333307031,6.97,0.35,43.63,18.34,3.280840304500585,8.700972080037227,3.0701278234985114
67.45057794890306,90.25,10.08,11.35,32.30912333307031,6.89,0.32,69.09,16.14,3.280840304500585,8.700972080037227,3.0701278234985114
67.45057794890306,203.31,10.12,10.87,32.30912333307031,7.03,0.35,59.28,18.41,3.280840304500585,8.700972080037227,3.0701278234985114
67.45057794890306,164.43,10.08,10.91,32.30912333307031,6.89,0.35,46.58,22.06,3.280840304500585,8.700972080037227,3.0701278234985114
67.45057794890306,117.28,8.49,9.4,32.30912333307031,7.04,0.32,55.96,17.04,3.280840304500585,8.700972080037227,3.0701278234985114
67.45057794890306,153.48,8.83,10.65,32.30912333307031,6.78,0.33,53.45,17.92,3.280840304500585,8.700972080037227,3.0701278234985114
67.45057794890306,173.34,9.06,9.76,32.30912333307031,7.02,0.3,55.87,20.57,3.280840304500585,8.700972080037227,3.0701278234985114
67.45057794890306,265.75,9.83,11.03,32.30912333307031,6.97,0.41,89.33,15.59,3.280840304500585,8.700972080037227,3.0701278234985114
67.45057794890306,245.7,8.4,8.95,32.30912333307031,7.02,0.3,42.01,23.75,3.280840304500585,8.700972080037227,3.0701278234985114
67.45057794890306,141.45,8.6,9.21,32.30912333307031,6.88,0.35,67.06,18.83,3.280840304500585,8.700972080037227,3.0701278234985114
67.45057794890306,289.1,9.9,10.37,32.30912333307031,6.87,0.38,91.04,16.82,3.280840304500585,8.700972080037227,3.0701278234985114
67.45057794890306,137.15,9.96,11.02,32.30912333307031,6.72,0.37,85.41,19.08,3.280840304500585,8.700972080037227,3.0701278234985114
67.45057794890306,155.41,10.65,10.21,32.30912333307031,6.82,0.34,88.97,11.88,3.280840304500585,8.700972080037227,3.0701278234985114
67.45057794890306,98.39,14.5,10.1,32.30912333307031,6.87,0.35,71.81,52.92,3.280840304500585,8.700972080037227,3.0701278234985114
67.45057794890306,199.04,8.63,9.76,32.30912333307031,6.97,0.35,104.55,41.95,3.280840304500585,8.700972080037227,3.0701278234985114
67.45057794890306,144.54,8.45,9.39,32.30912333307031,6.87,0.33,94.32,47.12,3.280840304500585,8.700972080037227,3.0701278234985114
67.45057794890306,147.96,9.11,9.44,32.30912333307031,6.91,0.3,73.58,31.74,3.280840304500585,8.700972080037227,3.0701278234985114
67.45057794890306,159.26,10.25,9.93,32.30912333307031,6.96,0.42,14.53197725590996,35.74,3.280840304500585,8.700972080037227,3.0701278234985114
67.45057794890306,178.2,10.71,10.4,32.30912333307031,6.89,0.34,14.53197725590996,38.0,3.280840304500585,8.700972080037227,3.0701278234985114
67.45057794890306,240.43,9.07,9.8,32.30912333307031,6.95,0.38,14.53197725590996,36.6,3.280840304500585,8.700972080037227,3.0701278234985114
67.45057794890306,130.66,9.4,8.5,32.30912333307031,6.86,0.35,14.53197725590996,42.07,3.280840304500585,8.700972080037227,3.0701278234985114
67.45057794890306,127.78,10.16,9.04,32.30912333307031,6.86,0.36,14.53197725590996,37.54,3.280840304500585,8.700972080037227,3.0701278234985114
67.45057794890306,127.41,8.79,9.26,32.30912333307031,6.88,0.27,88.02,38.03,3.280840304500585,8.700972080037227,3.0701278234985114
67.45057794890306,232.78,11.18,9.42,32.30912333307031,6.94,0.39,14.53197725590996,22.62,3.280840304500585,8.700972080037227,3.0701278234985114
67.45057794890306,130.12,8.95,8.92,32.30912333307031,6.92,0.34,14.53197725590996,20.8,3.280840304500585,8.700972080037227,3.0701278234985114
67.45057794890306,124.44,8.36,8.96,32.30912333307031,6.86,0.26,14.53197725590996,28.21,3.280840304500585,8.700972080037227,3.0701278234985114
67.45057794890306,202.58,8.32,8.29,32.30912333307031,6.86,0.32,14.53197725590996,77.78,3.280840304500585,8.700972080037227,3.0701278234985114
67.45057794890306,270.09,8.08,7.83,32.30912333307031,6.91,0.28,65.83,28.14,3.280840304500585,8.700972080037227,3.0701278234985114
67.45057794890306,116.91,8.53,8.31,32.30912333307031,6.9,0.32,110.05,28.27,3.280840304500585,8.700972080037227,3.0701278234985114
67.45057794890306,193.53,8.16,8.49,32.30912333307031,6.83,0.31,61.64,27.08,3.280840304500585,8.700972080037227,3.0701278234985114
67.45057794890306,199.47,8.79,10.82,32.30912333307031,6.91,0.34,139.41,36.45,3.280840304500585,8.700972080037227,3.0701278234985114
67.45057794890306,146.95,8.75,10.15,32.30912333307031,6.76,0.35,90.09,95.28,3.280840304500585,8.700972080037227,3.0701278234985114
67.45057794890306,123.73,8.26,9.07,32.30912333307031,6.83,0.29,90.44,57.22,3.280840304500585,8.700972080037227,3.0701278234985114
67.45057794890306,133.96,8.87,9.18,32.30912333307031,6.87,0.32,95.07,33.62,3.280840304500585,8.700972080037227,3.0701278234985114
67.45057794890306,214.59,9.43,10.02,32.30912333307031,6.91,0.41,128.96,29.76,3.280840304500585,8.700972080037227,3.0701278234985114
67.45057794890306,160.38,9.17,10.28,32.30912333307031,6.89,0.32,124.04,40.82,3.280840304500585,8.700972080037227,3.0701278234985114
67.45057794890306,130.73,9.16,9.84,32.30912333307031,6.8,0.32,98.8,35.31,3.280840304500585,8.700972080037227,3.0701278234985114
67.45057794890306,167.31,12.11,10.48,32.30912333307031,6.96,0.36,133.82,27.88,3.280840304500585,8.700972080037227,3.0701278234985114
67.45057794890306,224.71,8.92,8.89,32.30912333307031,6.79,0.27,97.28,29.59,3.280840304500585,8.700972080037227,3.0701278234985114
67.45057794890306,99.24,8.25,8.88,32.30912333307031,6.79,0.35,109.58,30.87,3.280840304500585,8.700972080037227,3.0701278234985114
67.45057794890306,129.45,8.18,9.11,32.30912333307031,6.8,0.34,111.18,30.39,3.280840304500585,8.700972080037227,3.0701278234985114
67.45057794890306,189.85,8.54,8.92,32.30912333307031,6.89,0.39,89.18,21.3,3.280840304500585,8.700972080037227,3.0701278234985114
67.45057794890306,220.36,8.69,9.14,32.30912333307031,6.87,0.32,115.88,25.23,3.280840304500585,8.700972080037227,3.0701278234985114
67.45057794890306,167.69,9.68,10.28,32.30912333307031,6.83,0.36,123.19,16.77,3.280840304500585,8.700972080037227,3.0701278234985114
67.45057794890306,139.75,9.9,9.66,32.30912333307031,6.67,0.46,117.36,4.71,3.280840304500585,8.700972080037227,3.0701278234985114
67.45057794890306,120.66,7.59,8.24,32.30912333307031,6.71,0.52,54.27,21.34,3.280840304500585,8.700972080037227,3.0701278234985114
67.45057794890306,140.02,10.39,10.34,32.30912333307031,6.93,0.46,113.53,31.36,3.280840304500585,8.700972080037227,3.0701278234985114
67.45057794890306,153.75,11.02,11.29,32.30912333307031,6.07,0.43,153.19,15.89,3.280840304500585,8.700972080037227,3.0701278234985114
67.45057794890306,144.27,15.56,8.46,32.30912333307031,7.66,0.42,77.53,14.86,3.280840304500585,8.700972080037227,3.0701278234985114
67.45057794890306,171.14,14.75,7.18,32.30912333307031,8.03,0.38,54.4,11.92,3.280840304500585,8.700972080037227,3.0701278234985114
67.45057794890306,136.1,14.7,7.45,32.30912333307031,7.93,0.36,48.72,19.82,3.280840304500585,8.700972080037227,3.0701278234985114
67.45057794890306,148.89,15.09,7.6,32.30912333307031,7.71,0.38,32.71,77.12,3.280840304500585,8.700972080037227,3.0701278234985114
67.45057794890306,113.36,15.22,6.68,32.30912333307031,8.2,0.44,35.42,55.48,3.280840304500585,8.700972080037227,3.0701278234985114
67.45057794890306,159.22,6.53,6.8,32.30912333307031,6.59,0.35,30.23,9.44,3.280840304500585,8.700972080037227,3.0701278234985114
67.45057794890306,113.33,6.41,6.78,32.30912333307031,6.57,0.3,22.49,7.79,3.280840304500585,8.700972080037227,3.0701278234985114
67.45057794890306,96.66,6.58,6.76,32.30912333307031,6.62,0.3,25.04,5.7,3.280840304500585,8.700972080037227,3.0701278234985114
67.45057794890306,98.9,7.33,7.15,32.30912333307031,6.73,0.29,25.75,16.8,3.280840304500585,8.700972080037227,3.0701278234985114
67.45057794890306,116.51,7.32,7.32,32.30912333307031,6.64,0.34,31.72,8.55,3.280840304500585,8.700972080037227,3.0701278234985114
67.45057794890306,61.97,7.23,7.14,32.30912333307031,6.62,0.37,29.56,48.94,3.280840304500585,8.700972080037227,3.0701278234985114
67.45057794890306,86.95,7.03,7.12,32.30912333307031,6.61,0.39,29.98,18.93,3.280840304500585,8.700972080037227,3.0701278234985114
67.45057794890306,135.24,7.03,6.78,32.30912333307031,6.63,0.36,11.15,15.09,3.280840304500585,8.700972080037227,3.0701278234985114
67.45057794890306,191.13,7.06,6.86,32.30912333307031,6.62,0.32,26.41,15.32,3.280840304500585,8.700972080037227,3.0701278234985114
67.45057794890306,120.67,7.03,6.88,32.30912333307031,6.62,0.34,17.0,12.0,3.280840304500585,8.700972080037227,3.0701278234985114
67.45057794890306,109.67,7.09,7.14,32.30912333307031,6.66,0.34,21.87,40.13,3.280840304500585,8.700972080037227,3.0701278234985114
67.45057794890306,104.7,6.94,7.27,32.30912333307031,6.64,0.35,26.77,13.16,3.280840304500585,8.700972080037227,3.0701278234985114
67.45057794890306,109.37,7.22,7.16,32.30912333307031,6.6,0.37,26.89,4.94,3.280840304500585,8.700972080037227,3.0701278234985114
67.45057794890306,119.04,7.25,7.05,32.30912333307031,6.64,0.47,43.34,5.66,3.280840304500585,8.700972080037227,3.0701278234985114
67.45057794890306,117.11,7.03,7.34,32.30912333307031,6.6,0.43,35.51,5.05,3.280840304500585,8.700972080037227,3.0701278234985114
67.45057794890306,117.12,6.98,7.11,32.30912333307031,6.6,0.42,39.72,4.59,3.280840304500585,8.700972080037227,3.0701278234985114
67.45057794890306,147.82,7.1,7.61,32.30912333307031,6.58,0.4,32.66,3.7,3.280840304500585,8.700972080037227,3.0701278234985114
67.45057794890306,118.01,6.98,7.37,32.30912333307031,6.62,0.4,33.78,4.52,3.280840304500585,8.700972080037227,3.0701278234985114
67.45057794890306,116.96,6.93,7.39,32.30912333307031,6.6,0.4,36.12,3.97,3.280840304500585,8.700972080037227,3.0701278234985114
67.45057794890306,115.41,7.13,7.24,32.30912333307031,6.59,0.45,49.09,22.58,3.280840304500585,8.700972080037227,3.0701278234985114
67.45057794890306,163.25,7.4,10.2,32.30912333307031,7.08,0.46,40.02,6.54,3.280840304500585,8.700972080037227,3.0701278234985114
67.45057794890306,194.13,7.43,9.14,32.30912333307031,6.63,0.39,65.43,5.66,3.280840304500585,8.700972080037227,3.0701278234985114
67.45057794890306,91.71,7.03,7.52,32.30912333307031,6.64,0.47,50.25,28.25,3.280840304500585,8.700972080037227,3.0701278234985114
67.45057794890306,111.4,7.01,7.28,32.30912333307031,6.6,0.43,53.8,24.47,3.280840304500585,8.700972080037227,3.0701278234985114
67.45057794890306,129.96,6.99,6.94,32.30912333307031,6.62,0.44,52.5,20.61,3.280840304500585,8.700972080037227,3.0701278234985114
67.45057794890306,143.75,6.96,7.27,32.30912333307031,6.57,0.34,30.0,20.77,3.280840304500585,8.700972080037227,3.0701278234985114
67.45057794890306,152.22,6.99,7.11,32.30912333307031,6.59,0.4,31.45,22.77,3.280840304500585,8.700972080037227,3.0701278234985114
67.45057794890306,146.81,6.7,7.21,32.30912333307031,6.53,0.43,42.26,16.27,3.280840304500585,8.700972080037227,3.0701278234985114
67.45057794890306,93.89,7.02,7.31,32.30912333307031,6.59,0.36,33.12,14.34,3.280840304500585,8.700972080037227,3.0701278234985114
67.45057794890306,102.98,7.12,7.4,32.30912333307031,6.61,0.34,28.42,66.52,3.280840304500585,8.700972080037227,3.0701278234985114
67.45057794890306,99.33,7.22,7.25,32.30912333307031,6.59,0.42,45.69,21.17,3.280840304500585,8.700972080037227,3.0701278234985114
67.45057794890306,146.37,7.13,7.23,32.30912333307031,6.58,0.46,45.09,5.94,3.280840304500585,8.700972080037227,3.0701278234985114
67.45057794890306,146.62,8.54,7.61,32.30912333307031,6.67,0.47,46.46,8.14,3.280840304500585,8.700972080037227,3.0701278234985114
67.45057794890306,123.14,7.02,6.93,32.30912333307031,6.71,0.39,39.45,43.97,3.280840304500585,8.700972080037227,3.0701278234985114
67.45057794890306,100.79,6.96,7.02,32.30912333307031,6.58,0.38,17.59,33.33,3.280840304500585,8.700972080037227,3.0701278234985114
67.45057794890306,88.89,7.1,7.13,32.30912333307031,6.61,0.0,28.6,20.61,3.280840304500585,8.700972080037227,3.0701278234985114
67.45057794890306,105.58,7.02,7.58,32.30912333307031,6.58,0.0,14.53197725590996,10.82,3.280840304500585,8.700972080037227,3.0701278234985114
67.45057794890306,134.55,7.26,7.67,32.30912333307031,6.56,0.0,14.53197725590996,9.49,3.280840304500585,8.700972080037227,3.0701278234985114
67.45057794890306,134.45,7.44,7.59,32.30912333307031,6.53,0.0,14.53197725590996,15.58,3.280840304500585,8.700972080037227,3.0701278234985114
67.45057794890306,127.22,7.22,7.02,32.30912333307031,6.57,0.0,14.53197725590996,19.84,3.280840304500585,8.700972080037227,3.0701278234985114
67.45057794890306,118.12710293078135,17.574729662029362,28.560659061126955,32.30912333307031,23.48347601937197,2.2485982090856145,14.53197725590996,34.49143047551845,3.280840304500585,8.700972080037227,3.0701278234985114
67.45057794890306,192.25,6.83,7.0,32.30912333307031,6.64,0.0,14.53197725590996,19.4,3.280840304500585,8.700972080037227,3.0701278234985114
67.45057794890306,227.19,7.55,7.37,32.30912333307031,6.63,0.0,14.53197725590996,25.82,3.280840304500585,8.700972080037227,3.0701278234985114
67.45057794890306,268.34,7.42,7.21,32.30912333307031,6.65,0.0,14.53197725590996,17.26,3.280840304500585,8.700972080037227,3.0701278234985114
67.45057794890306,117.61,6.8,7.68,32.30912333307031,6.61,2.2485982090856145,44.83,7.77,3.280840304500585,8.700972080037227,3.0701278234985114
67.45057794890306,268.12,7.41,7.63,32.30912333307031,6.62,2.2485982090856145,39.31,8.58,3.280840304500585,8.700972080037227,3.0701278234985114
72.47,120.12,9.53,10.04,32.30912333307031,6.32,2.2485982090856145,41.44,39.49,3.280840304500585,8.700972080037227,3.0701278234985114
58.89,107.66,9.69,10.12,32.30912333307031,6.28,2.2485982090856145,41.58,46.17,3.280840304500585,8.700972080037227,3.0701278234985114
73.78,145.37,10.25,10.39,32.30912333307031,6.39,2.2485982090856145,65.88,28.75,3.280840304500585,8.700972080037227,3.0701278234985114
69.83,135.09,9.42,10.16,32.30912333307031,6.26,2.2485982090856145,14.53197725590996,16.17,3.280840304500585,8.700972080037227,3.0701278234985114
86.47,158.19,9.44,10.3,32.30912333307031,6.32,2.2485982090856145,14.53197725590996,12.16,3.280840304500585,8.700972080037227,3.0701278234985114
88.14,153.71,9.67,10.19,32.30912333307031,6.34,0.0,113.82,14.91,3.280840304500585,8.700972080037227,3.0701278234985114
99.32,197.98,9.64,10.08,32.30912333307031,6.43,0.0,14.53197725590996,102.64,3.280840304500585,8.700972080037227,3.0701278234985114
90.46,187.59,9.87,10.09,32.30912333307031,6.29,0.0,14.53197725590996,35.34,3.280840304500585,8.700972080037227,3.0701278234985114
57.84,119.52,8.94,9.41,32.30912333307031,6.37,0.0,14.53197725590996,23.48,3.280840304500585,8.700972080037227,3.0701278234985114
25.2,62.61,9.03,9.36,32.30912333307031,6.37,0.0,6.28,59.31,3.280840304500585,8.700972080037227,3.0701278234985114
80.78,140.36,9.4,9.57,32.30912333307031,6.39,0.0,14.33,57.49,3.280840304500585,8.700972080037227,3.0701278234985114
85.67,152.5,9.2,9.24,32.30912333307031,6.37,0.0,15.43,40.81,3.280840304500585,8.700972080037227,3.0701278234985114
72.84,127.69,9.12,9.34,32.30912333307031,6.35,0.0,13.33,13.92,3.280840304500585,8.700972080037227,3.0701278234985114
81.29,145.5,9.27,9.28,32.30912333307031,6.36,0.0,12.93,15.55,3.280840304500585,8.700972080037227,3.0701278234985114
84.66,139.63,9.32,9.39,32.30912333307031,6.34,0.0,12.69,17.52,3.280840304500585,8.700972080037227,3.0701278234985114
46.5,84.04,9.32,9.71,32.30912333307031,6.32,0.0,7.77,23.27,3.280840304500585,8.700972080037227,3.0701278234985114
67.94,137.38,9.29,9.86,32.30912333307031,6.3,0.0,12.14,16.54,3.280840304500585,8.700972080037227,3.0701278234985114
106.54,206.88,9.58,10.1,32.30912333307031,6.32,0.0,20.68,16.01,3.280840304500585,8.700972080037227,3.0701278234985114
87.37,166.13,9.54,10.19,32.30912333307031,6.29,0.0,15.37,16.32,3.280840304500585,8.700972080037227,3.0701278234985114
50.04,95.48,9.08,10.39,32.30912333307031,6.32,0.0,8.7,13.1,3.280840304500585,8.700972080037227,3.0701278234985114
60.26,110.17,8.98,9.68,32.30912333307031,6.31,0.0,8.3,36.99,3.280840304500585,8.700972080037227,3.0701278234985114
68.47,129.0,9.2,9.61,32.30912333307031,6.32,0.0,11.22,29.03,3.280840304500585,8.700972080037227,3.0701278234985114
72.12,136.87,8.91,9.69,32.30912333307031,6.25,0.0,11.73,112.63,3.280840304500585,8.700972080037227,3.0701278234985114
38.02,90.59,9.26,9.53,32.30912333307031,6.31,0.0,9.02,25.05,3.280840304500585,8.700972080037227,3.0701278234985114
61.9,141.18,9.07,9.42,32.30912333307031,6.31,0.0,10.5,20.33,3.280840304500585,8.700972080037227,3.0701278234985114
69.58,159.38,9.02,9.44,32.30912333307031,6.31,0.0,9.71,25.47,3.280840304500585,8.700972080037227,3.0701278234985114
85.68,205.23,9.17,9.94,32.30912333307031,6.19,0.0,10.63,12.17,3.280840304500585,8.700972080037227,3.0701278234985114
53.93,114.83,9.14,9.79,32.30912333307031,6.29,0.0,10.3,21.49,3.280840304500585,8.700972080037227,3.0701278234985114
69.81,150.68,9.13,9.71,32.30912333307031,6.32,0.0,15.02,19.76,3.280840304500585,8.700972080037227,3.0701278234985114
102.41,181.61,9.14,9.7,32.30912333307031,6.3,0.0,14.1,24.6,3.280840304500585,8.700972080037227,3.0701278234985114
79.81,169.61,9.05,9.73,32.30912333307031,6.33,2.2485982090856145,12.75,18.2,3.280840304500585,8.700972080037227,3.0701278234985114
60.03,124.63,9.04,9.8,32.30912333307031,6.24,2.2485982090856145,9.02,11.37,3.280840304500585,8.700972080037227,3.0701278234985114
57.54,112.16,8.91,9.56,32.30912333307031,6.32,2.2485982090856145,4.01,4.35,3.280840304500585,8.700972080037227,3.0701278234985114
57.57,105.36,9.05,9.46,32.30912333307031,6.3,2.2485982090856145,4.67,7.6,3.280840304500585,8.700972080037227,3.0701278234985114
70.14,129.73,8.84,9.7,32.30912333307031,6.28,2.2485982090856145,6.88,11.34,3.280840304500585,8.700972080037227,3.0701278234985114
61.71,116.52,9.06,9.61,32.30912333307031,6.24,2.2485982090856145,4.13,16.64,3.280840304500585,8.700972080037227,3.0701278234985114
55.67,116.8,9.14,9.48,32.30912333307031,6.26,2.2485982090856145,8.72,26.77,3.280840304500585,8.700972080037227,3.0701278234985114
49.75,103.33,8.94,9.43,32.30912333307031,6.27,2.2485982090856145,5.58,34.63,3.280840304500585,8.700972080037227,3.0701278234985114
60.83,126.33,8.97,9.38,32.30912333307031,6.3,2.2485982090856145,4.1,58.23,3.280840304500585,8.700972080037227,3.0701278234985114
71.94,143.92,9.16,9.28,32.30912333307031,6.3,2.2485982090856145,5.04,51.32,3.280840304500585,8.700972080037227,3.0701278234985114
43.59,94.13,9.12,9.28,32.30912333307031,6.31,2.2485982090856145,7.91,58.32,3.280840304500585,8.700972080037227,3.0701278234985114
67.45057794890306,70.53,9.16,9.54,32.30912333307031,6.28,1.76,6.12,20.54,3.280840304500585,8.700972080037227,3.0701278234985114
67.45057794890306,91.32,9.09,9.73,32.30912333307031,6.19,1.87,5.88,43.9,3.280840304500585,8.700972080037227,3.0701278234985114
67.45057794890306,113.19,8.95,9.55,32.30912333307031,6.29,1.57,3.66,108.49,3.280840304500585,8.700972080037227,3.0701278234985114
67.45057794890306,162.53,8.36,8.5,32.30912333307031,6.5,2.01,6.14,62.28,3.280840304500585,8.700972080037227,3.0701278234985114
67.45057794890306,233.79,7.97,7.76,32.30912333307031,6.57,2.59,14.75,53.74,3.280840304500585,8.700972080037227,3.0701278234985114
67.45057794890306,106.54,7.73,7.57,32.30912333307031,6.63,1.74,4.95,46.06,3.280840304500585,8.700972080037227,3.0701278234985114
67.45057794890306,60.46,7.95,7.43,32.30912333307031,6.61,1.38,5.34,42.78,3.280840304500585,8.700972080037227,3.0701278234985114
67.45057794890306,40.09,7.83,7.72,32.30912333307031,6.53,1.48,5.85,33.32,3.280840304500585,8.700972080037227,3.0701278234985114
67.45057794890306,61.33,7.63,7.61,32.30912333307031,6.55,1.44,4.85,18.9,3.280840304500585,8.700972080037227,3.0701278234985114
67.45057794890306,119.83,7.99,7.73,32.30912333307031,6.5,1.66,9.49,34.54,3.280840304500585,8.700972080037227,3.0701278234985114
67.45057794890306,154.78,8.06,7.79,32.30912333307031,6.57,2.49,14.54,105.78,3.280840304500585,8.700972080037227,3.0701278234985114
67.45057794890306,179.52,7.93,7.6,32.30912333307031,6.61,1.91,11.02,70.79,3.280840304500585,8.700972080037227,3.0701278234985114
67.45057794890306,191.75,7.89,7.45,32.30912333307031,6.6,1.61,13.21,66.48,3.280840304500585,8.700972080037227,3.0701278234985114
67.45057794890306,196.25,8.0,7.55,32.30912333307031,6.57,1.88,14.53197725590996,42.63,3.280840304500585,8.700972080037227,3.0701278234985114
67.45057794890306,191.93,8.11,7.53,32.30912333307031,6.6,2.14,14.53197725590996,33.06,3.280840304500585,8.700972080037227,3.0701278234985114
67.45057794890306,153.82,7.98,7.41,32.30912333307031,6.67,2.01,14.53197725590996,52.39,3.280840304500585,8.700972080037227,3.0701278234985114
67.45057794890306,160.09,7.9,7.5,32.30912333307031,6.63,1.95,9.09,86.41,3.280840304500585,8.700972080037227,3.0701278234985114
67.45057794890306,71.3,7.91,7.37,32.30912333307031,6.57,1.77,5.13,32.56,3.280840304500585,8.700972080037227,3.0701278234985114
67.45057794890306,94.62,7.92,7.51,32.30912333307031,6.63,2.01,15.19,28.24,3.280840304500585,8.700972080037227,3.0701278234985114
67.45057794890306,78.92,8.03,7.63,32.30912333307031,6.59,2.46,12.82,28.8,3.280840304500585,8.700972080037227,3.0701278234985114
67.45057794890306,71.05,7.97,7.7,32.30912333307031,6.61,1.49,5.97,55.5,3.280840304500585,8.700972080037227,3.0701278234985114
67.45057794890306,60.69,7.76,7.56,32.30912333307031,6.58,1.46,5.08,65.88,3.280840304500585,8.700972080037227,3.0701278234985114
67.45057794890306,53.47,7.65,7.43,32.30912333307031,6.63,1.58,8.18,37.38,3.280840304500585,8.700972080037227,3.0701278234985114
67.45057794890306,61.22,7.67,7.37,32.30912333307031,6.64,1.72,5.6,43.04,3.280840304500585,8.700972080037227,3.0701278234985114
67.45057794890306,69.58,8.02,7.6,32.30912333307031,6.61,1.77,10.06,22.52,3.280840304500585,8.700972080037227,3.0701278234985114
67.45057794890306,92.21,8.25,7.66,32.30912333307031,6.6,1.25,16.23,31.97,3.280840304500585,8.700972080037227,3.0701278234985114
67.45057794890306,51.11,7.9,7.24,32.30912333307031,6.63,1.51,10.92,35.12,3.280840304500585,8.700972080037227,3.0701278234985114
67.45057794890306,66.2,7.86,7.82,32.30912333307031,6.55,1.37,8.97,44.54,3.280840304500585,8.700972080037227,3.0701278234985114
67.45057794890306,40.2,8.64,9.14,32.30912333307031,6.27,1.54,5.96,13.48,3.280840304500585,8.700972080037227,3.0701278234985114
67.45057794890306,45.76,8.34,9.42,32.30912333307031,6.26,1.51,6.33,44.62,3.280840304500585,8.700972080037227,3.0701278234985114
67.45057794890306,42.62,8.76,9.46,32.30912333307031,6.24,1.91,6.67,45.29,3.280840304500585,8.700972080037227,3.0701278234985114
67.45057794890306,29.38,8.58,9.64,32.30912333307031,6.2,1.58,4.9,106.24,3.280840304500585,8.700972080037227,3.0701278234985114
67.45057794890306,37.58,8.52,9.44,32.30912333307031,6.24,1.43,5.21,83.77,3.280840304500585,8.700972080037227,3.0701278234985114
67.45057794890306,29.45,8.71,9.43,32.30912333307031,6.25,1.68,4.69,77.08,3.280840304500585,8.700972080037227,3.0701278234985114
67.45057794890306,24.18,8.85,9.4,32.30912333307031,6.27,1.83,4.58,62.89,3.280840304500585,8.700972080037227,3.0701278234985114
67.45057794890306,26.66,8.64,9.39,32.30912333307031,6.24,1.26,4.34,67.67,3.280840304500585,8.700972080037227,3.0701278234985114
67.45057794890306,38.25,8.49,9.24,32.30912333307031,6.29,1.61,4.9,5.46,3.280840304500585,8.700972080037227,3.0701278234985114
67.45057794890306,32.95,8.47,9.4,32.30912333307031,6.22,1.4,4.37,6.13,3.280840304500585,8.700972080037227,3.0701278234985114
67.45057794890306,24.85,8.49,9.07,32.30912333307031,6.28,1.52,4.91,11.98,3.280840304500585,8.700972080037227,3.0701278234985114
67.45057794890306,33.06,8.81,9.14,32.30912333307031,6.3,2.28,4.73,3.44,3.280840304500585,8.700972080037227,3.0701278234985114
67.45057794890306,17.47,8.65,9.2,32.30912333307031,6.28,1.52,4.93,2.94,3.280840304500585,8.700972080037227,3.0701278234985114
67.45057794890306,19.15,8.71,9.22,32.30912333307031,6.32,1.91,4.76,3.51,3.280840304500585,8.700972080037227,3.0701278234985114
67.45057794890306,18.62,8.87,9.36,32.30912333307031,6.27,2.74,5.74,5.13,3.280840304500585,8.700972080037227,3.0701278234985114
67.45057794890306,2.48,8.51,9.22,32.30912333307031,6.3,1.78,7.38,6.84,3.280840304500585,8.700972080037227,3.0701278234985114
67.45057794890306,24.7,8.66,9.36,32.30912333307031,6.22,1.64,4.49,4.91,3.280840304500585,8.700972080037227,3.0701278234985114
67.45057794890306,29.22,8.68,9.32,32.30912333307031,6.27,1.84,7.29,5.35,3.280840304500585,8.700972080037227,3.0701278234985114
67.45057794890306,34.28,8.61,9.29,32.30912333307031,6.29,1.66,4.53,26.93,3.280840304500585,8.700972080037227,3.0701278234985114
67.45057794890306,27.22,8.67,9.35,32.30912333307031,6.26,2.12,4.63,8.8,3.280840304500585,8.700972080037227,3.0701278234985114
14.18,28.89,8.78,9.33,32.30912333307031,6.28,1.56,4.74,5.9,3.280840304500585,8.700972080037227,3.0701278234985114
14.0,27.41,8.78,9.42,32.30912333307031,6.26,1.95,4.97,8.1,3.280840304500585,8.700972080037227,3.0701278234985114
18.63,35.77,8.64,9.52,32.30912333307031,6.25,2.28,4.52,8.36,3.280840304500585,8.700972080037227,3.0701278234985114
18.0,30.72,8.69,9.29,32.30912333307031,6.29,1.91,3.62,12.6,3.280840304500585,8.700972080037227,3.0701278234985114
11.4,29.06,8.73,9.47,32.30912333307031,6.23,1.96,3.75,6.79,3.280840304500585,8.700972080037227,3.0701278234985114
11.0,26.48,8.72,9.43,32.30912333307031,6.22,2.06,3.67,15.89,3.280840304500585,8.700972080037227,3.0701278234985114
11.0,22.42,8.67,9.34,32.30912333307031,6.27,1.96,3.6,29.03,3.280840304500585,8.700972080037227,3.0701278234985114
11.0,26.6,8.79,9.4,32.30912333307031,6.24,1.8,3.57,5.64,3.280840304500585,8.700972080037227,3.0701278234985114
11.0,30.25,8.67,9.24,32.30912333307031,6.33,1.9,3.51,6.07,3.280840304500585,8.700972080037227,3.0701278234985114
11.0,24.05,8.75,9.39,32.30912333307031,6.31,1.88,3.58,7.63,3.280840304500585,8.700972080037227,3.0701278234985114
11.0,34.5,8.79,9.39,32.30912333307031,6.31,2.04,3.69,6.39,3.280840304500585,8.700972080037227,3.0701278234985114
11.0,34.68,8.66,9.5,32.30912333307031,6.2,1.96,4.62,5.44,3.280840304500585,8.700972080037227,3.0701278234985114
11.0,29.74,8.92,9.09,32.30912333307031,6.32,2.28,3.76,8.17,3.280840304500585,8.700972080037227,3.0701278234985114
11.0,37.34,8.82,9.41,32.30912333307031,6.24,2.27,3.7,7.71,3.280840304500585,8.700972080037227,3.0701278234985114
11.0,27.03,8.89,9.46,32.30912333307031,6.27,1.99,3.63,4.56,3.280840304500585,8.700972080037227,3.0701278234985114
11.0,25.63,8.88,9.42,32.30912333307031,6.26,2.14,3.74,4.25,3.280840304500585,8.700972080037227,3.0701278234985114
11.0,17.54,8.89,9.2,32.30912333307031,6.33,1.81,3.62,8.16,3.280840304500585,8.700972080037227,3.0701278234985114
11.0,22.39,8.8,9.28,32.30912333307031,6.29,1.77,3.52,40.37,3.280840304500585,8.700972080037227,3.0701278234985114
11.0,20.58,8.86,9.48,32.30912333307031,6.24,1.72,3.99,5.93,3.280840304500585,8.700972080037227,3.0701278234985114
15.0,28.62,8.59,9.21,32.30912333307031,6.32,2.2485982090856145,3.37,45.7,3.280840304500585,8.700972080037227,3.0701278234985114
15.0,36.2,8.97,9.33,32.30912333307031,6.29,2.2485982090856145,3.26,87.88,3.280840304500585,8.700972080037227,3.0701278234985114
16.56,24.57,8.87,9.2,32.30912333307031,6.27,2.2485982090856145,3.74,22.41,3.280840304500585,8.700972080037227,3.0701278234985114
56.7,68.22,8.7,9.28,32.30912333307031,6.27,2.2485982090856145,4.18,19.73,3.280840304500585,8.700972080037227,3.0701278234985114
63.06,96.55,8.94,9.6,32.30912333307031,6.21,2.2485982090856145,6.42,128.86,3.280840304500585,8.700972080037227,3.0701278234985114
43.39,99.26,8.76,9.32,32.30912333307031,6.31,2.2485982090856145,5.7,75.22,3.280840304500585,8.700972080037227,3.0701278234985114
38.41,93.33,8.73,9.12,32.30912333307031,6.26,2.2485982090856145,4.59,47.6,3.280840304500585,8.700972080037227,3.0701278234985114
66.99,107.17,8.94,9.47,32.30912333307031,6.31,2.2485982090856145,6.65,43.48,3.280840304500585,8.700972080037227,3.0701278234985114
33.44,97.26,8.86,9.14,32.30912333307031,6.32,2.2485982090856145,4.63,52.47,3.280840304500585,8.700972080037227,3.0701278234985114
54.31,95.27,8.7,8.97,32.30912333307031,6.29,2.2485982090856145,4.52,93.49,3.280840304500585,8.700972080037227,3.0701278234985114
69.65,103.78,8.63,9.13,32.30912333307031,6.28,2.2485982090856145,4.86,51.53,3.280840304500585,8.700972080037227,3.0701278234985114
69.63,101.4,8.69,8.85,32.30912333307031,6.32,2.2485982090856145,4.94,26.34,3.280840304500585,8.700972080037227,3.0701278234985114
64.19,97.62,8.69,8.9,32.30912333307031,6.33,2.2485982090856145,5.2,25.54,3.280840304500585,8.700972080037227,3.0701278234985114
84.44,113.21,8.79,9.05,32.30912333307031,6.33,2.2485982090856145,4.67,26.13,3.280840304500585,8.700972080037227,3.0701278234985114
81.96,116.47,8.77,9.02,32.30912333307031,6.32,2.2485982090856145,4.43,44.71,3.280840304500585,8.700972080037227,3.0701278234985114
78.73,111.58,8.72,8.94,32.30912333307031,6.29,2.2485982090856145,4.92,35.58,3.280840304500585,8.700972080037227,3.0701278234985114
73.1,107.97,8.81,9.2,32.30912333307031,6.29,2.2485982090856145,5.36,46.57,3.280840304500585,8.700972080037227,3.0701278234985114
87.87,122.77,9.0,9.72,32.30912333307031,6.33,2.2485982090856145,6.3,96.66,3.280840304500585,8.700972080037227,3.0701278234985114
45.74,98.21,8.73,9.25,32.30912333307031,6.29,2.2485982090856145,5.88,70.21,3.280840304500585,8.700972080037227,3.0701278234985114
55.88,125.52,8.65,9.06,32.30912333307031,6.31,2.2485982090856145,5.21,50.6,3.280840304500585,8.700972080037227,3.0701278234985114
62.87,110.06,8.91,9.08,32.30912333307031,6.33,2.2485982090856145,6.0,71.96,3.280840304500585,8.700972080037227,3.0701278234985114
80.47,210.86,8.84,9.5,32.30912333307031,6.25,2.2485982090856145,9.44,54.55,3.280840304500585,8.700972080037227,3.0701278234985114
82.54,167.98,8.86,9.25,32.30912333307031,6.31,2.2485982090856145,14.53197725590996,60.81,3.280840304500585,8.700972080037227,3.0701278234985114
81.0,161.63,8.73,9.28,32.30912333307031,6.29,2.2485982090856145,14.53197725590996,62.66,3.280840304500585,8.700972080037227,3.0701278234985114
74.97,164.01,8.93,9.34,32.30912333307031,6.35,2.2485982090856145,14.53197725590996,56.37,3.280840304500585,8.700972080037227,3.0701278234985114
82.1,154.23,8.59,9.41,32.30912333307031,6.28,2.2485982090856145,23.01,59.43,3.280840304500585,8.700972080037227,3.0701278234985114
126.72,223.58,9.07,9.73,32.30912333307031,6.25,2.2485982090856145,25.73,56.39,3.280840304500585,8.700972080037227,3.0701278234985114
75.02,154.86,8.57,9.06,32.30912333307031,6.38,2.2485982090856145,21.81,53.43,3.280840304500585,8.700972080037227,3.0701278234985114
78.88,160.28,8.62,9.25,32.30912333307031,6.38,2.2485982090856145,24.66,47.08,3.280840304500585,8.700972080037227,3.0701278234985114
88.18,179.12,8.57,9.37,32.30912333307031,6.3,2.2485982090856145,22.66,27.11,3.280840304500585,8.700972080037227,3.0701278234985114
86.48,181.81,8.53,9.3,32.30912333307031,6.37,2.2485982090856145,24.19,27.42,3.280840304500585,8.700972080037227,3.0701278234985114
56.64,107.38,8.44,8.84,32.30912333307031,6.43,2.2485982090856145,27.11,46.41,3.280840304500585,8.700972080037227,3.0701278234985114
60.75,95.36,8.25,8.58,32.30912333307031,6.36,2.2485982090856145,20.65,50.44,3.280840304500585,8.700972080037227,3.0701278234985114
63.54,139.3,8.49,9.01,32.30912333307031,6.36,2.2485982090856145,23.06,53.33,3.280840304500585,8.700972080037227,3.0701278234985114
74.1,177.59,8.64,9.13,32.30912333307031,6.45,2.2485982090856145,20.99,62.79,3.280840304500585,8.700972080037227,3.0701278234985114
69.56,218.68,8.85,9.48,32.30912333307031,6.42,2.2485982090856145,18.5,69.87,3.280840304500585,8.700972080037227,3.0701278234985114
79.04,260.27,8.71,9.34,32.30912333307031,6.37,2.2485982090856145,21.76,64.02,3.280840304500585,8.700972080037227,3.0701278234985114
92.56,211.8,8.49,9.35,32.30912333307031,6.4,2.2485982090856145,25.96,49.12,3.280840304500585,8.700972080037227,3.0701278234985114
74.85,165.24,8.95,9.54,32.30912333307031,6.33,2.2485982090856145,17.96,25.78,3.280840304500585,8.700972080037227,3.0701278234985114
63.67,170.35,8.91,9.16,32.30912333307031,6.42,2.2485982090856145,23.74,28.61,3.280840304500585,8.700972080037227,3.0701278234985114
70.97,181.4,8.88,9.11,32.30912333307031,6.44,2.2485982090856145,25.18,24.57,3.280840304500585,8.700972080037227,3.0701278234985114
79.71,219.83,9.36,9.39,32.30912333307031,6.46,2.2485982090856145,26.21,21.39,3.280840304500585,8.700972080037227,3.0701278234985114
64.59,186.03,8.89,8.87,32.30912333307031,6.42,2.2485982090856145,26.27,17.51,3.280840304500585,8.700972080037227,3.0701278234985114
61.48,140.69,8.78,8.82,32.30912333307031,6.51,2.2485982090856145,25.47,16.07,3.280840304500585,8.700972080037227,3.0701278234985114
43.86,103.69,8.8,8.95,32.30912333307031,6.41,2.2485982090856145,22.85,15.62,3.280840304500585,8.700972080037227,3.0701278234985114
53.06,138.23,8.9,9.12,32.30912333307031,6.45,2.2485982090856145,23.47,14.45,3.280840304500585,8.700972080037227,3.0701278234985114
39.78,103.93,8.58,8.47,32.30912333307031,6.51,2.2485982090856145,22.22,26.13,3.280840304500585,8.700972080037227,3.0701278234985114
53.52,162.81,8.9,8.74,32.30912333307031,6.49,2.2485982090856145,24.31,24.12,3.280840304500585,8.700972080037227,3.0701278234985114
70.22,212.13,8.91,9.22,32.30912333307031,6.48,2.2485982090856145,25.33,25.68,3.280840304500585,8.700972080037227,3.0701278234985114
53.03,121.55,8.73,8.7,32.30912333307031,6.43,2.2485982090856145,23.93,74.73,3.280840304500585,8.700972080037227,3.0701278234985114
50.35,127.13,9.04,8.81,32.30912333307031,6.48,2.2485982090856145,24.73,82.18,3.280840304500585,8.700972080037227,3.0701278234985114
69.44,175.52,8.69,9.11,32.30912333307031,6.45,2.2485982090856145,22.31,62.32,3.280840304500585,8.700972080037227,3.0701278234985114
80.32,237.74,8.86,9.32,32.30912333307031,6.44,2.2485982090856145,34.26,59.64,3.280840304500585,8.700972080037227,3.0701278234985114
62.11,206.68,8.75,8.79,32.30912333307031,6.51,2.2485982090856145,29.66,49.2,3.280840304500585,8.700972080037227,3.0701278234985114
59.65,182.83,8.88,8.86,32.30912333307031,6.41,2.2485982090856145,25.91,66.2,3.280840304500585,8.700972080037227,3.0701278234985114
49.58,140.68,8.54,8.41,32.30912333307031,6.46,2.2485982090856145,22.48,79.13,3.280840304500585,8.700972080037227,3.0701278234985114
46.85,110.04,8.66,8.41,32.30912333307031,6.51,2.2485982090856145,24.4,68.7,3.280840304500585,8.700972080037227,3.0701278234985114
63.67,179.88,8.95,8.96,32.30912333307031,6.47,2.2485982090856145,35.73,43.67,3.280840304500585,8.700972080037227,3.0701278234985114
80.76,254.13,8.7,9.1,32.30912333307031,6.42,2.2485982090856145,36.87,52.15,3.280840304500585,8.700972080037227,3.0701278234985114
75.46,199.88,8.27,7.96,32.30912333307031,6.6,2.2485982090856145,27.27,52.42,3.280840304500585,8.700972080037227,3.0701278234985114
49.17,135.63,7.84,6.81,32.30912333307031,6.76,2.2485982090856145,21.47,47.12,3.280840304500585,8.700972080037227,3.0701278234985114
57.58,152.25,7.98,6.76,32.30912333307031,6.78,2.2485982090856145,26.06,50.31,3.280840304500585,8.700972080037227,3.0701278234985114
48.99,156.13,7.47,6.23,32.30912333307031,6.75,2.2485982090856145,22.42,57.7,3.280840304500585,8.700972080037227,3.0701278234985114
53.16,141.78,7.52,6.29,32.30912333307031,6.73,2.2485982090856145,22.93,57.83,3.280840304500585,8.700972080037227,3.0701278234985114
75.91,319.28,7.77,6.65,32.30912333307031,6.69,2.2485982090856145,41.88,52.56,3.280840304500585,8.700972080037227,3.0701278234985114
73.8,207.86,7.41,6.25,32.30912333307031,6.75,2.2485982090856145,27.66,57.42,3.280840304500585,8.700972080037227,3.0701278234985114
63.95,131.69,7.63,6.97,32.30912333307031,6.56,2.2485982090856145,19.89,64.29,3.280840304500585,8.700972080037227,3.0701278234985114
65.93,146.95,7.89,7.16,32.30912333307031,6.63,2.2485982090856145,27.64,52.84,3.280840304500585,8.700972080037227,3.0701278234985114
49.91,119.47,7.54,6.69,32.30912333307031,6.71,2.2485982090856145,20.6,52.34,3.280840304500585,8.700972080037227,3.0701278234985114
52.27,151.35,7.76,6.72,32.30912333307031,6.76,2.2485982090856145,28.44,51.9,3.280840304500585,8.700972080037227,3.0701278234985114
66.67,213.44,7.66,7.01,32.30912333307031,6.63,2.2485982090856145,36.01,51.45,3.280840304500585,8.700972080037227,3.0701278234985114
62.9,193.97,7.72,6.92,32.30912333307031,6.7,2.2485982090856145,29.72,45.98,3.280840304500585,8.700972080037227,3.0701278234985114
47.42,142.64,7.45,6.82,32.30912333307031,6.72,2.2485982090856145,27.28,80.65,3.280840304500585,8.700972080037227,3.0701278234985114
74.59,194.27,7.75,6.79,32.30912333307031,6.71,2.2485982090856145,29.53,51.55,3.280840304500585,8.700972080037227,3.0701278234985114
83.58,279.62,8.53,7.04,32.30912333307031,6.39,2.2485982090856145,21.93,38.28,3.280840304500585,8.700972080037227,3.0701278234985114
87.29,148.76,23.56,11.48,32.30912333307031,9.07,2.2485982090856145,24.3,34.08,3.280840304500585,8.700972080037227,3.0701278234985114
94.45,182.25,23.49,11.39,32.30912333307031,8.68,2.2485982090856145,31.33,43.49,3.280840304500585,8.700972080037227,3.0701278234985114
55.96,132.82,22.06,11.27,32.30912333307031,8.8,2.2485982090856145,27.29,37.98,3.280840304500585,8.700972080037227,3.0701278234985114
56.39,136.42,23.69,8.8,32.30912333307031,10.02,2.2485982090856145,29.53,39.74,3.280840304500585,8.700972080037227,3.0701278234985114
77.24,170.36,24.89,11.34,32.30912333307031,9.06,2.2485982090856145,25.85,36.58,3.280840304500585,8.700972080037227,3.0701278234985114
75.34,167.02,26.95,11.6,32.30912333307031,8.74,2.2485982090856145,39.48,53.28,3.280840304500585,8.700972080037227,3.0701278234985114
62.61,130.94,27.48,12.05,32.30912333307031,8.37,2.2485982090856145,27.51,35.73,3.280840304500585,8.700972080037227,3.0701278234985114
58.77,108.44,26.8,11.37,32.30912333307031,9.33,2.2485982090856145,21.41,47.29,3.280840304500585,8.700972080037227,3.0701278234985114
63.81,116.93,24.4,10.86,32.30912333307031,9.63,2.2485982090856145,34.39,39.42,3.280840304500585,8.700972080037227,3.0701278234985114
59.71,115.01,24.27,10.5,32.30912333307031,9.06,2.2485982090856145,27.86,37.68,3.280840304500585,8.700972080037227,3.0701278234985114
73.75,146.96,24.06,11.4,32.30912333307031,9.22,2.2485982090856145,33.57,41.91,3.280840304500585,8.700972080037227,3.0701278234985114
91.52,179.26,27.18,10.89,32.30912333307031,8.99,2.2485982090856145,38.65,41.57,3.280840304500585,8.700972080037227,3.0701278234985114
54.15,101.22,25.81,10.21,32.30912333307031,9.41,2.2485982090856145,27.15,36.18,3.280840304500585,8.700972080037227,3.0701278234985114
38.98,93.97,24.23,10.47,32.30912333307031,8.87,2.2485982090856145,32.29,24.88,3.280840304500585,8.700972080037227,3.0701278234985114
43.53,117.83,25.85,11.87,32.30912333307031,8.68,2.2,31.3,83.65,3.280840304500585,8.700972080037227,3.0701278234985114
29.31,75.54,23.42,10.38,32.30912333307031,9.11,1.55,21.3,116.25,3.280840304500585,8.700972080037227,3.0701278234985114
34.74,89.55,25.22,11.78,32.30912333307031,9.51,2.04,31.52,109.15,3.280840304500585,8.700972080037227,3.0701278234985114
56.29,78.79,23.73,10.17,32.30912333307031,8.51,2.71,36.29,84.25,3.280840304500585,8.700972080037227,3.0701278234985114
95.19,106.75,23.6,9.16,32.30912333307031,9.08,3.21,41.96,49.0,3.280840304500585,8.700972080037227,3.0701278234985114
57.22,79.48,25.96,11.33,32.30912333307031,8.85,2.19,34.4,37.94,3.280840304500585,8.700972080037227,3.0701278234985114
70.65,99.85,25.31,10.4,32.30912333307031,9.26,2.55,43.45,38.22,3.280840304500585,8.700972080037227,3.0701278234985114
81.31,110.3,25.03,11.45,32.30912333307031,9.22,2.82,45.65,60.21,3.280840304500585,8.700972080037227,3.0701278234985114
54.69,99.09,24.48,11.05,32.30912333307031,9.23,1.77,26.44,47.47,3.280840304500585,8.700972080037227,3.0701278234985114
71.96,119.98,24.47,10.37,32.30912333307031,9.29,2.58,41.63,94.05,3.280840304500585,8.700972080037227,3.0701278234985114
55.22,105.92,24.08,11.64,32.30912333307031,8.79,2.6,43.76,93.32,3.280840304500585,8.700972080037227,3.0701278234985114
60.45,92.36,24.09,11.44,32.30912333307031,9.15,1.83,25.33,47.29,3.280840304500585,8.700972080037227,3.0701278234985114
79.89,119.5,24.14,10.92,32.30912333307031,9.03,2.51,40.62,37.51,3.280840304500585,8.700972080037227,3.0701278234985114
57.34,113.38,26.91,11.01,32.30912333307031,8.82,1.46,28.34,48.77,3.280840304500585,8.700972080037227,3.0701278234985114
44.65,92.0,26.39,11.28,32.30912333307031,8.85,1.58,27.59,41.2,3.280840304500585,8.700972080037227,3.0701278234985114
77.66,127.19,24.05,10.87,32.30912333307031,8.98,2.17,43.13,42.21,3.280840304500585,8.700972080037227,3.0701278234985114
71.54,125.82,25.82,11.36,32.30912333307031,8.9,2.11,35.49,51.66,3.280840304500585,8.700972080037227,3.0701278234985114
59.27,122.07,23.97,11.72,32.30912333307031,9.23,1.88,39.72,67.58,3.280840304500585,8.700972080037227,3.0701278234985114
52.56,124.78,25.24,11.74,32.30912333307031,8.7,2.14,36.92,52.75,3.280840304500585,8.700972080037227,3.0701278234985114
50.88,124.47,23.21,12.02,32.30912333307031,9.06,2.16,40.52,38.96,3.280840304500585,8.700972080037227,3.0701278234985114
46.85,118.68,23.73,11.38,32.30912333307031,9.09,1.75,30.5,28.91,3.280840304500585,8.700972080037227,3.0701278234985114
27.64,107.72,24.63,11.39,32.30912333307031,8.49,1.54,27.58,64.06,3.280840304500585,8.700972080037227,3.0701278234985114
40.6,118.49,24.61,10.88,32.30912333307031,8.9,2.0,32.84,74.26,3.280840304500585,8.700972080037227,3.0701278234985114
43.36,128.92,27.12,11.27,32.30912333307031,9.63,2.0,34.6,34.49143047551845,3.280840304500585,8.700972080037227,3.0701278234985114
28.27,106.17,17.574729662029362,28.560659061126955,32.30912333307031,23.48347601937197,1.52,27.94,34.49143047551845,3.280840304500585,8.700972080037227,3.0701278234985114
24.83,109.11,26.32,10.58,32.30912333307031,9.13,1.56,30.78,34.49143047551845,3.280840304500585,8.700972080037227,3.0701278234985114
19.18,85.11,23.91,11.56,32.30912333307031,8.99,1.8,28.86,34.49143047551845,3.280840304500585,8.700972080037227,3.0701278234985114
28.23,110.15,25.02,12.12,32.30912333307031,9.11,2.28,33.81,20.06,3.280840304500585,8.700972080037227,3.0701278234985114
16.54,92.89,25.66,11.98,32.30912333307031,8.82,1.21,27.12,34.41,3.280840304500585,8.700972080037227,3.0701278234985114
40.24,113.36,25.97,10.16,32.30912333307031,9.03,0.96,35.18,29.0,3.280840304500585,8.700972080037227,3.0701278234985114
38.03,99.9,24.48,10.11,32.30912333307031,9.19,0.77,24.16,33.27,3.280840304500585,8.700972080037227,3.0701278234985114
32.4,98.09,25.0,10.88,32.30912333307031,9.35,1.27,23.11,50.53,3.280840304500585,8.700972080037227,3.0701278234985114
34.5,119.93,24.73,9.92,32.30912333307031,9.57,1.28,26.23,55.16,3.280840304500585,8.700972080037227,3.0701278234985114
27.08,139.89,23.86,10.12,32.30912333307031,9.41,1.45,25.22,87.88,3.280840304500585,8.700972080037227,3.0701278234985114
10.04,122.4,25.13,10.25,32.30912333307031,8.91,1.48,25.86,37.08,3.280840304500585,8.700972080037227,3.0701278234985114
18.7,128.72,24.47,10.27,32.30912333307031,9.1,1.43,24.44,40.96,3.280840304500585,8.700972080037227,3.0701278234985114
31.7,104.75,23.68,9.84,32.30912333307031,9.21,1.28,28.43,34.78,3.280840304500585,8.700972080037227,3.0701278234985114
63.25,100.36,23.61,9.95,32.30912333307031,9.18,1.41,32.52,46.48,3.280840304500585,8.700972080037227,3.0701278234985114
37.77,80.81,25.05,10.38,32.30912333307031,9.24,1.28,22.12,76.08,3.280840304500585,8.700972080037227,3.0701278234985114
60.69,86.13,24.77,11.99,32.30912333307031,8.84,1.28,25.64,54.6,3.280840304500585,8.700972080037227,3.0701278234985114
53.4,76.77,24.36,11.54,32.30912333307031,8.95,1.11,24.09,66.84,3.280840304500585,8.700972080037227,3.0701278234985114
58.71,83.05,25.94,11.48,32.30912333307031,9.18,1.23,31.15,48.54,3.280840304500585,8.700972080037227,3.0701278234985114
74.26,127.28,22.54,10.15,32.30912333307031,9.11,0.97,23.69,38.76,3.280840304500585,8.700972080037227,3.0701278234985114
76.23,159.13,23.46,10.29,32.30912333307031,8.83,0.88,23.23,41.24,3.280840304500585,8.700972080037227,3.0701278234985114
85.15,169.86,25.06,9.91,32.30912333307031,8.68,0.95,25.56,35.69,3.280840304500585,8.700972080037227,3.0701278234985114
45.71,160.03,24.02,10.9,32.30912333307031,8.97,0.71,25.18,17.74,3.280840304500585,8.700972080037227,3.0701278234985114
45.54,150.51,23.52,10.76,32.30912333307031,8.72,0.83,24.54,26.53,3.280840304500585,8.700972080037227,3.0701278234985114
16.54,138.61,24.29,10.18,32.30912333307031,9.55,0.75,17.35,26.98,3.280840304500585,8.700972080037227,3.0701278234985114
36.21,150.29,24.03,10.26,32.30912333307031,9.22,0.84,21.83,27.27,3.280840304500585,8.700972080037227,3.0701278234985114
70.46,162.18,25.13,10.68,32.30912333307031,9.1,0.75,20.54,28.15,3.280840304500585,8.700972080037227,3.0701278234985114
68.23,161.21,22.27,10.2,32.30912333307031,9.18,0.72,20.63,29.05,3.280840304500585,8.700972080037227,3.0701278234985114
53.62,164.75,24.06,11.26,32.30912333307031,9.19,0.62,22.1,26.12,3.280840304500585,8.700972080037227,3.0701278234985114
55.68,161.9,23.18,10.84,32.30912333307031,8.83,0.66,23.3,33.28,3.280840304500585,8.700972080037227,3.0701278234985114
56.15,168.65,23.53,10.1,32.30912333307031,9.31,0.75,21.49,61.05,3.280840304500585,8.700972080037227,3.0701278234985114
48.21,155.98,24.97,10.14,32.30912333307031,9.36,0.96,22.53,28.13,3.280840304500585,8.700972080037227,3.0701278234985114
43.84,153.2,24.44,9.97,32.30912333307031,9.31,0.71,23.33,61.56,3.280840304500585,8.700972080037227,3.0701278234985114
46.69,161.84,24.88,10.1,32.30912333307031,9.28,0.72,23.39,24.54,3.280840304500585,8.700972080037227,3.0701278234985114
32.79,152.68,24.14,10.44,32.30912333307031,8.84,0.61,23.27,34.43,3.280840304500585,8.700972080037227,3.0701278234985114
30.4,152.57,24.85,11.01,32.30912333307031,8.99,0.49,21.81,44.51,3.280840304500585,8.700972080037227,3.0701278234985114
67.45057794890306,155.23,23.55,12.11,32.30912333307031,8.87,0.47,24.1,72.29,3.280840304500585,8.700972080037227,3.0701278234985114
67.45057794890306,163.98,24.24,11.56,32.30912333307031,9.15,0.47,30.31,29.56,3.280840304500585,8.700972080037227,3.0701278234985114
67.45057794890306,150.2,25.28,10.49,32.30912333307031,8.96,0.37,18.6,29.4,3.280840304500585,8.700972080037227,3.0701278234985114
67.45057794890306,152.03,25.24,11.15,32.30912333307031,9.03,0.38,23.3,34.49,3.280840304500585,8.700972080037227,3.0701278234985114
67.45057794890306,173.57,24.53,10.99,32.30912333307031,8.57,0.47,37.25,31.95,3.280840304500585,8.700972080037227,3.0701278234985114
67.45057794890306,165.25,25.15,10.01,32.30912333307031,9.36,0.5,27.6,33.81,3.280840304500585,8.700972080037227,3.0701278234985114
67.45057794890306,170.46,23.7,10.58,32.30912333307031,8.88,0.45,30.13,32.89,3.280840304500585,8.700972080037227,3.0701278234985114
67.45057794890306,159.89,24.55,11.19,32.30912333307031,8.91,0.33,20.57,27.03,3.280840304500585,8.700972080037227,3.0701278234985114
67.45057794890306,161.62,26.34,10.21,32.30912333307031,9.3,1.55,24.02,19.01,3.280840304500585,8.700972080037227,3.0701278234985114
67.45057794890306,109.67,23.54,9.67,32.30912333307031,9.16,1.83,22.13,17.76,3.280840304500585,8.700972080037227,3.0701278234985114
67.45057794890306,71.5,25.22,10.28,32.30912333307031,8.71,1.89,14.81,15.4,3.280840304500585,8.700972080037227,3.0701278234985114
67.45057794890306,75.38,24.09,10.54,32.30912333307031,9.33,1.78,14.09,15.44,3.280840304500585,8.700972080037227,3.0701278234985114
67.45057794890306,70.02,24.79,10.06,32.30912333307031,9.51,1.57,14.94,15.91,3.280840304500585,8.700972080037227,3.0701278234985114
67.45057794890306,85.09,23.66,11.26,32.30912333307031,9.25,2.03,20.16,20.86,3.280840304500585,8.700972080037227,3.0701278234985114
67.45057794890306,75.89,25.69,10.05,32.30912333307031,9.12,2.28,20.27,17.26,3.280840304500585,8.700972080037227,3.0701278234985114
67.45057794890306,75.71,26.27,11.46,32.30912333307031,9.45,2.13,19.66,61.83,3.280840304500585,8.700972080037227,3.0701278234985114
67.45057794890306,74.86,26.15,11.18,32.30912333307031,9.03,1.91,15.97,83.05,3.280840304500585,8.700972080037227,3.0701278234985114
67.45057794890306,69.49,23.07,11.97,32.30912333307031,8.77,1.68,15.44,24.42,3.280840304500585,8.700972080037227,3.0701278234985114
67.45057794890306,75.64,23.21,9.35,32.30912333307031,9.41,1.99,19.85,25.86,3.280840304500585,8.700972080037227,3.0701278234985114
67.45057794890306,74.52,25.44,10.63,32.30912333307031,8.74,1.87,23.11,69.95,3.280840304500585,8.700972080037227,3.0701278234985114
67.45057794890306,75.22,24.73,11.96,32.30912333307031,8.68,1.65,24.05,57.76,3.280840304500585,8.700972080037227,3.0701278234985114
67.45057794890306,80.51,25.1,10.8,32.30912333307031,9.13,1.68,28.08,30.12,3.280840304500585,8.700972080037227,3.0701278234985114
62.48,110.34,22.08,55.67,73.57,25.35,1.33,6.48,9.54,3.280840304500585,0.0,3.0701278234985114
62.87,114.86,37.44,60.49,97.8,25.6,1.44,6.91,9.06,3.280840304500585,0.0,3.0701278234985114
61.76,113.7,92.78,67.73,160.51,22.11,1.34,6.68,11.29,3.280840304500585,0.0,3.0701278234985114
66.76,113.24,106.79,58.69,165.49,20.7,1.36,6.75,11.43,3.280840304500585,0.05,3.0701278234985114
67.99,114.06,100.13,57.16,157.29,19.87,1.31,6.21,10.63,3.280840304500585,0.0,3.0701278234985114
68.04,119.42,85.93,56.04,141.97,20.26,1.38,6.06,9.78,3.280840304500585,0.05,3.0701278234985114
71.79,119.6,73.72,59.63,133.35,21.6,1.4,4.93,14.14,3.280840304500585,0.0,3.0701278234985114
52.43,99.98,92.06,54.21,146.26,19.78,1.36,9.03,11.96,3.280840304500585,0.0,3.0701278234985114
46.71,109.08,106.14,53.77,159.91,19.59,1.32,20.29,14.61,3.280840304500585,0.0,3.0701278234985114
43.87,95.77,46.26,63.37,108.53,22.65,1.13,20.31,15.89,3.280840304500585,0.0,3.0701278234985114
43.18,83.08,16.12,53.51,64.08,22.68,0.96,21.4,15.05,3.280840304500585,0.0,3.0701278234985114
61.09,107.42,33.28,26.5,74.86,2.34,1.33,20.68,15.24,3.280840304500585,0.0,3.0701278234985114
63.96,108.51,42.85,19.25,59.33,7.67,1.36,13.97,8.47,3.280840304500585,0.01,3.0701278234985114
53.29,108.96,84.56,14.51,74.31,2.91,1.24,20.96,4.8,3.280840304500585,0.0,3.0701278234985114
49.9,140.63,75.65,14.2,66.72,2.72,1.18,20.81,8.81,3.280840304500585,0.0,3.0701278234985114
43.48,111.94,62.61,11.28,55.44,2.51,1.04,21.71,12.56,3.280840304500585,0.0,3.0701278234985114
46.11,123.94,66.59,18.02,60.21,2.82,1.07,19.31,11.61,3.280840304500585,0.0,3.0701278234985114
46.9,122.94,64.46,17.39,56.66,2.64,1.13,23.75,12.32,3.280840304500585,0.0,3.0701278234985114
56.29,136.05,68.0,18.4,63.96,2.94,1.28,23.29,12.4,3.280840304500585,0.0,3.0701278234985114
60.32,136.7,61.07,20.46,57.2,2.23,1.3,21.96,12.78,3.280840304500585,0.0,3.0701278234985114
59.82,140.51,56.48,17.74,50.77,1.52,1.31,20.98,9.54,3.280840304500585,0.0,3.0701278234985114
64.43,140.64,67.0,10.62,56.76,2.11,1.36,20.63,3.79,3.280840304500585,0.0,3.0701278234985114
51.19,115.31,68.55,6.08,53.11,2.8,1.15,20.7,2.56,3.280840304500585,0.0,3.0701278234985114
62.65,134.46,63.33,37.0,61.56,3.37,1.31,20.91,10.61,3.280840304500585,0.0,3.0701278234985114
67.72,131.39,50.98,26.49,50.72,2.26,1.44,21.77,15.38,3.280840304500585,0.0,3.0701278234985114
66.64,120.58,48.52,22.23,47.8,1.39,1.44,22.34,16.68,3.280840304500585,0.0,3.0701278234985114
69.07,121.04,48.28,19.33,48.61,1.34,1.48,21.13,14.07,3.280840304500585,0.0,3.0701278234985114
49.41,99.69,57.02,22.44,56.52,3.96,1.44,20.98,13.13,3.280840304500585,0.0,3.0701278234985114
50.07,95.35,27.17,16.15,25.03,2.26,1.48,22.41,12.16,3.280840304500585,0.0,3.0701278234985114
71.43,113.52,33.65,14.08,26.33,2.6,1.51,22.03,8.88,3.280840304500585,0.0,3.0701278234985114
56.51,100.73,82.41,13.47,68.71,3.49,1.41,21.85,5.65,3.280840304500585,0.0,3.0701278234985114
54.02,97.41,84.9,14.11,70.87,3.57,1.54,21.01,4.43,3.280840304500585,0.0,3.0701278234985114
47.0,158.39,50.47,13.83,43.96,1.8,1.43,20.17,9.3,3.280840304500585,0.0,3.0701278234985114
47.81,128.53,42.32,8.2,34.22,2.29,1.34,14.79,8.79,3.280840304500585,0.0,3.0701278234985114
41.58,102.17,66.61,5.81,50.79,2.74,1.32,17.99,2.67,3.280840304500585,0.0,3.0701278234985114
52.44,101.4,97.54,1.58,73.23,1.17,1.46,20.05,1.49,3.280840304500585,0.0,3.0701278234985114
33.79,209.44,133.17,6.13,107.15,9.9,1.39,17.99,1.34,3.280840304500585,0.0,3.0701278234985114
35.83,179.02,131.2,1.43,102.77,8.4,1.22,19.37,1.41,3.280840304500585,0.0,3.0701278234985114
30.75,116.84,132.22,1.24,102.91,5.73,1.22,20.07,1.48,3.280840304500585,0.0,3.0701278234985114
42.87,129.32,131.64,2.42,103.62,5.26,1.34,20.52,1.5,3.280840304500585,0.0,3.0701278234985114
31.4,130.88,129.06,3.36,101.72,6.14,1.29,20.56,1.35,3.280840304500585,0.0,3.0701278234985114
23.38,82.01,135.28,0.12,105.21,4.03,1.2,20.51,1.56,3.280840304500585,0.0,3.0701278234985114
33.99,107.54,125.72,1.39,97.96,4.47,1.24,20.57,1.55,3.280840304500585,0.0,3.0701278234985114
38.1,119.02,118.96,3.59,93.08,6.05,1.29,20.93,1.6,3.280840304500585,0.0,3.0701278234985114
45.83,108.39,116.97,1.04,90.68,6.13,1.27,21.08,1.44,3.280840304500585,0.0,3.0701278234985114
45.59,160.29,126.36,4.42,99.62,6.24,1.25,20.71,1.43,3.280840304500585,0.0,3.0701278234985114
57.2,158.21,131.78,4.78,104.08,6.34,1.39,21.21,1.45,3.280840304500585,0.0,3.0701278234985114
64.91,137.54,119.94,13.87,97.25,12.01,1.47,21.3,2.54,3.280840304500585,0.0,3.0701278234985114
51.74,117.31,121.2,3.29,96.08,10.24,1.45,21.88,1.95,3.280840304500585,0.0,3.0701278234985114
37.73,91.65,119.19,3.49,95.9,7.84,1.33,21.71,3.41,3.280840304500585,0.0,3.0701278234985114
44.52,90.44,119.23,0.64,92.14,5.81,1.3,22.03,1.95,3.280840304500585,0.0,3.0701278234985114
18.12,41.62,99.32,2.16,74.56,4.63,1.02,21.12,4.88,3.280840304500585,0.0,3.0701278234985114
28.84,48.51,198.01,17.62,159.26,9.8,1.07,17.0,3.05,3.280840304500585,0.0,3.0701278234985114
21.94,40.93,156.87,28.560659061126955,121.72,2.41,0.84,24.87,1.27,3.280840304500585,0.0,3.0701278234985114
34.79,52.8,137.88,28.560659061126955,105.64,1.44,0.95,24.61,1.35,3.280840304500585,0.0,3.0701278234985114
38.79,55.58,131.12,28.560659061126955,99.4,1.42,0.9,24.79,1.36,3.280840304500585,0.0,3.0701278234985114
19.53,34.28,139.12,28.560659061126955,105.8,1.56,0.71,24.99,1.31,3.280840304500585,0.0,3.0701278234985114
27.73,41.28,145.4,28.560659061126955,111.28,1.6,0.75,25.01,1.39,3.280840304500585,0.0,3.0701278234985114
22.34,42.23,149.32,28.560659061126955,114.79,1.33,0.78,24.68,1.39,3.280840304500585,0.0,3.0701278234985114
30.75,52.03,128.53,1.09,99.34,1.99,0.82,23.0,1.35,3.280840304500585,0.0,3.0701278234985114
11.06,28.83,73.53,21.83,77.49,17.18,1.27,12.34,1.2,3.280840304500585,0.0,3.0701278234985114
20.02,40.29,79.89,22.61,84.02,13.77,1.47,11.36,1.17,3.280840304500585,0.0,3.0701278234985114
16.07,40.36,81.45,22.12,85.48,13.88,1.58,11.68,1.16,3.280840304500585,0.06,3.0701278234985114
6.82,25.81,89.41,24.9,93.99,17.01,1.45,11.82,1.13,3.280840304500585,0.0,3.0701278234985114
19.36,53.05,87.83,24.65,92.37,16.68,1.69,12.05,1.29,3.280840304500585,0.0,3.0701278234985114
14.26,45.16,81.76,22.37,85.83,14.0,1.74,12.05,1.24,3.280840304500585,0.0,3.0701278234985114
8.84,16.45,76.98,19.85,80.55,12.29,1.32,11.85,1.21,3.280840304500585,0.0,3.0701278234985114
10.08,24.34,88.78,24.3,93.25,14.43,1.55,14.54,1.2,3.280840304500585,0.0,3.0701278234985114
8.13,17.91,88.06,26.91,93.04,15.83,1.79,16.51,1.05,3.280840304500585,0.0,3.0701278234985114
8.72,13.78,95.77,27.23,100.82,16.01,1.76,20.34,0.84,3.280840304500585,0.05,3.0701278234985114
11.87,17.09,102.83,29.28,108.29,17.27,1.49,20.86,0.92,3.280840304500585,0.0,3.0701278234985114
21.24,44.7,88.74,29.79,93.09,16.81,1.59,21.1,0.69,3.280840304500585,0.0,3.0701278234985114
37.61,62.4,17.42,1.84,17.49,23.48347601937197,2.14,21.34,1.07,3.280840304500585,0.0,3.0701278234985114
5.97,10.97,13.76,2.5,13.91,23.48347601937197,1.92,20.77,1.1,3.280840304500585,0.0,3.0701278234985114
47.55,128.66,6.01,24.89,24.51,7.4,0.72,7.3,27.24,2.14,0.81,3.0701278234985114
45.04,107.03,6.32,40.85,47.18,4.9,1.63,1.34,34.49143047551845,2.04,2.98,3.0701278234985114
50.1,105.68,3.23,33.28,36.5,8.55,1.47,3.02,72.28,1.97,2.62,3.0701278234985114
39.25,87.24,2.6,30.86,33.45,12.06,1.35,1.93,81.12,1.59,2.47,3.0701278234985114
56.61,96.62,39.3,36.68,75.9,6.98,1.83,2.8,12.35,4.29,8.67,3.0701278234985114
61.52,98.68,24.65,36.89,61.31,10.18,1.56,1.99,15.22,3.72,10.39,3.0701278234985114
66.04,108.13,14.92,34.04,48.96,12.37,1.72,2.89,23.96,2.56,10.19,3.0701278234985114
61.13,103.62,16.39,36.49,52.87,11.19,1.61,2.22,25.03,2.23,7.78,3.0701278234985114
63.91,113.28,9.15,39.21,47.77,16.55,1.44,2.74,33.35,2.81,6.22,3.0701278234985114
63.57,97.56,10.95,52.45,63.4,5.13,1.52,5.17,19.57,6.78,9.12,3.0701278234985114
60.23,94.97,7.88,51.87,59.75,6.38,1.52,4.28,23.9,3.81,9.03,3.0701278234985114
66.41,108.46,5.17,41.87,47.03,8.55,1.5,3.24,35.84,2.55,9.46,3.0701278234985114
70.58,134.51,46.34,62.14,108.47,10.63,1.78,6.26,31.93,3.43,7.92,3.0701278234985114
62.53,113.68,3.53,38.27,41.8,13.83,1.38,6.65,42.14,2.18,8.62,3.0701278234985114
61.41,111.2,10.99,38.11,49.09,10.76,1.45,9.27,46.57,1.93,8.4,3.0701278234985114
79.58,140.16,20.05,62.66,82.71,11.8,1.61,8.72,34.78,3.4,7.99,3.0701278234985114
91.06,147.47,69.15,51.91,108.15,15.54,2.01,5.49,33.31,4.65,10.25,3.0701278234985114
49.4,91.84,7.62,41.35,48.97,15.7,2.19,4.08,38.89,3.08,6.78,3.0701278234985114
8.51,19.92,6.78,20.39,26.49,15.34,2.63,1.79,16.43,6.19,6.44,3.0701278234985114
17.35,36.08,6.07,21.82,27.88,15.68,2.73,1.97,10.84,7.25,7.19,3.0701278234985114
86.87,133.92,102.06,42.86,120.23,11.86,2.23,9.3,42.92,5.8,10.32,3.0701278234985114
79.18,124.87,3.4,46.97,50.37,14.12,1.36,21.04,56.56,2.42,8.85,3.0701278234985114
83.31,126.23,44.49,45.65,90.11,9.25,1.56,8.36,38.77,2.96,8.65,3.0701278234985114
30.72,62.59,54.56,60.43,114.91,11.35,1.08,4.48,18.5,4.35,9.05,3.0701278234985114
41.75,78.82,31.62,68.24,99.86,15.2,1.11,5.74,25.91,4.51,7.87,3.0701278234985114
64.86,98.44,31.67,57.04,57.19,32.24,0.5,5.67,28.42,3.31,7.87,3.0701278234985114
74.22,121.56,53.09,64.36,103.22,35.2,0.61,12.18,24.23,4.97,12.43,3.0701278234985114
57.85,112.72,5.17,66.29,71.46,28.27,0.51,9.65,40.21,0.97,4.7,3.0701278234985114
90.05,161.6,25.58,87.23,112.75,30.21,0.75,14.16,34.89,2.14,5.18,3.0701278234985114
49.4,75.42,6.05,53.47,59.51,38.37,0.73,3.7,21.92,3.4,7.49,3.0701278234985114
60.77,107.96,39.04,73.06,112.11,32.18,0.89,8.9,32.55,7.46,11.81,3.0701278234985114
85.85,146.83,69.36,86.08,145.9,41.52,1.09,8.6,35.5,11.4,15.99,3.0701278234985114
56.44,109.62,7.58,56.65,64.23,38.38,0.9,5.93,24.63,8.39,13.16,3.0701278234985114
73.88,124.15,8.96,54.43,63.38,37.14,0.97,7.96,31.1,7.75,12.07,3.0701278234985114
82.36,165.43,36.63,107.66,144.29,46.74,0.97,13.53,26.62,13.18,21.9,3.0701278234985114
85.52,175.94,14.25,100.33,114.58,43.19,0.82,16.01,30.96,10.72,16.23,3.0701278234985114
66.32,122.77,5.59,45.85,51.45,39.78,0.72,7.45,19.05,3.68,9.03,3.0701278234985114
64.17,127.44,8.48,54.17,62.74,35.33,0.8,5.58,22.84,5.34,10.97,3.0701278234985114
90.0,154.9,7.55,60.81,68.37,27.17,0.71,19.58,35.94,6.57,13.21,3.0701278234985114
68.87,119.24,5.98,53.15,59.13,25.73,0.77,12.43,30.06,3.84,10.04,3.0701278234985114
89.98,140.82,3.91,58.04,61.94,26.32,0.74,13.13,51.84,5.89,8.37,3.0701278234985114
52.9,100.16,10.84,80.34,91.18,29.14,0.65,13.23,35.03,5.09,13.04,3.0701278234985114
75.4,132.31,4.99,54.28,59.27,28.02,0.7,9.02,48.76,4.96,9.75,3.0701278234985114
48.07,108.15,14.27,91.18,105.42,26.32,0.65,10.32,34.25,8.21,14.72,3.0701278234985114
60.48,103.34,4.17,64.8,68.85,25.75,0.63,15.86,42.37,7.01,11.24,3.0701278234985114
67.03,118.0,8.28,67.43,75.71,25.01,0.64,12.53,31.66,8.26,10.58,3.0701278234985114
60.11,97.86,3.44,35.17,38.61,21.34,0.54,8.64,46.59,2.94,6.79,3.0701278234985114
67.63,122.27,38.18,89.77,127.95,21.67,0.79,11.87,36.75,11.26,19.23,3.0701278234985114
81.82,152.03,46.02,93.58,139.59,25.66,0.88,12.09,42.97,8.64,14.88,3.0701278234985114
62.36,134.81,5.58,71.64,77.2,26.15,0.57,18.68,49.46,5.55,12.64,3.0701278234985114
61.16,119.54,5.12,48.98,54.09,26.26,0.61,7.42,36.53,5.27,10.62,3.0701278234985114
53.72,103.52,5.72,41.28,47.0,24.11,0.47,6.59,23.47,3.73,10.01,3.0701278234985114
50.23,92.3,4.56,26.9,31.47,19.37,0.57,4.4,19.9,1.87,6.16,3.0701278234985114
64.22,123.58,2.77,30.87,33.68,20.08,0.46,8.33,35.68,4.75,7.64,3.0701278234985114
76.6,171.99,9.55,48.4,57.95,35.59,0.72,17.22,39.97,7.4,14.71,3.0701278234985114
77.82,151.69,4.91,49.19,54.13,34.68,0.6,14.5,35.89,9.76,15.98,3.0701278234985114
55.14,98.35,2.87,36.19,39.07,30.64,0.6,16.72,52.21,3.71,9.21,3.0701278234985114
24.32,141.78,5.54,20.32,25.85,10.87,0.4,4.82,17.49,2.5,9.93,3.0701278234985114
55.4,127.11,3.15,17.34,18.19,4.93,0.47,1.93,37.33,2.96,7.7,3.0701278234985114
61.78,126.2,3.01,20.39,23.38,5.49,0.53,1.52,37.0,4.36,10.42,3.0701278234985114
67.4,133.0,3.64,21.14,24.77,4.85,0.49,1.44,34.46,4.03,9.58,3.0701278234985114
66.57,132.1,2.95,17.89,20.84,4.74,0.46,1.67,37.19,1.78,5.48,3.0701278234985114
65.47,129.42,2.73,14.69,17.43,3.81,0.49,1.82,41.67,2.99,8.35,3.0701278234985114
55.4,121.13,3.03,13.92,16.95,9.62,0.47,1.57,37.14,3.52,9.18,3.0701278234985114
53.61,109.67,2.71,9.9,12.6,7.85,0.42,1.33,33.64,2.47,4.35,3.0701278234985114
52.05,89.17,6.14,22.9,25.68,4.35,0.54,1.73,48.36,7.5,6.96,2.87
48.86,86.87,6.12,26.06,29.01,4.27,0.53,2.0,32.25,22.29,6.12,3.63
57.6,104.21,39.95,27.41,60.92,23.78,0.79,4.6,27.24,18.23,12.03,5.34
45.57,75.21,30.54,34.18,64.04,10.32,0.79,5.42,17.37,17.23,18.64,4.85
50.35,82.16,40.06,30.4,70.28,9.34,1.07,4.31,31.44,20.23,25.42,5.07
69.61,108.35,15.77,29.86,45.64,9.41,0.74,6.85,32.84,11.91,12.83,3.65
69.89,107.38,7.35,31.27,38.63,10.3,0.63,7.36,52.83,9.85,10.38,2.6
64.09,103.94,7.8,31.64,39.45,11.66,0.7,6.33,50.55,10.45,12.31,2.59
56.62,92.76,13.47,33.22,46.71,12.09,0.76,4.47,34.19,20.41,33.65,2.72
62.88,108.38,51.52,39.8,87.26,13.14,1.17,6.9,29.78,27.67,40.3,5.61
61.12,105.64,38.45,34.54,69.35,11.71,1.03,4.32,35.19,24.88,35.85,4.29
63.0,101.4,12.99,32.87,45.48,10.42,0.85,5.15,40.98,22.31,36.56,2.62
87.18,128.62,9.96,33.12,43.03,11.18,0.82,7.23,43.72,17.9,29.52,2.56
68.66,111.63,20.17,39.51,59.45,11.14,0.91,8.61,38.38,17.33,28.24,3.01
83.63,130.56,20.42,41.4,61.7,12.43,0.99,6.64,35.29,18.92,29.63,3.61
34.47,58.82,5.79,25.85,31.51,12.34,0.51,4.18,33.2,21.95,32.25,1.58
97.83,133.73,20.33,27.72,48.02,10.95,0.69,9.55,21.29,18.14,31.88,2.72
75.18,157.84,19.95,46.23,66.18,18.4,0.9,10.2,37.77,10.12,16.57,2.41
67.16,136.63,15.49,39.2,54.45,18.45,0.78,8.63,34.9,20.16,34.56,2.48
71.91,147.98,46.18,48.22,88.9,16.59,1.09,8.48,35.16,23.44,34.24,3.31
50.55,103.92,9.91,32.06,41.23,19.43,0.59,6.13,29.77,19.81,28.54,1.86
83.3,181.97,93.88,58.28,147.85,27.04,1.71,11.53,32.19,28.28,43.48,8.69
78.47,171.14,42.01,60.5,101.9,23.66,1.19,11.15,31.36,22.45,45.14,4.41
73.73,161.01,63.94,53.69,113.96,25.83,1.3,9.17,27.47,29.04,53.21,5.11
86.92,170.48,67.18,59.83,122.19,26.43,1.33,10.57,36.57,15.17,40.21,4.52
89.43,187.94,40.04,60.78,100.86,29.84,1.08,13.85,41.21,26.17,36.19,4.76
82.72,165.95,67.81,48.51,115.0,21.82,1.27,10.82,33.8,30.18,42.49,5.26
71.72,143.09,46.68,46.56,92.79,25.75,0.97,9.53,32.72,15.11,21.59,3.14
68.23,152.71,76.75,56.2,132.12,29.46,1.27,12.53,28.53,29.2,40.84,5.08
61.42,135.43,27.77,47.07,74.3,25.61,0.87,13.04,36.19,23.65,33.33,2.65
57.4,136.04,30.53,53.6,83.24,26.79,0.72,12.22,43.22,28.32,38.62,2.74
74.26,149.7,19.23,43.49,62.55,26.53,0.83,11.73,48.36,27.43,34.84,2.09
67.18,140.94,15.89,43.48,59.36,23.73,0.88,10.6,38.79,17.76,21.69,2.04
101.93,185.67,17.2,43.64,60.84,23.41,1.01,13.1,44.65,20.86,21.11,2.67
60.88,131.04,14.6,42.26,56.78,21.73,0.74,16.57,31.63,21.81,33.07,2.1
65.04,139.55,18.08,42.15,60.14,20.85,0.81,14.42,35.12,24.82,37.84,2.32
69.51,152.91,10.61,36.45,47.0,21.4,0.74,12.95,44.6,19.39,28.77,2.03
68.66,150.99,10.59,38.67,49.18,21.81,0.67,15.32,38.31,19.11,28.69,1.53
83.06,185.51,30.54,49.15,79.65,23.67,1.12,13.97,36.92,19.11,30.56,2.45
79.44,144.61,9.66,38.43,48.0,27.49,0.96,12.59,34.64,22.44,29.42,1.49
91.78,170.2,84.79,41.06,125.79,33.6,1.79,12.03,9.37,34.39,44.32,4.22
84.88,160.64,43.27,48.82,91.95,26.41,1.09,12.02,20.64,37.7,41.84,3.48
84.49,158.8,26.82,45.77,72.64,27.64,0.89,16.04,25.17,28.48,34.04,2.88
78.54,149.81,24.89,42.08,67.03,24.99,0.94,15.92,31.37,25.77,30.85,2.1
83.17,156.39,40.21,45.72,86.0,24.13,0.99,14.48,33.94,27.91,33.26,1.95
89.03,191.22,68.05,59.86,119.82,28.94,1.27,15.24,35.6,28.82,35.47,3.83
83.41,176.12,45.12,51.05,93.6,31.03,1.01,14.21,34.6,24.37,30.22,2.84
62.35,125.7,20.22,39.97,60.07,23.2,0.8,12.65,39.43,19.31,23.37,1.71
75.02,157.98,62.34,54.45,105.24,23.12,1.11,13.18,39.37,29.26,39.26,4.05
62.5,134.22,37.25,56.5,89.28,21.4,0.7,13.91,48.05,23.59,29.63,2.73
51.86,121.15,16.0,36.64,46.36,30.89,0.48,9.23,48.43,15.1,19.37,0.95
56.91,118.12,23.53,36.89,60.37,24.69,0.81,8.57,31.85,23.23,29.03,2.09
73.09,154.08,50.69,49.78,100.07,27.8,0.88,11.97,36.63,21.68,30.86,3.01
61.11,135.39,53.87,55.94,106.07,25.27,0.81,13.1,42.88,24.76,35.45,3.07
67.01,158.46,66.93,59.8,122.47,29.23,0.98,14.75,40.56,21.46,33.04,2.93
66.42,139.53,50.78,55.57,106.17,26.17,0.83,10.73,43.77,19.62,27.41,2.58
79.24,168.58,57.23,69.37,124.05,29.31,0.9,17.62,41.3,23.17,34.46,3.37
78.36,161.52,30.92,56.1,87.99,25.32,0.81,13.53,38.61,20.47,25.77,2.63
80.67,180.94,22.63,57.6,80.68,24.99,0.74,13.6,34.87,22.53,25.9,2.52
80.91,169.09,54.34,64.6,114.08,20.84,0.86,13.03,39.91,19.71,25.63,2.55
71.25,157.73,48.61,66.46,114.34,29.58,0.88,14.99,43.65,14.46,25.71,3.09
58.63,115.09,9.42,36.14,45.59,29.37,0.44,24.4,48.09,5.88,12.06,1.37
81.15,175.18,53.7,57.85,108.0,28.02,0.86,12.45,38.87,13.0,21.41,2.75
40.94,84.42,22.93,40.31,63.34,32.19,0.51,11.03,27.21,6.73,17.84,1.77
73.23,141.5,20.01,47.57,67.78,26.35,0.78,10.72,45.84,9.71,19.66,2.4
73.68,141.14,40.41,57.35,97.62,28.26,0.92,11.26,44.83,13.07,23.04,2.94
92.08,173.74,56.32,59.52,115.46,29.07,1.22,13.39,48.24,14.32,22.98,3.52
82.48,149.76,11.03,38.23,49.24,28.48,0.81,10.52,49.7,8.47,12.82,1.6
50.13,86.22,9.34,30.3,39.69,26.21,0.6,11.45,37.8,5.91,11.48,1.23
57.01,110.73,20.9,35.23,56.18,22.91,0.72,11.02,49.97,6.16,14.48,1.98
65.59,119.8,14.37,38.92,53.35,22.14,0.87,12.04,57.59,8.96,15.43,2.48
56.77,111.27,6.29,30.92,37.2,23.59,0.67,13.6,59.48,5.56,11.84,1.45
57.54,114.2,7.71,33.63,41.39,24.25,0.72,12.66,36.42,6.7,12.52,1.46
57.2,110.82,12.35,39.86,49.84,24.08,0.83,11.76,41.17,8.96,15.47,2.86
52.17,110.27,8.16,23.32,29.75,23.42,0.55,9.19,56.6,5.37,10.22,1.18
56.05,116.34,17.27,38.02,55.35,23.07,0.85,20.02,46.0,8.37,14.75,2.04
61.94,118.28,16.78,37.15,54.0,22.89,0.83,10.65,53.69,11.27,18.97,2.15
77.16,148.45,18.82,42.14,61.03,25.06,0.93,13.79,55.84,10.61,19.49,2.8
42.09,82.64,11.39,31.8,43.24,21.18,0.63,14.56,62.06,6.08,14.16,1.75
47.22,86.73,12.61,26.91,39.57,21.54,0.55,14.65,55.33,6.0,12.07,1.34
48.1,83.63,5.25,14.86,20.16,18.61,0.55,11.62,60.57,3.68,7.67,0.74
40.85,68.04,4.77,14.53,19.36,18.28,0.54,9.52,64.88,3.54,6.94,0.79
43.56,71.92,4.98,16.55,21.58,18.02,0.54,10.03,68.67,3.54,6.86,0.77
44.67,76.1,5.16,19.05,24.25,18.77,0.54,9.83,66.03,3.51,6.43,0.8
50.19,78.52,5.04,12.41,17.49,19.22,0.57,11.65,69.65,2.61,6.5,0.51
60.85,100.15,5.21,14.82,20.07,17.56,0.55,9.55,74.08,4.53,8.06,0.76
47.78,75.16,6.62,11.03,17.57,17.75,0.45,9.11,62.77,2.67,6.64,0.52
63.06,118.12710293078135,11.18,26.69,4.3,23.48347601937197,2.3,13.25,24.94,2.66,3.6,3.0701278234985114
50.6,118.12710293078135,23.82,39.66,4.83,23.48347601937197,2.29,14.75,23.06,3.15,3.08,3.0701278234985114
55.31,118.12710293078135,18.4,33.29,4.22,23.48347601937197,2.4,13.48,26.74,3.16,3.83,3.0701278234985114
60.99,118.12710293078135,8.08,25.41,4.22,23.48347601937197,2.13,11.27,26.71,2.53,3.74,3.0701278234985114
58.69,118.12710293078135,13.96,27.05,4.22,23.48347601937197,2.16,11.94,26.76,2.82,3.76,3.0701278234985114
56.07,118.12710293078135,8.47,25.32,4.9,23.48347601937197,2.24,13.86,26.77,2.55,3.74,3.0701278234985114
53.07,118.12710293078135,5.24,18.07,6.71,23.48347601937197,1.76,7.49,32.13,2.68,5.04,3.0701278234985114
40.51,118.12710293078135,10.66,25.01,15.09,23.48347601937197,2.36,11.17,18.76,1.99,1.7,3.0701278234985114
60.06,118.12710293078135,10.92,22.11,4.77,23.48347601937197,2.17,12.14,27.28,2.56,3.66,3.0701278234985114
59.78,118.12710293078135,15.1,23.79,4.98,23.48347601937197,2.66,12.63,27.54,2.8,3.67,3.0701278234985114
75.52,118.12710293078135,11.98,27.25,5.65,23.48347601937197,2.37,13.38,22.52,2.06,1.82,3.0701278234985114
41.71,118.12710293078135,8.84,22.35,4.3,23.48347601937197,1.99,12.6,25.81,2.35,3.48,3.0701278234985114
50.51,118.12710293078135,9.11,23.39,4.22,23.48347601937197,1.97,10.93,26.59,2.44,3.69,3.0701278234985114
37.74,118.12710293078135,10.77,27.38,4.64,23.48347601937197,2.15,10.73,23.46,2.38,2.95,3.0701278234985114
49.06,118.12710293078135,16.02,31.87,4.47,23.48347601937197,2.17,12.01,24.7,2.79,3.29,3.0701278234985114
36.35,118.12710293078135,10.65,28.02,4.64,23.48347601937197,2.36,14.49,26.18,2.54,3.53,3.0701278234985114
37.09,118.12710293078135,6.94,22.89,4.14,23.48347601937197,2.23,10.67,26.64,2.46,3.69,3.0701278234985114
48.37,118.12710293078135,8.11,25.37,4.22,23.48347601937197,2.21,13.69,26.09,2.56,3.72,3.0701278234985114
63.86,118.12710293078135,10.62,31.48,4.22,23.48347601937197,2.45,24.19,25.95,2.78,3.8,3.0701278234985114
54.17,118.12710293078135,10.22,23.58,5.06,23.48347601937197,2.35,11.24,20.51,2.19,2.24,3.0701278234985114
44.54,118.12710293078135,13.87,29.51,6.16,23.48347601937197,2.25,10.94,11.56,1.78,0.21,3.0701278234985114
45.94,118.12710293078135,19.27,32.21,6.24,23.48347601937197,2.26,12.54,11.41,2.06,0.08,3.0701278234985114
44.87,118.12710293078135,14.5,30.76,6.24,23.48347601937197,2.28,15.35,11.57,1.81,0.07,3.0701278234985114
47.12,118.12710293078135,17.18,33.17,5.65,23.48347601937197,2.93,11.25,16.45,2.26,1.29,3.0701278234985114
43.82,118.12710293078135,10.33,23.53,3.63,23.48347601937197,2.09,8.84,29.6,2.68,4.77,3.0701278234985114
43.04,118.12710293078135,12.47,23.35,4.4,23.48347601937197,3.21,21.52,25.29,2.61,3.34,3.0701278234985114
36.72,118.12710293078135,10.37,25.96,4.73,23.48347601937197,3.25,16.62,22.79,2.28,3.16,3.0701278234985114
44.07,118.12710293078135,11.1,31.36,2.21,23.48347601937197,2.06,16.35,34.5,3.11,7.62,3.0701278234985114
32.86,118.12710293078135,16.59,17.77,5.11,23.48347601937197,2.37,17.14,21.25,3.7,4.51,3.0701278234985114
50.1,118.12710293078135,6.4,24.3,4.22,23.48347601937197,2.28,37.56,29.22,4.28,4.19,3.0701278234985114
44.39,118.12710293078135,2.88,16.54,4.22,23.48347601937197,2.23,35.52,26.23,3.57,4.69,3.0701278234985114
39.98,118.12710293078135,4.04,12.56,5.65,23.48347601937197,2.75,42.87,19.56,3.57,3.39,3.0701278234985114
44.83,118.12710293078135,3.59,10.99,4.95,23.48347601937197,2.04,45.84,21.32,3.52,3.78,3.0701278234985114
46.26,118.12710293078135,3.54,15.12,4.34,23.48347601937197,2.0,21.77,25.28,3.56,4.49,3.0701278234985114
42.06,118.12710293078135,3.6,13.56,4.72,23.48347601937197,2.38,10.34,23.73,3.51,4.36,3.0701278234985114
34.93,118.12710293078135,3.19,16.37,4.22,23.48347601937197,2.44,8.87,25.91,3.1,2.97,3.0701278234985114
46.02,118.12710293078135,3.59,14.83,4.83,23.48347601937197,2.15,15.07,26.25,2.54,1.35,3.0701278234985114
105.39,118.12710293078135,3.97,12.12,4.98,23.48347601937197,2.28,11.31,16.26,2.62,1.39,3.0701278234985114
49.21,118.12710293078135,3.82,14.35,4.47,23.48347601937197,2.26,13.08,32.57,2.26,1.24,3.0701278234985114
42.74,118.12710293078135,3.68,20.79,4.22,23.48347601937197,2.36,14.72,39.37,2.11,1.17,3.0701278234985114
44.41,118.12710293078135,3.76,25.14,6.13,23.48347601937197,2.32,15.75,31.8,1.79,1.03,3.0701278234985114
33.52,118.12710293078135,3.9,22.69,5.6,23.48347601937197,2.48,13.58,15.89,2.12,1.17,3.0701278234985114
29.95,118.12710293078135,3.63,16.42,4.72,23.48347601937197,2.39,11.79,19.7,2.14,1.18,3.0701278234985114
29.69,118.12710293078135,2.92,16.32,4.3,23.48347601937197,2.19,11.86,43.82,2.05,1.31,3.0701278234985114
28.56,118.12710293078135,1.68,14.08,3.97,23.48347601937197,2.43,11.19,42.55,1.61,1.53,3.0701278234985114
28.45,118.12710293078135,1.47,13.6,3.63,23.48347601937197,3.25,12.45,48.76,0.93,0.92,3.0701278234985114
32.08,118.12710293078135,3.17,19.08,4.47,23.48347601937197,2.95,9.7,41.08,1.69,1.59,3.0701278234985114
36.26,118.12710293078135,2.51,18.29,4.22,23.48347601937197,2.91,20.09,47.42,1.94,1.82,3.0701278234985114
29.07,118.12710293078135,1.41,12.68,4.47,23.48347601937197,2.65,7.57,49.44,1.31,1.24,3.0701278234985114
32.94,118.12710293078135,1.67,13.9,4.22,23.48347601937197,2.25,8.7,39.97,1.37,1.3,3.0701278234985114
33.4,118.12710293078135,1.58,13.48,4.22,23.48347601937197,2.14,9.08,44.04,1.32,1.26,3.0701278234985114
28.85,118.12710293078135,1.75,12.03,4.22,23.48347601937197,2.24,8.33,59.35,1.15,1.11,3.0701278234985114
36.88,118.12710293078135,2.81,13.78,4.61,23.48347601937197,2.11,11.43,57.8,2.09,1.95,3.0701278234985114
36.01,118.12710293078135,2.65,12.87,5.06,23.48347601937197,2.14,10.25,53.5,1.69,1.6,3.0701278234985114
34.55,118.12710293078135,2.75,13.04,4.51,23.48347601937197,3.38,9.65,62.24,1.54,1.46,3.0701278234985114
34.76,118.12710293078135,2.34,10.78,4.7,23.48347601937197,1.97,13.1,57.99,1.73,1.63,3.0701278234985114
32.51,118.12710293078135,2.57,11.77,4.22,23.48347601937197,2.23,9.19,21.09,1.24,1.18,3.0701278234985114
42.98,118.12710293078135,2.54,12.15,4.22,23.48347601937197,2.94,14.66,17.09,1.93,1.81,3.0701278234985114
34.6,118.12710293078135,2.52,12.48,4.39,23.48347601937197,4.1,15.98,24.44,1.35,1.28,3.0701278234985114
46.62,118.12710293078135,6.14,14.1,3.63,23.48347601937197,3.04,20.47,29.18,2.09,2.01,3.0701278234985114
39.74,118.12710293078135,3.34,11.67,3.55,23.48347601937197,2.21,15.78,28.93,1.44,1.41,3.0701278234985114
45.86,118.12710293078135,2.54,10.83,4.65,23.48347601937197,2.61,23.05,29.77,3.74,3.45,3.0701278234985114
39.79,118.12710293078135,3.71,11.18,5.24,23.48347601937197,2.99,14.2,29.3,1.31,1.13,3.0701278234985114
39.79,118.12710293078135,2.44,10.08,6.15,23.48347601937197,4.89,16.28,30.02,2.23,0.86,3.0701278234985114
40.78,118.12710293078135,2.43,11.21,3.75,23.48347601937197,2.81,14.27,28.75,0.82,1.18,3.0701278234985114
56.01,118.12710293078135,3.57,11.77,3.8,23.48347601937197,2.76,19.4,28.77,5.33,4.9,3.0701278234985114
41.14,118.12710293078135,3.18,12.7,3.8,23.48347601937197,2.42,13.56,27.8,1.1,1.09,3.0701278234985114
25.56,118.12710293078135,5.11,16.47,4.14,23.48347601937197,2.24,11.13,29.71,2.08,1.93,3.0701278234985114
23.1,118.12710293078135,2.94,10.86,4.98,23.48347601937197,2.47,9.28,39.34,1.82,1.68,3.0701278234985114
44.99,118.12710293078135,2.13,10.87,4.22,23.48347601937197,2.46,13.14,43.93,2.29,2.14,3.0701278234985114
71.26,118.12710293078135,3.94,15.29,4.48,23.48347601937197,2.43,7.48,43.95,0.94,0.93,3.0701278234985114
61.85,118.12710293078135,2.7,12.77,4.22,23.48347601937197,2.59,7.77,43.57,1.18,1.09,3.0701278234985114
76.8,118.12710293078135,2.47,10.79,4.47,23.48347601937197,2.1,14.44,44.27,2.77,2.57,3.0701278234985114
70.64,118.12710293078135,4.99,9.95,6.24,23.48347601937197,2.29,9.9,39.97,1.49,1.38,3.0701278234985114
53.52,118.12710293078135,4.87,13.08,4.89,23.48347601937197,2.23,9.38,41.7,1.34,1.12,3.0701278234985114
53.19,118.12710293078135,1.99,11.98,4.15,23.48347601937197,2.06,10.69,44.75,0.75,0.9,3.0701278234985114
47.72,118.12710293078135,1.61,12.5,3.49,23.48347601937197,2.06,6.47,53.5,0.63,0.7,3.0701278234985114
52.73,118.12710293078135,1.54,11.89,3.29,23.48347601937197,1.89,8.09,55.64,0.13,0.22,3.0701278234985114
42.28,118.12710293078135,0.91,12.6,2.21,23.48347601937197,1.53,7.83,55.76,0.07,0.15,3.0701278234985114
32.33,118.12710293078135,2.56,10.69,4.76,23.48347601937197,1.84,16.53,57.49,0.17,0.34,3.0701278234985114
37.29,118.12710293078135,2.05,11.97,4.22,23.48347601937197,2.17,18.63,60.81,0.18,0.37,3.0701278234985114
123.5,118.12710293078135,2.13,8.84,4.46,23.48347601937197,5.77,17.75,57.42,0.17,0.35,3.0701278234985114
64.33,118.12710293078135,1.87,9.11,4.22,23.48347601937197,3.71,10.52,56.85,0.1,0.21,3.0701278234985114
71.33,118.12710293078135,1.85,9.33,3.88,23.48347601937197,1.26,13.09,56.85,0.1,0.19,3.0701278234985114
35.56,118.12710293078135,2.18,8.92,6.01,23.48347601937197,2.34,11.06,57.24,0.11,0.22,3.0701278234985114
35.19,118.12710293078135,2.01,9.24,3.97,23.48347601937197,2.66,11.25,24.84,0.11,0.22,3.0701278234985114
19.15,118.12710293078135,2.14,9.31,4.22,23.48347601937197,10.18,9.73,24.37,0.1,0.19,3.0701278234985114
17.81,118.12710293078135,2.62,9.11,4.22,23.48347601937197,7.09,15.69,24.65,0.15,0.31,3.0701278234985114
19.77,118.12710293078135,2.4,9.48,4.39,23.48347601937197,2.88,12.44,25.9,0.12,0.24,3.0701278234985114
21.85,118.12710293078135,2.53,9.41,4.81,23.48347601937197,4.15,17.99,25.57,0.18,0.36,3.0701278234985114
27.82,118.12710293078135,2.44,15.94,4.3,23.48347601937197,10.51,9.22,25.93,0.09,0.18,3.0701278234985114
18.47,118.12710293078135,2.21,8.56,4.3,23.48347601937197,9.11,10.63,25.11,0.11,0.21,3.0701278234985114
29.6,118.12710293078135,2.03,7.8,4.13,23.48347601937197,5.38,10.03,25.25,0.1,0.2,3.0701278234985114
34.86,118.12710293078135,5.27,9.73,4.22,23.48347601937197,7.03,9.6,29.54,0.09,0.19,3.0701278234985114
24.42,118.12710293078135,4.87,9.61,4.22,23.48347601937197,7.86,10.29,29.33,0.1,0.2,3.0701278234985114
23.99,118.12710293078135,3.17,7.74,4.22,23.48347601937197,7.65,9.23,29.38,0.09,0.18,3.0701278234985114
24.5,118.12710293078135,3.17,8.83,4.14,23.48347601937197,8.74,9.92,29.94,0.1,0.19,3.0701278234985114
25.45,118.12710293078135,3.46,9.37,4.22,23.48347601937197,8.99,9.19,30.2,0.09,0.18,3.0701278234985114
25.49,118.12710293078135,3.05,9.44,4.57,23.48347601937197,9.61,8.63,29.08,0.08,0.17,3.0701278234985114
24.02,118.12710293078135,2.48,8.93,4.22,23.48347601937197,6.72,10.03,28.94,0.1,0.19,3.0701278234985114
62.19,118.12710293078135,10.15,12.36,4.22,23.48347601937197,2.1,9.24,29.04,0.09,0.18,3.0701278234985114
52.39,118.12710293078135,4.39,9.08,4.56,23.48347601937197,2.34,10.72,30.29,0.11,0.21,3.0701278234985114
49.34,118.12710293078135,4.7,12.14,4.47,23.48347601937197,1.97,9.09,24.92,0.09,0.18,3.0701278234985114
35.5,118.12710293078135,3.74,7.94,5.23,23.48347601937197,2.76,13.01,21.02,0.13,0.26,3.0701278234985114
44.01,118.12710293078135,5.43,6.4,5.31,23.48347601937197,6.47,11.03,19.89,0.11,0.22,3.0701278234985114
51.09,118.12710293078135,13.67,12.94,4.3,23.48347601937197,2.38,9.42,26.09,0.09,0.19,3.0701278234985114
43.47,118.12710293078135,3.07,7.81,4.3,23.48347601937197,3.16,10.44,30.68,0.11,0.21,3.0701278234985114
41.28,118.12710293078135,3.14,7.26,4.22,23.48347601937197,2.15,11.25,27.57,0.11,0.22,3.0701278234985114
48.46,118.12710293078135,4.06,7.82,4.22,23.48347601937197,2.2,15.24,30.32,0.15,0.3,3.0701278234985114
48.58,118.12710293078135,3.64,7.87,4.22,23.48347601937197,6.96,6.8,34.52,0.07,0.13,3.0701278234985114
49.0,118.12710293078135,3.26,8.32,4.22,23.48347601937197,1.24,6.7,33.49,0.07,0.13,3.0701278234985114
46.36,118.12710293078135,3.23,7.47,4.22,23.48347601937197,1.5,10.32,26.69,0.12,0.23,3.0701278234985114
55.45,118.12710293078135,2.62,7.19,3.72,23.48347601937197,1.51,11.31,28.24,0.11,0.22,3.0701278234985114
43.3,118.12710293078135,3.02,8.39,4.64,23.48347601937197,1.24,10.8,17.7,0.11,0.21,3.0701278234985114
44.99,118.12710293078135,4.2,8.44,4.56,23.48347601937197,4.03,8.14,14.84,0.09,0.16,3.0701278234985114
68.06,118.12710293078135,4.93,8.81,4.22,23.48347601937197,1.34,9.49,10.72,0.1,0.2,3.0701278234985114
63.08,118.12710293078135,12.6,9.44,4.22,23.48347601937197,1.26,8.72,10.7,0.08,0.17,3.0701278234985114
50.4,118.12710293078135,4.13,8.13,4.3,23.48347601937197,1.98,7.4,12.55,0.07,0.14,3.0701278234985114
57.71,118.12710293078135,3.28,8.88,4.72,23.48347601937197,1.37,9.39,17.04,0.13,0.19,3.0701278234985114
31.98,118.12710293078135,4.47,8.21,6.24,23.48347601937197,1.99,14.88,19.79,0.15,0.31,3.0701278234985114
33.01,118.12710293078135,4.25,9.09,6.24,23.48347601937197,1.58,13.65,21.1,0.14,0.27,3.0701278234985114
46.62,118.12710293078135,3.58,8.26,4.22,23.48347601937197,1.2,7.47,21.09,0.11,0.22,3.0701278234985114
40.47,118.12710293078135,6.41,8.71,4.22,23.48347601937197,1.95,8.71,33.11,0.1,0.21,3.0701278234985114
44.58,118.12710293078135,4.29,11.77,4.22,23.48347601937197,1.24,7.98,57.38,0.12,0.25,3.0701278234985114
52.43,118.12710293078135,5.71,8.46,4.3,23.48347601937197,1.34,8.18,33.81,0.14,0.18,3.0701278234985114
57.1,118.12710293078135,4.51,8.64,4.22,23.48347601937197,1.42,8.3,33.35,0.15,0.19,3.0701278234985114
51.36,118.12710293078135,5.57,10.81,4.64,23.48347601937197,1.48,9.86,26.45,0.14,0.21,3.0701278234985114
62.46,118.12710293078135,4.58,11.82,4.3,23.48347601937197,1.47,10.01,19.49,0.14,0.2,3.0701278234985114
57.19,118.12710293078135,4.5,10.96,4.22,23.48347601937197,1.29,8.22,15.24,0.14,0.18,3.0701278234985114
66.99,118.12710293078135,4.32,9.99,4.22,23.48347601937197,1.45,9.24,11.43,0.15,0.2,3.0701278234985114
66.88,118.12710293078135,5.19,9.82,4.22,23.48347601937197,1.4,6.78,13.45,0.14,0.17,3.0701278234985114
62.73,118.12710293078135,6.37,9.76,4.47,23.48347601937197,1.3,10.45,18.61,0.15,0.21,3.0701278234985114
65.64,118.12710293078135,5.5,12.2,4.05,23.48347601937197,1.67,11.42,16.67,0.2,0.27,3.0701278234985114
72.15,118.12710293078135,5.13,9.92,4.3,23.48347601937197,1.55,8.9,12.37,0.51,0.44,3.0701278234985114
66.15,118.12710293078135,4.95,9.69,4.22,23.48347601937197,1.61,10.2,11.49,0.17,0.24,3.0701278234985114
71.73,118.12710293078135,6.01,9.83,4.28,23.48347601937197,1.53,8.61,20.31,0.16,0.2,3.0701278234985114
64.24,118.12710293078135,6.28,13.09,4.22,23.48347601937197,1.38,8.12,34.96,0.12,0.21,3.0701278234985114
66.17,118.12710293078135,7.9,31.55,4.22,23.48347601937197,1.49,11.76,38.06,0.13,0.38,3.0701278234985114
64.64,118.12710293078135,7.03,21.08,4.22,23.48347601937197,1.65,6.88,58.73,2.04,3.76,3.0701278234985114
70.56,118.12710293078135,4.84,10.97,4.22,23.48347601937197,1.32,6.92,59.26,0.12,0.23,3.0701278234985114
74.68,118.12710293078135,4.57,10.38,4.22,23.48347601937197,1.95,9.75,30.49,0.17,0.34,3.0701278234985114
28.82,118.12710293078135,4.78,6.75,4.22,23.48347601937197,1.39,7.41,13.21,0.94,1.04,3.0701278234985114
63.28,118.12710293078135,2.02,5.27,2.21,23.48347601937197,1.75,3.18,31.91,3.18,3.18,3.0701278234985114
51.42,118.12710293078135,1.27,7.1,2.21,23.48347601937197,1.41,2.21,31.63,0.93,0.89,3.0701278234985114
54.13,118.12710293078135,1.31,9.75,2.21,23.48347601937197,12.16,1.9,40.06,0.17,0.11,3.0701278234985114
65.59,118.12710293078135,11.5,17.08,4.89,23.48347601937197,1.19,2.63,34.11,0.44,0.29,3.0701278234985114
59.33,118.12710293078135,4.16,7.63,4.22,23.48347601937197,0.33,5.19,42.54,0.37,0.25,3.0701278234985114
34.68,118.12710293078135,3.73,6.72,4.22,23.48347601937197,12.5,7.2,47.45,3.280840304500585,8.700972080037227,3.0701278234985114
68.67,118.12710293078135,10.39,22.65,4.22,23.48347601937197,9.97,4.54,36.18,9.54,9.54,3.0701278234985114
44.58,118.12710293078135,17.34,19.22,4.3,23.48347601937197,5.54,5.18,36.33,3.69,3.68,3.0701278234985114
28.45,118.12710293078135,17.76,10.31,4.22,23.48347601937197,15.74,4.51,39.51,0.42,0.41,3.0701278234985114
70.75,118.12710293078135,3.65,9.63,4.22,23.48347601937197,2.58,4.92,31.79,0.14,0.05,3.0701278234985114
72.43,118.12710293078135,11.06,7.7,3.88,23.48347601937197,1.66,4.51,49.76,0.21,0.16,3.0701278234985114
73.52,118.12710293078135,9.6,4.09,3.22,23.48347601937197,1.56,4.62,48.78,0.23,0.18,3.0701278234985114
95.47,118.12710293078135,11.88,15.55,3.55,23.48347601937197,1.62,3.68,40.67,0.35,0.27,3.0701278234985114
72.62,118.12710293078135,3.43,39.03,3.55,23.48347601937197,1.26,4.68,66.08,2.74,4.26,3.0701278234985114
94.93,118.12710293078135,7.04,39.06,4.22,23.48347601937197,1.45,6.18,69.74,4.83,7.28,3.0701278234985114
59.85,118.12710293078135,5.45,33.58,5.47,23.48347601937197,1.14,4.58,55.61,0.28,1.13,3.0701278234985114
79.82,118.12710293078135,16.27,37.32,4.22,23.48347601937197,2.15,4.43,41.68,0.64,3.06,3.0701278234985114
76.06,118.12710293078135,4.59,36.12,4.22,23.48347601937197,1.26,4.02,57.35,1.45,2.98,3.0701278234985114
67.43,118.12710293078135,11.32,37.83,3.88,23.48347601937197,5.23,5.6,59.75,0.74,2.1,3.0701278234985114
65.14,118.12710293078135,21.58,33.51,3.22,23.48347601937197,1.55,6.71,54.79,0.64,1.61,3.0701278234985114
86.68,118.12710293078135,4.62,30.2,4.52,23.48347601937197,1.41,6.46,55.92,0.4,3.48,3.0701278234985114
91.67,118.12710293078135,6.37,38.62,4.25,23.48347601937197,1.64,6.05,67.82,0.83,2.55,3.0701278234985114
79.28,118.12710293078135,24.14,36.03,4.21,23.48347601937197,1.28,6.59,74.48,0.95,3.55,3.0701278234985114
85.56,118.12710293078135,11.91,41.59,4.22,23.48347601937197,3.17,6.73,68.96,0.76,2.19,3.0701278234985114
64.82,118.12710293078135,4.59,32.51,4.22,23.48347601937197,1.17,5.25,60.39,0.95,1.28,3.0701278234985114
75.89,118.12710293078135,6.62,40.51,4.22,23.48347601937197,1.94,5.72,65.46,0.96,2.01,3.0701278234985114
67.0,118.12710293078135,5.68,48.25,4.22,23.48347601937197,1.34,8.27,76.87,0.84,1.51,3.0701278234985114
76.98,118.12710293078135,5.48,49.12,4.22,23.48347601937197,1.85,11.71,87.97,0.37,0.67,3.0701278234985114
72.23,118.12710293078135,5.88,57.98,4.22,23.48347601937197,1.38,11.63,75.08,0.36,0.63,3.0701278234985114
83.71,118.12710293078135,4.13,41.42,4.81,23.48347601937197,1.51,10.69,69.45,0.05,0.13,3.0701278234985114
79.49,118.12710293078135,3.82,2.36,6.24,23.48347601937197,1.42,6.26,79.62,0.04,0.07,3.0701278234985114
75.75,118.12710293078135,15.55,10.04,6.24,23.48347601937197,1.45,6.4,76.31,0.04,0.06,3.0701278234985114
99.67,118.12710293078135,10.97,46.94,4.81,23.48347601937197,1.75,6.2,53.42,0.51,1.17,3.0701278234985114
101.32,118.12710293078135,7.81,50.45,4.73,23.48347601937197,1.34,8.25,59.67,0.25,0.13,3.0701278234985114
86.79,118.12710293078135,3.14,40.59,4.22,23.48347601937197,1.34,4.81,80.78,1.28,1.94,3.0701278234985114
78.87,118.12710293078135,4.79,50.39,4.22,23.48347601937197,1.53,4.55,77.58,1.23,0.91,3.0701278234985114
86.62,118.12710293078135,5.47,45.42,4.22,23.48347601937197,1.28,5.02,61.22,1.35,1.94,3.0701278234985114
70.07,118.12710293078135,6.68,47.45,6.95,23.48347601937197,1.27,6.92,53.55,0.98,1.18,3.0701278234985114
77.91,118.12710293078135,10.62,63.46,4.72,23.48347601937197,1.53,6.44,58.54,1.08,0.75,3.0701278234985114
102.44,118.12710293078135,2.91,41.6,4.81,23.48347601937197,1.27,7.17,82.58,3.280840304500585,8.700972080037227,3.0701278234985114
77.87,118.12710293078135,0.11,55.2,6.24,23.48347601937197,1.05,21.09,49.59,3.62,4.21,3.0701278234985114
163.59,118.12710293078135,5.58,39.84,4.3,23.48347601937197,2.7,9.65,51.68,1.66,2.19,3.0701278234985114
55.2,118.12710293078135,6.68,27.6,3.8,23.48347601937197,1.8,5.74,43.01,1.84,2.49,3.0701278234985114
45.28,118.12710293078135,5.98,6.36,2.21,23.48347601937197,1.04,5.56,56.86,1.76,0.77,3.0701278234985114
65.55,118.12710293078135,5.07,5.79,2.21,23.48347601937197,1.33,5.63,48.36,1.97,0.66,3.0701278234985114
45.09,118.12710293078135,5.48,6.3,2.21,23.48347601937197,1.77,6.0,52.59,2.21,0.88,3.0701278234985114
56.17,118.12710293078135,8.12,27.61,5.03,23.48347601937197,1.24,6.93,66.55,0.63,1.83,3.0701278234985114
70.14,118.12710293078135,9.46,28.17,4.69,23.48347601937197,1.63,6.02,30.91,0.61,1.77,3.0701278234985114
94.7,118.12710293078135,12.26,45.97,4.89,23.48347601937197,1.72,4.99,35.02,0.87,0.42,3.0701278234985114
64.0,118.12710293078135,7.99,35.9,4.56,23.48347601937197,1.36,5.27,38.24,0.9,0.95,3.0701278234985114
84.02,118.12710293078135,5.72,30.46,5.57,23.48347601937197,1.22,4.89,56.89,0.36,0.28,3.0701278234985114
64.23,118.12710293078135,8.76,38.29,4.22,23.48347601937197,2.21,5.65,30.46,0.59,0.58,3.0701278234985114
59.3,118.12710293078135,6.97,32.5,3.17,23.48347601937197,1.12,6.5,28.43,0.96,0.9,3.0701278234985114
63.49,118.12710293078135,6.89,33.62,3.38,23.48347601937197,5.68,5.78,39.51,0.79,0.94,3.0701278234985114
94.36,118.12710293078135,8.49,36.28,4.14,23.48347601937197,1.5,8.33,34.91,0.74,1.01,3.0701278234985114
35.58,118.12710293078135,5.71,47.24,5.54,23.48347601937197,1.65,4.25,8.13,0.87,0.75,3.0701278234985114
53.51,118.12710293078135,4.49,26.72,4.22,23.48347601937197,1.12,6.38,15.78,0.32,8.700972080037227,3.0701278234985114
69.19,118.12710293078135,7.06,17.43,4.3,23.48347601937197,1.17,9.04,18.59,0.33,0.74,3.0701278234985114
65.4,118.12710293078135,3.67,17.83,4.8,23.48347601937197,1.17,6.41,18.14,0.31,8.700972080037227,3.0701278234985114
76.9,118.12710293078135,5.71,14.35,2.29,23.48347601937197,1.06,5.59,4.68,0.22,8.700972080037227,3.0701278234985114
61.42,118.12710293078135,11.22,23.6,3.88,23.48347601937197,1.63,9.7,12.47,0.44,8.700972080037227,3.0701278234985114
71.74,118.12710293078135,4.57,23.9,4.22,23.48347601937197,2.74,5.33,18.89,0.4,8.700972080037227,3.0701278234985114
54.5,118.12710293078135,3.8,28.82,4.22,23.48347601937197,1.11,6.25,23.03,0.52,8.700972080037227,3.0701278234985114
66.78,118.12710293078135,3.54,24.47,4.3,23.48347601937197,2.25,4.16,23.41,0.68,8.700972080037227,3.0701278234985114
71.22,118.12710293078135,4.98,17.15,2.71,23.48347601937197,2.2485982090856145,5.63,4.41,0.61,8.700972080037227,3.0701278234985114
87.96,118.12710293078135,5.23,15.03,2.21,23.48347601937197,1.23,5.74,3.41,0.32,8.700972080037227,3.0701278234985114
76.73,118.12710293078135,6.08,17.17,6.18,23.48347601937197,1.1,6.66,7.14,0.42,0.08,3.0701278234985114
82.95,118.12710293078135,8.22,19.61,13.25,23.48347601937197,1.36,6.32,8.81,0.55,8.700972080037227,3.0701278234985114
67.3,118.12710293078135,7.58,17.1,11.12,23.48347601937197,1.09,5.66,8.48,0.49,0.08,3.0701278234985114
80.77,118.12710293078135,7.04,24.37,3.3,23.48347601937197,1.14,5.68,17.07,0.56,0.33,3.0701278234985114
53.21,118.12710293078135,5.77,26.23,4.13,23.48347601937197,1.08,5.39,14.14,0.31,0.05,3.0701278234985114
99.97,118.12710293078135,12.05,17.95,4.22,23.48347601937197,8.04,4.86,30.98,0.55,0.03,3.0701278234985114
18.79,118.12710293078135,13.94,19.46,4.04,23.48347601937197,1.15,6.06,37.89,0.31,0.06,3.0701278234985114
37.8,118.12710293078135,2.62,13.62,6.24,23.48347601937197,2.2485982090856145,5.45,35.9,0.34,0.03,3.0701278234985114
44.97,118.12710293078135,5.64,15.24,6.24,23.48347601937197,1.54,5.54,33.51,0.65,1.37,3.0701278234985114
30.92,118.12710293078135,13.79,22.15,6.24,23.48347601937197,3.61,5.57,25.12,0.82,3.19,3.0701278234985114
16.79,118.12710293078135,13.29,21.77,32.30912333307031,23.48347601937197,1.96,4.01,35.27,0.45,0.73,3.0701278234985114
21.64,118.12710293078135,5.02,16.3,32.30912333307031,23.48347601937197,9.89,5.78,21.66,0.34,0.3,3.0701278234985114
59.7,118.12710293078135,14.83,32.1,32.30912333307031,23.48347601937197,1.55,2.9,39.05,0.54,8.700972080037227,3.0701278234985114
63.59,118.12710293078135,4.92,37.1,32.30912333307031,23.48347601937197,4.71,2.04,42.43,0.58,8.700972080037227,3.0701278234985114
67.75,118.12710293078135,3.12,44.96,32.30912333307031,23.48347601937197,1.16,1.81,45.89,0.56,8.700972080037227,3.0701278234985114
54.84,118.12710293078135,2.86,49.57,32.30912333307031,23.48347601937197,1.04,2.9,43.95,0.62,8.700972080037227,3.0701278234985114
50.96,118.12710293078135,3.97,32.46,6.24,23.48347601937197,1.06,4.02,48.05,0.44,8.700972080037227,3.0701278234985114
51.27,118.12710293078135,5.81,21.9,6.24,23.48347601937197,1.2,3.33,50.31,0.3,1.56,3.0701278234985114
28.89,118.12710293078135,8.92,13.71,6.24,23.48347601937197,2.18,2.97,30.61,0.44,8.700972080037227,3.0701278234985114
25.22,118.12710293078135,27.84,19.81,6.24,23.48347601937197,3.62,4.92,25.32,0.42,0.6,3.0701278234985114
45.14,118.12710293078135,20.7,22.41,6.24,23.48347601937197,1.77,4.55,24.9,0.33,0.19,3.0701278234985114
23.79,118.12710293078135,19.93,24.01,6.24,23.48347601937197,5.69,5.72,20.87,0.23,0.62,3.0701278234985114
36.62,118.12710293078135,3.86,24.82,32.30912333307031,23.48347601937197,8.61,4.54,25.26,0.15,0.13,3.0701278234985114
11.39,118.12710293078135,2.48,14.24,6.24,23.48347601937197,32.22,6.08,15.14,0.08,0.48,3.0701278234985114
59.63,118.12710293078135,3.39,29.33,32.30912333307031,23.48347601937197,1.45,2.72,26.65,0.54,8.700972080037227,3.0701278234985114
55.53,118.12710293078135,9.37,30.87,32.30912333307031,23.48347601937197,1.4,4.18,23.14,0.45,0.19,3.0701278234985114
63.44,118.12710293078135,13.13,35.31,6.24,23.48347601937197,1.61,3.72,21.37,0.61,8.42,3.0701278234985114
81.43,118.12710293078135,13.48,38.01,32.30912333307031,23.48347601937197,1.55,4.36,24.18,0.51,1.67,3.0701278234985114
89.92,118.12710293078135,7.24,35.56,32.30912333307031,23.48347601937197,1.44,4.56,17.18,0.51,0.94,3.0701278234985114
123.78,118.12710293078135,30.56,65.88,6.24,23.48347601937197,1.82,7.56,29.44,1.27,3.32,3.0701278234985114
61.96,118.12710293078135,9.78,22.32,32.30912333307031,23.48347601937197,1.47,6.94,39.17,0.95,4.49,3.0701278234985114
81.64,118.12710293078135,8.79,19.92,32.30912333307031,23.48347601937197,1.38,6.69,49.63,0.99,4.59,3.0701278234985114
95.98,118.12710293078135,11.51,29.4,32.30912333307031,23.48347601937197,1.76,7.3,93.98,0.76,2.67,3.0701278234985114
89.04,118.12710293078135,8.52,26.44,32.30912333307031,23.48347601937197,1.35,6.06,85.68,1.2,3.05,3.0701278234985114
84.15,118.12710293078135,9.68,29.89,32.30912333307031,23.48347601937197,1.5,5.32,75.65,1.31,4.11,3.0701278234985114
79.11,118.12710293078135,9.24,19.42,32.30912333307031,23.48347601937197,1.32,4.13,58.4,0.0,0.0,3.0701278234985114
75.43,118.12710293078135,7.76,23.71,32.30912333307031,23.48347601937197,1.24,5.39,72.02,0.67,1.85,3.0701278234985114
75.27,118.12710293078135,10.59,33.1,32.30912333307031,23.48347601937197,1.39,5.11,71.76,1.24,3.81,3.0701278234985114
92.96,118.12710293078135,23.83,39.88,32.30912333307031,23.48347601937197,2.01,6.13,69.38,1.4,4.93,3.0701278234985114
81.51,118.12710293078135,7.28,26.48,32.30912333307031,23.48347601937197,1.4,4.72,80.64,2.18,5.74,3.0701278234985114
82.94,118.12710293078135,7.86,24.61,32.30912333307031,23.48347601937197,1.61,4.91,84.98,2.36,5.8,3.0701278234985114
93.58,118.12710293078135,12.18,63.25,32.30912333307031,23.48347601937197,1.59,8.6,87.94,3.07,9.34,3.0701278234985114
72.42,118.12710293078135,8.29,23.5,32.30912333307031,23.48347601937197,1.66,6.81,114.27,3.280840304500585,8.700972080037227,3.0701278234985114
72.64,118.12710293078135,7.54,19.11,32.30912333307031,23.48347601937197,1.33,7.0,114.72,3.280840304500585,8.700972080037227,3.0701278234985114
87.25,118.12710293078135,7.29,19.82,32.30912333307031,23.48347601937197,1.55,7.47,113.96,2.21,5.31,3.0701278234985114
56.41,118.12710293078135,6.59,19.99,6.24,23.48347601937197,1.19,3.66,81.45,1.65,2.9,3.0701278234985114
71.62,118.12710293078135,7.79,35.11,6.24,23.48347601937197,1.37,3.88,67.61,2.37,3.69,3.0701278234985114
102.13,118.12710293078135,7.12,18.73,6.24,23.48347601937197,1.29,2.94,33.03,2.12,3.94,3.0701278234985114
85.74,118.12710293078135,10.72,32.57,6.24,23.48347601937197,1.42,4.41,33.71,2.08,2.68,3.0701278234985114
77.99,118.12710293078135,6.17,16.37,6.24,23.48347601937197,1.14,5.69,44.74,2.57,3.55,3.0701278234985114
115.52,118.12710293078135,7.88,26.03,6.24,23.48347601937197,1.72,6.13,51.77,3.49,4.69,3.0701278234985114
74.54,118.12710293078135,5.27,17.12,6.24,23.48347601937197,1.2,5.22,15.85,3.03,4.61,3.0701278234985114
70.03,118.12710293078135,5.8,17.65,6.24,23.48347601937197,1.12,5.11,28.79,2.9,4.16,3.0701278234985114
95.04,118.12710293078135,4.98,16.05,6.24,23.48347601937197,1.15,4.5,51.08,3.08,4.94,3.0701278234985114
67.89,118.12710293078135,7.41,14.44,32.30912333307031,23.48347601937197,3.14,4.24,19.89,1.79,2.69,3.0701278234985114
66.93,118.12710293078135,7.12,19.39,32.30912333307031,23.48347601937197,1.28,3.9,19.07,2.34,4.32,3.0701278234985114
72.07,118.12710293078135,7.05,20.75,32.30912333307031,23.48347601937197,1.25,4.64,21.96,2.77,4.57,3.0701278234985114
54.58,118.12710293078135,6.37,14.33,32.30912333307031,23.48347601937197,1.29,3.77,18.72,1.83,3.05,3.0701278234985114
34.75,118.12710293078135,8.41,18.36,32.30912333307031,23.48347601937197,1.19,3.25,21.33,1.56,3.16,3.0701278234985114
47.17,118.12710293078135,14.87,24.2,32.30912333307031,23.48347601937197,1.52,2.72,10.49,0.5,1.53,3.0701278234985114
47.36,118.12710293078135,6.93,14.54,32.30912333307031,23.48347601937197,12.12,4.42,13.47,1.48,3.08,3.0701278234985114
57.19,118.12710293078135,15.81,22.19,32.30912333307031,23.48347601937197,2.52,4.51,27.11,1.53,3.1,3.0701278234985114
66.28,118.12710293078135,23.68,21.63,32.30912333307031,23.48347601937197,1.8,5.64,38.87,1.55,3.11,3.0701278234985114
35.62,118.12710293078135,10.99,18.3,32.30912333307031,23.48347601937197,1.39,4.78,27.85,1.5,3.11,3.0701278234985114
46.27,118.12710293078135,11.76,74.77,32.30912333307031,23.48347601937197,1.87,3.84,11.44,1.54,3.1,3.0701278234985114
88.74,118.12710293078135,11.43,22.55,32.30912333307031,23.48347601937197,1.44,7.15,6.31,1.48,3.06,3.0701278234985114
39.71,118.12710293078135,13.29,31.26,32.30912333307031,23.48347601937197,1.46,7.36,8.05,1.51,3.09,3.0701278234985114
119.08,118.12710293078135,14.02,27.26,32.30912333307031,23.48347601937197,1.33,7.16,9.1,1.49,3.12,3.0701278234985114
50.79,118.12710293078135,7.19,27.91,32.30912333307031,23.48347601937197,1.48,6.77,9.68,1.5,3.1,3.0701278234985114
76.76,118.12710293078135,4.81,43.53,32.30912333307031,23.48347601937197,3.77,10.36,5.69,1.87,3.11,3.0701278234985114
39.01,118.12710293078135,7.95,57.74,32.30912333307031,23.48347601937197,2.05,6.94,5.22,1.55,3.12,3.0701278234985114
45.75,118.12710293078135,2.89,13.93,32.30912333307031,23.48347601937197,2.68,2.61,8.87,1.01,3.0,3.0701278234985114
31.44,118.12710293078135,7.56,16.14,32.30912333307031,23.48347601937197,4.68,4.64,19.36,1.37,2.89,3.0701278234985114
72.6,118.12710293078135,17.81,48.73,32.30912333307031,23.48347601937197,1.2,4.38,30.02,1.61,3.13,3.0701278234985114
86.0,118.12710293078135,18.06,29.13,32.30912333307031,23.48347601937197,1.18,5.37,26.2,1.5,3.11,3.0701278234985114
74.71,118.12710293078135,17.14,52.22,32.30912333307031,23.48347601937197,1.17,4.28,29.4,1.5,3.1,3.0701278234985114
81.77,118.12710293078135,15.46,51.42,32.30912333307031,23.48347601937197,1.14,4.75,29.14,1.5,3.11,3.0701278234985114
76.58,118.12710293078135,10.17,18.06,32.30912333307031,23.48347601937197,1.11,4.9,23.29,1.49,3.09,3.0701278234985114
53.51,118.12710293078135,10.91,24.96,32.30912333307031,23.48347601937197,1.28,5.46,30.61,1.61,3.14,3.0701278234985114
22.15,118.12710293078135,7.67,23.0,32.30912333307031,23.48347601937197,8.13,4.91,18.66,1.5,3.1,3.0701278234985114
23.0,118.12710293078135,5.02,16.09,32.30912333307031,23.48347601937197,7.52,4.49,14.94,2.5,3.59,3.0701278234985114
80.19,118.12710293078135,4.73,19.01,17.41,9.35,1.18,6.4,26.15,2.48,3.57,3.0701278234985114
75.01,118.12710293078135,11.19,37.57,26.17,7.95,0.89,7.7,30.48,1.83,2.64,3.0701278234985114
65.98,118.12710293078135,13.34,34.9,33.63,6.44,0.94,6.95,29.53,2.51,3.59,3.0701278234985114
77.33,118.12710293078135,6.96,31.24,28.62,7.72,0.95,7.67,29.65,2.51,3.59,3.0701278234985114
61.56,118.12710293078135,12.61,26.32,16.22,16.68,0.8,6.78,23.32,2.33,3.47,3.0701278234985114
68.78,118.12710293078135,7.94,24.24,22.14,10.73,0.71,8.56,16.98,1.71,2.74,3.0701278234985114
58.8,118.12710293078135,15.79,34.36,32.38,6.59,0.78,8.82,15.38,2.07,5.11,3.0701278234985114
60.54,118.12710293078135,12.67,37.58,31.85,6.51,1.04,7.04,20.43,1.89,2.0,3.0701278234985114
83.04,118.12710293078135,16.71,43.59,37.13,6.7,1.18,6.75,25.48,1.92,1.96,3.0701278234985114
82.36,118.12710293078135,12.31,34.46,31.31,8.45,1.0,6.95,28.6,1.73,2.0,3.0701278234985114
81.08,118.12710293078135,20.44,41.3,35.01,8.47,1.02,7.04,19.71,1.85,1.99,3.0701278234985114
73.41,118.12710293078135,8.57,30.57,22.52,7.55,1.1,5.91,18.43,1.06,1.41,3.0701278234985114
95.02,118.12710293078135,12.35,44.26,29.05,10.09,0.79,6.5,23.52,1.59,4.44,3.0701278234985114
76.71,118.12710293078135,7.25,25.24,30.83,48.61,0.72,13.5,89.05,0.39,0.25,3.0701278234985114
91.04,118.12710293078135,8.88,20.32,28.16,43.88,0.65,11.02,59.88,0.28,0.13,3.0701278234985114
77.35,118.12710293078135,9.06,28.74,26.57,30.3,0.27,11.51,47.83,0.18,0.08,3.0701278234985114
97.05,118.12710293078135,10.2,34.84,32.7,30.49,0.31,11.29,48.96,0.44,0.28,3.0701278234985114
88.04,118.12710293078135,9.83,31.61,27.29,30.23,0.32,11.63,51.96,0.28,0.14,3.0701278234985114
93.26,118.12710293078135,9.69,27.88,25.68,30.33,0.31,9.9,51.79,0.26,0.11,3.0701278234985114
72.45,118.12710293078135,10.28,31.96,28.35,30.18,0.34,10.38,51.08,0.32,0.15,3.0701278234985114
75.58,118.12710293078135,9.32,34.22,30.87,30.19,0.39,10.63,49.84,0.42,0.22,3.0701278234985114
70.5,118.12710293078135,36.46,81.53,52.33,30.2,0.56,10.62,32.79,0.0,0.0,3.0701278234985114
74.21,118.12710293078135,13.93,48.9,32.46,30.28,0.41,8.36,32.04,0.44,0.36,3.0701278234985114
61.52,118.12710293078135,16.1,43.15,30.99,30.2,0.41,7.21,30.18,0.05,0.04,3.0701278234985114
58.97,118.12710293078135,19.15,58.47,40.51,30.22,0.43,8.54,27.04,0.0,0.0,3.0701278234985114
80.37,118.12710293078135,19.02,53.26,37.22,30.16,0.39,8.84,24.52,0.0,0.0,3.0701278234985114
60.77,118.12710293078135,23.43,49.71,40.52,30.18,0.51,15.8,29.03,0.0,0.0,3.0701278234985114
66.26,118.12710293078135,15.84,49.9,35.64,30.19,0.44,10.96,30.1,0.0,0.0,3.0701278234985114
67.08,118.12710293078135,20.18,54.0,43.54,30.13,0.48,12.0,36.2,0.0,0.0,3.0701278234985114
85.99,118.12710293078135,45.67,59.66,63.01,30.01,0.56,11.41,28.24,0.0,0.0,3.0701278234985114
75.31,118.12710293078135,15.85,39.18,37.42,30.21,0.36,10.77,39.54,0.0,0.0,3.0701278234985114
91.21,118.12710293078135,10.26,27.16,25.06,30.23,0.29,10.77,52.0,0.0,0.0,3.0701278234985114
64.98,118.12710293078135,11.31,33.33,29.31,30.17,0.3,10.81,56.54,0.0,0.0,3.0701278234985114
82.47,118.12710293078135,25.03,50.62,47.53,30.0,0.41,12.27,48.87,0.0,0.0,3.0701278234985114
79.19,118.12710293078135,21.65,62.8,30.87,23.09,0.47,12.83,41.36,0.0,0.0,3.0701278234985114
92.34,118.12710293078135,20.28,59.94,31.32,23.0,0.42,12.0,43.0,0.0,0.0,3.0701278234985114
64.04,118.12710293078135,19.61,53.32,25.82,23.05,0.43,9.26,45.07,0.0,0.0,3.0701278234985114
74.0,118.12710293078135,19.68,53.33,28.28,22.96,0.53,10.77,39.69,0.0,0.0,3.0701278234985114
55.94,118.12710293078135,21.77,53.34,27.84,23.01,0.38,9.62,31.22,0.0,0.0,3.0701278234985114
82.48,118.12710293078135,22.57,65.69,33.16,23.0,0.53,10.09,37.24,0.0,0.0,3.0701278234985114
93.08,118.12710293078135,21.92,63.88,34.49,22.94,0.51,11.07,44.38,0.0,0.0,3.0701278234985114
73.23,118.12710293078135,11.67,61.01,34.12,36.16,0.5,9.89,32.0,0.0,0.0,3.0701278234985114
81.53,118.12710293078135,23.26,72.12,34.78,34.22,0.37,6.46,76.86,0.0,0.0,3.0701278234985114
72.29,118.12710293078135,14.15,60.91,33.75,34.14,0.43,7.22,74.77,0.0,0.0,3.0701278234985114
77.82,118.12710293078135,4.47,28.84,21.65,34.2,0.47,7.39,7.48,0.0,0.0,3.0701278234985114
94.26,118.12710293078135,4.28,28.97,21.89,34.28,0.66,7.86,8.51,0.0,0.0,3.0701278234985114
59.98,118.12710293078135,2.42,20.37,21.02,33.97,0.66,8.73,13.16,0.0,0.0,3.0701278234985114
85.89,118.12710293078135,2.18,15.65,22.53,38.07,0.68,9.96,11.79,0.0,0.0,3.0701278234985114
62.91,118.12710293078135,2.03,13.02,22.24,29.8,0.58,9.92,9.48,0.0,0.0,3.0701278234985114
62.85,118.12710293078135,2.66,16.06,22.05,34.9,0.56,10.68,10.32,0.0,0.0,3.0701278234985114
54.84,118.12710293078135,2.15,13.45,19.79,36.67,0.48,10.4,11.82,0.0,0.0,3.0701278234985114
57.9,118.12710293078135,3.91,15.31,24.31,40.34,0.51,10.0,19.91,0.0,0.0,3.0701278234985114
71.02,118.12710293078135,9.31,25.79,26.12,40.94,0.58,10.03,22.67,0.49,0.55,3.0701278234985114
80.85,118.12710293078135,7.3,24.58,24.02,40.98,0.64,9.01,18.83,0.16,0.27,3.0701278234985114
100.83,118.12710293078135,14.51,28.15,25.59,41.02,1.03,10.09,16.96,2.87,2.74,3.0701278234985114
70.44,118.12710293078135,10.13,32.94,25.58,41.18,0.92,7.24,14.85,0.68,0.7,3.0701278234985114
90.31,118.12710293078135,9.45,36.14,26.69,41.19,0.89,8.89,18.51,0.86,0.99,3.0701278234985114
63.36,118.12710293078135,9.34,27.8,21.97,36.61,0.84,7.96,29.73,0.26,0.66,3.0701278234985114
71.89,118.12710293078135,9.58,32.87,24.72,36.79,0.94,8.24,28.16,0.71,0.93,3.0701278234985114
83.15,118.12710293078135,9.84,28.52,23.0,36.68,0.96,8.46,27.6,0.61,0.91,3.0701278234985114
47.6,118.12710293078135,9.33,26.26,20.77,36.73,0.78,8.77,19.32,0.12,0.59,3.0701278234985114
50.14,118.12710293078135,9.56,24.33,20.45,36.79,0.78,8.2,21.49,0.04,0.16,3.0701278234985114
38.35,118.12710293078135,19.68,26.7,28.09,36.67,0.91,9.93,67.47,0.11,0.32,3.0701278234985114
56.83,118.12710293078135,17.1,26.85,27.8,36.72,0.7,11.07,52.09,0.17,0.2,3.0701278234985114
43.54,118.12710293078135,13.47,27.02,25.08,37.67,0.67,6.68,49.14,0.21,0.16,3.0701278234985114
69.98,118.12710293078135,11.9,31.56,26.12,38.81,0.9,6.03,40.88,0.0,0.05,3.0701278234985114
96.52,118.12710293078135,11.28,30.29,25.02,38.86,0.9,8.27,45.35,0.07,0.07,3.0701278234985114
67.77,118.12710293078135,12.03,23.81,21.96,38.71,0.79,7.23,57.16,0.08,0.06,3.0701278234985114
48.77,118.12710293078135,11.42,24.3,21.26,34.09,0.74,5.88,47.74,0.05,0.06,3.0701278234985114
35.31,118.12710293078135,10.42,26.88,21.38,21.22,0.99,6.13,53.59,0.0,0.08,3.0701278234985114
58.27,118.12710293078135,9.54,30.03,23.46,29.49,0.8,8.38,18.59,0.4,0.49,3.0701278234985114
62.39,118.12710293078135,12.83,29.47,22.16,22.89,0.86,7.55,19.71,0.18,0.4,3.0701278234985114
53.24,118.12710293078135,18.09,36.47,33.74,29.29,0.87,9.32,6.79,0.12,0.2,3.0701278234985114
57.75,118.12710293078135,10.93,29.83,27.91,28.96,0.85,9.14,5.23,0.12,0.22,3.0701278234985114
44.44,118.12710293078135,11.13,28.22,26.34,28.81,0.82,8.68,6.53,0.1,0.28,3.0701278234985114
159.64,118.12710293078135,11.5,27.44,26.96,29.23,0.73,11.13,9.19,0.15,0.17,3.0701278234985114
73.24,118.12710293078135,13.04,27.68,27.38,28.99,0.88,10.8,23.38,0.13,0.25,3.0701278234985114
27.31,118.12710293078135,7.74,25.52,22.51,28.54,0.77,6.08,26.17,0.09,0.29,3.0701278234985114
46.25,118.12710293078135,10.39,30.02,27.3,28.85,1.21,6.34,15.44,0.1,0.42,3.0701278234985114
38.68,118.12710293078135,8.25,25.81,23.33,29.16,1.58,4.62,17.87,0.08,0.09,3.0701278234985114
57.48,118.12710293078135,7.05,24.46,22.25,29.35,0.73,3.82,21.74,0.06,0.07,3.0701278234985114
68.6,118.12710293078135,6.35,20.97,18.61,29.19,0.91,4.08,19.98,0.1,0.17,3.0701278234985114
73.05,118.12710293078135,6.59,21.56,19.82,29.24,0.89,5.05,24.56,0.1,0.2,3.0701278234985114
77.9,118.12710293078135,9.81,27.9,25.92,30.56,1.08,4.77,20.78,0.12,0.26,3.0701278234985114
87.71,118.12710293078135,9.83,29.55,26.7,32.07,1.17,4.36,23.37,0.14,0.31,3.0701278234985114
24.6,118.12710293078135,6.36,17.07,17.31,31.94,0.82,3.75,15.11,0.09,0.1,3.0701278234985114
57.32,118.12710293078135,9.22,27.21,24.75,32.14,1.1,4.44,19.56,0.17,0.24,3.0701278234985114
39.53,118.12710293078135,9.92,23.78,24.3,31.87,0.99,5.61,14.19,0.35,0.26,3.0701278234985114
59.19,118.12710293078135,8.42,27.66,23.93,31.96,1.06,4.47,23.42,0.7,0.32,3.0701278234985114
76.75,118.12710293078135,8.1,29.35,21.52,32.07,1.09,4.75,27.33,0.64,0.36,3.0701278234985114
81.75,118.12710293078135,6.17,30.08,20.42,37.24,0.85,5.15,30.17,0.3,0.27,3.0701278234985114
88.36,118.12710293078135,6.62,30.43,20.9,37.05,0.97,5.46,38.74,0.25,0.28,3.0701278234985114
95.24,118.12710293078135,8.5,33.28,18.76,37.15,1.0,4.94,36.84,0.24,0.31,3.0701278234985114
75.05,118.12710293078135,11.01,33.9,25.83,37.46,1.16,6.55,19.54,0.17,0.32,3.0701278234985114
65.19,118.12710293078135,8.45,31.11,22.38,41.21,0.87,6.39,28.03,0.21,0.27,3.0701278234985114
87.21,118.12710293078135,7.02,35.56,22.59,49.15,0.94,5.69,43.29,0.22,0.24,3.0701278234985114
93.46,118.12710293078135,11.95,36.8,28.64,28.32,0.85,8.14,23.64,0.03,0.14,3.0701278234985114
74.33,118.12710293078135,9.48,25.51,20.66,28.15,1.03,5.81,24.53,0.06,0.13,3.0701278234985114
87.57,118.12710293078135,14.7,39.51,35.78,32.55,1.16,7.85,15.71,0.05,0.29,3.0701278234985114
70.83,118.12710293078135,6.51,29.99,23.52,28.14,0.82,6.83,28.68,0.08,0.08,3.0701278234985114
101.7,118.12710293078135,13.14,44.08,37.8,35.53,0.98,8.57,29.79,0.05,0.19,3.0701278234985114
66.67,118.12710293078135,6.56,26.45,18.38,34.32,0.77,6.41,24.59,0.27,0.44,3.0701278234985114
85.17,118.12710293078135,5.09,21.48,14.32,29.52,0.74,5.16,24.89,0.37,0.73,3.0701278234985114
82.72,118.12710293078135,15.17,35.84,29.36,34.08,0.96,6.77,25.9,0.27,0.68,3.0701278234985114
71.89,118.12710293078135,4.57,22.49,14.67,21.88,0.7,5.74,35.48,0.21,0.33,3.0701278234985114
71.83,118.12710293078135,5.11,40.99,23.71,10.72,0.79,7.03,33.63,0.11,0.26,3.0701278234985114
103.62,118.12710293078135,18.89,67.36,48.76,17.38,1.19,7.92,29.92,0.13,0.3,3.0701278234985114
56.13,118.12710293078135,5.76,29.85,18.81,12.87,1.68,7.53,30.93,0.34,0.69,3.0701278234985114
41.13,118.12710293078135,4.38,25.1,14.77,11.74,1.56,5.77,32.48,0.31,0.61,3.0701278234985114
80.97,118.12710293078135,11.59,41.59,29.96,10.43,1.51,6.55,31.31,0.15,0.48,3.0701278234985114
85.41,118.12710293078135,6.6,31.28,28.4,10.01,1.05,11.23,34.01,1.1,29.69,3.0701278234985114
87.66,118.12710293078135,9.14,39.07,37.86,14.91,1.05,10.5,28.93,0.26,1.69,3.0701278234985114
61.98,118.12710293078135,5.43,37.47,26.01,3.94,0.95,9.37,38.74,0.51,5.67,3.0701278234985114
83.08,118.12710293078135,4.23,29.17,22.65,7.23,1.14,11.81,43.96,0.39,3.45,3.0701278234985114
59.16,118.12710293078135,4.43,21.08,17.87,5.12,1.22,7.39,47.14,0.31,1.37,3.0701278234985114
58.24,118.12710293078135,4.54,16.2,12.66,4.95,1.01,7.65,52.6,0.25,1.3,3.0701278234985114
66.42,118.12710293078135,5.39,26.21,17.67,5.45,1.15,8.7,37.14,0.83,2.79,3.0701278234985114
97.85,118.12710293078135,9.7,46.89,31.79,9.51,1.76,9.21,30.84,1.5,10.71,3.0701278234985114
84.31,118.12710293078135,7.68,32.99,22.67,1.95,1.28,9.23,36.16,1.12,3.45,3.0701278234985114
62.23,118.12710293078135,9.27,98.09,48.85,23.48347601937197,1.17,10.1,39.72,0.7,1.79,3.0701278234985114
72.32,118.12710293078135,8.61,30.7,23.0,22.47,1.3,6.75,32.68,0.48,1.2,3.0701278234985114
62.99,118.12710293078135,9.75,38.28,27.94,23.44,1.53,6.6,40.69,0.46,1.38,3.0701278234985114
75.07,118.12710293078135,12.86,43.93,31.56,22.06,1.61,6.91,53.66,0.23,1.27,3.0701278234985114
84.56,118.12710293078135,9.32,39.37,27.98,16.44,1.65,6.81,53.46,0.25,1.28,3.0701278234985114
99.92,118.12710293078135,10.02,41.73,29.32,19.17,1.36,7.25,48.94,0.27,1.95,3.0701278234985114
74.99,118.12710293078135,5.86,28.8,19.61,17.72,1.09,7.58,41.94,0.19,1.25,3.0701278234985114
70.01,118.12710293078135,7.0,33.33,22.74,17.63,1.14,7.29,38.41,0.19,1.1,3.0701278234985114
82.71,118.12710293078135,7.12,26.79,19.35,21.83,1.1,5.86,27.93,0.23,0.92,3.0701278234985114
46.96,118.12710293078135,6.66,30.69,21.3,21.95,1.16,5.38,29.37,0.21,0.86,3.0701278234985114
54.78,118.12710293078135,6.3,27.78,19.44,18.87,1.06,5.69,39.08,0.21,0.78,3.0701278234985114
79.74,118.12710293078135,5.64,29.53,19.59,14.5,1.28,8.06,47.16,0.22,0.79,3.0701278234985114
64.16,118.12710293078135,7.95,27.25,20.02,15.34,1.09,7.64,30.11,0.45,1.11,3.0701278234985114
61.07,118.12710293078135,6.93,27.6,19.8,15.87,1.25,7.49,31.6,0.49,1.0,3.0701278234985114
57.79,118.12710293078135,7.88,27.59,20.19,6.88,1.1,6.78,51.09,0.72,5.21,3.0701278234985114
49.24,118.12710293078135,8.85,20.81,16.38,15.66,1.04,5.58,60.4,0.72,18.71,3.0701278234985114
67.74,118.12710293078135,11.2,32.39,25.72,8.97,1.3,6.84,50.92,1.27,42.04,3.0701278234985114
85.04,118.12710293078135,9.57,33.07,24.01,9.94,1.12,7.45,45.54,1.86,106.61,3.0701278234985114
97.59,118.12710293078135,7.27,25.31,18.95,11.64,1.03,7.29,47.37,1.62,126.18,3.0701278234985114
78.3,118.12710293078135,7.48,23.23,18.11,17.9,1.4,6.72,47.31,0.61,32.61,3.0701278234985114
72.91,118.12710293078135,7.58,24.94,18.85,17.33,1.24,5.09,37.99,0.83,58.25,3.0701278234985114
71.58,118.12710293078135,6.11,19.31,13.07,14.83,1.27,6.31,43.47,0.52,12.65,3.0701278234985114
85.72,118.12710293078135,5.97,22.09,13.35,16.12,1.5,6.83,45.17,0.59,11.78,3.0701278234985114
84.52,118.12710293078135,5.8,19.65,11.68,12.63,1.11,6.59,37.23,0.43,3.5,3.0701278234985114
63.96,118.12710293078135,6.06,16.72,10.04,13.47,1.06,5.52,27.47,0.38,3.45,3.0701278234985114
82.43,118.12710293078135,5.59,15.15,9.22,12.82,1.15,5.62,39.72,0.38,2.48,3.0701278234985114
86.76,118.12710293078135,6.82,18.12,11.39,12.37,1.38,6.45,44.33,0.36,2.56,3.0701278234985114
84.27,118.12710293078135,7.58,20.14,13.28,10.62,1.42,7.8,44.1,0.59,2.9,3.0701278234985114
73.06,118.12710293078135,11.02,29.43,17.44,28.03,1.32,7.02,35.97,0.77,3.08,3.0701278234985114
70.32,118.12710293078135,10.32,27.1,13.53,27.99,1.15,4.63,31.33,0.77,2.93,3.0701278234985114
63.6,118.12710293078135,10.34,26.3,13.22,27.99,1.38,4.58,35.36,0.76,2.86,3.0701278234985114
63.22,118.12710293078135,10.33,26.49,13.16,28.01,1.26,4.92,40.74,0.75,2.86,3.0701278234985114
83.69,118.12710293078135,10.31,27.86,14.04,28.01,1.49,5.65,38.31,0.82,2.98,3.0701278234985114
86.52,118.12710293078135,11.24,28.12,19.67,27.99,1.2,6.92,43.66,0.81,3.1,3.0701278234985114
68.09,118.12710293078135,7.33,22.19,17.49,28.0,0.88,4.81,49.58,0.87,2.91,3.0701278234985114
96.37,118.12710293078135,7.25,21.19,16.83,27.99,1.12,4.68,51.18,0.86,2.89,3.0701278234985114
76.36,118.12710293078135,7.31,20.99,16.82,28.02,1.04,4.73,51.5,0.85,2.82,3.0701278234985114
95.09,118.12710293078135,7.6,22.47,17.44,28.0,0.91,5.59,50.36,0.85,2.86,3.0701278234985114
84.49,118.12710293078135,7.87,21.32,17.5,28.0,0.9,6.67,52.26,0.87,2.88,3.0701278234985114
47.49,118.12710293078135,8.39,21.55,18.04,28.0,0.77,4.45,46.9,0.93,3.17,3.0701278234985114
61.01,118.12710293078135,8.15,22.05,17.8,28.03,0.97,6.32,52.49,0.84,2.79,3.0701278234985114
82.55,118.12710293078135,8.0,22.69,18.21,28.0,0.97,5.03,56.29,0.83,2.77,3.0701278234985114
84.51,118.12710293078135,9.85,21.84,19.79,28.97,1.0,8.71,50.92,0.84,2.78,3.0701278234985114
72.91,118.12710293078135,12.28,20.28,22.17,29.95,0.71,8.01,49.19,0.86,2.8,3.0701278234985114
59.04,118.12710293078135,8.62,20.82,21.08,30.02,0.93,4.6,40.71,0.8,2.74,3.0701278234985114
94.34,118.12710293078135,8.49,21.79,21.27,30.03,0.9,4.33,39.25,0.86,2.96,3.0701278234985114
66.13,118.12710293078135,7.49,21.13,19.9,30.0,0.74,3.43,34.18,0.59,2.85,3.0701278234985114
58.23,118.12710293078135,6.03,18.65,16.39,30.0,0.84,3.93,26.62,0.4,2.24,3.0701278234985114
66.8,118.12710293078135,6.1,26.68,21.2,30.02,1.04,4.55,43.19,0.34,2.26,3.0701278234985114
78.08,118.12710293078135,6.11,23.5,18.21,30.01,1.26,5.82,42.75,0.63,2.31,3.0701278234985114
60.93,118.12710293078135,6.22,22.01,17.78,29.99,1.18,6.34,47.38,0.4,1.76,3.0701278234985114
81.44,118.12710293078135,6.52,24.04,19.16,30.02,1.43,5.06,49.3,0.52,3.76,3.0701278234985114
41.2,118.12710293078135,6.98,26.77,19.82,46.39,1.02,3.06,31.48,0.38,1.06,3.0701278234985114
71.26,118.12710293078135,6.84,31.43,21.87,34.79,1.15,4.71,43.74,0.56,1.89,3.0701278234985114
63.03,118.12710293078135,7.51,27.36,20.11,31.32,1.26,5.08,34.39,0.85,2.8,3.0701278234985114
73.65,118.12710293078135,8.99,33.25,24.48,40.93,1.14,4.55,31.31,0.84,7.18,3.0701278234985114
79.54,118.12710293078135,9.76,30.24,23.81,27.3,1.06,5.11,42.03,0.8,4.87,3.0701278234985114
91.73,118.12710293078135,12.63,26.47,24.06,8.49,1.07,4.28,64.68,1.35,7.82,3.0701278234985114
67.45,118.12710293078135,13.47,20.34,21.15,17.44,1.1,4.37,39.57,0.56,1.81,3.0701278234985114
75.85,118.12710293078135,14.05,20.45,22.04,16.97,1.24,4.37,25.61,0.8,8.79,3.0701278234985114
32.12,118.12710293078135,18.53,20.67,25.74,7.48,1.08,5.13,21.47,0.84,3.79,3.0701278234985114
31.56,118.12710293078135,8.77,28.67,22.2,10.55,1.23,5.74,40.07,0.68,2.82,3.0701278234985114
20.26,118.12710293078135,7.72,28.66,22.04,16.89,1.35,4.67,14.2,1.2,4.37,3.0701278234985114
27.27,118.12710293078135,8.24,26.64,21.8,24.09,1.38,4.46,31.5,0.7,4.01,3.0701278234985114
55.45,118.12710293078135,7.97,23.03,18.86,11.71,1.37,5.98,31.84,0.66,1.39,3.0701278234985114
46.6,118.12710293078135,7.7,23.89,18.76,10.92,0.89,4.97,24.45,0.03,0.5,3.0701278234985114
60.65,118.12710293078135,9.28,24.98,20.71,10.43,1.0,6.51,23.27,0.96,1.31,3.0701278234985114
52.96,118.12710293078135,8.39,24.47,19.72,10.82,0.82,6.48,36.02,0.73,4.04,3.0701278234985114
75.32,118.12710293078135,11.53,19.13,19.76,11.4,1.13,5.88,34.08,0.79,3.88,3.0701278234985114
41.9,118.12710293078135,6.88,18.09,14.88,9.74,1.06,5.57,31.81,1.29,3.28,3.0701278234985114
36.86,118.12710293078135,7.62,19.88,16.31,9.68,1.13,5.46,43.73,0.55,3.44,3.0701278234985114
38.05,118.12710293078135,7.15,21.92,17.4,11.18,1.36,5.58,37.16,0.62,1.44,3.0701278234985114
27.16,118.12710293078135,5.5,21.18,14.06,11.33,1.59,5.44,25.33,0.56,1.85,3.0701278234985114
27.48,118.12710293078135,8.46,21.88,17.97,9.51,2.37,4.29,23.17,0.54,6.64,3.0701278234985114
26.94,118.12710293078135,9.3,20.51,17.01,14.01,2.77,3.85,24.96,0.7,3.04,3.0701278234985114
27.9,118.12710293078135,5.67,19.63,13.65,11.14,2.01,4.18,24.87,0.7,2.94,3.0701278234985114
38.3,118.12710293078135,9.79,21.34,18.81,29.44,2.29,5.47,26.45,2.29,4.13,3.0701278234985114
44.99,118.12710293078135,9.19,24.77,19.3,30.65,2.65,6.45,25.16,3.08,6.86,3.0701278234985114
46.37,118.12710293078135,4.47,26.67,13.36,29.8,2.51,5.01,26.21,1.47,7.79,3.0701278234985114
36.07,118.12710293078135,6.08,21.93,14.33,29.93,1.91,4.9,24.49,0.98,9.25,3.0701278234985114
63.48,118.12710293078135,11.39,20.84,20.2,35.5,1.23,3.74,31.16,2.06,9.44,3.0701278234985114
64.84,118.12710293078135,14.47,25.5,25.1,35.63,1.19,3.93,31.45,1.85,7.76,3.0701278234985114
80.3,118.12710293078135,12.71,29.57,25.22,35.3,1.18,5.04,29.82,2.39,10.32,3.0701278234985114
84.3,118.12710293078135,11.93,28.62,24.73,35.79,1.18,5.65,35.11,2.27,10.98,3.0701278234985114
89.18,118.12710293078135,14.22,25.94,25.38,36.06,1.36,4.46,31.29,2.57,10.33,3.0701278234985114
63.28,118.12710293078135,11.76,30.13,25.34,38.89,1.38,5.5,30.3,2.18,6.89,3.0701278234985114
84.96,118.12710293078135,20.52,37.12,36.22,39.94,1.48,6.61,28.13,3.73,19.01,3.0701278234985114
70.45,118.12710293078135,17.6,33.32,31.77,39.75,1.16,4.46,32.11,3.0,14.36,3.0701278234985114
85.66,118.12710293078135,17.91,34.97,32.95,41.7,1.08,4.56,43.56,2.54,13.9,3.0701278234985114
84.95,118.12710293078135,10.76,30.27,24.71,35.69,1.12,4.11,35.32,2.17,8.25,3.0701278234985114
88.51,118.12710293078135,17.62,29.76,29.93,39.51,1.27,8.83,33.1,2.3,7.59,3.0701278234985114
74.94,118.12710293078135,35.9,62.62,50.12,33.08,1.32,6.64,26.0,1.84,6.56,3.0701278234985114
115.56,118.12710293078135,19.51,64.36,46.27,31.94,0.99,9.5,26.24,3.2,8.51,3.0701278234985114
90.98,118.12710293078135,17.21,42.48,35.22,26.39,1.56,7.92,42.89,1.49,4.26,3.0701278234985114
83.77,118.12710293078135,15.05,35.81,31.14,30.11,1.06,9.31,30.34,5.64,6.55,3.0701278234985114
58.15,118.12710293078135,12.93,15.38,18.03,1.39,1.18,10.77,20.46,1.93,4.98,3.0701278234985114
66.88,118.12710293078135,12.97,19.78,20.85,1.35,1.25,13.06,17.99,2.65,3.93,3.0701278234985114
76.28,118.12710293078135,9.35,18.23,15.41,1.11,1.69,9.81,18.38,2.54,6.84,3.0701278234985114
82.48,118.12710293078135,10.48,10.94,12.1,1.14,1.76,8.51,18.36,3.09,4.62,3.0701278234985114
92.47,118.12710293078135,9.02,12.47,13.78,1.11,1.93,8.12,17.47,3.36,5.72,3.0701278234985114
107.48,118.12710293078135,19.5,46.27,35.09,40.46,1.38,9.53,29.36,2.41,8.41,3.0701278234985114
54.54,118.12710293078135,24.8,61.42,51.64,19.96,1.86,10.21,30.24,2.26,8.56,3.0701278234985114
79.13,118.12710293078135,14.35,56.21,41.39,19.93,1.45,10.02,16.38,2.52,16.62,3.0701278234985114
68.76,118.12710293078135,11.23,55.46,38.53,19.94,1.37,8.2,14.33,1.97,11.51,3.0701278234985114
110.74,118.12710293078135,11.66,56.48,39.0,20.06,1.42,8.96,20.22,2.17,6.93,3.0701278234985114
90.23,118.12710293078135,23.46,53.63,44.3,5.95,1.45,11.11,29.38,2.75,10.72,3.0701278234985114
52.72,118.12710293078135,11.12,36.79,22.33,20.06,2.45,6.94,29.62,1.23,3.06,3.0701278234985114
70.64,118.12710293078135,16.69,45.07,30.3,19.99,2.82,10.6,28.41,1.82,8.33,3.0701278234985114
102.62,118.12710293078135,9.48,31.79,24.24,1.28,0.84,10.2,26.94,0.67,1.35,3.0701278234985114
76.06,118.12710293078135,9.15,15.99,15.54,0.04,1.06,8.27,55.98,0.64,0.72,3.0701278234985114
43.32,118.12710293078135,10.02,22.72,20.03,23.48347601937197,1.13,8.27,37.41,0.54,2.22,3.0701278234985114
112.99,118.12710293078135,13.93,32.13,28.23,23.48347601937197,1.19,7.23,21.28,1.24,27.51,3.0701278234985114
50.83,118.12710293078135,8.93,20.95,18.12,1.65,1.17,5.31,39.24,0.52,7.69,3.0701278234985114
63.36,118.12710293078135,8.88,44.43,30.59,12.93,1.29,6.4,42.81,9.79,19.47,3.0701278234985114
76.54,118.12710293078135,8.74,40.11,28.17,12.63,1.35,6.87,47.24,16.66,23.41,3.0701278234985114
66.13,118.12710293078135,7.19,34.18,23.27,15.5,1.25,6.22,42.76,19.47,26.37,3.0701278234985114
65.34,118.12710293078135,9.64,41.53,29.8,14.87,1.19,6.52,37.2,16.22,28.9,3.0701278234985114
77.06,118.12710293078135,5.88,41.29,26.55,15.3,1.12,7.18,38.34,17.75,26.69,3.0701278234985114
89.44,118.12710293078135,9.13,45.89,31.62,11.65,1.1,8.28,42.33,36.85,41.16,3.0701278234985114
83.4,118.12710293078135,5.23,33.11,21.35,12.64,1.1,5.96,38.37,10.34,13.22,3.0701278234985114
46.58,118.12710293078135,4.84,23.29,15.52,15.18,1.08,4.83,38.6,8.19,7.12,3.0701278234985114
45.29,118.12710293078135,4.91,25.74,17.5,18.02,1.1,5.9,36.14,12.43,26.48,3.0701278234985114
95.33,118.12710293078135,3.5,27.43,17.11,16.31,1.12,6.98,31.35,16.97,17.98,3.0701278234985114
65.48,118.12710293078135,4.5,31.13,19.34,14.84,1.1,8.3,35.62,17.28,15.86,3.0701278234985114
62.4,118.12710293078135,5.99,30.62,20.78,16.04,1.09,7.94,45.8,5.5,11.01,3.0701278234985114
44.03,118.12710293078135,6.73,20.47,16.11,16.86,1.09,5.19,34.83,5.02,4.4,3.0701278234985114
75.48,118.12710293078135,38.86,32.31,45.35,19.38,1.06,7.61,31.53,16.76,10.18,3.0701278234985114
74.41,118.12710293078135,37.05,29.84,39.94,20.11,1.03,6.88,34.27,8.52,23.57,3.0701278234985114
108.53,118.12710293078135,22.96,30.95,32.38,18.74,1.16,6.4,39.61,17.3,28.32,3.0701278234985114
60.47,118.12710293078135,11.33,16.31,15.47,29.94,1.07,4.27,35.96,39.47,8.55,3.0701278234985114
72.86,118.12710293078135,11.28,13.21,15.56,28.56,1.05,4.55,37.21,26.46,5.31,3.0701278234985114
45.41,118.12710293078135,7.12,8.3,9.05,37.42,1.01,6.54,37.84,20.32,2.53,3.0701278234985114
66.67,118.12710293078135,12.71,18.07,13.26,33.27,0.99,5.92,27.68,9.99,4.31,3.0701278234985114
49.02,118.12710293078135,6.84,10.05,10.17,34.96,0.96,6.27,33.27,9.04,2.2,3.0701278234985114
65.52,118.12710293078135,3.15,21.42,13.83,34.8,0.99,8.08,29.1,14.88,8.59,3.0701278234985114
62.39,118.12710293078135,3.41,17.93,12.23,33.83,0.98,6.93,24.84,13.65,7.26,3.0701278234985114
80.7,118.12710293078135,4.96,25.73,17.62,15.29,0.88,7.33,22.11,22.36,12.04,3.0701278234985114
65.8,118.12710293078135,4.66,20.53,13.63,5.98,0.91,7.25,20.48,21.78,10.94,3.0701278234985114
84.4,118.12710293078135,3.66,21.96,15.56,5.71,0.87,8.79,22.13,15.37,12.65,3.0701278234985114
64.07,118.12710293078135,3.53,16.42,11.4,38.46,1.04,8.71,21.16,26.56,12.74,3.0701278234985114
59.38,118.12710293078135,5.06,19.31,13.81,37.37,1.07,10.59,21.52,19.46,10.89,3.0701278234985114
68.37,118.12710293078135,2.95,23.71,14.66,37.14,1.05,8.37,24.39,16.01,9.93,3.0701278234985114
64.63,118.12710293078135,2.42,15.6,10.23,41.4,1.02,6.67,33.12,37.12,8.29,3.0701278234985114
62.85,118.12710293078135,2.46,16.97,10.94,30.69,1.05,8.67,24.99,22.31,6.71,3.0701278234985114
56.14,118.12710293078135,4.57,12.32,10.16,8.07,0.88,7.08,44.38,12.83,6.69,3.0701278234985114
63.31,118.12710293078135,4.36,8.97,7.76,8.05,0.88,7.05,38.5,18.83,8.22,3.0701278234985114
59.8,118.12710293078135,7.17,12.38,10.81,8.55,0.87,7.18,33.78,14.87,7.35,3.0701278234985114
58.92,118.12710293078135,6.05,12.95,10.83,8.77,0.81,7.7,34.29,22.57,8.02,3.0701278234985114
59.92,118.12710293078135,6.82,16.64,12.56,8.41,0.88,9.44,31.25,31.23,9.22,3.0701278234985114
55.4,118.12710293078135,5.84,14.28,12.24,8.89,0.92,8.0,22.81,36.63,13.09,3.0701278234985114
77.19,118.12710293078135,6.54,19.73,15.48,8.48,0.83,8.44,22.08,35.8,23.79,3.0701278234985114
52.42,118.12710293078135,6.87,18.53,15.27,7.69,0.82,5.39,21.61,35.83,14.31,3.0701278234985114
64.24,118.12710293078135,8.12,22.86,18.66,9.51,0.89,5.94,22.52,37.71,20.64,3.0701278234985114
68.13,118.12710293078135,9.97,22.77,19.06,10.84,0.83,7.35,26.95,25.51,21.28,3.0701278234985114
59.78,118.12710293078135,8.1,23.51,18.93,9.53,0.87,7.79,28.31,31.48,23.22,3.0701278234985114
60.52,118.12710293078135,8.36,13.77,13.92,8.37,0.83,8.71,35.42,22.67,11.85,3.0701278234985114
81.15,118.12710293078135,6.17,14.57,12.97,10.46,1.01,8.22,39.65,29.57,18.42,3.0701278234985114
57.56,118.12710293078135,5.22,9.61,9.22,11.72,1.14,5.57,36.74,26.11,7.08,3.0701278234985114
71.25,118.12710293078135,6.49,17.58,13.12,16.12,1.33,6.25,33.04,30.21,7.7,3.0701278234985114
67.24,118.12710293078135,7.09,18.61,15.61,15.04,1.1,5.89,31.37,29.01,12.59,3.0701278234985114
71.23,118.12710293078135,6.95,18.97,15.95,14.73,1.17,6.39,38.78,24.85,15.0,3.0701278234985114
38.92,118.12710293078135,4.79,8.42,8.86,9.01,1.02,4.66,36.68,5.0,1.37,3.0701278234985114
65.45,118.12710293078135,12.34,18.09,20.08,18.26,1.13,7.3,37.94,1.48,4.75,3.0701278234985114
61.74,118.12710293078135,11.51,10.59,15.36,17.99,1.09,5.65,39.31,1.32,2.49,3.0701278234985114
79.9,118.12710293078135,6.29,22.28,17.66,26.99,1.19,4.98,42.58,20.81,13.57,3.0701278234985114
91.02,118.12710293078135,6.11,15.44,13.81,20.58,1.13,6.39,51.12,6.83,6.94,3.0701278234985114
79.09,118.12710293078135,5.06,15.07,13.79,19.48,1.18,6.0,44.3,15.04,4.57,3.0701278234985114
71.59,118.12710293078135,5.42,10.4,10.62,12.06,1.19,6.89,42.83,15.65,5.01,3.0701278234985114
51.8,118.12710293078135,5.87,10.32,10.55,12.07,1.06,6.05,47.41,11.53,6.68,3.0701278234985114
54.97,118.12710293078135,8.68,28.99,22.33,11.93,1.16,4.93,42.23,8.81,15.01,3.0701278234985114
17.17,118.12710293078135,17.574729662029362,28.560659061126955,104.17,23.48347601937197,1.14,23.07,91.34,0.32,8.700972080037227,3.0701278234985114
22.54,118.12710293078135,17.574729662029362,28.560659061126955,78.73,23.48347601937197,1.16,19.44,72.08,0.34,8.700972080037227,3.0701278234985114
26.85,118.12710293078135,17.574729662029362,28.560659061126955,73.12,23.48347601937197,1.62,25.77,41.46,0.44,8.700972080037227,3.0701278234985114
17.02,57.08,17.574729662029362,28.560659061126955,106.0,23.48347601937197,1.44,29.82,32.68,0.71,8.700972080037227,3.0701278234985114
16.94,70.7,17.574729662029362,28.560659061126955,111.55,23.48347601937197,1.52,23.46,29.05,0.59,8.700972080037227,3.0701278234985114
10.87,31.4,30.83,20.73,74.79,23.48347601937197,1.45,24.73,30.8,1.04,8.700972080037227,3.0701278234985114
18.39,67.13,58.8,23.55,82.36,23.48347601937197,1.72,20.16,34.69,1.02,8.700972080037227,3.0701278234985114
80.13,64.24,15.43,20.85,36.28,23.48347601937197,0.91,11.77,39.5,0.33,8.700972080037227,3.0701278234985114
26.76,72.02,51.88,23.19,74.94,23.48347601937197,1.55,13.9,22.46,0.99,8.700972080037227,3.0701278234985114
22.09,67.31,31.31,24.76,56.08,23.48347601937197,1.77,17.79,30.62,1.83,8.700972080037227,3.0701278234985114
25.6,76.8,29.74,25.68,55.42,23.48347601937197,1.77,16.75,33.62,1.53,8.700972080037227,3.0701278234985114
42.73,114.46,38.25,28.18,66.41,23.48347601937197,1.92,14.14,43.7,1.41,8.700972080037227,3.0701278234985114
33.06,70.44,33.91,23.98,57.89,23.48347601937197,1.6,14.82,46.51,1.18,8.700972080037227,3.0701278234985114
44.86,107.68,51.26,37.4,88.2,23.48347601937197,2.0,15.19,50.39,2.15,8.700972080037227,3.0701278234985114
44.05,112.39,41.92,31.84,73.78,23.48347601937197,1.94,17.12,47.98,1.42,8.700972080037227,3.0701278234985114
54.77,141.2,44.46,32.42,76.87,23.48347601937197,2.32,20.79,55.94,1.61,8.700972080037227,3.0701278234985114
49.35,130.79,40.14,31.92,71.83,23.48347601937197,2.21,16.35,46.39,2.06,8.700972080037227,3.0701278234985114
49.52,116.69,44.32,36.92,81.23,23.48347601937197,2.0,15.18,49.69,1.49,8.700972080037227,3.0701278234985114
50.87,122.42,25.36,34.0,59.36,23.48347601937197,1.95,15.28,60.44,1.86,8.700972080037227,3.0701278234985114
43.4,99.57,23.44,29.79,53.24,23.48347601937197,2.09,18.74,47.73,1.59,8.700972080037227,3.0701278234985114
42.12,103.91,33.2,29.9,63.09,23.48347601937197,2.14,15.77,41.95,1.69,8.700972080037227,3.0701278234985114
48.16,122.98,39.6,29.55,69.14,23.48347601937197,2.13,16.84,41.35,1.57,8.700972080037227,3.0701278234985114
54.76,118.68,30.75,31.68,62.43,23.48347601937197,1.89,22.58,52.25,1.03,8.700972080037227,3.0701278234985114
48.6,106.14,24.79,31.1,55.91,23.48347601937197,1.76,20.49,64.18,2.08,8.700972080037227,3.0701278234985114
45.06,100.44,22.78,24.85,47.6,23.48347601937197,1.75,20.02,66.08,1.72,8.700972080037227,3.0701278234985114
42.82,100.02,31.63,27.69,57.87,23.48347601937197,1.69,18.62,59.75,0.98,8.700972080037227,3.0701278234985114
44.57,118.82,35.41,31.55,66.67,23.48347601937197,1.76,17.23,65.46,0.96,8.700972080037227,3.0701278234985114
54.92,167.05,37.1,28.09,65.19,23.48347601937197,1.91,17.81,74.19,1.74,8.700972080037227,3.0701278234985114
48.18,166.65,43.01,30.08,73.09,23.48347601937197,2.18,18.99,49.91,2.47,8.700972080037227,3.0701278234985114
49.42,153.48,47.95,32.3,80.26,23.48347601937197,2.34,20.27,51.95,1.86,8.700972080037227,3.0701278234985114
54.25,158.76,48.94,33.31,82.26,23.48347601937197,2.41,20.25,52.22,2.25,8.700972080037227,3.0701278234985114
46.14,129.95,44.23,31.55,75.79,23.48347601937197,1.96,18.33,52.39,3.02,8.700972080037227,3.0701278234985114
26.07,71.72,42.65,29.06,71.72,23.48347601937197,1.7,19.8,58.18,2.79,8.700972080037227,3.0701278234985114
49.65,137.14,37.8,24.75,62.56,23.48347601937197,1.54,25.03,71.31,0.78,8.700972080037227,3.0701278234985114
45.04,153.14,41.17,19.69,60.86,23.48347601937197,2.38,20.83,25.53,1.28,8.700972080037227,3.0701278234985114
52.53,166.96,45.57,19.54,65.11,23.48347601937197,2.59,21.41,26.01,1.43,8.700972080037227,3.0701278234985114
39.38,115.93,35.15,19.51,54.67,23.48347601937197,1.93,19.11,24.46,1.16,8.700972080037227,3.0701278234985114
54.0,172.6,40.88,21.46,62.35,23.48347601937197,2.65,21.75,27.42,2.39,8.700972080037227,3.0701278234985114
67.45057794890306,118.12710293078135,17.574729662029362,28.560659061126955,32.30912333307031,23.48347601937197,2.2485982090856145,14.53197725590996,34.49143047551845,3.280840304500585,8.700972080037227,3.0701278234985114
36.32,109.1,48.67,36.88,86.04,23.48347601937197,1.87,18.0,32.52,1.04,8.700972080037227,3.0701278234985114
41.76,111.56,36.52,38.88,75.41,23.48347601937197,1.95,16.61,37.97,0.96,8.700972080037227,3.0701278234985114
49.85,138.28,66.92,60.47,127.38,23.48347601937197,2.1,16.34,39.87,2.77,8.700972080037227,3.0701278234985114
41.8,120.59,61.25,58.64,119.9,23.48347601937197,2.02,18.88,44.23,2.3,8.700972080037227,3.0701278234985114
40.22,100.16,50.57,50.71,101.3,23.48347601937197,1.95,14.27,41.95,2.07,8.700972080037227,3.0701278234985114
34.93,68.37,29.87,35.62,65.45,23.48347601937197,1.74,19.92,43.27,1.72,8.700972080037227,3.0701278234985114
65.23,152.2,52.23,41.32,93.55,23.48347601937197,2.14,28.32,47.33,2.52,8.700972080037227,3.0701278234985114
67.63,164.86,107.2,56.95,164.12,23.48347601937197,2.32,28.2,37.62,2.57,8.700972080037227,3.0701278234985114
93.59,222.33,94.43,50.06,144.47,23.48347601937197,2.76,39.24,45.71,3.26,8.700972080037227,3.0701278234985114
63.69,157.26,104.41,49.0,150.06,23.48347601937197,2.65,25.82,66.27,3.23,8.700972080037227,3.0701278234985114
56.06,149.49,72.48,44.82,117.3,23.48347601937197,2.59,24.89,58.48,3.25,8.700972080037227,3.0701278234985114
51.04,133.23,27.94,29.43,58.83,23.48347601937197,2.1,24.14,67.98,2.28,8.700972080037227,3.0701278234985114
48.02,132.29,52.75,37.39,90.14,23.48347601937197,2.3,24.71,56.49,2.75,8.700972080037227,3.0701278234985114
49.79,132.08,52.43,49.29,101.75,23.48347601937197,2.33,23.56,64.87,2.86,8.700972080037227,3.0701278234985114
51.3,136.44,64.48,59.6,124.09,23.48347601937197,2.35,21.75,57.12,2.86,8.700972080037227,3.0701278234985114
56.72,152.93,79.32,56.85,136.18,23.48347601937197,2.75,21.46,57.58,3.33,8.700972080037227,3.0701278234985114
65.09,171.12,63.09,42.15,105.25,23.48347601937197,2.83,19.25,79.13,3.32,8.700972080037227,3.0701278234985114
67.45057794890306,118.12710293078135,17.574729662029362,28.560659061126955,32.30912333307031,23.48347601937197,2.2485982090856145,14.53197725590996,34.49143047551845,3.280840304500585,8.700972080037227,3.0701278234985114
48.76,141.23,46.23,38.64,84.87,23.48347601937197,2.61,21.5,53.93,1.46,8.700972080037227,3.0701278234985114
51.75,171.43,55.21,39.13,94.35,23.48347601937197,2.89,21.99,64.37,2.05,8.700972080037227,3.0701278234985114
63.19,179.98,57.34,38.66,96.0,23.48347601937197,3.07,22.39,61.74,2.18,8.700972080037227,3.0701278234985114
57.74,161.37,47.61,50.01,97.62,23.48347601937197,2.87,18.53,51.25,1.45,8.700972080037227,3.0701278234985114
55.7,175.73,47.11,49.82,96.93,23.48347601937197,2.83,13.92,65.33,2.3,8.700972080037227,3.0701278234985114
53.71,170.39,44.84,39.31,84.16,23.48347601937197,2.85,14.99,65.15,2.04,8.700972080037227,3.0701278234985114
56.87,175.08,40.31,37.29,77.61,23.48347601937197,2.93,17.34,69.6,2.2,8.700972080037227,3.0701278234985114
62.05,196.83,47.03,41.17,88.2,23.48347601937197,3.02,17.4,63.12,2.21,8.700972080037227,3.0701278234985114
62.82,202.58,46.9,36.12,83.02,23.48347601937197,2.21,17.88,71.9,2.73,8.700972080037227,3.0701278234985114
76.86,215.08,38.47,43.27,81.73,23.48347601937197,1.89,16.39,74.46,2.22,8.700972080037227,3.0701278234985114
65.54,187.09,54.68,60.53,115.22,23.48347601937197,2.42,14.82,65.87,1.87,8.700972080037227,3.0701278234985114
72.91,201.08,81.97,68.46,150.46,23.48347601937197,3.26,15.46,75.06,2.09,8.700972080037227,3.0701278234985114
70.04,170.19,64.5,56.0,120.51,23.48347601937197,2.63,13.9,49.86,1.91,8.700972080037227,3.0701278234985114
54.61,165.03,44.06,42.91,86.97,23.48347601937197,2.06,19.62,44.72,1.75,8.700972080037227,3.0701278234985114
63.47,193.53,47.32,46.77,94.1,23.48347601937197,2.34,23.26,50.4,1.7,8.700972080037227,3.0701278234985114
56.9,169.94,28.22,43.94,72.16,23.48347601937197,2.12,22.11,50.29,2.04,8.700972080037227,3.0701278234985114
51.82,151.5,21.34,45.25,66.57,23.48347601937197,1.79,17.96,49.03,1.38,8.700972080037227,3.0701278234985114
49.73,154.09,27.81,65.26,93.04,23.48347601937197,1.91,18.87,43.06,1.28,8.700972080037227,3.0701278234985114
38.67,121.78,32.36,57.01,89.14,23.48347601937197,1.81,19.96,40.93,1.27,8.700972080037227,3.0701278234985114
50.03,142.34,28.34,61.56,89.36,23.48347601937197,1.81,22.04,45.61,1.46,8.700972080037227,3.0701278234985114
61.98,148.08,47.78,50.13,97.88,23.48347601937197,1.81,26.36,35.55,1.05,8.700972080037227,3.0701278234985114
57.49,159.6,40.58,44.05,84.54,23.48347601937197,1.87,29.7,38.71,1.01,8.700972080037227,3.0701278234985114
56.54,155.32,30.17,36.6,66.74,23.48347601937197,1.8,33.29,43.55,0.94,8.700972080037227,3.0701278234985114
50.82,135.22,36.94,37.73,67.63,23.48347601937197,1.7,23.54,43.0,1.01,8.700972080037227,3.0701278234985114
63.59,165.21,58.47,49.72,105.66,23.48347601937197,1.9,21.82,53.08,0.95,8.700972080037227,3.0701278234985114
66.38,141.73,45.93,106.27,152.15,23.48347601937197,1.97,20.37,49.9,1.46,8.700972080037227,3.0701278234985114
50.75,130.15,34.57,70.55,104.68,23.48347601937197,1.74,19.4,42.96,1.17,8.700972080037227,3.0701278234985114
52.93,143.39,37.82,65.68,103.29,23.48347601937197,1.9,17.82,47.82,1.66,8.700972080037227,3.0701278234985114
74.39,180.07,80.57,73.65,154.21,23.48347601937197,2.58,19.18,54.17,2.49,8.700972080037227,3.0701278234985114
92.96,192.28,85.85,63.17,149.03,23.48347601937197,2.65,21.36,53.27,1.95,8.700972080037227,3.0701278234985114
68.03,137.58,32.12,49.5,80.71,23.48347601937197,1.86,18.79,46.46,1.58,8.700972080037227,3.0701278234985114
67.26,133.78,43.87,50.21,93.15,23.48347601937197,1.81,22.18,33.39,3.54,8.700972080037227,3.0701278234985114
69.88,152.97,56.22,52.64,108.22,23.48347601937197,2.03,26.15,37.61,1.48,8.700972080037227,3.0701278234985114
65.85,137.97,58.08,69.41,127.32,23.48347601937197,2.05,26.23,37.22,1.55,8.700972080037227,3.0701278234985114
81.14,159.39,76.01,66.55,142.56,23.48347601937197,2.11,38.07,35.39,1.78,8.700972080037227,3.0701278234985114
81.34,185.04,70.64,90.08,160.67,23.48347601937197,2.57,27.19,38.87,2.21,8.700972080037227,3.0701278234985114
79.78,221.85,62.98,66.11,129.08,23.48347601937197,2.75,21.88,45.29,2.76,8.700972080037227,3.0701278234985114
80.41,232.04,82.29,64.04,146.33,23.48347601937197,3.14,26.7,53.3,3.04,8.700972080037227,3.0701278234985114
75.92,216.49,61.9,64.59,126.48,23.48347601937197,2.76,24.93,63.06,2.5,8.700972080037227,3.0701278234985114
81.14,233.06,49.18,60.0,109.19,23.48347601937197,2.76,21.49,62.05,2.2,8.700972080037227,3.0701278234985114
52.78,164.07,41.1,67.79,99.42,23.48347601937197,2.18,22.27,48.85,1.48,8.700972080037227,3.0701278234985114
57.44,177.25,54.09,56.98,111.08,23.48347601937197,2.75,32.25,67.66,2.44,8.700972080037227,3.0701278234985114
71.68,199.89,57.69,48.59,106.29,23.48347601937197,2.49,21.75,85.19,2.56,8.700972080037227,3.0701278234985114
84.32,250.65,70.11,50.68,120.77,23.48347601937197,3.01,18.86,69.71,3.2,8.700972080037227,3.0701278234985114
76.86,237.89,55.52,49.1,102.22,23.48347601937197,2.76,34.55,78.82,2.55,8.700972080037227,3.0701278234985114
75.79,235.95,63.0,35.42,98.42,23.48347601937197,3.11,30.85,76.64,2.66,8.700972080037227,3.0701278234985114
66.32,191.3,37.01,44.04,81.05,23.48347601937197,2.37,25.59,72.08,1.57,8.700972080037227,3.0701278234985114
68.1,188.89,52.24,50.99,103.22,23.48347601937197,2.53,28.78,72.52,1.7,8.700972080037227,3.0701278234985114
69.37,194.79,62.3,48.31,110.55,23.48347601937197,2.56,27.31,65.72,1.9,8.700972080037227,3.0701278234985114
83.31,245.52,118.84,48.1,166.94,23.48347601937197,3.25,27.92,32.31,2.7,8.700972080037227,3.0701278234985114
84.99,231.12,69.76,52.87,122.63,23.48347601937197,2.99,26.39,32.51,2.18,8.700972080037227,3.0701278234985114
82.07,254.54,94.63,50.15,144.78,23.48347601937197,3.3,35.06,29.55,2.45,8.700972080037227,3.0701278234985114
51.0,132.19,38.08,17.6,55.68,23.48347601937197,2.1,28.3,20.34,1.17,8.700972080037227,3.0701278234985114
34.26,109.43,36.32,35.26,71.55,23.48347601937197,1.94,22.76,25.59,1.03,8.700972080037227,3.0701278234985114
53.38,150.95,23.5,70.2,93.7,23.48347601937197,1.78,18.37,37.42,0.7,8.700972080037227,3.0701278234985114
47.4,135.35,22.96,79.41,102.36,23.48347601937197,1.83,12.39,52.07,0.84,8.700972080037227,3.0701278234985114
38.28,122.56,40.28,72.66,112.93,23.48347601937197,1.84,12.89,54.64,0.91,8.700972080037227,3.0701278234985114
36.88,117.84,17.56,68.41,85.97,23.48347601937197,1.79,10.85,34.26,0.79,8.700972080037227,3.0701278234985114
46.01,121.37,11.12,13.44,16.51,23.48347601937197,2.29,12.57,35.58,1.4,8.700972080037227,3.0701278234985114
47.42,125.09,40.19,38.05,78.24,23.48347601937197,2.12,14.45,40.56,1.82,8.700972080037227,3.0701278234985114
51.55,173.72,17.574729662029362,28.560659061126955,32.30912333307031,23.48347601937197,2.83,17.46,48.14,2.19,8.700972080037227,3.0701278234985114
51.24,174.07,17.574729662029362,28.560659061126955,32.30912333307031,23.48347601937197,2.93,24.08,47.64,4.26,8.700972080037227,3.0701278234985114
48.04,153.71,17.574729662029362,28.560659061126955,32.30912333307031,23.48347601937197,2.3,17.87,59.04,1.68,8.700972080037227,3.0701278234985114
50.63,184.82,17.574729662029362,28.560659061126955,32.30912333307031,23.48347601937197,2.27,17.97,59.69,1.88,8.700972080037227,3.0701278234985114
73.37,257.39,17.574729662029362,28.560659061126955,32.30912333307031,23.48347601937197,3.21,22.13,72.76,3.42,8.700972080037227,3.0701278234985114
65.62,209.61,27.48,30.45,57.93,23.48347601937197,2.73,19.76,70.86,2.9,8.700972080037227,3.0701278234985114
43.34,146.7,38.78,23.77,62.55,23.48347601937197,1.88,14.66,65.06,1.02,8.700972080037227,3.0701278234985114
18.67,94.56,40.78,24.61,60.36,23.48347601937197,1.59,12.31,44.44,0.59,8.700972080037227,3.0701278234985114
52.26,203.43,50.54,36.41,86.93,23.48347601937197,1.64,13.66,38.51,0.64,8.700972080037227,3.0701278234985114
72.35,188.49,85.9,34.58,118.31,23.48347601937197,2.0,20.72,32.65,1.26,8.700972080037227,3.0701278234985114
86.52,222.61,31.02,30.53,61.57,23.48347601937197,2.84,26.28,55.92,3.1,8.700972080037227,3.0701278234985114
78.47,152.16,73.92,34.45,108.37,23.48347601937197,2.6,21.96,56.51,2.46,8.700972080037227,3.0701278234985114
49.64,100.42,59.57,32.54,92.13,23.48347601937197,1.91,16.76,56.4,0.84,8.700972080037227,3.0701278234985114
47.74,119.49,43.85,30.95,74.8,23.48347601937197,1.86,15.42,68.09,0.92,8.700972080037227,3.0701278234985114
52.57,130.57,64.01,37.75,101.77,23.48347601937197,2.16,17.91,58.37,1.58,8.700972080037227,3.0701278234985114
59.84,168.11,61.17,34.62,95.79,23.48347601937197,2.37,19.85,90.64,1.69,8.700972080037227,3.0701278234985114
54.99,136.62,47.99,32.21,80.21,23.48347601937197,2.25,19.18,83.46,1.31,8.700972080037227,3.0701278234985114
49.87,120.19,50.63,34.17,84.8,23.48347601937197,2.19,18.32,76.99,1.29,8.700972080037227,3.0701278234985114
64.73,182.68,58.01,28.4,86.42,23.48347601937197,3.0,22.73,101.76,4.0,8.700972080037227,3.0701278234985114
35.61,84.13,32.41,20.68,53.1,23.48347601937197,1.67,17.0,70.35,0.49,8.700972080037227,3.0701278234985114
38.3,103.84,37.16,21.65,58.81,23.48347601937197,1.85,16.77,56.96,0.78,8.700972080037227,3.0701278234985114
58.39,196.31,53.85,32.52,86.39,23.48347601937197,2.51,21.28,78.9,1.92,8.700972080037227,3.0701278234985114
31.67,126.11,41.11,22.27,63.4,23.48347601937197,1.84,18.07,62.79,0.9,8.700972080037227,3.0701278234985114
35.64,118.0,54.25,26.2,80.36,23.48347601937197,1.97,15.66,57.0,0.98,8.700972080037227,3.0701278234985114
27.8,116.06,45.93,24.5,70.45,23.48347601937197,1.69,8.13,45.78,0.56,8.700972080037227,3.0701278234985114
22.69,109.49,54.48,18.29,72.77,23.48347601937197,1.72,7.67,37.63,0.78,8.700972080037227,3.0701278234985114
49.14,133.69,57.22,13.9,71.12,23.48347601937197,1.92,10.0,49.84,1.12,8.700972080037227,3.0701278234985114
41.12,150.77,90.27,38.66,128.94,23.48347601937197,2.35,17.55,70.34,2.53,8.700972080037227,3.0701278234985114
49.77,203.42,108.87,35.35,144.24,23.48347601937197,2.78,15.04,72.01,3.01,8.700972080037227,3.0701278234985114
15.85,58.71,35.64,12.5,48.15,23.48347601937197,1.64,7.53,63.43,0.43,8.700972080037227,3.0701278234985114
22.15,126.58,29.85,5.5,35.35,23.48347601937197,1.54,6.83,76.26,0.31,8.700972080037227,3.0701278234985114
23.44,92.09,37.33,10.1,47.44,23.48347601937197,1.67,7.12,80.67,0.38,8.700972080037227,3.0701278234985114
25.23,102.94,41.19,15.47,56.67,23.48347601937197,1.75,7.22,80.8,0.6,8.700972080037227,3.0701278234985114
29.13,108.52,40.93,17.87,58.8,23.48347601937197,1.83,8.15,81.24,0.78,8.700972080037227,3.0701278234985114
36.24,132.21,54.51,20.05,74.58,23.48347601937197,2.14,10.39,89.05,1.0,8.700972080037227,3.0701278234985114
30.19,158.13,51.19,17.41,68.6,23.48347601937197,1.96,9.84,61.16,1.11,8.700972080037227,3.0701278234985114
23.72,128.8,40.45,9.46,49.92,23.48347601937197,1.67,7.23,46.22,0.58,8.700972080037227,3.0701278234985114
21.02,92.1,36.52,9.01,45.54,23.48347601937197,1.54,6.71,60.52,0.36,8.700972080037227,3.0701278234985114
23.36,90.2,36.51,10.9,47.41,23.48347601937197,1.58,7.4,97.63,0.39,8.700972080037227,3.0701278234985114
21.54,99.26,42.4,14.7,57.1,23.48347601937197,1.63,5.16,68.64,0.48,8.700972080037227,3.0701278234985114
28.02,113.58,43.47,17.95,61.43,23.48347601937197,1.73,4.28,85.43,0.62,8.700972080037227,3.0701278234985114
39.49,158.64,62.31,25.05,87.36,23.48347601937197,2.18,6.0,89.53,1.32,8.700972080037227,3.0701278234985114
37.52,132.12,46.68,20.46,67.14,23.48347601937197,1.93,4.04,87.21,0.92,8.700972080037227,3.0701278234985114
40.68,145.41,59.73,23.59,83.33,23.48347601937197,2.28,5.96,86.68,1.13,8.700972080037227,3.0701278234985114
35.58,140.87,87.07,20.39,107.47,23.48347601937197,2.34,7.17,57.91,1.56,8.700972080037227,3.0701278234985114
27.08,92.8,54.25,10.65,64.89,23.48347601937197,1.8,4.35,65.62,0.83,8.700972080037227,3.0701278234985114
49.58,188.42,69.57,20.72,90.3,23.48347601937197,2.2485982090856145,5.64,66.28,1.68,8.700972080037227,3.0701278234985114
55.04,206.24,85.62,34.94,120.57,23.48347601937197,1.71,4.78,50.36,1.88,8.700972080037227,3.0701278234985114
40.69,151.14,42.96,23.48,66.44,23.48347601937197,1.71,1.22,35.31,1.16,8.700972080037227,3.0701278234985114
34.51,127.47,26.75,10.1,36.82,23.48347601937197,1.6,24.1,29.84,0.6,8.700972080037227,3.0701278234985114
32.94,105.11,29.22,10.48,39.7,23.48347601937197,1.61,42.91,32.64,1.35,8.700972080037227,3.0701278234985114
24.24,89.43,25.92,5.62,31.47,23.48347601937197,1.49,28.87,17.4,0.73,8.700972080037227,3.0701278234985114
27.35,92.65,32.87,29.36,62.24,23.48347601937197,1.79,22.97,35.71,0.55,8.700972080037227,3.0701278234985114
33.1,114.51,71.9,34.12,103.73,23.48347601937197,2.06,25.33,25.95,0.84,8.700972080037227,3.0701278234985114
22.7,83.82,48.02,30.65,78.67,23.48347601937197,1.91,23.82,15.09,0.61,8.700972080037227,3.0701278234985114
20.7,84.28,32.61,28.62,61.23,23.48347601937197,1.88,22.74,35.39,0.98,8.700972080037227,3.0701278234985114
27.28,106.52,35.04,24.92,59.96,23.48347601937197,1.85,19.95,28.41,0.82,8.700972080037227,3.0701278234985114
22.27,75.24,49.89,34.26,84.15,23.48347601937197,1.92,20.16,23.3,0.48,8.700972080037227,3.0701278234985114
23.77,99.29,29.63,27.13,57.84,23.48347601937197,1.88,23.41,16.98,0.48,8.700972080037227,3.0701278234985114
21.65,114.38,22.82,13.17,36.0,23.48347601937197,1.76,22.6,23.08,0.17,8.700972080037227,3.0701278234985114
54.08,99.28,11.83,26.33,36.78,12.48,1.45,10.18,27.71,2.49,8.700972080037227,3.0701278234985114
39.11,77.93,16.68,34.85,51.5,19.65,1.12,11.26,30.85,3.98,8.700972080037227,3.0701278234985114
49.37,103.99,23.95,32.46,56.41,15.3,0.83,12.09,32.79,3.8,8.700972080037227,3.0701278234985114
42.92,88.36,19.99,30.6,50.59,13.69,1.54,12.81,27.03,3.05,8.700972080037227,3.0701278234985114
55.33,112.01,21.2,32.7,53.9,14.9,0.98,13.2,25.92,4.25,8.700972080037227,3.0701278234985114
50.61,111.2,21.49,33.54,55.03,14.75,1.15,14.05,26.74,3.22,8.700972080037227,3.0701278234985114
49.19,118.26,22.95,35.06,57.99,15.33,1.24,14.7,29.97,3.14,8.700972080037227,3.0701278234985114
56.89,126.82,18.2,34.5,52.69,15.51,1.22,13.74,38.93,3.16,8.700972080037227,3.0701278234985114
62.55,129.06,31.34,35.88,67.0,18.73,1.19,13.29,13.21,4.54,8.700972080037227,3.0701278234985114
39.09,76.14,38.01,15.53,52.34,19.28,0.93,9.28,11.02,6.71,8.700972080037227,3.0701278234985114
56.28,102.53,21.95,25.2,46.88,14.21,0.67,13.83,20.94,6.53,8.700972080037227,3.0701278234985114
52.87,101.96,25.56,37.21,62.77,15.25,1.01,12.45,20.34,5.41,8.700972080037227,3.0701278234985114
57.72,106.42,18.86,39.04,57.85,13.54,1.12,10.26,26.65,5.62,8.700972080037227,3.0701278234985114
69.7,132.42,23.32,42.53,65.85,15.99,1.21,12.41,32.22,4.81,8.700972080037227,3.0701278234985114
64.9,122.75,19.44,47.12,66.57,17.01,1.03,9.55,28.58,5.17,8.700972080037227,3.0701278234985114
62.54,123.27,17.52,45.44,62.96,17.78,0.79,11.34,31.66,5.47,8.700972080037227,3.0701278234985114
69.75,128.01,17.47,48.03,65.5,18.87,0.88,10.86,29.62,5.17,8.700972080037227,3.0701278234985114
77.05,135.69,15.82,42.82,58.64,19.51,0.86,15.39,31.08,4.55,8.700972080037227,3.0701278234985114
70.89,123.26,15.95,35.4,51.35,17.79,0.93,21.01,28.13,5.93,8.700972080037227,3.0701278234985114
72.13,125.42,10.68,41.1,51.78,16.91,0.89,14.91,40.98,5.54,8.700972080037227,3.0701278234985114
90.92,163.46,23.24,52.54,75.78,16.51,1.17,10.58,33.36,7.12,8.700972080037227,3.0701278234985114
82.21,154.89,25.47,42.15,67.69,18.22,1.08,16.27,28.57,7.37,8.700972080037227,3.0701278234985114
82.78,149.57,17.24,41.2,58.43,16.35,0.98,15.66,40.96,7.02,8.700972080037227,3.0701278234985114
89.06,159.83,20.65,44.9,65.55,16.88,1.06,13.78,36.41,6.87,8.700972080037227,3.0701278234985114
83.45,158.37,28.52,47.23,75.75,16.93,1.07,17.3,39.16,9.84,8.700972080037227,3.0701278234985114
73.81,143.06,33.12,40.31,73.44,17.02,0.94,16.55,23.19,8.81,8.700972080037227,3.0701278234985114
71.95,142.88,23.35,49.86,73.14,19.14,1.1,17.73,35.46,7.86,8.700972080037227,3.0701278234985114
81.38,148.72,32.36,43.02,75.1,19.31,1.21,16.65,28.14,8.39,8.700972080037227,3.0701278234985114
87.36,158.29,22.47,44.13,65.12,18.8,1.05,17.05,31.04,8.7,8.700972080037227,3.0701278234985114
64.67,120.78,17.63,36.01,53.64,17.11,1.02,14.84,29.09,7.7,8.700972080037227,3.0701278234985114
39.87,98.1,25.44,33.4,58.85,18.28,0.93,14.4,20.33,7.23,8.700972080037227,3.0701278234985114
65.29,121.72,23.97,36.28,59.59,34.63,1.01,9.91,19.03,6.79,8.700972080037227,3.0701278234985114
83.28,149.35,21.27,37.76,57.07,21.47,1.0,11.19,25.39,6.06,8.700972080037227,3.0701278234985114
70.54,140.48,22.79,42.12,63.02,19.52,0.96,10.58,33.03,8.39,8.700972080037227,3.0701278234985114
88.13,157.73,16.35,43.61,58.8,18.82,1.05,11.77,39.85,6.71,8.700972080037227,3.0701278234985114
82.73,150.62,23.16,46.79,68.58,20.61,1.22,13.51,37.99,7.25,8.700972080037227,3.0701278234985114
95.77,169.34,28.29,44.51,71.52,21.34,1.29,14.82,28.02,7.84,8.700972080037227,3.0701278234985114
50.06,110.41,25.28,36.34,60.45,16.16,0.99,12.67,33.34,4.87,8.700972080037227,3.0701278234985114
69.63,143.27,26.16,40.24,65.19,15.63,1.15,12.47,34.86,5.39,8.700972080037227,3.0701278234985114
89.46,161.83,29.25,39.26,67.28,16.79,1.34,13.46,33.36,6.17,8.700972080037227,3.0701278234985114
80.42,149.67,29.99,37.31,66.23,17.29,1.18,10.74,38.95,7.29,8.700972080037227,3.0701278234985114
73.92,137.11,22.08,37.22,59.3,17.01,0.92,10.17,40.44,6.89,8.700972080037227,3.0701278234985114
75.17,138.83,26.2,38.8,64.03,17.47,0.98,9.88,35.35,6.69,8.700972080037227,3.0701278234985114
94.27,169.49,32.6,49.03,79.62,18.38,1.14,10.1,39.76,8.19,8.700972080037227,3.0701278234985114
88.03,154.44,30.85,39.77,70.12,19.47,1.02,10.27,32.89,6.55,8.700972080037227,3.0701278234985114
75.77,140.33,28.21,35.86,63.78,18.35,0.98,8.75,33.43,6.15,8.700972080037227,3.0701278234985114
75.81,145.75,26.83,36.07,62.91,18.59,0.98,9.36,36.88,6.83,8.700972080037227,3.0701278234985114
86.42,155.08,27.84,36.03,62.84,18.84,1.03,9.28,41.98,6.62,8.700972080037227,3.0701278234985114
65.76,127.82,16.87,37.46,54.33,15.52,0.82,10.47,56.55,5.72,8.700972080037227,3.0701278234985114
104.06,183.88,40.17,46.39,85.81,15.69,1.22,10.98,45.97,8.16,8.700972080037227,3.0701278234985114
70.2,142.64,24.3,38.91,63.21,18.3,1.01,8.68,43.46,3.18,8.700972080037227,3.0701278234985114
87.2,165.84,44.5,42.33,85.98,21.67,1.29,9.46,31.33,4.81,8.700972080037227,3.0701278234985114
64.97,120.55,23.68,29.07,50.91,18.76,0.89,7.73,36.12,2.91,8.700972080037227,3.0701278234985114
59.98,126.87,16.13,38.98,54.9,15.59,0.85,8.96,39.85,2.53,8.700972080037227,3.0701278234985114
65.06,143.74,22.62,43.01,65.51,14.29,0.93,10.04,36.59,5.41,8.700972080037227,3.0701278234985114
76.71,162.07,31.83,43.56,72.78,22.54,1.08,10.12,38.7,6.42,8.700972080037227,3.0701278234985114
68.39,120.46,18.8,29.65,47.02,23.91,0.84,6.73,28.54,5.24,8.700972080037227,3.0701278234985114
87.28,167.77,21.29,55.99,77.28,18.35,0.98,7.63,37.57,3.82,8.700972080037227,3.0701278234985114
78.69,173.23,71.62,42.07,110.22,22.24,1.49,11.8,37.74,7.48,8.700972080037227,3.0701278234985114
87.78,189.99,39.85,44.52,84.15,22.07,1.24,11.77,40.14,4.65,8.700972080037227,3.0701278234985114
73.57,163.95,36.83,40.8,76.32,20.89,1.17,11.7,39.02,4.24,8.700972080037227,3.0701278234985114
91.57,192.11,43.7,43.88,85.32,22.38,1.32,14.01,47.99,3.41,8.700972080037227,3.0701278234985114
57.22,120.42,21.19,29.0,50.18,22.26,0.76,10.5,35.14,1.99,8.700972080037227,3.0701278234985114
52.66,141.65,25.75,38.17,62.06,17.89,0.84,8.11,42.4,2.9,8.700972080037227,3.0701278234985114
65.97,158.62,30.65,43.82,70.91,18.82,1.03,8.65,42.66,3.17,8.700972080037227,3.0701278234985114
72.14,168.79,31.63,46.68,75.13,19.18,1.12,7.48,41.77,3.24,8.700972080037227,3.0701278234985114
80.79,186.22,51.93,38.05,81.8,22.59,1.31,8.75,37.43,5.04,8.700972080037227,3.0701278234985114
83.47,165.19,36.72,35.54,67.27,23.47,1.28,6.21,35.33,3.86,8.700972080037227,3.0701278234985114
77.73,151.8,16.67,40.07,55.74,21.14,0.77,7.25,55.83,2.96,8.700972080037227,3.0701278234985114
60.91,153.38,36.17,47.47,82.28,20.72,0.96,9.38,41.6,2.78,8.700972080037227,3.0701278234985114
47.67,127.57,16.91,36.64,51.75,21.09,0.87,7.87,52.05,2.41,8.700972080037227,3.0701278234985114
49.35,136.21,32.11,39.96,68.25,20.77,0.9,9.22,46.27,2.57,8.700972080037227,3.0701278234985114
68.47,151.73,24.39,39.85,61.71,21.46,1.0,7.72,47.02,3.5,8.700972080037227,3.0701278234985114
68.29,144.61,14.68,31.18,44.17,20.06,1.03,9.26,44.3,1.76,8.700972080037227,3.0701278234985114
56.58,129.32,17.49,36.19,51.98,18.16,0.93,8.38,45.84,1.93,8.700972080037227,3.0701278234985114
60.95,143.87,26.37,38.82,62.47,19.31,1.05,8.71,39.01,3.32,8.700972080037227,3.0701278234985114
60.53,145.25,31.29,48.17,76.66,19.98,1.1,8.9,38.14,3.02,8.700972080037227,3.0701278234985114
67.91,152.14,43.06,52.26,94.87,20.6,1.11,8.5,41.11,2.61,8.700972080037227,3.0701278234985114
58.14,149.22,33.45,48.61,82.04,19.47,0.87,9.01,46.83,4.08,8.700972080037227,3.0701278234985114
53.27,151.37,37.35,45.62,82.97,19.77,0.88,9.59,36.31,4.41,8.700972080037227,3.0701278234985114
68.93,165.51,26.61,47.33,73.92,18.7,0.95,10.41,54.41,5.14,8.700972080037227,3.0701278234985114
62.8,146.64,37.9,46.33,84.24,23.47,1.0,10.38,27.28,9.24,8.700972080037227,3.0701278234985114
39.37,100.68,26.82,35.82,62.63,23.77,0.75,9.11,23.71,4.69,8.700972080037227,3.0701278234985114
65.93,157.96,27.56,53.25,80.8,21.75,0.97,12.37,43.03,7.55,8.700972080037227,3.0701278234985114
77.63,194.83,37.84,57.94,95.9,21.11,1.19,13.28,47.06,9.84,8.700972080037227,3.0701278234985114
84.7,185.63,35.27,56.76,92.03,21.9,1.22,12.73,46.95,9.79,8.700972080037227,3.0701278234985114
48.01,152.41,38.95,49.44,86.91,20.22,0.95,11.32,32.01,6.25,8.700972080037227,3.0701278234985114
41.03,131.59,17.35,50.32,67.68,21.45,0.75,14.57,46.17,5.06,8.700972080037227,3.0701278234985114
51.74,144.95,27.45,57.91,85.28,23.77,0.92,15.46,50.93,6.58,8.700972080037227,3.0701278234985114
77.61,185.24,63.03,71.94,132.6,23.88,1.37,16.66,43.82,12.56,8.700972080037227,3.0701278234985114
74.98,183.77,61.44,58.47,120.01,26.05,1.24,16.08,27.98,12.57,8.700972080037227,3.0701278234985114
43.39,121.29,23.67,32.11,55.78,28.59,0.65,13.19,23.93,4.06,8.700972080037227,3.0701278234985114
52.18,142.49,49.03,28.46,77.28,21.12,0.77,16.93,19.25,7.63,8.700972080037227,3.0701278234985114
43.68,137.1,20.36,26.55,46.47,21.76,0.46,17.25,27.79,4.32,8.700972080037227,3.0701278234985114
36.73,122.49,21.57,27.93,48.46,19.32,0.52,15.98,27.16,5.11,8.700972080037227,3.0701278234985114
32.59,108.48,17.09,26.95,43.7,19.16,0.53,17.87,21.06,4.07,8.700972080037227,3.0701278234985114
20.15,105.77,21.05,19.07,40.01,17.49,0.43,17.17,18.27,3.78,8.700972080037227,3.0701278234985114
24.45,131.04,14.59,23.93,38.51,16.16,0.48,9.15,27.96,3.57,8.700972080037227,3.0701278234985114
27.0,125.15,20.26,31.81,52.07,14.65,0.57,9.73,30.18,4.24,8.700972080037227,3.0701278234985114
35.03,134.18,17.46,31.06,48.52,16.27,0.67,9.61,28.36,4.54,8.700972080037227,3.0701278234985114
40.47,125.98,19.71,20.36,39.93,18.29,0.77,12.7,22.31,6.98,8.700972080037227,3.0701278234985114
30.33,126.36,11.69,34.81,46.5,15.92,0.58,7.96,41.79,5.85,8.700972080037227,3.0701278234985114
49.84,175.84,42.39,41.75,84.12,17.02,1.01,12.24,36.0,7.16,8.700972080037227,3.0701278234985114
57.99,190.49,42.84,53.12,95.94,22.98,1.24,14.86,40.61,12.13,8.700972080037227,3.0701278234985114
78.54,204.96,73.59,52.95,125.6,19.98,1.66,15.1,45.85,13.17,8.700972080037227,3.0701278234985114
52.03,150.71,47.33,42.38,89.72,20.92,1.02,11.79,40.01,13.75,8.700972080037227,3.0701278234985114
30.33,99.38,24.02,26.7,49.39,23.04,0.6,7.97,31.9,9.12,8.700972080037227,3.0701278234985114
29.74,110.21,17.76,8.21,23.7,4.38,0.28,13.73,23.93,2.47,8.700972080037227,3.0701278234985114
74.28,118.12710293078135,23.79,21.98,45.62,23.48347601937197,1.04,4.79,6.25,0.21,1.42,0.36
118.5,118.12710293078135,47.07,24.01,71.08,23.48347601937197,1.12,7.27,4.84,0.3,1.69,0.64
87.82,118.12710293078135,73.26,30.75,103.79,23.48347601937197,1.25,5.53,10.58,0.32,2.34,0.89
95.74,118.12710293078135,68.42,31.51,99.85,23.48347601937197,1.56,5.16,10.66,0.33,2.44,0.93
66.43,118.12710293078135,32.93,28.0,60.89,23.48347601937197,1.16,5.95,8.97,0.26,1.63,0.7
66.17,118.12710293078135,39.58,23.37,61.82,23.48347601937197,1.59,7.15,8.92,0.21,1.39,0.49
116.88,118.12710293078135,54.12,30.07,84.11,23.48347601937197,1.8,6.76,8.16,0.33,1.8,0.82
63.6,118.12710293078135,15.24,24.41,39.62,23.48347601937197,0.89,5.52,23.6,0.18,0.6,0.32
96.72,118.12710293078135,23.64,28.3,51.9,23.48347601937197,1.16,5.49,19.34,0.24,0.75,0.48
51.77,118.12710293078135,22.51,23.26,45.62,23.48347601937197,0.99,5.36,19.54,0.17,0.81,0.43
82.68,118.12710293078135,12.71,19.81,30.08,23.48347601937197,1.02,6.03,22.23,0.19,0.82,0.43
79.5,118.12710293078135,26.0,21.9,47.9,23.48347601937197,0.39,0.8,23.16,0.14,0.62,0.23
32.0,118.12710293078135,14.55,59.54,74.08,23.48347601937197,0.69,1.35,19.91,0.1,0.54,0.19
61.64,118.12710293078135,30.29,50.84,64.61,23.48347601937197,1.49,6.66,11.69,0.21,0.86,0.52
80.08,118.12710293078135,28.65,26.21,54.88,23.48347601937197,1.65,8.17,28.63,0.23,0.9,0.5
84.45,118.12710293078135,12.1,17.47,29.58,23.48347601937197,1.42,6.95,22.14,0.21,0.74,0.45
142.92,118.12710293078135,11.04,18.76,29.82,23.48347601937197,1.9,13.38,34.34,0.21,0.6,0.15
72.89,118.12710293078135,6.08,11.5,17.58,23.48347601937197,1.15,5.13,35.8,0.18,0.68,0.35
81.45,118.12710293078135,10.05,14.16,24.22,23.48347601937197,1.3,3.76,24.63,0.24,0.9,0.58
52.08,118.12710293078135,5.49,12.75,18.23,23.48347601937197,1.32,18.33,31.63,0.19,0.75,0.46
91.12,118.12710293078135,7.84,13.56,21.41,23.48347601937197,1.76,5.36,12.85,0.24,0.91,0.61
64.36,118.12710293078135,5.77,17.18,23.37,23.48347601937197,1.1,3.78,25.43,0.18,0.64,0.32
59.97,118.12710293078135,8.43,16.56,22.27,23.48347601937197,1.52,8.58,20.29,0.2,0.84,0.51
63.68,118.12710293078135,5.62,13.68,19.94,23.48347601937197,1.41,9.53,23.44,0.2,0.77,0.46
67.83,118.12710293078135,3.95,13.31,17.27,23.48347601937197,1.17,9.11,37.39,0.14,0.59,0.22
68.21,118.12710293078135,3.95,14.32,18.27,23.48347601937197,1.4,8.61,30.21,0.18,0.7,0.42
55.92,118.12710293078135,2.84,9.87,9.83,23.48347601937197,1.26,7.02,32.25,0.16,0.64,0.37
50.42,118.12710293078135,17.62,1.0,1.11,23.48347601937197,1.79,7.32,39.8,0.13,0.54,0.27
79.44,118.12710293078135,3.29,1.89,1.63,23.48347601937197,1.28,10.11,34.77,0.16,0.6,0.24
66.36,118.12710293078135,28.98,11.13,40.11,23.48347601937197,1.44,19.03,22.79,0.19,0.76,0.47
64.81,118.12710293078135,28.79,10.99,39.78,23.48347601937197,2.09,14.89,22.82,0.26,0.96,0.78
89.45,118.12710293078135,77.03,16.78,93.84,23.48347601937197,1.48,8.8,22.95,0.24,0.83,0.57
60.25,118.12710293078135,30.21,10.8,40.99,23.48347601937197,1.14,7.25,29.06,0.17,0.66,0.38
66.23,118.12710293078135,35.14,11.18,46.32,23.48347601937197,1.1,7.57,28.72,0.19,0.75,0.42
112.04,118.12710293078135,52.56,13.03,63.68,23.48347601937197,1.22,7.9,26.33,0.19,0.73,0.4
62.5,118.12710293078135,39.8,12.1,51.89,23.48347601937197,0.87,3.1,28.07,0.21,0.82,0.48
65.06,118.12710293078135,32.91,10.48,44.13,23.48347601937197,1.27,2.41,21.09,0.29,1.21,0.92
69.21,118.12710293078135,5.5,3.25,8.75,23.48347601937197,1.32,6.68,24.64,0.19,0.78,0.56
77.02,118.12710293078135,5.62,3.24,8.86,23.48347601937197,1.6,10.81,25.54,0.22,0.87,0.6
76.96,118.12710293078135,17.55,3.6,19.78,23.48347601937197,0.89,6.63,27.73,0.21,0.81,0.53
65.42,118.12710293078135,13.2,26.94,40.18,23.48347601937197,1.36,5.63,36.88,0.18,0.77,0.51
59.59,118.12710293078135,13.4,23.02,36.42,23.48347601937197,1.22,5.87,34.76,0.17,0.74,0.46
63.54,118.12710293078135,14.77,18.56,33.3,23.48347601937197,1.21,6.13,22.13,0.16,0.69,0.4
58.5,118.12710293078135,11.23,17.05,28.29,23.48347601937197,1.14,5.13,24.2,0.14,0.64,0.31
64.47,118.12710293078135,20.01,23.26,43.27,23.48347601937197,1.8,10.55,26.46,0.18,0.71,0.43
70.67,118.12710293078135,12.17,33.56,45.72,23.48347601937197,1.36,4.0,39.54,0.25,1.0,0.71
49.74,118.12710293078135,11.87,19.44,31.3,23.48347601937197,1.27,6.0,32.08,0.17,0.74,0.43
41.25,118.12710293078135,13.95,15.97,29.93,23.48347601937197,1.21,5.91,24.95,0.17,0.75,0.43
39.84,118.12710293078135,13.67,14.55,28.22,23.48347601937197,1.22,6.88,24.03,0.16,0.71,0.37
61.75,118.12710293078135,17.1,20.31,37.41,23.48347601937197,1.48,5.55,19.68,0.2,0.82,0.54
59.26,118.12710293078135,14.9,23.07,37.96,23.48347601937197,1.42,5.52,24.72,0.18,0.75,0.46
64.21,118.12710293078135,14.15,24.28,38.42,23.48347601937197,1.35,6.12,25.62,0.18,0.76,0.51
86.67,118.12710293078135,29.12,26.19,55.31,23.48347601937197,1.9,2.42,16.17,0.25,0.96,0.69
81.11,118.12710293078135,21.94,26.47,48.41,23.48347601937197,1.59,2.46,19.68,0.23,0.95,0.62
68.89,118.12710293078135,17.93,20.32,38.27,23.48347601937197,1.51,5.21,19.77,0.19,0.8,0.45
73.5,118.12710293078135,16.51,25.94,42.47,23.48347601937197,1.53,6.27,24.52,0.2,0.86,0.48
56.37,118.12710293078135,15.23,20.28,35.52,23.48347601937197,1.24,6.61,21.05,0.15,0.71,0.3
77.65,118.12710293078135,17.51,19.46,36.96,23.48347601937197,1.48,7.72,17.79,0.17,0.68,0.26
74.71,118.12710293078135,13.23,15.64,28.87,23.48347601937197,1.14,4.73,16.94,0.15,0.59,0.19
45.75,118.12710293078135,15.0,14.56,29.55,23.48347601937197,1.11,5.24,14.9,0.13,0.65,0.23
47.5,118.12710293078135,16.72,18.23,34.95,23.48347601937197,1.26,5.35,16.37,0.16,0.72,0.35
46.67,118.12710293078135,12.22,16.74,28.97,23.48347601937197,1.05,11.76,15.15,0.13,0.62,0.29
39.48,118.12710293078135,14.85,13.03,27.88,23.48347601937197,1.46,2.01,14.84,0.09,0.45,0.12
67.86,118.12710293078135,12.39,22.48,34.87,23.48347601937197,0.91,2.42,20.88,0.16,0.68,0.33
48.93,118.12710293078135,12.85,15.2,28.03,23.48347601937197,1.3,7.34,15.19,0.11,0.5,0.27
68.22,118.12710293078135,22.29,22.89,45.18,23.48347601937197,1.21,2.22,10.68,0.2,0.75,0.53
43.12,118.12710293078135,27.69,23.34,51.03,23.48347601937197,1.4,6.69,9.78,0.16,0.63,0.4
36.96,118.12710293078135,53.86,47.22,101.07,23.48347601937197,1.37,6.31,9.91,0.17,0.69,0.45
32.14,118.12710293078135,46.55,25.72,72.27,23.48347601937197,0.51,1.93,9.23,0.06,0.37,0.09
37.95,118.12710293078135,35.86,28.08,57.94,23.48347601937197,1.3,6.38,8.29,0.14,0.69,0.36
44.45,118.12710293078135,78.98,52.11,131.09,23.48347601937197,1.41,6.36,10.7,0.16,0.72,0.42
43.0,118.12710293078135,40.31,37.87,78.18,23.48347601937197,1.27,7.29,11.75,0.12,0.56,0.26
39.08,118.12710293078135,15.29,13.49,28.78,23.48347601937197,1.3,6.3,12.8,0.13,0.59,0.32
35.0,118.12710293078135,17.98,15.23,33.21,23.48347601937197,1.32,6.17,9.73,0.15,0.68,0.44
32.0,118.12710293078135,14.44,11.7,26.15,23.48347601937197,1.24,8.15,11.44,0.11,0.57,0.26
59.33,118.12710293078135,14.71,15.22,29.93,23.48347601937197,1.26,5.45,12.99,0.14,0.55,0.31
40.91,118.12710293078135,13.14,11.82,24.96,23.48347601937197,1.26,1.82,13.37,0.09,0.4,0.12
37.83,118.12710293078135,12.02,11.57,23.63,23.48347601937197,1.12,6.23,10.44,0.09,0.43,0.21
42.11,118.12710293078135,10.16,11.83,21.99,23.48347601937197,1.06,6.08,9.13,0.11,0.5,0.25
49.88,118.12710293078135,14.58,15.79,30.37,23.48347601937197,1.32,6.21,11.03,0.15,0.63,0.41
58.33,118.12710293078135,8.17,16.29,24.46,23.48347601937197,0.75,2.15,11.39,0.13,0.56,0.28
46.0,118.12710293078135,26.31,13.84,40.15,23.48347601937197,1.9,8.59,8.86,0.16,0.63,0.44
42.62,118.12710293078135,16.63,13.72,29.73,23.48347601937197,1.26,6.76,8.75,0.14,0.61,0.4
68.36,118.12710293078135,10.02,12.18,22.19,23.48347601937197,1.27,2.76,9.18,0.14,0.67,0.34
78.82,118.12710293078135,9.19,10.46,19.78,23.48347601937197,0.83,0.86,5.0,0.14,0.69,0.35
26.13,118.12710293078135,7.7,9.8,17.5,23.48347601937197,1.11,2.57,5.93,0.11,0.64,0.24
46.89,118.12710293078135,34.4,17.22,51.63,23.48347601937197,1.7,5.61,6.43,0.16,0.77,0.45
80.32,118.12710293078135,22.91,16.43,39.35,23.48347601937197,1.0,0.79,6.92,0.16,0.86,0.44
24.8,118.12710293078135,30.05,14.65,44.7,23.48347601937197,1.48,5.84,5.35,0.13,0.82,0.37
92.47,118.12710293078135,13.65,17.36,31.04,23.48347601937197,1.23,5.19,10.2,0.13,0.75,0.27
53.8,118.12710293078135,11.35,15.2,26.55,23.48347601937197,1.25,5.87,12.75,0.12,0.66,0.2
29.83,118.12710293078135,16.68,17.18,33.86,23.48347601937197,1.21,4.74,12.14,0.12,0.71,0.28
31.27,118.12710293078135,35.73,18.74,54.47,23.48347601937197,1.59,5.76,7.98,0.17,0.91,0.56
26.0,118.12710293078135,16.77,13.79,30.51,23.48347601937197,1.14,7.79,9.23,0.12,0.77,0.34
39.17,118.12710293078135,14.08,14.48,28.56,23.48347601937197,1.09,0.92,14.17,0.11,0.67,0.27
55.21,118.12710293078135,12.14,17.58,29.72,23.48347601937197,1.18,1.89,13.93,0.13,0.67,0.3
41.88,118.12710293078135,10.81,14.53,25.4,23.48347601937197,1.02,1.93,14.54,0.09,0.64,0.21
25.35,118.12710293078135,16.19,13.83,30.03,23.48347601937197,1.04,1.86,12.11,0.11,0.69,0.32
45.04,118.12710293078135,15.03,18.24,33.27,23.48347601937197,1.11,2.7,15.48,0.14,0.76,0.34
65.56,118.12710293078135,18.52,18.47,37.05,23.48347601937197,1.25,2.08,14.9,0.13,0.8,0.27
83.62,118.12710293078135,13.6,33.45,47.05,23.48347601937197,1.03,2.98,17.26,0.17,0.76,0.47
47.9,118.12710293078135,15.9,24.67,40.57,23.48347601937197,1.3,2.43,19.15,0.13,0.77,0.31
42.94,118.12710293078135,24.44,21.95,46.4,23.48347601937197,1.3,5.86,8.69,0.15,0.82,0.39
51.75,118.12710293078135,16.99,17.66,34.65,23.48347601937197,1.2,5.99,10.13,0.14,0.7,0.25
35.06,118.12710293078135,16.39,14.25,30.64,23.48347601937197,1.53,10.17,13.91,0.08,0.56,0.11
26.06,118.12710293078135,14.5,14.57,29.03,23.48347601937197,1.1,5.14,13.57,0.11,0.66,0.25
76.12,118.12710293078135,29.89,22.33,52.14,23.48347601937197,1.72,6.78,12.04,0.2,0.97,0.57
43.17,118.12710293078135,38.83,20.19,59.0,23.48347601937197,1.57,5.72,10.53,0.19,1.04,0.53
81.48,118.12710293078135,37.1,20.37,57.47,23.48347601937197,1.23,2.19,10.1,0.2,1.04,0.64
48.54,118.12710293078135,18.13,17.66,35.79,23.48347601937197,1.24,11.43,12.1,0.15,0.8,0.32
40.96,118.12710293078135,26.86,15.45,42.3,23.48347601937197,2.05,4.76,10.07,0.15,0.77,0.33
40.93,118.12710293078135,23.54,16.43,39.98,23.48347601937197,1.64,10.25,13.07,0.14,0.71,0.28
87.32,118.12710293078135,15.29,17.48,32.79,23.48347601937197,1.14,6.36,13.38,0.12,0.69,0.2
97.75,118.12710293078135,36.94,22.36,59.31,23.48347601937197,1.67,3.11,8.33,0.19,0.94,0.55
35.55,118.12710293078135,13.16,14.93,28.09,23.48347601937197,0.76,3.36,9.79,0.2,0.75,0.25
89.06,118.12710293078135,15.43,16.34,31.78,23.48347601937197,1.21,3.44,10.75,0.15,0.75,0.19
61.78,118.12710293078135,7.07,16.08,23.12,23.48347601937197,0.8,2.68,21.51,0.13,0.64,0.25
71.62,118.12710293078135,23.06,18.75,41.81,23.48347601937197,1.13,6.01,13.78,0.14,0.79,0.38
38.36,118.12710293078135,34.92,17.58,52.53,23.48347601937197,1.16,6.3,12.79,0.15,0.81,0.42
47.46,118.12710293078135,19.48,16.75,36.24,23.48347601937197,1.17,6.08,16.3,0.12,0.68,0.29
36.96,118.12710293078135,27.54,16.64,44.18,23.48347601937197,1.24,6.2,10.99,0.15,0.63,0.39
120.7,118.12710293078135,13.4,14.21,27.61,23.48347601937197,0.58,1.78,9.73,0.09,0.47,0.23
51.86,118.12710293078135,36.13,20.89,57.02,23.48347601937197,1.44,6.88,12.75,0.17,0.72,0.5
79.44,118.12710293078135,40.65,19.94,60.59,23.48347601937197,1.46,5.83,10.24,0.15,0.66,0.47
52.04,118.12710293078135,28.51,23.18,51.7,23.48347601937197,1.13,2.34,12.68,0.18,0.76,0.51
296.42,118.12710293078135,23.78,22.01,45.78,23.48347601937197,1.05,2.38,9.42,0.17,0.61,0.34
65.46,118.12710293078135,29.26,20.97,50.25,23.48347601937197,1.49,7.43,11.09,0.18,0.7,0.45
48.71,118.12710293078135,22.62,17.22,39.65,23.48347601937197,0.85,6.1,10.34,0.14,0.6,0.33
103.94,118.12710293078135,6.29,14.7,20.99,23.48347601937197,1.14,5.19,23.7,0.13,0.36,0.11
88.58,118.12710293078135,46.39,51.1,97.49,23.48347601937197,1.23,0.36,10.97,0.12,0.63,0.16
65.5,118.12710293078135,47.43,109.13,156.57,23.48347601937197,0.66,2.51,24.84,0.06,0.31,0.03
98.35,118.12710293078135,78.38,120.8,181.9,23.48347601937197,2.29,2.21,27.18,0.16,0.67,0.45
97.92,118.12710293078135,97.94,66.92,164.86,23.48347601937197,1.68,2.71,13.82,0.11,0.42,0.14
98.03,118.12710293078135,6.14,8.53,10.68,23.48347601937197,1.43,14.53197725590996,20.24,0.13,0.53,0.3
106.36,118.12710293078135,2.12,2.97,5.09,23.48347601937197,1.2,4.21,12.5,0.09,0.5,0.17
58.75,118.12710293078135,4.24,10.7,14.95,23.48347601937197,1.21,3.99,13.35,0.06,0.48,0.09
96.7,118.12710293078135,4.6,11.34,15.94,23.48347601937197,1.5,3.97,9.87,0.08,0.53,0.14
53.04,118.12710293078135,15.57,23.42,35.55,23.48347601937197,0.48,7.14,13.73,0.06,0.68,0.17
99.27,118.12710293078135,5.38,33.34,12.17,23.48347601937197,1.34,36.39,64.34,0.35,2.62,0.97
94.82,118.12710293078135,5.47,20.64,8.84,23.48347601937197,0.85,37.8,56.85,0.25,2.3,0.68
90.11,118.12710293078135,6.14,15.2,7.78,23.48347601937197,1.58,39.26,88.63,0.13,2.97,0.59
86.95,118.12710293078135,5.6,14.36,7.26,23.48347601937197,1.57,35.5,106.2,0.23,2.94,0.74
59.97,118.12710293078135,14.68,39.14,22.93,23.48347601937197,0.92,45.8,82.74,0.21,2.56,0.78
73.88,118.12710293078135,8.81,47.12,17.85,23.48347601937197,0.85,45.56,93.64,0.28,3.0,0.66
63.73,118.12710293078135,8.95,44.77,17.35,23.48347601937197,0.9,47.74,80.7,0.16,2.91,0.65
96.56,118.12710293078135,9.52,41.75,16.89,23.48347601937197,1.38,52.83,94.2,0.35,2.87,1.01
66.34,118.12710293078135,7.07,19.65,9.59,23.48347601937197,0.97,50.91,86.72,0.29,2.72,1.07
75.17,118.12710293078135,6.9,15.87,8.44,23.48347601937197,1.0,51.48,66.44,0.29,2.52,0.97
98.48,118.12710293078135,6.53,13.98,7.72,23.48347601937197,0.94,50.36,62.07,0.22,2.31,1.54
88.76,118.12710293078135,8.49,15.03,9.22,23.48347601937197,1.25,47.09,60.99,0.29,2.7,1.14
84.9,118.12710293078135,8.48,12.96,8.5,23.48347601937197,1.03,52.73,64.3,0.32,2.89,0.94
93.84,118.12710293078135,10.35,12.38,9.67,23.48347601937197,1.31,49.12,57.35,0.28,3.03,0.89
99.89,118.12710293078135,26.31,44.83,32.2,23.48347601937197,1.44,41.39,63.43,0.31,3.08,1.1
79.63,118.12710293078135,7.04,10.82,7.22,23.48347601937197,1.18,46.7,83.86,0.13,2.32,0.71
151.86,118.12710293078135,14.44,14.17,12.55,23.48347601937197,2.4,50.74,51.29,0.34,2.7,1.14
68.43,118.12710293078135,14.48,72.06,28.0,23.48347601937197,0.98,50.34,98.62,0.24,2.54,0.82
61.0,118.12710293078135,14.85,80.46,30.51,23.48347601937197,0.97,41.91,114.49,0.12,2.32,0.64
66.22,118.12710293078135,13.23,72.0,27.16,23.48347601937197,0.96,50.06,104.36,0.07,2.56,0.58
63.41,118.12710293078135,10.41,58.32,21.84,23.48347601937197,0.95,47.85,108.44,0.0,2.59,0.48
44.45,118.12710293078135,11.64,67.75,25.16,23.48347601937197,0.86,48.92,105.57,0.02,2.32,0.48
48.01,118.12710293078135,11.77,54.46,21.59,23.48347601937197,0.93,50.23,79.85,0.0,2.45,0.43
55.72,118.12710293078135,10.65,47.36,19.16,23.48347601937197,1.05,50.67,72.0,3.280840304500585,8.700972080037227,3.0701278234985114
51.1,118.12710293078135,12.03,38.1,17.5,23.48347601937197,1.01,49.65,79.88,3.280840304500585,8.700972080037227,3.0701278234985114
57.69,118.12710293078135,23.26,57.53,35.06,23.48347601937197,1.12,41.48,80.9,14.92,68.59,52.47
64.19,118.12710293078135,13.65,81.98,30.21,23.48347601937197,1.2,46.87,99.31,11.59,80.55,34.71
100.12,118.12710293078135,11.57,77.23,27.65,23.48347601937197,1.23,44.43,64.94,11.36,89.51,26.17
78.06,118.12710293078135,8.0,33.52,13.81,23.48347601937197,1.25,44.68,97.64,7.0,60.32,29.21
59.92,118.12710293078135,5.52,17.54,8.05,23.48347601937197,1.16,44.45,85.57,6.4,63.28,25.09
61.47,118.12710293078135,4.55,12.48,6.09,23.48347601937197,1.07,39.58,96.25,5.91,56.94,21.94
62.45,118.12710293078135,17.56,47.51,22.46,23.48347601937197,1.12,40.03,101.22,6.18,57.91,26.03
62.33,118.12710293078135,13.34,64.53,25.35,23.48347601937197,0.87,51.23,93.88,6.23,58.79,27.05
65.64,118.12710293078135,10.77,46.29,19.01,23.48347601937197,0.88,49.64,80.52,5.94,58.15,25.58
79.59,118.12710293078135,6.5,26.78,11.09,23.48347601937197,1.04,45.29,84.77,6.56,58.54,28.55
73.88,118.12710293078135,5.23,17.14,7.76,23.48347601937197,0.94,46.76,72.69,6.31,63.35,26.05
66.97,118.12710293078135,4.47,16.78,7.16,23.48347601937197,0.83,48.47,86.29,5.38,63.73,20.34
104.97,118.12710293078135,5.3,14.69,7.16,23.48347601937197,1.18,43.55,56.35,7.1,60.47,26.77
73.09,118.12710293078135,4.39,3.76,3.72,23.48347601937197,1.0,43.77,42.42,6.51,57.48,27.25
76.36,118.12710293078135,4.06,2.38,3.04,23.48347601937197,0.99,45.56,50.41,6.35,58.33,26.09
77.49,118.12710293078135,14.76,72.64,24.46,23.48347601937197,1.06,39.32,64.85,7.07,58.87,29.07
78.1,118.12710293078135,8.82,49.15,18.38,23.48347601937197,0.84,37.77,79.5,5.59,61.9,19.16
67.49,118.12710293078135,10.96,52.74,20.87,23.48347601937197,0.98,36.85,95.26,6.12,55.21,24.9
49.24,118.12710293078135,14.97,70.91,31.38,23.48347601937197,0.9,30.11,109.79,6.16,57.95,30.04
54.17,118.12710293078135,14.82,76.1,29.17,23.48347601937197,1.04,39.04,100.46,6.78,62.47,32.04
57.24,118.12710293078135,13.04,66.15,28.66,23.48347601937197,0.98,39.17,98.82,6.53,58.98,31.36
54.38,118.12710293078135,16.3,80.13,31.2,23.48347601937197,1.01,39.07,93.91,5.49,56.3,25.71
75.71,118.12710293078135,12.6,74.34,27.34,23.48347601937197,0.99,39.56,85.9,5.23,59.4,22.35
83.58,118.12710293078135,17.27,76.14,38.95,23.48347601937197,0.91,39.99,84.15,5.56,55.88,23.57
73.28,118.12710293078135,19.86,106.35,40.32,23.48347601937197,1.14,39.36,73.29,5.98,53.75,27.67
78.8,118.12710293078135,18.77,105.97,39.64,23.48347601937197,1.06,35.13,78.54,5.83,53.31,27.91
71.43,118.12710293078135,18.31,95.73,36.7,23.48347601937197,1.12,36.07,53.87,6.46,52.12,31.27
44.22,118.12710293078135,15.72,67.95,27.75,23.48347601937197,0.95,35.82,65.12,5.39,54.93,25.25
52.5,118.12710293078135,10.66,54.03,20.75,23.48347601937197,0.89,37.58,73.37,5.06,57.25,21.51
52.52,118.12710293078135,7.73,38.81,14.96,23.48347601937197,0.81,35.42,85.56,4.42,55.59,18.18
65.12,118.12710293078135,9.16,34.12,14.54,23.48347601937197,1.2,34.43,62.8,5.55,56.32,26.78
70.93,118.12710293078135,6.68,30.59,12.13,23.48347601937197,1.13,39.02,82.38,5.79,53.31,29.14
80.99,118.12710293078135,6.53,26.2,10.75,23.48347601937197,0.8,14.53197725590996,53.56,5.42,50.82,27.25
77.59,118.12710293078135,3.33,15.39,76.95,23.48347601937197,0.25,51.81,61.38,5.79,53.71,31.26
82.36,118.12710293078135,1.64,55.9,15.56,23.48347601937197,1.07,35.0,68.0,5.3,59.46,22.67
75.28,118.12710293078135,1.65,80.83,22.23,23.48347601937197,1.38,35.86,59.59,6.0,58.91,26.12
71.61,118.12710293078135,15.64,117.08,42.21,23.48347601937197,0.9,42.54,72.6,5.69,53.97,27.06
67.46,118.12710293078135,13.87,116.89,38.69,23.48347601937197,0.9,41.49,77.72,4.87,53.41,20.81
72.52,118.12710293078135,13.56,109.9,36.7,23.48347601937197,1.01,38.08,72.96,4.64,49.34,19.29
79.93,118.12710293078135,9.04,87.24,28.08,23.48347601937197,1.12,37.85,93.57,3.280840304500585,8.700972080037227,3.0701278234985114
64.14,118.12710293078135,17.27,61.85,26.49,23.48347601937197,0.87,38.09,84.79,4.35,32.2,24.16
66.35,118.12710293078135,9.13,62.02,21.6,23.48347601937197,0.91,36.95,53.42,3.88,43.38,16.5
68.24,118.12710293078135,6.9,57.07,18.96,23.48347601937197,0.8,37.88,80.34,3.44,36.87,14.0
43.46,118.12710293078135,4.48,39.6,12.97,23.48347601937197,0.4,42.11,79.4,2.1,38.45,8.19
52.86,118.12710293078135,24.63,67.25,35.66,23.48347601937197,0.83,38.31,51.68,3.28,36.4,14.05
48.51,118.12710293078135,24.65,96.0,46.82,23.48347601937197,1.1,39.94,54.45,3.07,36.01,14.54
65.58,118.12710293078135,16.5,101.49,36.29,23.48347601937197,1.23,35.09,70.93,3.5,39.11,15.07
60.82,118.12710293078135,16.5,80.54,30.87,23.48347601937197,1.09,39.85,47.48,3.19,39.73,12.91
52.55,118.12710293078135,15.66,90.11,32.83,23.48347601937197,1.19,41.0,66.2,3.21,38.14,15.62
69.84,118.12710293078135,17.46,91.4,37.62,23.48347601937197,1.33,46.94,64.4,3.92,36.63,18.13
58.43,118.12710293078135,17.83,85.25,32.9,23.48347601937197,1.25,89.52,59.81,4.23,49.88,19.36
33.32,118.12710293078135,24.99,94.98,39.75,23.48347601937197,1.17,58.78,63.43,6.04,58.81,25.86
44.65,118.12710293078135,23.78,82.57,35.81,23.48347601937197,1.04,58.06,64.11,3.14,35.21,17.21
44.33,118.12710293078135,26.13,74.62,40.85,23.48347601937197,1.0,80.92,70.26,3.15,33.02,17.56
47.9,118.12710293078135,21.71,87.69,35.88,23.48347601937197,1.21,57.14,75.03,3.47,36.52,18.94
58.49,118.12710293078135,16.24,84.65,31.77,23.48347601937197,1.14,45.51,79.53,3.32,34.77,16.19
64.42,118.12710293078135,14.01,61.2,24.35,23.48347601937197,1.03,21.21,48.26,2.74,39.22,10.9
61.9,118.12710293078135,30.75,72.71,39.43,23.48347601937197,1.41,15.58,59.38,2.98,36.56,14.73
47.6,118.12710293078135,24.9,69.18,33.02,23.48347601937197,1.34,17.96,59.58,3.23,34.66,17.74
60.95,118.12710293078135,32.33,78.21,40.88,23.48347601937197,1.37,13.15,60.3,2.98,30.72,15.49
80.39,118.12710293078135,29.36,70.82,36.15,23.48347601937197,1.78,10.84,42.0,3.4,35.69,16.26
66.95,118.12710293078135,29.65,73.68,37.07,23.48347601937197,1.59,10.84,40.45,3.23,36.94,14.59
59.48,118.12710293078135,51.86,84.4,62.27,23.48347601937197,2.05,15.98,40.13,3.45,34.94,19.19
61.14,118.12710293078135,41.33,85.04,47.08,23.48347601937197,1.82,24.07,33.8,3.26,31.7,17.64
65.93,118.12710293078135,38.72,102.79,50.13,23.48347601937197,1.85,25.63,36.13,3.4,35.7,17.87
53.67,118.12710293078135,19.38,71.23,30.19,23.48347601937197,1.32,23.94,54.24,3.11,37.16,17.28
56.54,118.12710293078135,24.62,74.44,34.21,23.48347601937197,1.47,24.58,40.26,2.92,40.96,13.67
67.18,118.12710293078135,28.22,86.44,39.51,23.48347601937197,1.71,25.58,36.01,3.54,42.4,17.94
54.79,118.12710293078135,28.19,68.99,34.96,23.48347601937197,1.62,24.18,38.79,3.34,43.56,17.22
55.12,118.12710293078135,20.01,52.77,25.81,23.48347601937197,1.17,24.33,43.9,3.03,42.18,15.04
70.69,118.12710293078135,38.1,69.42,41.1,23.48347601937197,1.1,25.23,29.29,3.4,33.18,17.68
52.89,118.12710293078135,31.38,81.0,40.02,23.48347601937197,1.03,25.04,42.56,3.47,34.6,19.06
57.02,118.12710293078135,20.69,63.25,28.93,23.48347601937197,0.87,22.95,59.57,3.32,34.87,17.03
75.02,118.12710293078135,11.31,51.65,20.23,23.48347601937197,0.63,24.14,62.32,2.79,37.95,10.57
52.35,118.12710293078135,6.16,34.21,12.59,23.48347601937197,0.4,19.69,61.46,2.06,38.26,7.64
63.78,118.12710293078135,26.69,58.81,32.93,23.48347601937197,0.94,25.01,78.76,2.3,31.02,8.03
67.67,118.12710293078135,10.71,69.19,24.41,23.48347601937197,0.81,27.72,77.92,2.47,36.39,7.99
88.56,118.12710293078135,10.04,68.9,23.94,23.48347601937197,0.93,25.47,89.7,3.37,36.56,10.22
78.46,118.12710293078135,12.18,76.7,27.26,23.48347601937197,1.03,27.02,87.48,2.8,33.91,11.18
96.29,118.12710293078135,18.8,92.5,35.36,23.48347601937197,1.4,25.54,87.04,3.24,39.42,13.06
63.65,118.12710293078135,10.62,46.64,18.52,23.48347601937197,0.67,28.55,58.24,2.59,38.83,10.09
77.5,118.12710293078135,10.89,48.48,19.17,23.48347601937197,0.9,25.44,62.14,2.76,33.06,11.44
73.45,118.12710293078135,11.5,52.75,20.64,23.48347601937197,0.88,24.64,73.78,2.7,31.53,11.9
71.6,118.12710293078135,4.92,35.6,12.22,23.48347601937197,0.51,30.77,63.43,2.86,36.01,11.19
81.55,118.12710293078135,9.03,71.65,21.99,23.48347601937197,1.31,28.69,60.8,2.63,33.34,9.66
86.98,118.12710293078135,6.11,47.02,15.89,23.48347601937197,1.13,24.1,84.83,2.35,31.29,7.7
75.9,118.12710293078135,3.77,27.07,9.3,23.48347601937197,0.93,26.73,107.35,2.16,32.93,5.65
71.81,118.12710293078135,4.21,25.78,9.23,23.48347601937197,0.89,25.87,104.55,2.16,29.03,6.31
85.22,118.12710293078135,4.09,20.81,7.86,23.48347601937197,1.0,24.49,96.37,2.42,33.72,6.64
85.68,118.12710293078135,9.27,31.08,13.61,23.48347601937197,1.49,22.3,83.71,2.97,30.55,11.6
90.95,118.12710293078135,6.51,25.34,10.51,23.48347601937197,1.28,27.58,94.19,2.85,33.39,8.99
67.14,118.12710293078135,27.22,49.72,29.4,23.48347601937197,1.3,25.25,48.83,2.95,30.6,13.19
40.05,118.12710293078135,30.24,50.16,31.33,23.48347601937197,1.31,26.52,57.91,2.76,31.16,13.94
60.88,118.12710293078135,16.16,43.21,20.99,23.48347601937197,1.15,28.37,68.59,2.57,31.06,11.4
78.93,118.12710293078135,7.06,35.98,13.6,23.48347601937197,1.01,26.71,49.47,2.24,34.18,7.46
93.25,118.12710293078135,4.25,13.99,6.2,23.48347601937197,0.49,41.84,34.57,1.44,18.58,4.72
64.36,118.12710293078135,4.57,17.12,7.21,23.48347601937197,0.72,30.07,117.86,1.34,17.84,4.37
46.41,118.12710293078135,18.64,72.99,30.21,23.48347601937197,0.9,36.22,65.32,1.38,15.46,6.57
70.32,118.12710293078135,22.75,96.46,38.79,23.48347601937197,1.17,37.23,83.46,1.51,17.08,6.28
74.15,118.12710293078135,7.12,16.45,8.58,23.48347601937197,1.19,37.12,65.66,1.55,18.62,6.48
72.62,118.12710293078135,5.51,14.51,7.0,23.48347601937197,1.03,36.52,101.24,1.35,17.9,4.68
88.98,118.12710293078135,7.38,13.9,8.07,23.48347601937197,1.46,39.04,71.6,1.57,17.5,5.49
79.54,118.12710293078135,5.62,8.74,5.67,23.48347601937197,1.22,39.4,95.14,1.6,18.42,5.35
72.44,118.12710293078135,14.53,58.78,24.05,23.48347601937197,1.26,39.53,61.32,1.59,19.42,5.37
84.57,118.12710293078135,18.47,114.64,40.77,23.48347601937197,1.12,39.34,91.85,1.56,16.78,5.32
78.3,118.12710293078135,19.72,115.46,41.85,23.48347601937197,1.15,39.69,91.67,1.38,16.27,4.42
39.08,118.12710293078135,4.84,48.61,15.14,23.48347601937197,1.12,43.81,139.53,1.07,15.66,2.95
56.72,118.12710293078135,12.87,68.97,25.27,23.48347601937197,1.87,44.59,83.38,1.59,18.45,5.11
59.91,118.12710293078135,25.56,44.24,26.9,23.48347601937197,2.1,41.82,49.19,1.8,18.14,6.5
61.55,118.12710293078135,7.58,14.04,8.24,23.48347601937197,1.93,43.31,71.28,1.69,15.75,6.6
78.88,118.12710293078135,5.83,3.84,3.21,23.48347601937197,1.31,47.54,72.64,1.76,16.99,5.71
46.83,118.12710293078135,16.17,89.36,21.86,23.48347601937197,1.02,49.33,72.42,1.49,15.04,5.53
61.04,118.12710293078135,28.25,77.26,37.15,23.48347601937197,1.63,50.18,67.74,1.59,16.22,6.34
85.51,118.12710293078135,19.08,66.95,28.91,23.48347601937197,1.69,49.52,70.93,2.32,17.52,7.94
52.49,118.12710293078135,10.11,43.82,17.48,23.48347601937197,1.17,50.39,97.16,1.54,16.39,5.46
51.62,118.12710293078135,8.82,20.01,10.53,23.48347601937197,1.12,49.96,64.55,1.54,17.15,5.61
33.27,118.12710293078135,12.0,60.42,22.93,23.48347601937197,0.78,43.2,92.9,1.12,16.27,4.43
46.79,118.12710293078135,11.96,42.92,18.38,23.48347601937197,1.22,44.3,73.77,1.49,15.19,5.91
53.38,118.12710293078135,8.94,16.24,9.63,23.48347601937197,1.08,40.62,64.17,1.54,15.45,5.93
32.98,118.12710293078135,18.92,59.06,30.7,23.48347601937197,1.03,41.97,87.3,1.42,14.66,5.43
59.64,118.12710293078135,12.74,61.67,23.7,23.48347601937197,1.23,41.13,83.29,1.55,17.45,5.54
63.03,118.12710293078135,9.41,29.47,13.34,23.48347601937197,1.33,42.57,73.94,1.62,16.86,5.86
66.67,118.12710293078135,7.24,13.74,7.95,23.48347601937197,1.18,37.59,64.35,1.57,17.24,5.1
45.75,118.12710293078135,6.8,12.23,7.29,23.48347601937197,0.94,40.85,96.07,1.33,16.63,4.26
53.35,118.12710293078135,8.09,9.58,7.38,23.48347601937197,1.24,41.38,81.18,1.46,16.6,5.47
55.69,118.12710293078135,9.09,26.34,12.34,23.48347601937197,1.1,43.59,56.73,1.35,14.22,4.68
39.54,118.12710293078135,7.74,17.21,9.14,23.48347601937197,1.37,44.28,84.49,1.13,14.83,4.51
43.79,118.12710293078135,5.44,13.6,6.83,23.48347601937197,1.08,38.93,119.27,1.1,13.55,4.84
73.24,118.12710293078135,60.76,155.4,77.1,23.48347601937197,2.06,42.43,81.17,1.95,18.65,7.45
52.32,118.12710293078135,15.83,95.0,34.22,23.48347601937197,1.35,44.15,99.2,1.38,14.17,5.44
47.92,118.12710293078135,12.12,68.7,25.15,23.48347601937197,1.31,44.41,95.66,1.34,14.19,4.9
54.04,118.12710293078135,17.3,73.4,29.51,23.48347601937197,1.63,44.97,98.1,1.62,16.5,6.38
54.04,118.12710293078135,7.88,46.37,16.79,23.48347601937197,0.84,43.12,103.18,1.5,14.16,5.72
63.02,118.12710293078135,9.27,32.89,14.14,23.48347601937197,0.88,42.1,78.79,1.63,15.71,6.0
73.54,118.12710293078135,9.77,26.35,12.75,23.48347601937197,0.81,41.76,92.73,1.56,15.08,5.12
59.06,118.12710293078135,18.4,42.28,29.26,23.48347601937197,1.1,42.32,66.4,1.7,14.34,5.93
62.46,118.12710293078135,8.96,22.41,11.25,23.48347601937197,0.97,47.86,63.71,1.75,14.61,6.78
52.69,118.12710293078135,7.04,14.51,8.03,23.48347601937197,0.66,43.62,74.07,1.46,15.33,5.34
49.57,118.12710293078135,6.93,11.9,7.29,23.48347601937197,0.65,43.48,74.05,1.44,15.35,5.1
29.39,118.12710293078135,6.16,7.1,5.58,23.48347601937197,0.21,42.71,63.17,0.97,14.28,3.27
43.15,118.12710293078135,7.04,11.64,7.28,23.48347601937197,0.61,43.0,89.58,1.16,14.18,4.23
72.28,118.12710293078135,8.76,13.55,8.82,23.48347601937197,1.11,44.82,86.5,1.6,15.17,5.99
78.57,118.12710293078135,6.85,5.45,5.57,23.48347601937197,1.33,39.86,71.68,1.88,16.32,6.97
73.39,118.12710293078135,21.66,20.79,21.36,23.48347601937197,1.22,35.46,70.82,1.62,12.78,5.39
65.06,118.12710293078135,7.37,10.79,7.26,23.48347601937197,1.74,34.89,73.23,1.61,15.93,5.3
61.86,118.12710293078135,7.79,7.83,6.75,23.48347601937197,1.65,36.38,94.24,1.74,15.76,6.27
51.32,118.12710293078135,6.33,4.09,4.9,23.48347601937197,1.32,42.12,101.14,1.46,14.79,5.16
54.79,118.12710293078135,7.74,4.16,5.77,23.48347601937197,1.47,44.15,79.0,1.5,15.45,5.42
47.77,118.12710293078135,7.45,4.41,5.66,23.48347601937197,1.39,42.91,100.67,1.28,13.95,4.93
66.9,118.12710293078135,19.44,31.33,23.64,23.48347601937197,1.71,36.21,88.87,1.84,14.84,6.87
63.96,118.12710293078135,6.41,13.3,7.34,23.48347601937197,1.37,37.42,67.5,1.51,13.92,5.56
44.89,118.12710293078135,4.88,5.37,4.35,23.48347601937197,1.14,37.05,105.01,1.2,13.29,4.41
48.28,118.12710293078135,7.69,5.97,6.21,23.48347601937197,1.32,36.13,72.42,1.33,15.0,4.04
77.49,118.12710293078135,14.26,6.58,10.36,23.48347601937197,2.44,36.05,80.79,1.99,16.43,6.87
56.77,118.12710293078135,8.86,2.71,6.03,23.48347601937197,1.9,35.35,72.67,2.01,16.09,7.62
49.83,118.12710293078135,6.5,2.48,4.56,23.48347601937197,1.47,38.26,67.09,1.58,14.48,6.19
48.41,118.12710293078135,5.32,1.93,3.66,23.48347601937197,1.12,38.52,110.97,1.39,14.16,5.19
42.86,118.12710293078135,3.88,9.42,4.78,23.48347601937197,1.26,49.59,75.68,1.3,14.66,4.7
34.21,118.12710293078135,3.07,5.85,3.35,23.48347601937197,1.05,43.81,91.97,1.09,14.24,4.25
36.8,118.12710293078135,4.5,4.71,3.95,23.48347601937197,1.3,44.29,76.52,1.38,13.79,5.96
43.46,118.12710293078135,6.15,8.43,5.91,23.48347601937197,1.13,42.73,82.54,1.19,7.56,4.89
43.25,118.12710293078135,7.13,5.51,5.76,23.48347601937197,1.16,45.56,73.88,1.21,8.13,5.28
40.57,118.12710293078135,6.37,4.65,5.07,23.48347601937197,1.14,42.76,90.52,1.37,8.94,5.94
40.92,118.12710293078135,5.47,4.23,4.41,23.48347601937197,1.0,43.71,103.98,1.18,7.31,4.41
57.1,118.12710293078135,6.87,2.97,4.89,23.48347601937197,1.39,46.73,96.62,1.48,8.57,5.95
40.7,118.12710293078135,6.58,2.39,4.61,23.48347601937197,1.29,40.63,113.46,1.4,8.71,6.0
41.25,118.12710293078135,6.82,1.95,4.54,23.48347601937197,1.21,45.04,81.42,1.39,8.03,5.56
46.4,118.12710293078135,28.98,76.12,44.91,23.48347601937197,1.26,36.63,88.95,1.5,8.65,6.31
59.45,118.12710293078135,18.11,124.91,43.34,23.48347601937197,1.35,34.02,90.2,1.81,10.15,7.17
57.0,118.12710293078135,6.18,5.59,5.19,23.48347601937197,1.08,40.64,103.83,1.31,6.98,4.91
35.68,118.12710293078135,9.13,32.21,17.59,23.48347601937197,1.09,44.85,105.03,1.17,7.32,5.52
48.61,118.12710293078135,11.66,40.72,17.62,23.48347601937197,1.48,38.38,80.71,1.41,7.98,5.8
51.91,118.12710293078135,6.71,21.72,9.69,23.48347601937197,1.03,43.66,87.4,1.35,7.44,6.06
43.05,118.12710293078135,6.99,26.81,11.19,23.48347601937197,0.96,43.05,79.18,1.2,6.36,4.61
33.43,118.12710293078135,27.12,62.72,30.12,23.48347601937197,1.63,41.78,40.62,1.07,6.55,4.72
34.24,118.12710293078135,22.82,110.29,42.4,23.48347601937197,1.03,41.09,49.23,1.16,7.03,5.02
51.05,118.12710293078135,19.02,100.42,49.58,23.48347601937197,1.31,40.78,65.37,1.25,6.97,5.61
38.19,118.12710293078135,10.86,81.67,27.73,23.48347601937197,1.7,38.27,68.62,0.94,5.47,4.12
48.72,118.12710293078135,14.0,110.8,37.19,23.48347601937197,1.87,42.05,66.63,1.11,6.3,4.47
47.26,118.12710293078135,10.32,96.32,31.22,23.48347601937197,1.47,40.25,61.99,1.19,6.85,4.78
52.42,118.12710293078135,27.94,40.5,27.46,23.48347601937197,1.98,39.05,45.34,1.62,8.88,7.26
26.54,118.12710293078135,13.98,37.12,18.09,23.48347601937197,1.31,38.73,33.92,1.42,8.77,7.07
38.58,118.12710293078135,26.85,58.34,41.43,23.48347601937197,1.38,38.71,47.56,1.44,8.08,6.06
25.31,118.12710293078135,23.9,59.3,29.84,23.48347601937197,1.38,40.71,54.37,1.17,7.24,5.41
39.99,118.12710293078135,19.91,69.44,30.06,23.48347601937197,1.95,42.77,33.6,1.34,7.82,5.57
39.48,118.12710293078135,9.32,25.18,12.18,23.48347601937197,1.65,42.33,40.94,1.22,7.78,5.51
45.33,118.12710293078135,10.7,17.48,11.02,23.48347601937197,2.08,44.1,55.89,1.25,7.08,5.22
45.33,118.12710293078135,9.19,25.74,12.24,23.48347601937197,1.94,39.09,54.92,1.35,7.51,5.47
38.89,118.12710293078135,10.59,15.83,10.52,23.48347601937197,1.77,42.95,35.35,1.22,6.97,5.37
40.72,118.12710293078135,8.58,29.4,19.66,23.48347601937197,1.46,39.44,46.39,1.14,6.47,4.62
41.09,118.12710293078135,20.1,73.0,31.1,23.48347601937197,1.07,50.11,48.39,1.07,6.18,4.31
37.96,118.12710293078135,13.16,45.64,19.8,23.48347601937197,1.13,50.26,53.29,1.14,6.5,4.35
24.6,118.12710293078135,11.42,26.21,13.71,23.48347601937197,1.05,48.63,55.79,1.0,6.23,4.39
37.57,118.12710293078135,7.76,12.53,7.96,23.48347601937197,1.37,51.84,79.81,1.22,7.75,5.68
31.88,118.12710293078135,6.91,13.6,7.71,23.48347601937197,1.32,49.81,69.47,1.35,8.22,6.43
31.26,118.12710293078135,5.45,13.09,6.69,23.48347601937197,1.11,49.05,55.96,1.03,6.69,4.8
38.7,118.12710293078135,31.73,41.05,36.34,23.48347601937197,1.6,46.54,52.84,1.48,8.69,6.92
35.82,118.12710293078135,31.65,73.18,38.16,23.48347601937197,2.22,47.05,57.34,1.36,8.53,7.13
21.87,118.12710293078135,16.8,46.8,22.31,23.48347601937197,1.77,44.93,70.01,1.11,8.6,6.76
23.56,118.12710293078135,35.62,73.73,40.7,23.48347601937197,2.12,47.81,55.99,1.13,7.72,5.5
31.5,118.12710293078135,27.48,79.95,37.37,23.48347601937197,2.02,48.63,53.86,1.07,7.2,5.47
36.64,118.12710293078135,23.31,69.91,32.25,23.48347601937197,2.14,46.88,52.47,1.19,7.49,4.95
29.67,118.12710293078135,14.42,56.68,23.43,23.48347601937197,1.8,46.27,61.11,0.89,5.88,4.02
18.34,118.12710293078135,21.78,46.85,25.35,23.48347601937197,1.91,50.74,47.51,1.09,7.34,5.33
21.73,118.12710293078135,25.79,44.17,30.15,23.48347601937197,1.34,36.43,46.23,1.13,7.22,5.43
42.17,118.12710293078135,9.99,13.31,9.51,23.48347601937197,1.56,47.16,58.74,1.41,8.35,6.22
28.88,118.12710293078135,9.86,13.42,9.46,23.48347601937197,1.65,49.93,58.24,1.44,8.68,6.9
43.26,118.12710293078135,11.44,19.48,11.99,23.48347601937197,1.85,50.15,51.6,1.61,9.54,7.81
41.19,118.12710293078135,9.25,15.58,9.64,23.48347601937197,1.6,50.55,57.35,1.48,8.94,7.16
46.77,118.12710293078135,10.61,14.76,10.26,23.48347601937197,1.66,50.2,83.8,1.67,10.1,8.17
42.28,118.12710293078135,35.98,81.22,42.86,23.48347601937197,1.75,50.99,49.24,1.44,8.94,7.05
34.9,118.12710293078135,25.05,65.26,32.09,23.48347601937197,1.38,51.05,44.39,1.26,8.18,6.19
47.0,118.12710293078135,17.67,24.8,17.15,23.48347601937197,1.89,49.11,67.37,1.49,8.92,7.89
49.88,118.12710293078135,12.05,20.29,12.56,23.48347601937197,1.97,51.37,85.47,1.52,9.12,7.46
52.66,118.12710293078135,6.39,16.81,8.23,23.48347601937197,1.25,55.2,97.86,1.24,7.4,5.44
53.19,118.12710293078135,4.94,9.02,5.33,23.48347601937197,0.91,55.14,142.3,1.08,6.0,4.29
41.09,118.12710293078135,30.6,84.38,40.43,23.48347601937197,1.46,54.16,102.6,1.34,8.19,6.15
36.88,118.12710293078135,33.2,75.3,39.64,23.48347601937197,1.25,57.88,91.09,1.21,7.85,6.07
36.84,118.12710293078135,39.71,76.49,45.22,23.48347601937197,1.16,52.9,52.72,1.26,8.04,6.41
37.17,118.12710293078135,28.89,74.28,36.76,23.48347601937197,1.26,38.81,64.06,1.17,7.48,5.45
36.3,118.12710293078135,23.48,63.46,30.69,23.48347601937197,1.07,41.28,67.47,1.09,6.82,5.23
33.21,118.12710293078135,18.34,53.07,24.87,23.48347601937197,0.83,47.75,80.95,0.91,5.88,3.84
50.64,118.12710293078135,27.76,65.89,33.91,23.48347601937197,1.32,52.82,116.51,1.18,6.95,5.38
53.94,118.12710293078135,43.03,78.9,46.51,23.48347601937197,1.67,43.62,34.49143047551845,14.67,56.73,62.9
52.86,118.12710293078135,27.63,75.52,36.32,23.48347601937197,1.47,46.72,34.49143047551845,10.46,38.51,38.85
43.77,118.12710293078135,25.13,57.04,33.14,23.48347601937197,1.35,48.27,34.49143047551845,8.68,34.08,30.21
28.09,118.12710293078135,37.39,70.15,40.86,23.48347601937197,2.61,55.29,34.49143047551845,8.51,37.23,39.22
40.15,118.12710293078135,38.5,75.95,43.03,23.48347601937197,2.04,53.62,34.49143047551845,10.29,42.96,44.33
46.77,118.12710293078135,32.86,75.07,50.24,23.48347601937197,1.53,52.74,34.49143047551845,8.99,36.85,34.57
47.3,118.12710293078135,38.97,87.01,46.18,23.48347601937197,1.66,48.44,34.49143047551845,9.81,40.05,40.39
47.01,118.12710293078135,32.08,62.46,39.01,23.48347601937197,1.5,54.38,34.49143047551845,3.280840304500585,8.700972080037227,3.0701278234985114
65.32,118.12710293078135,28.39,85.02,39.17,23.48347601937197,1.8,52.3,34.49143047551845,3.280840304500585,8.700972080037227,3.0701278234985114
66.62,118.12710293078135,13.4,49.98,21.07,23.48347601937197,1.39,48.63,34.49143047551845,3.280840304500585,8.700972080037227,3.0701278234985114
52.77,118.12710293078135,14.19,45.07,32.02,23.48347601937197,1.5,56.89,34.49143047551845,3.280840304500585,8.700972080037227,3.0701278234985114
59.78,118.12710293078135,14.61,60.23,24.47,23.48347601937197,1.49,57.73,41.63,3.280840304500585,8.700972080037227,3.0701278234985114
63.01,118.12710293078135,11.03,50.2,19.69,23.48347601937197,1.71,58.81,45.64,3.280840304500585,8.700972080037227,3.0701278234985114
75.29,118.12710293078135,6.5,27.74,11.14,23.48347601937197,1.09,59.63,28.21,3.280840304500585,8.700972080037227,3.0701278234985114
89.38,118.12710293078135,26.73,30.85,24.2,23.48347601937197,2.93,57.14,36.0,3.280840304500585,8.700972080037227,3.0701278234985114
56.25,118.12710293078135,9.26,14.24,9.3,23.48347601937197,0.96,51.41,60.76,11.29,45.26,41.68
53.88,118.12710293078135,7.07,12.5,7.47,23.48347601937197,0.69,51.98,59.31,10.29,36.59,30.37
136.29,118.12710293078135,7.21,11.68,7.35,23.48347601937197,0.87,72.29,60.14,11.56,29.44,21.36
76.02,106.78,29.64,23.89,52.81,26.89,1.37,8.12,15.59,2.48,0.82,3.64
116.68,158.66,27.94,31.45,58.67,32.81,1.84,7.49,21.47,3.29,1.15,3.88
86.04,108.41,39.04,35.09,73.54,28.22,2.43,7.72,15.8,1.59,0.89,3.61
77.24,101.1,68.66,29.47,97.6,19.91,0.87,10.29,21.07,1.21,8.97,3.21
66.21,123.68,50.88,42.59,90.8,21.29,0.84,11.35,16.42,0.46,5.48,1.53
67.25,141.65,37.12,37.85,73.98,32.47,0.73,9.85,21.59,1.4,6.35,1.37
81.92,149.41,55.37,43.43,96.95,25.51,1.05,9.91,19.04,1.63,6.95,1.52
65.2,162.21,49.57,51.63,96.69,41.95,0.83,6.54,17.62,2.69,8.9,2.69
71.86,174.65,88.38,63.63,152.09,40.13,1.02,7.02,13.81,3.45,10.59,3.35
83.35,188.33,78.3,70.85,148.93,32.0,1.17,6.89,25.52,5.49,14.05,3.83
78.63,182.42,46.99,63.36,108.66,33.3,1.1,6.31,21.54,3.19,7.22,1.83
88.14,192.94,65.47,71.1,126.38,33.71,1.32,6.52,19.6,3.44,6.95,2.52
75.3,140.58,56.26,49.2,95.65,34.77,1.12,11.01,15.58,0.45,0.44,0.12
49.01,105.17,43.81,40.63,81.91,28.4,0.9,8.19,22.04,1.21,2.89,0.92
42.9,83.39,39.94,33.22,68.27,28.29,0.79,8.69,14.24,2.35,7.5,2.48
41.28,64.98,62.21,34.22,93.46,22.91,0.79,7.1,11.95,2.12,8.77,2.1
56.63,100.19,66.38,42.21,96.74,27.28,0.98,6.85,9.93,2.62,9.32,2.89
78.95,193.14,83.94,46.36,79.46,31.09,1.36,8.11,18.0,4.02,11.6,4.42
74.69,203.98,105.03,53.17,96.77,36.2,1.35,9.43,19.29,4.68,11.2,4.46
69.37,193.24,67.76,60.4,94.16,35.25,1.25,9.4,23.56,3.49,8.53,2.32
76.22,221.57,87.68,59.54,111.01,33.5,1.28,9.27,21.67,4.54,9.24,2.41
52.48,125.73,23.99,40.42,53.75,25.8,0.69,9.77,37.84,1.6,3.68,0.89
46.69,162.01,42.04,48.29,70.27,22.17,0.81,9.21,21.8,1.32,2.21,0.44
59.79,194.62,50.82,57.21,80.27,22.75,0.89,10.96,19.34,1.6,4.45,0.4
58.48,165.04,32.94,60.63,67.04,21.77,0.91,10.86,24.24,1.57,4.32,0.27
75.99,150.83,33.52,56.35,67.25,22.24,1.01,10.76,22.76,2.37,4.55,0.33
70.53,134.29,55.63,57.59,86.43,22.81,1.26,11.98,19.29,3.29,7.75,0.94
67.26,111.48,61.82,48.93,84.2,21.68,1.04,10.36,12.3,3.54,7.12,1.54
36.68,46.92,49.37,37.39,66.39,19.31,1.04,9.85,10.97,1.98,6.75,1.19
55.2,131.96,50.95,40.05,54.3,18.78,1.4,10.19,16.36,2.38,5.2,0.43
62.94,156.51,57.11,46.86,57.58,18.63,1.47,9.92,23.28,2.5,6.86,0.7
66.68,155.37,62.75,68.05,64.18,20.07,1.57,9.6,27.84,2.72,5.5,0.41
68.82,154.19,60.09,71.81,58.24,17.1,1.4,10.81,24.79,3.26,6.36,1.06
53.45,135.93,68.65,61.85,70.61,18.72,1.6,12.79,18.84,3.34,6.31,2.58
49.97,80.43,57.01,44.45,64.96,16.13,1.45,12.91,29.21,1.15,4.62,0.36
65.94,102.57,69.45,48.75,80.41,14.5,1.63,13.09,19.97,1.16,5.41,0.35
73.42,121.38,52.49,47.99,66.72,14.13,1.74,13.57,21.77,1.2,5.5,0.28
58.01,118.17,51.67,46.63,65.41,14.24,1.71,13.26,20.18,0.9,5.14,0.28
58.25,129.36,51.61,45.25,64.28,13.88,1.68,12.52,20.63,0.89,4.96,0.31
31.87,87.38,47.07,43.29,59.88,12.38,1.49,11.73,15.88,0.48,3.88,0.3
51.5,103.5,54.07,46.23,64.97,12.6,1.61,12.44,18.99,2.31,4.64,2.98
67.83,110.46,55.33,47.14,68.39,12.94,1.86,12.02,22.36,3.26,5.29,3.17
55.83,107.36,50.2,43.73,62.84,13.87,1.79,12.62,23.58,2.12,5.42,2.99
43.86,91.67,36.73,47.11,51.85,12.02,1.55,11.53,23.24,0.67,4.42,1.51
54.28,99.59,48.09,48.52,53.03,12.07,1.47,11.9,22.33,0.72,3.72,1.03
55.12,102.79,55.6,49.1,57.79,11.8,1.43,11.35,21.51,1.21,3.41,1.42
51.74,163.76,46.35,48.99,51.0,11.97,1.42,11.73,21.01,0.17,3.54,0.29
44.93,112.36,43.36,48.88,59.45,11.56,1.64,11.83,20.63,0.15,4.09,0.38
53.11,141.19,47.49,52.98,72.57,11.86,1.76,11.5,18.78,0.2,3.95,0.35
52.64,129.22,39.83,52.66,70.26,12.28,1.76,13.4,24.83,0.31,4.2,0.38
52.72,119.57,43.93,37.04,46.09,12.87,1.44,11.0,31.62,0.64,4.19,0.37
62.28,164.71,66.61,17.67,50.3,15.74,1.53,10.23,31.37,0.62,4.52,0.43
59.87,162.5,58.33,18.86,46.05,15.87,1.47,10.81,39.31,0.84,4.55,0.47
45.0,116.11,66.58,17.36,49.13,15.63,1.37,10.03,36.84,0.65,3.88,0.41
51.39,134.87,53.48,18.38,42.84,14.49,1.4,9.95,46.98,0.49,3.92,0.36
29.74,108.43,74.44,17.61,54.86,13.59,1.27,9.7,31.55,0.04,3.56,0.28
31.17,92.89,65.96,20.4,51.46,13.06,1.32,9.71,31.94,0.36,3.48,0.29
38.82,101.67,69.71,15.28,50.49,13.41,1.35,9.8,37.05,0.77,3.64,0.56
40.92,117.17,64.46,14.91,47.22,13.8,1.37,9.9,31.06,0.48,3.48,0.27
47.95,121.58,51.52,14.6,39.22,14.0,1.4,9.46,39.95,0.12,3.85,0.2
26.65,88.62,68.61,15.49,50.14,13.32,1.28,9.79,34.75,0.62,3.6,0.26
19.17,63.9,65.76,15.59,48.5,12.63,1.29,9.61,23.31,0.44,3.37,0.23
17.63,62.18,63.42,16.04,47.55,11.17,0.93,10.19,24.64,0.52,3.59,0.29
35.07,95.66,54.14,16.92,42.53,11.91,0.45,10.09,33.3,1.09,4.0,0.36
23.5,63.96,75.71,17.02,55.3,11.52,0.42,10.12,26.04,0.81,4.11,0.37
27.09,73.82,61.52,12.84,44.52,11.72,0.38,9.94,23.44,0.74,3.65,0.25
13.85,46.4,79.59,11.95,54.83,11.08,0.37,10.26,18.78,0.54,3.4,0.19
19.03,50.03,77.24,14.17,57.37,11.3,0.43,9.83,23.31,0.66,3.22,0.16
15.21,41.96,79.67,13.5,69.42,10.13,0.42,9.37,33.08,0.69,1.24,0.73
30.93,60.26,69.32,14.46,61.62,10.08,0.52,11.96,41.62,1.67,1.82,2.62
22.83,55.31,114.38,20.58,92.02,9.06,0.46,11.21,42.44,1.15,1.67,0.84
15.93,30.03,118.53,15.85,90.23,8.21,0.48,10.84,41.29,0.68,1.58,0.09
26.6,50.37,115.29,14.56,76.55,8.96,0.44,11.59,50.51,0.93,1.83,0.1
27.38,59.94,130.91,33.4,76.8,7.49,0.34,14.98,53.72,0.69,1.32,0.09
19.04,46.96,95.96,13.39,53.63,8.24,0.38,7.97,49.78,0.94,1.91,0.76
17.95,82.85,71.43,15.13,44.36,8.18,0.44,10.27,49.34,1.65,3.61,2.79
24.24,86.66,114.83,23.41,71.38,9.58,0.52,7.95,37.71,2.05,4.51,2.79
22.42,129.27,67.07,13.42,53.76,7.77,0.49,10.37,41.96,1.93,3.8,2.76
35.51,172.7,60.69,14.78,54.67,9.41,0.56,11.0,51.9,2.48,4.34,2.93
22.51,71.44,69.66,13.75,65.15,6.57,0.56,5.84,37.65,2.0,3.04,2.24
36.48,74.57,68.7,18.8,55.05,10.93,0.69,7.53,34.92,2.97,5.86,2.59
42.52,93.4,75.09,34.22,76.54,9.34,0.75,11.72,42.33,3.21,6.89,3.05
53.82,158.92,48.91,31.61,66.61,10.05,0.77,7.41,40.85,3.77,5.61,2.19
32.79,86.68,37.32,19.62,55.68,11.9,0.55,5.55,37.98,2.46,2.76,2.67
50.36,118.02,59.34,32.81,73.86,10.86,0.69,7.87,39.88,2.81,4.45,2.52
47.43,124.46,53.76,29.8,76.16,9.74,0.72,7.68,47.68,2.58,5.96,2.17
43.06,112.12,50.13,17.54,57.23,10.03,0.57,5.06,46.38,2.11,5.44,1.27
32.71,99.65,56.35,17.76,55.07,8.71,0.51,6.6,37.91,2.24,4.06,1.62
19.31,54.27,56.98,22.42,54.62,3.95,0.42,4.98,39.83,1.18,5.33,1.68
14.58,55.82,56.62,18.36,54.39,6.78,0.37,9.35,41.0,1.1,5.31,1.3
44.72,106.32,46.96,10.88,39.45,4.04,0.67,5.2,31.5,2.59,3.8,1.77
49.58,129.38,42.88,14.4,30.01,6.17,0.68,4.09,28.41,2.88,7.12,1.79
41.66,110.63,19.13,13.53,11.16,6.57,0.63,4.01,30.7,2.23,8.87,1.19
33.42,153.07,14.95,11.38,11.37,7.14,0.45,3.9,32.5,1.49,13.26,1.42
20.98,92.4,9.77,10.58,11.81,5.77,0.38,8.5,47.9,1.14,7.57,1.36
27.46,104.21,27.16,20.22,18.18,6.83,0.44,7.28,51.12,1.65,2.38,1.54
12.95,47.56,18.76,12.85,13.99,4.97,0.37,8.38,55.78,1.44,2.71,2.29
17.45,80.29,15.54,13.91,11.71,3.99,0.46,9.38,50.42,1.74,3.32,2.4
28.54,127.72,38.19,30.65,23.73,12.01,0.71,5.24,34.91,2.95,5.41,2.03
42.54,93.27,35.99,32.15,27.13,11.28,0.78,4.4,38.16,2.5,5.0,1.09
30.76,98.13,80.08,29.04,54.39,5.16,0.73,3.73,26.23,2.77,4.83,1.52
38.48,99.52,78.44,23.81,50.18,6.39,0.82,2.86,29.75,3.11,4.24,0.56
37.57,105.97,72.04,23.9,43.94,7.29,0.7,3.16,40.94,2.34,2.85,0.66
8.35,14.68,1.24,3.57,1.44,3.64,0.25,4.99,20.95,0.23,1.26,3.0701278234985114
62.33,78.74,0.79,2.6,1.2,2.64,0.59,7.46,29.58,0.59,0.14,3.0701278234985114
81.36,108.46,0.78,2.51,1.1,2.52,0.37,8.15,65.99,0.32,0.04,3.0701278234985114
63.48,84.69,0.73,2.38,1.07,2.46,0.32,7.81,47.94,0.25,0.02,3.0701278234985114
77.93,102.18,0.83,2.63,1.16,2.71,0.49,8.87,36.94,0.38,0.03,3.0701278234985114
75.12,98.01,0.87,2.79,1.24,2.85,0.48,9.64,54.15,0.39,0.05,3.0701278234985114
92.18,120.62,0.9,2.79,1.19,2.86,0.59,9.91,33.69,0.51,0.08,3.0701278234985114
67.59,89.77,0.84,2.69,1.18,2.74,0.49,9.3,25.59,0.38,0.02,3.0701278234985114
58.97,79.1,0.83,2.64,1.17,2.73,0.33,9.3,51.83,0.24,0.04,3.0701278234985114
58.0,99.34,0.85,2.35,0.9,2.45,0.35,8.86,9.67,0.14,0.11,3.0701278234985114
64.52,143.31,10.76,20.37,17.79,11.14,1.46,43.94,33.19,0.0,0.0,3.0701278234985114
93.41,244.58,22.13,18.51,26.93,11.43,1.84,38.31,42.6,0.0,0.0,3.0701278234985114
53.41,132.9,14.09,17.11,17.71,11.73,1.58,31.26,42.14,0.0,0.0,3.0701278234985114
60.32,150.73,13.3,11.38,12.5,13.34,1.6,16.81,47.11,0.0,0.0,3.0701278234985114
75.21,131.5,9.73,10.88,12.5,12.21,1.49,18.46,40.31,0.0,0.0,3.0701278234985114
29.93,90.34,65.8,4.7,65.58,17.55,1.8,31.76,38.27,0.0,0.0,3.0701278234985114
53.48,113.22,16.74,19.8,22.98,10.65,1.57,73.0,16.1,0.0,0.0,3.0701278234985114
67.45057794890306,118.12710293078135,17.574729662029362,28.560659061126955,32.30912333307031,23.48347601937197,2.2485982090856145,14.53197725590996,34.49143047551845,3.280840304500585,8.700972080037227,3.0701278234985114
35.65,141.11,8.01,17.29,24.66,7.71,4.66,66.74,34.42,0.0,0.0,3.0701278234985114
110.34,217.23,18.99,34.59,51.83,7.68,4.92,64.34,31.88,0.0,0.0,3.0701278234985114
64.68,126.32,3.91,12.95,15.87,7.6,4.23,51.99,34.67,0.0,0.0,3.0701278234985114
51.96,99.53,62.58,9.44,47.44,32.33,2.16,73.72,18.02,0.0,0.0,3.0701278234985114
102.35,38.76,82.48,1.36,43.08,31.9,1.48,60.16,12.32,0.0,0.0,3.0701278234985114
82.83,177.12,59.86,14.05,53.61,32.86,1.98,66.41,27.05,0.0,0.0,3.0701278234985114
90.72,373.29,116.32,28.560659061126955,56.89,24.09,1.89,67.61,4.84,0.0,0.0,3.0701278234985114
20.11,97.93,32.97,8.17,34.1,31.23,1.52,39.12,21.48,0.0,0.0,3.0701278234985114
30.96,115.35,19.9,11.97,28.2,34.62,1.43,37.6,22.32,0.0,0.0,3.0701278234985114
72.57,103.33,45.49,17.06,45.6,37.2,1.75,53.83,23.47,0.0,0.0,3.0701278234985114
46.59,115.67,6.31,8.07,6.53,25.57,1.71,33.35,23.78,0.0,0.0,3.0701278234985114
43.79,118.46,5.82,6.74,5.39,24.9,1.67,30.29,22.29,0.0,0.0,3.0701278234985114
42.56,109.73,9.07,13.9,13.85,24.21,1.63,29.71,15.95,0.0,0.0,3.0701278234985114
67.72,179.63,8.25,18.76,17.14,24.5,1.91,33.27,19.8,0.0,0.0,3.0701278234985114
51.0,147.09,12.91,20.01,21.32,24.68,1.76,30.18,22.49,0.0,0.0,3.0701278234985114
66.42,164.92,15.41,22.42,23.4,25.38,1.75,32.91,35.76,0.0,0.0,3.0701278234985114
60.01,168.17,25.24,26.98,34.67,25.92,1.76,40.89,33.96,0.0,0.0,3.0701278234985114
46.17,103.29,47.77,14.76,41.23,50.62,1.47,38.16,27.77,0.0,0.0,3.0701278234985114
42.77,120.6,14.27,13.67,18.39,25.25,1.72,26.0,29.31,0.0,0.0,3.0701278234985114
53.33,92.78,14.22,4.45,12.04,25.97,1.87,36.8,31.89,0.0,0.0,3.0701278234985114
77.37,146.11,31.42,15.57,43.15,29.18,2.1,48.15,18.44,0.0,0.0,3.0701278234985114
66.31,127.03,10.88,9.57,12.01,25.13,1.81,31.47,24.2,0.0,0.0,3.0701278234985114
49.13,108.26,17.01,1.5,9.14,26.44,1.72,34.42,27.45,0.0,0.0,3.0701278234985114
59.5,161.8,20.58,11.73,14.61,27.58,1.87,33.1,19.26,0.0,0.0,3.0701278234985114
69.14,120.9,21.05,10.7,23.79,27.74,1.88,43.34,19.73,0.0,0.0,3.0701278234985114
38.38,92.97,20.28,7.81,9.08,26.73,1.67,31.95,21.94,0.0,0.0,3.0701278234985114
84.96,143.73,41.39,8.06,24.69,21.07,2.15,43.6,28.68,0.0,0.0,3.0701278234985114
80.66,147.79,13.05,6.86,8.18,13.52,1.98,32.74,22.57,0.0,0.0,3.0701278234985114
36.34,74.74,13.7,8.64,7.91,13.87,1.75,28.21,14.98,0.0,0.0,3.0701278234985114
38.07,104.7,18.63,19.01,20.39,12.86,1.73,30.21,10.5,0.0,0.0,3.0701278234985114
40.07,113.21,12.43,11.83,11.0,12.69,1.78,26.53,22.41,0.0,0.0,3.0701278234985114
33.75,74.44,18.47,12.55,14.57,12.61,1.91,36.4,23.4,0.0,0.0,3.0701278234985114
79.39,162.66,16.04,19.67,25.46,11.41,2.28,31.34,22.59,0.0,0.0,3.0701278234985114
54.6,114.36,17.81,11.66,19.45,13.24,1.94,42.47,11.59,0.0,0.0,3.0701278234985114
69.21,165.95,11.84,17.9,24.3,10.1,2.12,51.73,22.1,0.0,0.0,3.0701278234985114
53.57,106.84,11.37,10.98,11.98,12.93,1.85,37.53,15.38,0.0,0.0,3.0701278234985114
57.77,113.57,11.44,15.3,8.91,13.74,1.86,44.62,9.14,0.0,0.0,3.0701278234985114
59.3,113.1,17.574729662029362,28.560659061126955,0.0,23.48347601937197,1.91,63.75,34.49143047551845,0.0,0.0,3.0701278234985114
23.77,202.62,17.574729662029362,28.560659061126955,0.0,23.48347601937197,2.16,47.32,34.49143047551845,0.0,0.0,3.0701278234985114
29.49,194.29,17.574729662029362,28.560659061126955,0.0,23.48347601937197,2.19,46.54,34.49143047551845,0.0,0.0,3.0701278234985114
44.47,171.72,17.574729662029362,28.560659061126955,0.0,23.48347601937197,2.37,51.21,34.49143047551845,0.0,0.0,3.0701278234985114
31.75,151.44,17.574729662029362,28.560659061126955,0.0,23.48347601937197,2.45,60.17,34.49143047551845,0.0,0.0,3.0701278234985114
18.9,108.97,17.574729662029362,28.560659061126955,0.0,23.48347601937197,2.1,50.77,34.49143047551845,0.0,0.0,3.0701278234985114
24.69,124.5,17.574729662029362,28.560659061126955,0.0,23.48347601937197,2.07,43.87,34.49143047551845,0.0,0.0,3.0701278234985114
26.57,120.71,17.574729662029362,28.560659061126955,0.0,23.48347601937197,2.15,42.45,34.49143047551845,0.0,0.0,3.0701278234985114
36.11,142.65,17.574729662029362,28.560659061126955,0.0,23.48347601937197,2.27,43.27,34.49143047551845,0.0,0.0,3.0701278234985114
25.06,80.14,17.574729662029362,28.560659061126955,0.0,23.48347601937197,2.25,44.6,34.49143047551845,0.0,0.0,3.0701278234985114
14.66,53.63,17.49,11.58,10.78,18.83,2.0,42.17,15.95,0.02,0.0,3.0701278234985114
22.15,87.77,28.29,11.43,33.26,19.61,2.14,39.94,16.64,0.0,0.0,3.0701278234985114
26.38,127.81,34.88,14.84,36.51,20.82,2.41,45.46,19.4,0.0,0.0,3.0701278234985114
24.39,124.45,23.92,12.91,28.65,20.28,2.16,43.89,20.54,0.0,0.0,3.0701278234985114
21.0,104.21,30.44,7.05,27.72,22.07,2.38,51.82,20.75,0.0,0.0,3.0701278234985114
19.47,122.99,26.59,6.14,25.68,21.53,2.27,47.43,18.66,0.0,0.0,3.0701278234985114
29.32,172.0,44.73,5.03,36.31,22.35,2.41,56.17,19.5,0.0,0.0,3.0701278234985114
23.7,155.58,45.82,3.42,35.92,21.86,2.3,53.27,19.05,0.0,0.0,3.0701278234985114
26.47,145.76,49.75,3.85,38.02,21.4,2.29,53.25,20.95,0.0,0.0,3.0701278234985114
23.59,139.36,24.64,5.04,27.07,19.92,2.27,51.4,20.51,0.0,0.05,3.0701278234985114
23.54,105.13,21.82,3.97,22.04,19.74,2.32,53.9,21.47,0.0,0.01,3.0701278234985114
13.64,57.78,17.94,2.07,15.4,19.25,2.06,43.46,22.09,0.0,0.0,3.0701278234985114
16.27,87.85,24.1,3.49,21.05,19.34,2.15,37.22,20.85,0.0,0.0,3.0701278234985114
24.07,115.13,31.62,3.09,27.21,20.04,2.39,43.62,19.41,0.0,0.0,3.0701278234985114
17.92,64.18,27.63,3.43,23.18,20.19,2.44,48.48,19.79,0.0,0.0,3.0701278234985114
15.79,79.97,27.12,2.51,21.98,20.68,2.41,53.46,20.85,0.0,0.0,3.0701278234985114
17.77,60.31,23.12,2.17,19.31,19.71,2.49,53.34,20.47,0.0,0.0,3.0701278234985114
12.41,46.25,44.6,2.21,34.8,26.69,2.45,58.6,18.73,0.0,0.0,3.0701278234985114
13.96,35.86,30.33,0.05,23.14,19.34,2.43,57.85,18.66,0.0,0.0,3.0701278234985114
13.74,30.83,53.24,1.26,47.86,27.14,2.29,53.82,15.93,0.0,0.0,3.0701278234985114
23.6,120.81,48.5,2.87,35.09,20.88,2.58,53.43,19.35,0.0,0.0,3.0701278234985114
21.58,96.68,34.42,2.79,27.34,21.37,2.51,62.82,19.69,0.0,0.0,3.0701278234985114
25.77,83.04,26.72,3.96,25.24,21.2,2.62,70.78,20.8,0.0,0.0,3.0701278234985114
11.15,27.71,15.1,3.33,15.69,20.38,2.29,70.25,20.57,0.0,0.0,3.0701278234985114
10.71,23.13,24.05,1.51,16.87,20.04,2.27,54.34,18.74,0.0,0.0,3.0701278234985114
19.74,89.81,44.39,2.26,30.82,21.58,2.44,52.31,17.53,0.0,0.0,3.0701278234985114
26.77,161.69,60.36,0.92,42.21,23.82,2.64,56.76,18.28,0.0,0.0,3.0701278234985114
27.24,140.86,66.27,28.560659061126955,24.65,22.39,1.49,58.71,17.5,0.0,0.0,3.0701278234985114
25.81,156.76,17.574729662029362,28.560659061126955,0.0,23.48347601937197,0.0,14.53197725590996,34.49143047551845,0.0,0.0,3.0701278234985114
27.05,131.48,17.574729662029362,28.560659061126955,0.0,23.48347601937197,0.0,14.53197725590996,34.49143047551845,0.0,0.0,3.0701278234985114
32.26,94.76,17.574729662029362,28.560659061126955,0.0,23.48347601937197,0.0,14.53197725590996,34.49143047551845,0.0,0.0,3.0701278234985114
31.28,157.72,17.574729662029362,28.560659061126955,0.0,23.48347601937197,0.0,14.53197725590996,34.49143047551845,0.0,0.0,3.0701278234985114
25.01,180.81,17.574729662029362,28.560659061126955,0.0,23.48347601937197,0.0,14.53197725590996,34.49143047551845,0.0,0.0,3.0701278234985114
31.23,117.92,17.574729662029362,28.560659061126955,0.0,23.48347601937197,0.0,14.53197725590996,34.49143047551845,0.0,0.0,3.0701278234985114
23.22,140.67,17.574729662029362,28.560659061126955,0.0,23.48347601937197,0.0,14.53197725590996,34.49143047551845,0.0,0.0,3.0701278234985114
33.27,189.52,17.574729662029362,28.560659061126955,0.0,23.48347601937197,0.0,14.53197725590996,34.49143047551845,0.0,0.0,3.0701278234985114
30.95,172.93,17.574729662029362,28.560659061126955,0.0,23.48347601937197,0.0,14.53197725590996,34.49143047551845,0.0,0.0,3.0701278234985114
16.5,101.76,17.574729662029362,28.560659061126955,0.0,23.48347601937197,0.0,14.53197725590996,34.49143047551845,0.0,0.0,3.0701278234985114
17.98,118.12710293078135,28.97,3.61,25.84,21.87,2.68,5.44,21.32,0.0,0.0,3.0701278234985114
14.65,118.12710293078135,22.75,0.09,15.2,21.1,2.64,2.64,21.9,0.0,0.0,3.0701278234985114
38.91,118.12710293078135,16.2,2.82,13.15,20.57,2.3,0.56,22.04,0.0,0.0,3.0701278234985114
29.66,29.17,31.2,6.53,25.27,21.88,2.64,19.29,24.1,0.0,0.0,3.0701278234985114
22.35,11.09,37.72,28.560659061126955,25.84,23.11,2.62,18.48,22.24,0.0,0.0,3.0701278234985114
28.73,18.31,37.02,1.15,25.99,21.5,2.59,17.81,23.82,0.0,0.0,3.0701278234985114
14.62,0.19,107.23,4.85,74.17,25.23,2.41,9.4,12.52,3.280840304500585,8.700972080037227,3.0701278234985114
23.56,0.18,173.27,8.82,109.46,27.34,2.67,8.77,10.93,3.280840304500585,8.700972080037227,3.0701278234985114
58.85,0.24,105.53,19.71,82.97,24.7,2.9,16.61,13.02,3.280840304500585,8.700972080037227,3.0701278234985114
58.15,0.26,106.29,24.98,83.31,24.19,2.54,16.59,13.16,3.280840304500585,8.700972080037227,3.0701278234985114
58.19,0.26,131.63,6.61,88.74,24.31,2.44,10.61,14.24,3.280840304500585,8.700972080037227,3.0701278234985114
63.74,0.2,139.91,13.5,96.36,25.14,2.78,22.49,13.38,3.280840304500585,8.700972080037227,3.0701278234985114
66.55,0.23,53.97,8.34,49.57,23.13,2.58,21.46,16.15,3.280840304500585,8.700972080037227,3.0701278234985114
47.45,0.21,77.56,16.32,66.47,23.62,2.36,19.32,12.59,3.280840304500585,8.700972080037227,3.0701278234985114
61.37,0.29,144.06,13.43,101.92,25.15,2.65,22.2,10.96,3.280840304500585,8.700972080037227,3.0701278234985114
60.29,0.28,175.51,15.81,121.28,25.46,2.74,24.99,9.43,3.280840304500585,8.700972080037227,3.0701278234985114
64.91,0.27,153.31,5.87,104.39,27.7,2.97,21.9,10.75,3.280840304500585,8.700972080037227,3.0701278234985114
48.84,0.19,100.27,2.53,70.86,26.93,2.5,15.37,11.07,3.280840304500585,8.700972080037227,3.0701278234985114
31.23,28.73,60.53,2.11,44.87,26.18,2.27,10.09,13.2,3.280840304500585,8.700972080037227,3.0701278234985114
25.79,104.81,59.47,0.24,42.32,24.32,2.26,8.07,11.82,3.280840304500585,8.700972080037227,3.0701278234985114
31.74,121.87,104.96,2.3,68.67,25.52,2.54,9.88,11.67,3.280840304500585,8.700972080037227,3.0701278234985114
27.15,88.97,80.51,2.04,54.07,24.02,2.48,10.22,13.73,3.280840304500585,8.700972080037227,3.0701278234985114
37.81,138.32,76.44,2.05,51.36,25.01,2.44,10.78,13.44,3.280840304500585,8.700972080037227,3.0701278234985114
59.16,208.18,103.53,15.89,76.84,25.22,2.69,23.79,13.06,3.280840304500585,8.700972080037227,3.0701278234985114
48.12,165.82,80.28,9.45,58.46,24.16,2.5,18.34,13.56,3.280840304500585,8.700972080037227,3.0701278234985114
83.49,275.65,140.37,19.45,99.46,25.23,3.06,25.67,14.32,3.280840304500585,8.700972080037227,3.0701278234985114
62.29,205.0,104.68,13.94,95.21,28.97,2.65,18.18,12.73,3.280840304500585,8.700972080037227,3.0701278234985114
58.04,205.76,40.98,19.43,52.87,24.17,2.41,17.89,12.88,3.280840304500585,8.700972080037227,3.0701278234985114
77.03,289.01,83.98,8.95,44.66,20.63,1.53,42.91,10.34,3.280840304500585,8.700972080037227,3.0701278234985114
83.12,355.22,9.05,6.44,13.11,5.97,0.81,19.32,12.13,3.280840304500585,8.700972080037227,3.0701278234985114
84.3,263.09,8.8,5.94,13.73,6.03,3.25,18.03,5.67,3.280840304500585,8.700972080037227,3.0701278234985114
66.31,198.55,34.05,0.14,34.79,8.09,1.56,20.34,3.53,0.0,8.700972080037227,3.0701278234985114
47.7,182.62,24.96,28.560659061126955,23.29,7.07,1.25,16.17,3.1,0.0,8.700972080037227,3.0701278234985114
58.67,217.45,25.15,28.560659061126955,23.38,7.08,1.6,13.8,5.66,0.0,8.700972080037227,3.0701278234985114
56.68,210.72,25.68,28.560659061126955,23.71,7.1,2.02,16.33,2.75,0.0,8.700972080037227,3.0701278234985114
55.87,240.84,25.63,28.560659061126955,23.64,7.11,1.93,16.4,2.79,0.0,8.700972080037227,3.0701278234985114
53.41,237.12,27.88,28.560659061126955,24.88,7.23,1.95,15.67,5.18,0.0,8.700972080037227,3.0701278234985114
27.67,108.55,31.57,28.560659061126955,26.96,7.46,2.17,0.94,2.46,0.0,8.700972080037227,3.0701278234985114
23.09,125.2,33.2,28.560659061126955,27.85,7.55,2.1,0.68,2.2,0.0,8.700972080037227,3.0701278234985114
29.97,168.95,36.54,28.560659061126955,29.69,7.72,2.42,0.74,5.54,0.0,8.700972080037227,3.0701278234985114
29.6,158.68,35.43,28.560659061126955,29.07,7.66,2.27,28.25,4.02,0.0,8.700972080037227,3.0701278234985114
37.64,200.46,32.43,28.560659061126955,27.44,7.48,2.34,29.83,3.69,0.0,8.700972080037227,3.0701278234985114
58.16,282.48,34.15,28.560659061126955,28.38,7.58,2.83,30.48,7.14,0.0,8.700972080037227,3.0701278234985114
29.56,136.7,40.31,28.560659061126955,32.29,8.46,2.43,27.37,4.25,0.0,8.700972080037227,3.0701278234985114
45.91,242.28,35.98,28.560659061126955,29.37,7.7,2.68,27.03,7.13,0.0,8.700972080037227,3.0701278234985114
33.25,145.56,24.06,8.0,32.06,7.54,1.0,30.19,5.83,0.0,8.700972080037227,3.0701278234985114
42.6,179.81,26.27,7.01,33.28,7.65,0.93,28.88,7.87,0.0,8.700972080037227,3.0701278234985114
46.63,217.15,23.77,8.1,31.87,7.52,1.23,29.22,8.75,0.0,8.700972080037227,3.0701278234985114
28.11,148.93,24.74,7.69,32.43,7.57,0.61,27.01,6.86,0.0,8.700972080037227,3.0701278234985114
34.38,169.7,25.35,7.43,32.78,7.58,0.72,27.73,7.72,0.0,8.700972080037227,3.0701278234985114
45.84,218.72,26.01,7.12,33.13,7.61,0.96,27.3,9.44,0.0,8.700972080037227,3.0701278234985114
95.85,273.08,27.27,6.55,33.82,7.69,1.32,28.63,11.61,0.0,8.700972080037227,3.0701278234985114
47.74,195.92,27.52,6.47,33.99,7.7,0.99,27.51,8.07,0.0,8.700972080037227,3.0701278234985114
50.37,196.44,20.17,11.4,27.33,7.01,1.26,27.49,9.07,0.0,8.700972080037227,3.0701278234985114
43.63,174.8,11.89,16.39,20.89,6.36,1.2,27.3,6.13,0.0,8.700972080037227,3.0701278234985114
27.84,128.0,14.35,16.09,21.29,6.38,0.95,26.22,3.72,0.0,8.700972080037227,3.0701278234985114
55.95,235.28,12.68,16.03,21.33,6.39,1.21,25.82,6.18,0.0,8.700972080037227,3.0701278234985114
29.53,131.35,16.18,15.4,22.08,6.46,0.93,24.98,4.66,0.0,8.700972080037227,3.0701278234985114
21.02,104.95,13.31,15.27,22.27,6.49,0.73,24.02,6.36,0.0,8.700972080037227,3.0701278234985114
47.88,188.3,13.99,16.1,21.2,6.38,1.43,25.91,6.1,0.0,8.700972080037227,3.0701278234985114
58.43,139.58,24.21,15.58,22.51,6.92,1.55,27.7,4.37,0.0,8.700972080037227,3.0701278234985114
46.71,162.61,13.82,15.61,21.8,6.43,1.37,25.03,8.7,0.0,8.700972080037227,3.0701278234985114
52.99,221.52,14.22,14.97,22.56,6.52,1.72,25.19,9.69,0.0,8.700972080037227,3.0701278234985114
33.4,135.29,48.38,15.28,47.38,11.27,1.27,25.47,11.43,0.0,8.700972080037227,3.0701278234985114
53.68,226.94,13.05,15.03,22.48,6.49,1.58,24.08,10.95,0.0,8.700972080037227,3.0701278234985114
60.44,242.33,17.14,16.46,26.12,6.87,1.71,25.01,14.69,0.0,8.700972080037227,3.0701278234985114
34.74,140.61,20.54,9.91,29.19,7.22,1.25,35.43,8.75,0.0,8.700972080037227,3.0701278234985114
44.86,137.62,28.87,17.09,31.13,7.35,1.64,39.09,3.56,0.0,8.700972080037227,3.0701278234985114
43.61,135.13,3.53,18.56,18.07,6.05,1.65,26.92,6.72,0.0,8.700972080037227,3.0701278234985114
28.04,116.55,44.97,17.6,41.2,11.3,1.35,28.13,4.85,0.0,8.700972080037227,3.0701278234985114
49.73,139.6,3.9,18.22,18.5,6.1,1.72,25.43,9.5,1.6,8.700972080037227,3.0701278234985114
45.09,128.93,4.08,18.35,18.4,6.07,1.38,24.38,13.84,0.0,8.700972080037227,3.0701278234985114
39.81,90.26,6.3,16.24,21.1,6.36,1.21,21.31,5.26,0.0,8.700972080037227,3.0701278234985114
26.08,110.21,37.83,12.51,76.66,16.56,1.94,27.54,4.7,0.0,8.700972080037227,3.0701278234985114
36.91,164.08,8.11,14.86,22.93,6.57,1.58,23.51,4.96,0.0,8.700972080037227,3.0701278234985114
38.49,172.54,19.64,14.18,28.65,7.54,1.71,24.19,4.79,0.0,8.700972080037227,3.0701278234985114
55.63,218.71,10.94,13.78,24.24,6.69,2.07,25.58,10.32,0.0,8.700972080037227,3.0701278234985114
53.84,226.97,10.74,13.67,24.31,6.7,2.09,26.12,9.6,0.0,8.700972080037227,3.0701278234985114
42.87,203.68,14.32,12.38,25.93,6.85,1.79,25.03,7.36,0.0,8.700972080037227,3.0701278234985114
46.56,204.14,11.48,13.54,24.41,6.7,1.86,26.36,7.86,0.0,8.700972080037227,3.0701278234985114
38.56,156.87,35.94,11.91,38.64,8.08,1.66,26.57,4.27,0.0,8.700972080037227,3.0701278234985114
38.28,139.66,10.67,14.01,24.02,6.68,1.91,26.15,3.63,0.0,8.700972080037227,3.0701278234985114
45.89,219.76,13.69,12.98,25.27,6.81,2.14,26.65,5.51,0.0,8.700972080037227,3.0701278234985114
25.43,129.35,14.3,12.44,25.98,6.87,1.49,23.37,3.99,0.0,8.700972080037227,3.0701278234985114
27.15,115.69,36.53,12.66,33.71,8.56,1.5,23.62,5.7,0.0,8.700972080037227,3.0701278234985114
67.45057794890306,118.12710293078135,17.574729662029362,28.560659061126955,32.30912333307031,23.48347601937197,2.2485982090856145,14.53197725590996,34.49143047551845,3.280840304500585,8.700972080037227,3.0701278234985114
34.7,147.07,15.37,11.6,26.97,6.98,0.0,23.16,7.2,0.0,8.700972080037227,3.0701278234985114
32.94,144.89,17.12,10.82,27.94,7.08,0.0,23.15,8.76,0.0,8.700972080037227,3.0701278234985114
25.41,131.69,17.17,10.81,27.98,7.07,0.0,23.36,3.55,0.0,8.700972080037227,3.0701278234985114
31.36,152.98,21.85,8.82,30.64,7.38,0.0,49.73,4.89,0.0,8.700972080037227,3.0701278234985114
31.46,133.64,19.86,9.74,29.38,7.24,0.0,44.86,6.86,0.0,8.700972080037227,3.0701278234985114
21.48,110.94,17.29,10.75,28.04,7.08,0.0,31.51,2.97,0.0,8.700972080037227,3.0701278234985114
21.82,92.22,29.58,7.14,34.99,7.79,0.0,26.1,3.81,0.0,8.700972080037227,3.0701278234985114
30.15,118.12,12.47,12.84,25.25,6.79,0.62,22.44,4.84,0.0,8.700972080037227,3.0701278234985114
31.74,148.15,20.69,9.27,29.95,7.29,0.76,23.56,3.86,0.0,8.700972080037227,3.0701278234985114
27.7,136.62,30.49,12.25,34.88,8.34,0.83,24.39,7.93,0.0,8.700972080037227,3.0701278234985114
50.46,183.66,18.77,10.15,28.92,7.21,1.31,31.14,8.21,0.0,8.700972080037227,3.0701278234985114
28.84,123.52,16.74,12.15,26.14,6.88,0.93,31.38,7.33,0.0,8.700972080037227,3.0701278234985114
34.58,126.38,27.74,9.84,67.77,10.35,0.97,25.72,10.43,0.0,8.700972080037227,3.0701278234985114
53.16,141.34,11.5,13.47,24.32,6.68,1.91,27.49,15.96,0.0,8.700972080037227,3.0701278234985114
18.93,77.32,69.32,9.47,55.91,19.19,1.09,25.55,5.06,0.0,8.700972080037227,3.0701278234985114
31.83,128.85,19.63,9.68,29.31,7.21,0.95,23.83,3.39,0.0,8.700972080037227,3.0701278234985114
24.82,102.59,20.23,9.42,29.66,7.25,1.18,25.43,4.27,0.0,8.700972080037227,3.0701278234985114
67.45057794890306,118.12710293078135,17.574729662029362,28.560659061126955,32.30912333307031,23.48347601937197,2.2485982090856145,14.53197725590996,34.49143047551845,3.280840304500585,8.700972080037227,3.0701278234985114
30.64,120.9,41.33,4.48,41.42,8.46,1.05,24.41,7.81,0.0,8.700972080037227,3.0701278234985114
31.89,107.81,22.26,8.51,30.73,7.36,1.03,22.96,8.18,0.0,8.700972080037227,3.0701278234985114
37.45,154.65,32.5,8.58,39.41,8.4,1.12,23.17,9.55,0.0,8.700972080037227,3.0701278234985114
25.85,125.17,30.75,6.66,35.43,7.86,1.0,23.26,13.18,0.0,8.700972080037227,3.0701278234985114
12.75,92.89,52.64,3.05,87.0,16.62,1.42,24.47,12.65,0.0,8.700972080037227,3.0701278234985114
26.75,131.45,35.66,3.2,38.39,8.2,1.5,26.89,7.52,0.0,8.700972080037227,3.0701278234985114
36.16,183.73,26.5,6.77,33.27,7.65,1.57,25.53,8.6,0.0,8.700972080037227,3.0701278234985114
36.86,146.59,57.53,5.48,53.79,10.37,1.51,24.54,6.67,0.0,8.700972080037227,3.0701278234985114
30.87,132.92,25.03,7.4,32.42,7.56,1.88,25.64,3.4,0.0,8.700972080037227,3.0701278234985114
30.92,59.67,33.16,5.13,54.65,9.7,2.08,29.35,1.35,0.0,8.700972080037227,3.0701278234985114
23.04,113.5,30.53,4.91,35.44,7.86,1.61,31.23,1.41,0.0,8.700972080037227,3.0701278234985114
27.23,133.84,28.36,5.9,34.25,7.74,1.63,32.92,2.08,0.0,8.700972080037227,3.0701278234985114
35.48,112.0,55.81,4.72,46.63,19.74,1.67,34.62,1.8,0.0,8.700972080037227,3.0701278234985114
29.0,141.24,30.31,5.03,35.34,7.85,1.55,33.42,2.51,0.0,8.700972080037227,3.0701278234985114
36.21,197.62,34.18,3.27,37.45,8.06,1.64,33.14,3.9,0.0,8.700972080037227,3.0701278234985114
43.58,169.03,38.93,1.88,42.42,9.43,1.99,33.98,3.0,0.0,8.700972080037227,3.0701278234985114
34.79,140.96,60.6,1.96,50.87,10.53,1.91,34.76,3.73,0.0,8.700972080037227,3.0701278234985114
9.42,134.52,62.2,1.3,54.73,9.45,1.77,33.78,1.42,0.0,8.700972080037227,3.0701278234985114
20.65,82.44,20.62,9.1,29.72,7.23,2.08,41.04,2.13,0.0,8.700972080037227,3.0701278234985114
21.76,100.14,24.06,7.59,31.65,7.43,1.93,40.27,2.8,0.0,8.700972080037227,3.0701278234985114
25.89,83.43,25.59,6.94,32.5,7.5,2.13,39.46,1.9,0.0,8.700972080037227,3.0701278234985114
24.03,68.31,25.9,6.85,32.68,7.53,2.14,40.15,2.73,0.0,8.700972080037227,3.0701278234985114
36.68,97.03,42.07,7.19,42.13,8.35,2.2,40.07,6.42,0.0,8.700972080037227,3.0701278234985114
35.27,59.03,27.23,6.7,33.44,7.6,2.66,40.38,2.28,0.0,8.700972080037227,3.0701278234985114
37.09,84.83,27.67,6.67,33.62,7.62,2.77,40.82,4.57,0.0,8.700972080037227,3.0701278234985114
30.54,68.07,28.75,6.61,34.23,7.68,2.42,40.91,2.58,0.0,8.700972080037227,3.0701278234985114
18.09,80.35,27.0,7.78,33.22,7.58,2.1,41.32,0.81,0.0,8.700972080037227,3.0701278234985114
31.43,101.4,20.56,9.1,29.65,7.22,2.62,42.39,2.34,0.0,8.700972080037227,3.0701278234985114
26.15,119.51,21.41,8.73,30.15,7.27,2.41,42.79,1.42,0.0,8.700972080037227,3.0701278234985114
24.49,73.02,28.16,8.2,34.01,7.62,2.19,43.25,2.83,0.0,8.700972080037227,3.0701278234985114
34.32,84.01,35.66,5.37,38.15,8.12,1.26,46.89,5.94,0.0,8.700972080037227,3.0701278234985114
34.7,57.17,20.5,9.14,29.64,7.29,2.02,31.68,12.79,0.0,8.700972080037227,3.0701278234985114
30.57,78.32,28.74,5.69,34.44,7.74,1.36,30.21,11.49,0.0,8.700972080037227,3.0701278234985114
30.2,75.23,31.37,4.49,35.87,7.9,1.76,30.56,13.09,0.0,8.700972080037227,3.0701278234985114
31.12,64.68,32.64,3.86,36.5,7.98,2.2,31.8,13.98,0.0,8.700972080037227,3.0701278234985114
49.14,67.7,38.52,1.93,39.85,8.32,2.5,35.68,13.65,0.02,8.700972080037227,3.0701278234985114
44.28,221.37,39.67,1.78,40.53,8.37,2.17,35.67,13.07,0.0,8.700972080037227,3.0701278234985114
43.57,154.48,21.85,6.51,28.35,7.05,1.69,35.23,12.4,4.45,8.700972080037227,3.0701278234985114
56.68,223.74,5.19,10.43,14.38,5.46,1.7,38.71,12.58,0.0,8.700972080037227,3.0701278234985114
69.27,198.15,5.68,10.2,14.74,5.51,1.86,39.08,12.95,0.0,8.700972080037227,3.0701278234985114
80.53,252.21,4.63,10.76,14.03,5.44,2.24,39.07,13.36,0.0,8.700972080037227,3.0701278234985114
81.36,253.91,6.58,9.3,15.88,5.63,2.2,39.02,13.07,0.0,8.700972080037227,3.0701278234985114
101.99,282.31,10.25,8.1,17.85,5.85,2.3,42.04,12.29,0.0,8.700972080037227,3.0701278234985114
69.25,187.87,5.82,9.92,15.1,5.54,2.02,39.54,12.64,0.0,8.700972080037227,3.0701278234985114
63.74,193.07,5.99,9.57,15.54,5.58,1.41,39.11,12.41,0.0,8.700972080037227,3.0701278234985114
76.79,251.25,7.47,8.87,16.35,5.68,1.87,39.22,12.54,0.0,8.700972080037227,3.0701278234985114
81.48,265.36,161.94,41.18,152.3,41.73,0.99,36.63,26.96,0.0,8.700972080037227,3.0701278234985114
60.99,212.51,19.08,22.42,38.24,23.48347601937197,0.7,27.49,23.48,0.0,8.700972080037227,3.0701278234985114
73.34,281.68,11.74,33.79,43.47,23.48347601937197,1.63,25.79,23.81,0.0,8.700972080037227,3.0701278234985114
38.66,129.22,7.75,36.71,39.42,23.48347601937197,1.43,10.39,18.6,0.0,8.700972080037227,3.0701278234985114
57.85,199.57,6.64,37.0,39.02,23.48347601937197,1.8,10.08,15.04,0.0,8.700972080037227,3.0701278234985114
41.08,134.47,8.0,36.53,39.79,23.48347601937197,1.6,8.32,13.86,0.0,8.700972080037227,3.0701278234985114
57.52,187.98,7.82,36.3,40.04,23.48347601937197,1.84,5.7,21.75,0.0,8.700972080037227,3.0701278234985114
61.9,197.76,8.4,35.98,40.51,23.48347601937197,1.89,4.65,20.72,0.0,8.700972080037227,3.0701278234985114
63.44,211.71,25.41,34.66,48.64,24.18,2.19,2.91,11.03,0.0,8.700972080037227,3.0701278234985114
57.56,213.76,21.02,29.68,49.7,23.48347601937197,1.94,11.65,27.13,0.0,8.700972080037227,3.0701278234985114
69.18,138.67,3.67,17.69,17.71,2.89,1.39,25.63,8.51,0.0,8.700972080037227,3.0701278234985114
92.76,193.91,17.574729662029362,23.28,10.43,2.16,1.58,23.14,10.24,0.0,8.700972080037227,3.0701278234985114
74.1,123.51,6.63,5.71,12.24,1.27,0.0,9.74,41.81,0.0,8.700972080037227,3.0701278234985114
76.6,127.65,7.58,5.24,12.82,1.34,0.65,11.75,48.44,0.0,8.700972080037227,3.0701278234985114
74.97,124.9,8.62,4.82,13.44,1.4,2.16,11.93,26.87,0.0,8.700972080037227,3.0701278234985114
89.59,148.83,32.38,6.47,36.33,15.03,2.3,9.33,8.26,0.0,8.700972080037227,3.0701278234985114
44.25,73.73,7.85,2.25,10.1,2.06,1.01,1.66,6.15,0.0,8.700972080037227,3.0701278234985114
67.9,113.18,6.72,5.65,12.34,1.28,1.86,49.87,15.23,0.0,8.700972080037227,3.0701278234985114
71.04,118.41,8.69,4.76,13.45,1.4,1.63,29.1,31.42,0.0,8.700972080037227,3.0701278234985114
52.26,87.12,10.22,4.13,14.34,1.49,1.74,35.62,10.74,0.0,8.700972080037227,3.0701278234985114
67.14,111.9,9.33,4.49,13.82,1.43,2.15,33.57,21.84,0.0,8.700972080037227,3.0701278234985114
74.1,123.51,10.55,4.01,14.42,1.49,2.05,37.65,23.51,0.0,8.700972080037227,3.0701278234985114
72.61,121.06,18.42,3.75,19.19,1.91,1.89,40.09,48.8,0.0,8.700972080037227,3.0701278234985114
83.64,139.41,11.21,3.68,14.87,1.54,2.02,43.74,41.32,0.0,8.700972080037227,3.0701278234985114
84.56,140.95,16.14,4.18,26.32,2.45,2.1,46.64,30.07,0.0,8.700972080037227,3.0701278234985114
56.77,94.61,9.68,4.33,14.01,1.45,1.41,48.01,33.36,0.0,8.700972080037227,3.0701278234985114
12.97,21.62,12.87,3.31,15.83,1.63,1.27,46.79,18.54,0.0,8.700972080037227,3.0701278234985114
51.49,89.92,25.63,4.88,11.02,14.07,3.01,16.57,34.48,0.0,8.700972080037227,3.0701278234985114
34.34,50.61,27.92,4.64,8.29,13.76,1.81,4.95,46.93,0.0,8.700972080037227,3.0701278234985114
56.25,108.4,1.04,5.64,0.21,13.05,2.28,0.41,46.06,0.0,8.700972080037227,3.0701278234985114
68.47,108.97,46.34,5.19,21.62,14.95,2.52,14.53197725590996,43.26,0.0,8.700972080037227,3.0701278234985114
64.41,133.38,150.78,5.79,3.98,13.38,2.59,0.01,40.54,0.0,8.700972080037227,3.0701278234985114
54.97,119.14,34.3,5.5,0.77,13.1,2.11,14.53197725590996,54.82,0.0,8.700972080037227,3.0701278234985114
65.98,146.69,0.62,5.03,0.6,13.12,2.37,14.53197725590996,50.63,0.0,8.700972080037227,3.0701278234985114
59.43,118.7,8.42,4.23,3.21,13.42,2.21,14.53197725590996,60.26,0.0,8.700972080037227,3.0701278234985114
42.71,90.42,2.63,4.06,1.25,13.27,1.98,14.53197725590996,60.42,0.0,8.700972080037227,3.0701278234985114
54.34,114.04,4.94,5.35,2.08,13.4,2.15,14.53197725590996,58.9,0.0,8.700972080037227,3.0701278234985114
41.97,96.26,82.19,3.81,39.05,23.23,1.96,3.14,50.75,0.0,8.700972080037227,3.0701278234985114
40.35,77.07,0.8,4.42,0.7,13.25,1.91,14.53197725590996,48.06,0.0,8.700972080037227,3.0701278234985114
56.16,95.79,0.99,4.92,0.58,13.16,2.41,14.53197725590996,65.39,0.0,8.700972080037227,3.0701278234985114
48.41,76.09,2.87,4.16,1.47,13.33,1.98,14.53197725590996,66.42,0.0,8.700972080037227,3.0701278234985114
71.26,152.22,17.59,4.57,6.48,13.86,2.73,14.53197725590996,56.99,0.0,8.700972080037227,3.0701278234985114
47.48,81.53,16.7,4.46,6.25,13.68,2.2,14.53197725590996,69.92,0.0,8.700972080037227,3.0701278234985114
32.06,61.03,18.65,4.27,5.34,13.72,2.18,14.53197725590996,50.78,0.0,8.700972080037227,3.0701278234985114
28.89,55.96,5.56,4.84,17.01,14.76,1.97,14.53197725590996,80.29,0.0,8.700972080037227,3.0701278234985114
39.04,64.08,4.72,4.76,2.2,13.43,2.05,14.53197725590996,70.26,0.0,8.700972080037227,3.0701278234985114
54.04,101.31,7.11,4.35,2.7,13.52,2.3,14.53197725590996,71.48,0.0,8.700972080037227,3.0701278234985114
34.29,105.3,5.49,4.2,2.25,13.41,2.58,14.53197725590996,85.9,0.0,8.700972080037227,3.0701278234985114
67.45057794890306,93.94,27.57,4.28,10.38,14.09,2.46,14.53197725590996,78.99,0.0,8.700972080037227,3.0701278234985114
67.45057794890306,136.52,4.12,4.75,1.8,13.38,2.69,14.53197725590996,71.33,0.0,8.700972080037227,3.0701278234985114
67.45057794890306,74.76,15.25,4.73,5.43,14.01,2.22,14.53197725590996,73.88,0.0,8.700972080037227,3.0701278234985114
67.45057794890306,80.82,8.09,4.76,3.17,13.48,2.22,14.53197725590996,95.76,0.0,8.700972080037227,3.0701278234985114
67.45057794890306,53.28,0.8,5.14,0.48,13.12,2.0,14.53197725590996,81.79,0.0,8.700972080037227,3.0701278234985114
67.45057794890306,55.65,57.37,6.29,36.27,16.18,1.95,14.53197725590996,66.74,0.0,8.700972080037227,3.0701278234985114
67.45057794890306,60.82,29.92,4.92,3.73,13.48,3.21,14.53197725590996,70.94,0.0,8.700972080037227,3.0701278234985114
67.45057794890306,47.79,6.6,5.53,0.94,13.13,2.37,14.53197725590996,69.65,0.0,8.700972080037227,3.0701278234985114
67.45057794890306,17.19,30.15,5.57,0.6,13.11,1.9,14.53197725590996,36.23,0.0,8.700972080037227,3.0701278234985114
67.45057794890306,39.51,0.58,5.22,0.4,13.1,1.92,14.53197725590996,58.01,0.0,8.700972080037227,3.0701278234985114
25.29,23.56,23.07,9.83,13.88,11.45,1.9,68.72,48.42,0.0,8.700972080037227,3.0701278234985114
15.35,18.85,7.32,21.02,26.32,3.16,2.04,52.14,55.81,0.0,8.700972080037227,3.0701278234985114
67.45057794890306,18.85,6.01,20.71,26.72,3.2,1.93,2.01,47.4,0.0,8.700972080037227,3.0701278234985114
67.45057794890306,21.56,7.03,20.77,26.6,3.19,2.07,14.53197725590996,59.9,0.0,8.700972080037227,3.0701278234985114
22.48,27.0,6.76,20.4,27.16,3.24,2.0,14.53197725590996,64.6,0.0,8.700972080037227,3.0701278234985114
43.23,7.9,17.31,19.15,47.0,4.99,2.43,14.53197725590996,59.04,0.0,8.700972080037227,3.0701278234985114
15.28,34.63,9.29,19.29,28.58,3.37,1.95,14.53197725590996,59.27,0.0,8.700972080037227,3.0701278234985114
24.13,50.67,10.13,18.9,29.04,3.43,2.12,14.53197725590996,53.81,0.0,8.700972080037227,3.0701278234985114
36.55,65.02,8.9,17.53,22.37,5.5,1.93,20.34,45.12,0.0,8.700972080037227,3.0701278234985114
51.8,105.32,53.08,16.72,32.86,12.46,1.5,13.75,56.83,0.0,8.700972080037227,3.0701278234985114
63.56,173.38,4.17,18.5,13.47,11.02,1.74,14.64,61.28,0.0,8.700972080037227,3.0701278234985114
44.4,140.11,3.14,19.07,12.7,10.93,1.37,14.48,49.42,0.0,8.700972080037227,3.0701278234985114
51.88,63.17,59.56,13.94,40.2,13.88,1.25,15.37,43.26,0.0,8.700972080037227,3.0701278234985114
20.3,40.6,6.75,14.22,19.57,11.71,1.41,15.35,54.25,0.0,8.700972080037227,3.0701278234985114
25.8,51.59,37.01,12.24,51.27,14.77,1.52,16.26,59.37,0.0,8.700972080037227,3.0701278234985114
44.64,89.24,11.58,10.73,4.26,11.45,0.52,19.22,22.03,0.0,8.700972080037227,3.0701278234985114
20.69,41.39,4.09,16.57,16.4,11.4,1.87,19.48,34.49143047551845,0.0,8.700972080037227,3.0701278234985114
34.16,68.32,0.53,17.64,14.94,11.22,2.18,22.49,34.49143047551845,0.0,8.700972080037227,3.0701278234985114
33.81,67.58,70.5,20.21,18.39,11.32,2.24,30.6,34.49143047551845,0.0,8.700972080037227,3.0701278234985114
51.86,103.71,17.574729662029362,28.560659061126955,0.0,23.48347601937197,0.62,14.53197725590996,34.49143047551845,0.0,8.700972080037227,3.0701278234985114
30.54,60.62,17.574729662029362,28.560659061126955,0.0,23.48347601937197,2.12,31.02,67.62,0.0,8.700972080037227,3.0701278234985114
29.56,36.92,12.9,38.92,25.7,23.48347601937197,1.35,16.09,34.49143047551845,0.0,8.700972080037227,3.0701278234985114
24.85,31.06,27.73,29.36,57.09,1.37,1.52,14.42,14.9,0.0,8.700972080037227,3.0701278234985114
62.55,86.2,1.95,15.04,9.57,5.93,1.45,4.82,7.84,3.280840304500585,8.700972080037227,3.0701278234985114
61.57,80.76,1.95,10.77,7.32,3.82,1.33,3.6,7.65,3.280840304500585,8.700972080037227,3.0701278234985114
93.79,126.78,2.03,17.42,10.9,5.07,1.61,4.79,7.79,3.280840304500585,8.700972080037227,3.0701278234985114
36.21,49.07,1.92,13.9,8.96,5.43,1.33,4.65,7.8,3.280840304500585,8.700972080037227,3.0701278234985114
68.46,101.59,1.97,6.12,4.77,8.9,1.31,3.96,8.27,3.280840304500585,8.700972080037227,3.0701278234985114
66.61,88.6,1.9,6.2,4.79,7.31,1.37,3.64,8.18,3.280840304500585,8.700972080037227,3.0701278234985114
68.66,88.53,1.95,8.08,5.85,8.01,1.59,5.33,7.55,3.280840304500585,8.700972080037227,3.0701278234985114
47.43,71.07,2.15,5.55,4.64,6.16,1.3,4.54,22.21,3.280840304500585,8.700972080037227,3.0701278234985114
64.68,86.73,1.83,9.64,6.49,10.06,1.38,3.89,41.2,3.280840304500585,8.700972080037227,3.0701278234985114
72.44,98.85,1.92,9.2,6.41,9.19,1.36,3.89,39.1,3.280840304500585,8.700972080037227,3.0701278234985114
61.44,85.7,1.91,11.28,7.53,9.12,1.2,3.38,29.28,3.280840304500585,8.700972080037227,3.0701278234985114
73.02,100.61,1.94,10.86,7.23,10.6,1.42,4.14,41.68,3.280840304500585,8.700972080037227,3.0701278234985114
59.05,80.02,1.94,6.57,5.08,9.57,1.19,4.32,42.77,3.280840304500585,8.700972080037227,3.0701278234985114
64.62,88.43,1.88,8.79,6.13,8.34,1.28,3.51,46.69,3.280840304500585,8.700972080037227,3.0701278234985114
64.43,88.75,1.96,7.51,5.59,9.27,1.32,3.29,44.93,3.280840304500585,8.700972080037227,3.0701278234985114
67.0,90.64,1.94,16.88,10.52,9.93,1.4,5.21,48.75,3.280840304500585,8.700972080037227,3.0701278234985114
76.69,118.0,1.98,15.1,9.62,11.15,1.32,7.36,46.77,3.280840304500585,8.700972080037227,3.0701278234985114
83.73,117.45,1.92,16.16,10.12,11.25,1.32,8.37,63.19,3.280840304500585,8.700972080037227,3.0701278234985114
78.68,101.17,1.9,10.07,6.9,10.54,1.27,6.67,59.76,3.280840304500585,8.700972080037227,3.0701278234985114
69.38,95.2,1.98,17.84,10.93,10.15,1.69,6.81,55.21,3.280840304500585,8.700972080037227,3.0701278234985114
83.7,115.88,1.89,18.3,11.15,11.01,1.55,6.16,40.89,3.280840304500585,8.700972080037227,3.0701278234985114
81.02,109.22,1.83,15.68,9.77,10.88,1.58,7.43,35.72,3.280840304500585,8.700972080037227,3.0701278234985114
51.42,71.31,1.89,15.84,9.68,7.89,1.57,5.36,39.0,3.280840304500585,8.700972080037227,3.0701278234985114
53.08,71.91,1.87,15.32,9.51,7.09,1.59,4.72,69.77,3.280840304500585,8.700972080037227,3.0701278234985114
47.04,67.32,1.88,14.84,9.35,7.43,1.58,5.48,35.78,3.280840304500585,8.700972080037227,3.0701278234985114
38.06,53.93,1.91,10.5,7.08,6.23,1.25,4.52,56.36,3.280840304500585,8.700972080037227,3.0701278234985114
50.17,72.73,1.88,15.14,9.49,6.37,1.58,6.34,49.1,3.280840304500585,8.700972080037227,3.0701278234985114
72.69,95.26,1.79,17.55,10.75,6.73,1.54,5.81,17.45,3.280840304500585,8.700972080037227,3.0701278234985114
80.8,109.18,1.94,15.92,10.02,7.53,1.6,7.96,85.18,3.280840304500585,8.700972080037227,3.0701278234985114
72.59,102.56,1.84,14.03,8.88,9.28,1.56,5.14,71.98,3.280840304500585,8.700972080037227,3.0701278234985114
67.73,98.15,1.92,16.13,10.15,9.1,1.4,8.08,55.7,3.280840304500585,8.700972080037227,3.0701278234985114
81.25,115.98,1.94,18.91,11.55,9.12,1.47,8.59,71.96,3.280840304500585,8.700972080037227,3.0701278234985114
83.84,115.3,1.84,17.52,10.76,9.42,1.8,5.24,82.67,3.280840304500585,8.700972080037227,3.0701278234985114
84.45,120.64,1.92,16.8,9.58,8.35,1.68,6.63,72.01,3.280840304500585,8.700972080037227,3.0701278234985114
79.84,112.83,1.7,13.4,8.48,9.33,1.17,5.65,61.27,3.280840304500585,8.700972080037227,3.0701278234985114
57.42,84.26,1.54,11.85,7.51,7.65,0.91,5.66,33.61,3.280840304500585,8.700972080037227,3.0701278234985114
70.43,99.08,1.76,16.42,10.13,5.49,1.18,6.18,50.39,3.280840304500585,8.700972080037227,3.0701278234985114
68.26,96.6,1.75,12.11,7.84,6.18,0.92,4.95,52.8,3.280840304500585,8.700972080037227,3.0701278234985114
65.86,107.96,1.78,14.05,8.93,5.91,1.16,7.95,63.42,3.280840304500585,8.700972080037227,3.0701278234985114
75.74,114.76,1.82,9.16,6.26,5.89,1.14,5.4,51.89,3.280840304500585,8.700972080037227,3.0701278234985114
64.95,102.16,1.91,21.42,5.83,3.97,1.06,6.28,62.62,3.280840304500585,8.700972080037227,3.0701278234985114
54.76,96.7,1.65,16.6,10.17,8.29,0.96,8.15,68.96,3.280840304500585,8.700972080037227,3.0701278234985114
56.47,95.27,1.69,12.04,7.77,7.38,0.9,7.65,73.09,3.280840304500585,8.700972080037227,3.0701278234985114
54.22,82.58,1.79,14.43,9.13,6.59,0.91,7.27,68.39,3.280840304500585,8.700972080037227,3.0701278234985114
60.38,93.06,1.69,19.02,11.44,7.78,1.03,7.37,68.23,3.280840304500585,8.700972080037227,3.0701278234985114
58.11,89.44,1.56,19.72,11.74,7.37,1.09,7.71,61.85,3.280840304500585,8.700972080037227,3.0701278234985114
62.07,101.58,1.68,20.39,12.2,7.39,1.07,6.9,55.37,3.280840304500585,8.700972080037227,3.0701278234985114
60.8,95.27,1.73,16.69,10.29,5.21,0.98,14.94,77.58,3.280840304500585,8.700972080037227,3.0701278234985114
24.17,40.97,1.75,14.6,8.31,4.49,1.82,10.06,24.33,3.280840304500585,8.700972080037227,3.0701278234985114
40.45,77.14,1.74,8.64,6.01,5.94,2.59,4.5,43.01,3.280840304500585,8.700972080037227,3.0701278234985114
38.5,76.18,1.71,10.19,6.82,5.34,2.99,5.8,41.97,3.280840304500585,8.700972080037227,3.0701278234985114
32.84,61.69,1.68,13.51,8.43,4.08,0.97,7.72,56.52,3.280840304500585,8.700972080037227,3.0701278234985114
42.99,73.04,1.72,11.27,7.38,5.08,0.92,7.86,67.81,3.280840304500585,8.700972080037227,3.0701278234985114
25.7,45.04,1.67,8.42,5.81,4.97,0.83,6.31,51.95,3.280840304500585,8.700972080037227,3.0701278234985114
20.2,39.62,1.7,9.04,6.2,4.61,0.86,4.92,52.8,3.280840304500585,8.700972080037227,3.0701278234985114
19.23,38.12,2.67,9.67,7.21,4.63,0.95,6.59,62.71,3.280840304500585,8.700972080037227,3.0701278234985114
12.86,34.43,2.86,6.52,5.66,1.88,1.1,5.77,32.6,3.280840304500585,8.700972080037227,3.0701278234985114
12.68,44.17,2.95,7.29,6.27,2.32,1.53,6.39,28.41,3.280840304500585,8.700972080037227,3.0701278234985114
16.86,39.71,2.97,4.5,4.81,2.25,2.45,5.47,35.95,3.280840304500585,8.700972080037227,3.0701278234985114
15.94,37.14,2.88,4.3,4.58,2.28,2.73,6.19,35.69,3.280840304500585,8.700972080037227,3.0701278234985114
9.94,24.86,3.02,2.92,3.98,2.13,2.11,5.38,37.07,3.280840304500585,8.700972080037227,3.0701278234985114
54.28,94.45,3.18,8.97,7.34,3.25,1.49,6.05,11.76,3.280840304500585,8.700972080037227,3.0701278234985114
66.15,116.25,3.17,10.84,8.34,2.8,1.46,6.45,17.08,3.280840304500585,8.700972080037227,3.0701278234985114
57.1,96.05,3.25,5.95,5.81,2.68,1.15,6.36,10.17,3.280840304500585,8.700972080037227,3.0701278234985114
64.48,86.88,2.91,6.02,5.19,2.48,1.22,6.5,44.69,3.280840304500585,8.700972080037227,3.0701278234985114
71.71,104.39,3.87,5.26,5.54,4.71,1.37,6.12,72.01,3.280840304500585,8.700972080037227,3.0701278234985114
55.78,73.44,3.62,5.39,5.36,3.92,1.12,3.56,65.96,3.280840304500585,8.700972080037227,3.0701278234985114
77.51,112.18,4.21,10.58,7.92,4.23,1.56,8.29,57.6,3.280840304500585,8.700972080037227,3.0701278234985114
85.73,119.12,4.58,10.82,9.48,5.34,1.74,17.86,65.61,3.280840304500585,8.700972080037227,3.0701278234985114
75.89,108.14,4.98,8.95,8.82,5.75,1.81,8.86,44.08,3.280840304500585,8.700972080037227,3.0701278234985114
36.23,58.17,5.96,8.63,9.2,5.48,1.8,11.58,39.11,3.280840304500585,8.700972080037227,3.0701278234985114
59.39,70.75,5.7,7.98,8.86,5.12,1.96,18.65,37.8,3.280840304500585,8.700972080037227,3.0701278234985114
63.22,90.86,4.56,7.21,7.53,5.79,2.03,5.31,40.96,3.280840304500585,8.700972080037227,3.0701278234985114
52.66,74.59,5.7,8.22,8.93,5.49,1.95,8.6,37.22,3.280840304500585,8.700972080037227,3.0701278234985114
41.77,61.3,5.34,6.63,7.82,4.2,1.76,5.11,30.73,3.280840304500585,8.700972080037227,3.0701278234985114
57.4,85.48,3.84,6.67,6.34,3.76,1.9,7.57,43.05,3.280840304500585,8.700972080037227,3.0701278234985114
76.54,114.52,3.6,8.33,6.87,3.87,2.07,2.92,46.45,3.280840304500585,8.700972080037227,3.0701278234985114
92.78,124.33,2.99,5.51,4.75,4.01,2.21,8.49,55.01,3.280840304500585,8.700972080037227,3.0701278234985114
58.89,90.71,2.89,4.51,4.52,3.6,2.11,4.45,58.22,3.280840304500585,8.700972080037227,3.0701278234985114
50.27,73.69,3.11,3.67,3.59,3.7,2.1,9.0,64.75,3.280840304500585,8.700972080037227,3.0701278234985114
62.32,89.85,2.97,6.35,5.73,3.88,2.39,12.14,43.15,3.280840304500585,8.700972080037227,3.0701278234985114
67.93,90.91,3.5,8.25,1.26,1.06,2.32,12.18,47.45,3.280840304500585,8.700972080037227,3.0701278234985114
51.07,85.65,3.26,14.95,4.03,2.0,2.06,9.89,48.42,3.280840304500585,8.700972080037227,3.0701278234985114
76.05,110.35,2.76,13.72,9.54,4.81,2.37,9.98,62.22,3.280840304500585,8.700972080037227,3.0701278234985114
81.61,116.95,2.79,7.98,6.5,6.47,2.94,23.73,62.44,3.280840304500585,8.700972080037227,3.0701278234985114
72.14,102.92,2.73,9.16,6.96,5.9,2.53,16.99,62.9,3.280840304500585,8.700972080037227,3.0701278234985114
69.3,103.17,2.67,8.28,6.52,5.41,2.77,25.33,65.28,3.280840304500585,8.700972080037227,3.0701278234985114
72.7,106.69,2.73,9.4,7.08,6.72,2.91,24.59,60.36,3.280840304500585,8.700972080037227,3.0701278234985114
41.69,60.51,2.76,5.38,5.11,5.51,2.49,16.17,51.55,3.280840304500585,8.700972080037227,3.0701278234985114
40.21,60.48,2.78,9.47,7.09,4.69,2.91,18.5,31.19,3.280840304500585,8.700972080037227,3.0701278234985114
35.68,52.33,2.63,5.04,4.74,4.63,2.55,9.51,46.36,3.280840304500585,8.700972080037227,3.0701278234985114
47.01,69.44,2.66,7.27,5.96,4.92,2.42,11.66,44.99,3.280840304500585,8.700972080037227,3.0701278234985114
52.53,81.17,2.65,6.9,5.76,4.98,2.85,17.07,60.74,3.280840304500585,8.700972080037227,3.0701278234985114
50.31,79.04,2.63,6.35,5.46,4.75,4.85,34.23,61.71,3.280840304500585,8.700972080037227,3.0701278234985114
52.06,85.51,2.61,7.55,5.8,5.14,5.59,18.01,56.83,3.280840304500585,8.700972080037227,3.0701278234985114
52.29,83.14,2.66,6.65,5.68,5.1,5.48,13.9,70.07,3.280840304500585,8.700972080037227,3.0701278234985114
60.68,99.05,2.65,11.29,7.38,5.5,4.56,15.98,75.33,3.280840304500585,8.700972080037227,3.0701278234985114
62.38,99.86,2.79,9.53,7.01,5.39,4.61,13.1,78.49,3.280840304500585,8.700972080037227,3.0701278234985114
61.89,98.66,2.51,9.89,7.25,5.75,0.08,13.63,72.82,3.280840304500585,8.700972080037227,3.0701278234985114
58.41,92.79,2.69,6.94,5.7,6.15,0.06,20.06,79.3,3.280840304500585,8.700972080037227,3.0701278234985114
44.94,80.7,2.84,11.76,8.21,5.63,0.05,22.19,78.4,3.280840304500585,8.700972080037227,3.0701278234985114
46.48,85.2,2.82,11.03,8.17,6.03,0.05,30.99,68.5,3.280840304500585,8.700972080037227,3.0701278234985114
46.64,79.36,2.64,7.67,6.18,7.57,0.0,30.89,67.82,3.280840304500585,8.700972080037227,3.0701278234985114
54.81,91.32,2.71,10.35,7.42,7.47,0.03,25.64,64.79,3.280840304500585,8.700972080037227,3.0701278234985114
59.72,93.45,2.57,6.73,5.51,7.48,0.07,20.32,69.65,3.280840304500585,8.700972080037227,3.0701278234985114
65.74,104.01,2.58,6.56,5.59,6.99,0.03,23.45,76.67,3.280840304500585,8.700972080037227,3.0701278234985114
55.81,92.53,2.57,9.73,7.2,6.58,0.0,17.98,77.91,3.280840304500585,8.700972080037227,3.0701278234985114
63.93,99.11,2.49,8.32,6.46,6.82,0.0,35.33,83.38,3.280840304500585,8.700972080037227,3.0701278234985114
68.12,102.28,2.44,8.46,6.28,7.21,0.0,15.31,74.35,3.280840304500585,8.700972080037227,3.0701278234985114
60.71,95.19,2.49,6.38,5.42,6.49,0.0,24.64,76.74,3.280840304500585,8.700972080037227,3.0701278234985114
73.06,110.44,2.6,10.3,7.57,6.5,0.0,22.15,66.58,3.280840304500585,8.700972080037227,3.0701278234985114
70.43,105.47,2.58,8.18,6.35,6.13,0.01,19.25,69.94,3.280840304500585,8.700972080037227,3.0701278234985114
76.85,116.02,2.42,10.76,7.56,6.01,0.0,21.95,84.14,3.280840304500585,8.700972080037227,3.0701278234985114
62.24,97.88,2.51,9.23,6.9,5.91,0.0,17.06,81.37,3.280840304500585,8.700972080037227,3.0701278234985114
76.8,118.3,2.84,13.28,9.25,6.54,0.06,15.24,74.07,3.280840304500585,8.700972080037227,3.0701278234985114
76.27,112.76,2.54,9.91,7.2,6.32,0.02,22.8,88.77,3.280840304500585,8.700972080037227,3.0701278234985114
82.99,120.86,2.23,10.97,7.54,6.77,0.36,20.22,81.16,3.280840304500585,8.700972080037227,3.0701278234985114
79.17,114.98,1.12,17.3,9.89,6.31,1.11,13.38,51.39,3.280840304500585,8.700972080037227,3.0701278234985114
61.19,95.33,1.13,14.36,8.29,6.86,0.93,10.14,68.24,3.280840304500585,8.700972080037227,3.0701278234985114
70.86,107.83,1.02,12.85,7.6,7.58,0.87,7.48,81.49,3.280840304500585,8.700972080037227,3.0701278234985114
73.6,108.97,1.08,11.71,6.94,7.53,0.95,8.5,77.46,3.280840304500585,8.700972080037227,3.0701278234985114
59.53,90.38,0.97,10.75,6.32,6.56,0.97,6.37,71.51,3.280840304500585,8.700972080037227,3.0701278234985114
39.49,65.93,0.95,8.46,5.22,4.35,0.69,8.99,91.71,3.280840304500585,8.700972080037227,3.0701278234985114
40.29,71.48,0.95,8.31,5.06,4.72,0.68,8.87,86.53,3.280840304500585,8.700972080037227,3.0701278234985114
48.82,79.06,0.99,9.97,5.9,5.23,0.84,7.74,71.97,3.280840304500585,8.700972080037227,3.0701278234985114
56.66,85.64,0.98,9.75,5.86,5.82,0.89,7.24,69.29,3.280840304500585,8.700972080037227,3.0701278234985114
56.59,85.04,0.96,7.65,4.78,5.5,0.81,5.03,62.04,3.280840304500585,8.700972080037227,3.0701278234985114
27.97,58.6,0.91,6.03,3.88,4.69,0.56,3.62,74.11,3.280840304500585,8.700972080037227,3.0701278234985114
58.12,178.24,0.77,5.66,3.52,2.87,0.65,5.76,58.6,3.280840304500585,8.700972080037227,3.0701278234985114
40.41,126.39,0.93,6.05,3.82,3.11,0.68,5.13,48.91,3.280840304500585,8.700972080037227,3.0701278234985114
29.82,86.59,0.9,4.32,2.99,3.58,0.65,1.27,59.11,3.280840304500585,8.700972080037227,3.0701278234985114
42.82,87.99,0.88,5.53,3.65,3.63,0.74,3.08,67.26,3.280840304500585,8.700972080037227,3.0701278234985114
46.07,87.18,0.87,5.94,3.76,3.79,0.81,4.1,69.55,3.280840304500585,8.700972080037227,3.0701278234985114
33.84,100.42,1.84,5.31,3.06,2.45,0.88,3.69,46.24,3.280840304500585,8.700972080037227,3.0701278234985114
35.81,110.95,2.05,5.26,2.91,2.68,1.04,3.35,42.12,3.280840304500585,8.700972080037227,3.0701278234985114
20.14,58.16,1.52,3.65,6.45,2.28,2.44,4.11,40.85,3.280840304500585,8.700972080037227,3.0701278234985114
22.57,65.88,1.48,4.94,2.81,2.28,3.31,4.11,32.72,3.280840304500585,8.700972080037227,3.0701278234985114
22.07,55.7,0.99,3.56,7.8,1.99,2.02,3.04,47.85,3.280840304500585,8.700972080037227,3.0701278234985114
11.22,31.15,0.85,2.88,6.8,1.54,2.74,1.5,20.06,3.280840304500585,8.700972080037227,3.0701278234985114
10.55,20.95,1.32,3.72,2.14,1.63,3.04,1.31,29.58,3.280840304500585,8.700972080037227,3.0701278234985114
11.16,27.22,0.96,4.45,2.4,1.82,1.58,0.78,25.66,3.280840304500585,8.700972080037227,3.0701278234985114
28.95,56.88,1.09,5.87,3.35,3.38,3.71,9.64,28.46,3.280840304500585,8.700972080037227,3.0701278234985114
22.08,48.96,0.93,4.16,2.84,3.43,2.03,9.71,34.36,3.280840304500585,8.700972080037227,3.0701278234985114
21.53,35.95,0.57,3.55,2.18,2.77,4.11,9.91,24.68,3.280840304500585,8.700972080037227,3.0701278234985114
30.65,52.52,15.45,24.07,25.32,11.7,1.58,10.2,39.35,3.280840304500585,8.700972080037227,3.0701278234985114
51.96,80.62,19.87,29.92,32.04,12.66,1.94,9.43,38.6,3.280840304500585,8.700972080037227,3.0701278234985114
21.29,49.14,31.49,24.75,38.7,10.92,1.89,9.29,29.09,3.280840304500585,8.700972080037227,3.0701278234985114
45.06,72.67,10.38,27.49,23.01,9.93,2.26,9.3,44.11,3.280840304500585,8.700972080037227,3.0701278234985114
44.74,73.72,10.75,27.32,23.22,9.58,1.94,8.64,43.56,3.280840304500585,8.700972080037227,3.0701278234985114
58.39,82.96,9.66,23.93,29.22,11.5,0.95,5.11,52.61,3.280840304500585,8.700972080037227,3.0701278234985114
36.46,59.85,6.65,24.81,27.4,10.11,1.1,6.73,51.53,3.280840304500585,8.700972080037227,3.0701278234985114
42.26,123.28,9.29,24.9,28.6,9.92,1.07,6.48,52.67,3.280840304500585,8.700972080037227,3.0701278234985114
40.19,88.17,12.81,24.17,33.09,13.9,2.17,3.82,29.52,3.280840304500585,8.700972080037227,3.0701278234985114
37.47,63.93,13.16,27.82,37.12,13.63,1.52,4.91,31.83,3.280840304500585,8.700972080037227,3.0701278234985114
40.64,92.73,28.48,52.89,47.01,11.91,1.07,6.57,16.24,6.46,12.2,6.81
43.67,103.08,12.1,49.19,32.98,13.52,1.02,6.74,26.01,6.66,11.08,6.43
44.76,111.15,10.93,47.01,31.05,13.58,1.1,4.76,33.86,6.27,8.15,5.02
41.11,94.44,12.29,48.83,32.94,13.17,1.1,7.73,29.34,6.08,6.32,4.32
33.54,80.51,33.45,65.03,56.61,8.69,1.9,11.57,28.7,3.57,6.07,5.88
11.98,103.34,22.54,37.86,35.25,16.1,0.95,19.13,67.74,7.58,13.45,6.46
27.32,83.02,6.98,37.5,23.47,14.76,0.78,18.54,47.74,4.59,12.49,2.53
23.34,80.58,32.99,58.13,52.91,13.21,1.34,31.7,42.77,7.2,16.74,9.25
24.49,66.8,24.2,43.69,39.32,15.34,0.94,35.21,28.28,6.47,11.13,9.81
23.82,62.12,19.5,34.3,31.25,12.06,1.05,38.43,24.1,6.23,12.61,7.68
36.85,103.97,12.44,43.12,30.27,22.93,1.25,44.65,28.44,4.93,8.87,4.45
23.77,96.36,18.46,33.73,30.2,13.62,1.09,37.9,24.9,5.04,9.36,5.92
34.14,106.86,12.43,41.82,29.63,13.73,1.18,31.44,36.75,6.74,9.95,6.76
28.14,93.6,10.66,34.82,24.89,13.82,1.02,35.15,35.95,5.28,8.93,4.41
26.93,102.19,16.38,38.95,31.19,10.95,1.1,39.42,33.16,4.96,11.43,5.37
33.79,101.42,10.69,38.88,26.9,12.64,1.11,39.92,47.65,6.62,14.61,4.75
33.73,102.06,8.33,33.98,22.76,13.38,1.02,35.43,42.24,5.64,11.25,3.95
38.2,107.83,6.13,33.87,21.06,13.87,0.98,31.97,57.54,4.65,8.1,3.24
47.01,111.73,8.58,36.96,24.39,13.95,1.17,37.63,49.99,6.14,11.6,4.68
31.59,97.97,10.01,33.61,23.78,12.53,0.87,37.4,44.39,5.34,9.3,3.7
42.4,91.61,17.32,35.13,32.18,8.91,0.79,28.26,58.59,5.16,10.49,5.87
42.73,94.73,16.83,37.04,30.6,10.34,0.66,24.68,46.0,5.47,11.25,6.36
52.77,88.89,19.96,39.21,33.93,10.4,0.87,30.83,70.49,6.65,11.0,8.43
41.43,79.75,17.8,33.77,29.73,18.81,0.71,31.09,72.47,6.04,12.4,7.76
36.02,92.91,20.75,39.78,34.87,7.14,0.58,25.49,57.61,6.12,10.74,5.91
62.52,103.15,55.13,56.17,70.43,9.34,1.91,20.52,16.48,11.14,21.51,17.9
72.4,118.07,30.97,45.89,46.51,9.35,1.44,11.11,21.68,9.87,19.96,14.29
60.73,92.72,24.07,44.06,39.43,12.31,1.28,18.29,25.04,8.21,13.93,9.78
54.76,96.82,34.71,50.32,51.48,14.59,1.3,22.54,17.98,8.76,18.37,12.17
71.57,99.21,31.72,43.55,44.87,10.45,1.18,16.61,53.92,7.89,14.02,11.93
42.06,113.21,16.29,43.26,34.26,12.73,0.82,29.0,42.97,6.26,12.61,6.44
44.1,93.36,24.07,45.35,41.13,14.02,1.03,24.17,25.85,6.3,14.84,7.33
51.42,94.82,28.9,41.1,44.03,16.59,0.97,17.9,31.39,7.79,15.09,10.14
43.88,83.88,22.09,30.35,31.25,15.63,1.15,11.31,28.35,8.11,13.94,11.44
89.96,94.0,37.46,88.72,71.16,12.63,1.34,17.6,14.47,9.45,14.82,17.37
65.83,112.08,18.3,45.39,37.2,16.54,1.1,14.24,47.41,6.12,10.52,7.63
66.14,105.53,10.22,50.18,33.13,16.96,1.04,12.48,42.08,6.08,9.45,8.52
64.67,112.79,12.26,56.35,37.63,14.86,1.13,15.17,43.97,8.0,11.6,11.21
64.92,101.08,18.34,60.75,43.29,14.18,1.23,13.5,33.92,7.63,12.9,12.18
66.93,100.71,23.2,68.56,51.78,15.93,1.34,18.09,28.29,8.7,14.62,13.5
62.97,103.08,17.85,67.64,46.25,9.58,1.19,26.49,30.0,7.92,13.84,10.53
63.12,103.67,33.73,83.01,60.72,14.34,1.5,33.28,38.47,9.72,16.83,15.24
60.85,108.64,26.17,62.1,50.81,18.51,1.29,22.65,39.3,7.79,18.4,10.56
63.31,96.76,21.42,67.62,48.9,19.04,1.21,15.88,44.27,7.87,15.33,10.78
47.62,101.06,4.61,26.48,17.43,17.51,0.8,12.67,53.25,4.23,5.96,3.57
44.65,76.94,7.7,32.65,22.73,18.43,1.01,6.99,53.31,4.99,10.19,6.15
64.91,93.18,9.34,43.66,29.3,10.9,1.06,11.89,38.43,6.76,9.73,7.98
71.88,112.68,10.83,54.12,35.49,9.21,1.21,12.59,40.8,6.42,11.87,7.09
67.16,105.6,24.19,70.94,46.62,10.33,1.46,18.95,34.74,8.58,13.49,11.16
63.98,104.47,31.77,71.81,58.66,12.69,1.61,26.27,39.16,8.0,12.33,9.25
60.85,101.39,19.14,51.12,32.27,15.22,1.81,32.42,29.42,4.56,8.12,8.52
68.5,94.0,24.41,61.14,49.08,15.74,1.64,19.71,56.0,9.18,14.26,12.69
56.0,94.0,16.46,60.94,43.0,16.97,1.62,19.54,67.32,8.59,12.78,11.09
78.65,120.82,3.86,28.57,16.77,15.63,1.2,8.27,80.0,5.07,8.23,3.74
77.51,115.91,3.53,26.66,16.63,14.09,1.15,9.79,75.77,5.0,7.55,3.51
68.7,106.53,3.72,26.07,16.54,12.74,1.13,8.59,70.65,5.25,6.77,4.07
72.89,108.85,3.44,23.94,15.26,12.01,1.18,10.66,92.13,5.22,6.49,2.84
76.4,120.03,3.77,31.02,18.94,11.23,1.14,12.94,97.23,5.33,8.33,3.51
71.11,122.95,4.09,33.96,18.8,10.81,1.11,12.68,91.7,4.93,6.79,3.54
64.44,113.83,11.55,61.25,38.44,10.06,1.45,17.52,56.33,7.97,11.32,10.74
66.78,107.4,15.84,63.11,42.55,10.25,1.53,16.82,56.55,8.63,12.55,12.29
66.07,110.91,19.17,68.27,45.92,12.38,1.59,18.76,48.74,9.13,13.33,11.53
63.54,100.06,29.12,72.33,50.9,13.21,1.74,22.0,41.06,10.13,14.93,12.19
60.96,109.68,32.81,71.71,57.21,17.92,1.71,22.92,42.1,9.32,14.46,11.85
61.68,102.75,27.7,81.21,51.17,19.94,1.6,25.38,40.32,9.24,14.49,11.38
61.23,102.48,33.02,85.44,55.92,21.23,1.64,25.54,38.35,13.52,25.99,23.31
63.17,96.29,34.01,80.13,65.55,23.54,1.68,40.55,43.78,10.03,16.13,15.45
61.53,102.83,21.07,69.96,49.77,21.14,1.58,20.38,53.4,8.31,14.98,9.34
68.77,105.94,15.35,63.18,42.25,20.06,1.55,23.3,61.76,8.07,14.36,8.14
63.62,103.65,28.1,68.05,49.0,17.8,1.64,24.5,57.9,11.08,12.79,10.15
66.66,99.53,26.05,71.79,54.43,17.33,1.53,21.3,63.94,9.88,12.74,11.84
66.92,108.85,3.95,25.19,16.29,14.95,1.0,11.07,85.63,4.85,7.16,2.92
52.58,93.04,3.81,24.96,14.98,13.43,0.98,6.34,88.45,4.93,6.05,2.46
74.8,113.48,4.47,30.06,19.03,12.76,1.06,8.32,86.68,5.29,6.24,3.29
43.18,77.91,4.38,28.66,18.28,11.01,1.0,10.04,76.9,4.86,6.39,3.41
64.4,80.16,21.16,58.46,44.28,13.02,1.49,34.58,56.16,8.49,11.29,10.9
65.44,102.77,11.34,57.17,37.35,14.36,1.41,37.75,68.11,7.45,9.57,8.24
57.84,116.72,4.68,36.03,22.09,12.89,1.19,35.72,91.9,5.69,7.33,3.83
46.03,95.57,4.18,20.92,13.28,11.64,1.02,33.88,84.98,4.67,6.39,2.03
40.99,71.42,4.2,18.21,13.03,10.59,0.96,34.07,87.04,4.04,4.68,1.77
48.07,84.67,3.86,18.08,13.73,10.72,0.96,32.54,93.76,4.34,4.75,2.23
62.66,102.67,4.05,22.56,15.08,12.02,1.15,31.35,90.96,5.54,5.84,2.8
71.8,117.17,4.18,30.64,19.09,11.53,1.18,31.52,83.67,5.81,6.53,3.57
52.28,113.57,8.7,46.05,29.97,9.93,1.14,32.89,61.72,5.59,8.82,5.51
69.5,104.08,24.59,65.42,49.38,11.01,1.49,31.48,52.04,8.75,11.76,11.55
59.38,107.2,36.33,67.64,59.39,12.79,1.48,18.63,56.03,8.97,12.18,12.09
64.2,104.71,25.37,74.72,56.34,14.22,1.55,18.98,56.84,9.29,14.33,11.82
61.85,100.85,34.99,77.27,56.04,14.55,1.53,19.86,58.88,9.29,13.28,12.08
63.14,99.22,42.75,77.15,65.42,17.05,1.82,23.87,54.52,10.4,12.42,11.64
67.26,102.33,36.66,77.47,64.63,17.05,1.84,21.77,51.71,10.26,13.83,12.15
65.86,96.71,40.45,71.11,52.61,16.19,1.67,20.15,50.28,11.28,18.38,12.22
79.29,123.67,19.87,48.03,37.06,14.96,1.48,18.57,83.35,6.1,9.62,6.87
63.52,101.09,50.66,64.9,68.48,16.48,1.63,14.27,46.2,9.52,12.96,12.9
66.59,108.45,31.18,53.96,53.86,15.33,1.55,12.91,55.78,7.9,11.25,9.4
56.0,94.0,4.13,41.25,24.23,18.3,1.52,11.0,92.97,7.57,7.69,5.05
56.0,94.0,20.37,57.45,44.24,17.17,1.69,8.02,65.25,9.4,10.33,9.09
56.0,94.0,29.71,53.1,49.12,15.55,1.67,5.13,65.98,8.39,9.7,7.7
71.19,112.65,19.61,55.17,42.59,13.73,1.57,6.8,56.32,8.04,10.17,8.13
63.51,97.56,9.2,38.43,25.57,11.49,1.38,1.44,55.05,6.13,8.99,6.6
38.25,77.84,4.34,33.05,19.33,11.28,1.1,1.23,49.63,4.33,7.0,4.62
66.77,100.24,14.68,46.67,34.77,15.92,1.39,4.81,64.8,6.96,8.48,6.38
68.9,105.73,4.1,29.76,17.58,15.04,1.27,5.03,92.19,5.95,7.01,3.48
69.58,123.12,8.34,39.5,26.54,13.31,1.22,7.2,85.63,5.19,7.27,4.28
47.15,88.98,28.39,59.46,50.1,12.24,1.41,6.3,54.57,7.66,9.94,9.41
57.31,92.42,26.36,51.83,42.99,11.47,1.35,3.42,56.85,7.5,9.97,9.73
56.08,95.9,30.36,60.14,51.93,12.74,1.46,6.48,47.06,7.75,11.21,10.7
61.58,96.12,37.11,63.83,59.85,13.36,1.5,13.46,39.83,7.54,11.51,11.67
55.21,97.03,23.46,52.63,46.57,13.92,1.36,16.88,41.86,6.27,12.3,8.52
66.21,107.1,29.48,41.29,42.14,14.6,1.28,7.78,49.79,5.73,9.67,8.09
71.24,111.64,4.86,28.97,18.79,15.76,1.21,4.35,76.59,4.56,5.77,2.5
73.17,113.17,3.86,18.95,13.18,13.54,0.95,3.3,90.96,3.5,4.92,1.47
76.86,123.73,3.89,23.54,15.42,13.1,0.98,4.77,105.22,3.72,5.78,1.95
67.81,108.77,10.99,57.83,37.45,13.76,1.42,8.65,64.86,6.43,9.81,8.44
68.03,111.45,21.88,68.69,50.86,14.33,1.54,18.4,67.78,5.11,7.06,7.43
62.88,102.81,19.8,70.47,50.17,14.2,1.48,15.37,60.23,0.0,0.0,0.0
77.1,107.71,4.09,30.17,18.84,13.78,1.1,5.99,104.87,0.0,0.0,0.0
80.78,122.62,4.28,29.97,18.88,14.36,1.11,4.71,109.76,0.0,0.0,0.0
74.57,122.65,4.4,33.51,19.58,12.92,1.18,3.76,103.82,0.0,0.0,0.0
63.88,114.71,11.79,51.04,32.67,12.48,1.26,8.36,73.47,1.12,1.49,1.03
55.47,103.58,23.55,56.26,44.97,14.51,1.31,6.47,55.26,11.25,15.29,10.55
68.84,118.21,4.66,30.0,16.93,14.17,1.05,7.12,94.31,7.01,12.18,5.25
82.19,127.59,3.74,25.96,15.4,15.25,1.12,4.77,100.61,8.61,13.06,2.9
68.09,106.33,15.05,36.01,29.2,15.4,1.26,6.49,64.59,10.52,16.76,5.66
90.15,165.54,53.09,46.57,66.39,12.61,1.57,19.63,40.84,12.94,19.62,8.64
68.13,109.16,13.95,23.93,21.48,12.54,0.84,9.77,48.52,7.27,12.71,4.7
84.78,144.43,24.92,26.01,30.95,13.7,1.3,10.28,61.69,8.5,12.92,4.27
64.85,125.5,20.28,30.29,32.47,11.71,0.77,7.15,52.79,6.97,11.21,4.06
95.92,172.76,30.03,45.33,48.49,12.74,1.42,10.41,43.94,9.87,17.42,7.57
86.33,161.9,10.63,41.98,30.96,13.41,0.95,14.14,38.68,9.27,14.52,1.75
97.24,177.05,15.93,54.72,42.07,14.31,1.07,17.66,45.07,0.0,0.0,0.0
72.66,134.1,14.45,38.14,32.05,11.97,0.81,8.28,39.94,0.0,0.0,0.0
50.1,92.38,8.21,24.89,19.92,10.5,0.68,3.41,47.33,0.0,0.0,0.0
47.32,108.45,17.57,29.69,30.07,9.05,0.74,5.12,43.6,0.72,1.8,0.36
54.3,122.19,22.18,31.76,34.87,6.86,1.3,4.77,32.83,4.65,9.92,2.39
74.8,181.65,40.55,51.11,60.16,9.42,1.57,10.04,39.01,7.32,13.83,3.81
69.93,177.61,26.33,51.53,48.77,11.25,1.5,14.76,37.05,6.57,15.12,2.23
90.56,171.09,28.42,50.92,46.29,12.55,1.48,15.12,40.75,6.8,14.97,2.16
78.47,143.79,6.54,41.19,27.23,12.33,0.86,17.2,34.93,4.63,12.8,1.05
78.02,138.38,12.65,39.22,31.1,11.86,1.27,21.8,29.06,4.26,6.15,1.21
61.52,116.64,13.59,34.28,29.23,10.79,1.24,14.93,28.19,4.65,10.47,1.25
48.68,110.73,12.59,32.48,27.48,10.06,1.22,20.24,25.74,3.44,6.22,1.16
50.3,116.4,15.84,36.34,32.17,10.0,1.28,25.92,20.73,4.12,6.22,1.28
51.17,93.34,10.66,25.74,22.34,10.25,1.01,18.59,28.0,2.76,4.78,0.6
54.92,100.52,11.29,26.63,23.31,10.56,1.18,11.52,36.23,3.97,4.62,0.88
72.35,120.28,7.05,26.9,20.04,10.58,0.68,13.36,33.81,2.58,4.79,0.71
68.0,134.8,15.89,33.52,30.71,10.38,1.22,10.82,32.05,4.43,8.88,1.26
67.1,124.23,19.87,32.02,33.1,10.23,1.17,10.37,31.9,3.33,6.39,1.05
84.69,175.98,31.39,50.97,52.59,10.46,1.41,25.77,46.36,5.6,11.39,1.97
72.19,142.93,19.01,47.3,40.53,10.9,0.83,14.73,53.58,5.33,15.04,1.39
76.47,174.14,19.99,56.43,46.23,10.42,1.38,15.05,45.82,5.56,12.99,1.99
52.09,115.14,11.88,40.5,31.17,9.64,1.16,10.11,34.81,3.67,8.86,1.06
22.3,53.71,22.37,22.88,30.27,8.23,1.01,12.79,15.05,3.02,7.24,1.09
24.57,58.88,17.16,18.35,23.66,8.27,1.08,8.84,11.06,2.66,4.88,0.96
19.72,42.65,14.08,13.58,18.62,8.15,0.96,4.49,13.87,2.05,3.83,0.84
22.26,51.86,17.06,21.42,25.22,7.91,1.05,10.69,13.5,2.51,6.24,0.86
28.4,45.37,16.39,13.13,17.51,17.92,0.72,8.13,17.81,2.81,7.74,4.32
42.41,78.96,4.08,18.12,12.86,8.36,1.19,3.49,29.83,3.33,10.59,4.25
36.17,62.62,18.53,23.85,27.71,8.31,0.83,4.73,17.71,4.22,12.31,7.81
36.92,78.56,18.26,23.69,27.4,8.93,0.94,10.12,17.9,4.8,19.41,5.07
40.35,85.47,16.28,23.26,25.56,9.15,0.98,10.05,16.28,4.31,12.44,4.64
47.45,99.17,13.13,23.88,23.33,9.84,1.02,10.64,17.6,3.89,11.04,3.79
51.6,107.27,6.73,23.09,17.76,9.27,0.56,12.14,19.16,3.11,9.99,3.26
56.22,109.69,14.0,24.25,24.23,10.07,1.17,12.52,20.22,3.94,10.43,3.47
48.4,84.08,10.83,22.58,20.77,8.84,1.0,5.62,17.43,3.03,9.87,3.26
47.43,92.46,16.78,23.01,25.85,8.9,1.07,8.49,12.91,3.69,13.29,3.81
52.68,123.59,19.18,28.39,29.19,8.47,1.14,21.56,14.58,3.67,10.09,3.34
33.5,96.75,4.44,21.75,15.18,8.1,0.56,11.56,15.12,2.8,7.48,2.84
30.48,92.82,21.87,12.79,24.54,8.67,1.68,15.52,9.25,4.01,9.75,2.97
30.66,110.0,25.5,13.76,28.0,8.66,1.71,19.38,9.29,5.16,10.52,3.23
33.98,96.5,19.02,15.38,22.56,8.54,1.55,16.77,9.57,4.51,9.33,2.68
32.45,103.49,11.54,16.13,17.96,7.34,1.12,14.92,12.39,3.75,8.49,2.19
30.18,86.28,20.43,15.4,24.75,7.65,1.58,14.6,7.31,3.98,10.54,2.74
39.15,96.82,15.51,17.95,21.19,7.8,1.6,14.55,11.03,3.66,8.2,2.24
46.38,104.17,18.44,20.15,24.3,9.16,1.74,16.06,13.89,3.73,9.15,2.55
45.34,99.45,15.11,18.06,20.8,39.01,1.7,14.11,17.01,3.68,9.2,2.55
45.08,98.0,17.0,18.38,23.54,9.31,1.71,15.15,16.39,4.09,9.1,2.54
28.6,81.5,11.94,17.27,9.63,13.21,0.9,8.72,11.9,1.61,5.02,1.2
55.84,119.76,1.32,28.560659061126955,0.21,0.12,0.79,7.78,85.18,2.73,5.74,1.11
47.12,96.39,1.2,0.17,0.17,0.15,1.25,4.36,80.43,2.67,6.02,1.07
54.15,100.96,1.12,28.560659061126955,0.14,0.13,1.26,5.16,78.48,3.06,5.76,1.1
39.54,83.03,1.01,28.560659061126955,0.09,0.11,1.14,5.99,77.85,2.6,4.87,0.85
60.62,109.46,6.19,0.38,0.81,1.11,0.85,7.45,109.06,2.84,4.93,0.93
56.4,98.27,17.574729662029362,28.560659061126955,0.0,23.48347601937197,0.84,8.57,112.66,2.88,3.89,0.53
33.02,72.5,1.64,19.44,2.73,0.14,0.75,5.84,89.53,2.7,4.62,0.62
67.51,130.08,11.25,25.32,22.58,13.3,1.02,8.7,72.79,3.51,6.98,1.81
72.41,138.21,8.14,28.02,21.16,8.59,0.93,9.69,110.54,4.31,8.7,1.94
69.52,119.5,11.08,30.52,25.13,9.98,0.94,8.78,121.73,3.47,6.73,1.07
70.0,124.86,1.39,31.12,17.64,10.32,0.98,8.23,121.71,3.74,5.86,1.1
62.29,125.91,8.62,41.42,28.9,10.87,1.07,7.34,95.86,4.46,8.25,1.98
82.35,172.13,14.68,54.91,41.05,11.96,1.05,8.89,76.15,5.64,10.83,3.56
51.25,133.9,10.83,44.58,32.46,9.56,0.81,5.7,71.32,3.91,7.3,2.13
56.05,92.98,5.43,39.66,25.48,10.89,0.89,7.2,80.85,2.36,4.43,1.13
61.99,126.25,11.77,40.34,30.94,10.89,0.91,10.41,90.05,3.29,6.23,1.73
71.27,124.88,6.08,27.71,19.62,11.75,0.94,7.28,122.71,2.75,3.89,0.69
69.02,114.81,1.3,29.42,16.66,11.2,0.93,6.61,110.02,2.82,4.02,0.67
75.65,123.44,6.35,34.31,23.34,12.19,1.1,9.75,106.51,3.1,4.71,1.04
83.65,141.02,6.82,36.78,24.99,20.2,1.09,12.56,96.71,3.5,6.22,1.12
60.98,112.99,3.86,44.64,26.84,12.06,1.04,11.66,77.73,3.09,4.78,1.27
55.61,111.86,10.14,44.59,31.93,11.12,1.06,10.45,53.68,3.19,4.93,1.32
77.81,160.8,16.77,54.45,42.5,13.01,1.14,11.55,37.76,4.16,8.01,1.9
72.49,126.78,8.91,47.58,32.49,15.85,1.11,10.08,46.58,3.5,6.31,1.45
76.95,128.31,21.61,43.73,40.7,17.37,1.16,11.13,36.79,3.93,7.83,1.67
80.72,149.08,37.79,41.51,52.74,15.23,1.26,7.11,36.13,4.02,8.39,2.33
66.31,97.69,1.73,24.11,14.13,14.84,0.93,6.7,64.81,2.54,5.99,0.93
66.12,97.87,6.82,36.82,25.01,13.13,1.04,5.84,71.93,2.95,5.9,1.31
83.31,163.67,37.77,67.69,66.71,12.29,1.47,14.22,43.04,4.91,8.85,3.08
72.64,139.11,18.69,46.04,39.63,13.05,1.09,26.03,63.46,4.02,6.61,1.65
55.81,121.39,4.86,43.94,27.22,11.15,0.91,9.21,77.78,3.0,5.47,1.29
72.83,137.31,10.25,54.01,37.01,12.09,1.12,6.59,69.33,3.83,6.36,1.87
67.7,110.88,4.24,41.12,25.28,12.53,1.1,6.93,82.73,3.28,6.32,1.46
89.92,178.94,29.44,52.59,51.86,13.92,1.39,10.78,57.23,4.44,7.57,2.32
52.25,103.4,9.07,52.56,35.2,11.33,1.08,6.26,52.57,3.59,6.08,1.71
67.75,113.01,1.62,23.54,13.63,12.58,0.93,8.38,112.64,2.62,3.18,0.56
59.73,99.04,1.73,23.69,13.89,11.68,0.95,5.75,95.39,2.7,3.67,0.66
64.22,106.57,1.69,28.36,16.24,11.86,1.02,9.84,98.75,2.96,3.6,0.73
72.28,132.6,16.74,52.03,41.16,13.35,1.33,12.67,90.33,3.04,5.95,1.65
63.83,116.56,2.04,33.16,19.04,15.07,0.88,10.25,101.8,2.45,4.42,0.8
98.05,191.53,19.01,62.83,48.04,16.65,1.28,13.18,70.78,4.17,6.77,1.99
83.42,168.22,22.29,56.14,47.89,14.19,1.33,14.01,43.42,3.7,5.85,1.79
85.14,187.51,32.49,57.47,56.92,14.41,1.41,10.54,43.48,3.83,5.69,2.23
93.18,213.01,21.82,63.07,51.08,18.96,1.52,12.21,52.3,4.12,5.62,2.11
83.94,152.19,21.27,38.1,37.57,17.95,0.99,18.12,80.72,5.16,8.94,2.54
87.12,156.83,13.37,44.15,34.35,17.01,1.04,9.01,77.9,5.9,9.41,2.99
73.77,168.36,16.91,61.11,46.23,14.09,1.15,2.45,57.06,7.47,19.38,3.85
81.05,210.94,20.17,69.86,53.53,14.98,1.19,3.83,46.84,8.43,22.89,4.88
78.53,205.06,32.51,65.58,61.32,16.54,1.25,9.44,44.32,8.41,15.95,4.8
63.4,191.95,26.6,62.86,55.05,15.52,1.06,11.92,33.84,7.49,14.47,4.31
65.06,179.27,31.51,58.17,56.53,16.39,1.16,11.79,33.73,7.41,14.98,4.76
69.68,183.64,43.41,57.75,66.0,19.37,1.02,11.14,32.3,8.28,14.87,6.18
62.76,139.55,23.22,49.41,45.16,18.36,0.66,9.09,21.18,6.68,17.02,3.81
51.09,114.01,18.01,47.2,39.76,16.05,0.59,10.01,28.8,7.01,20.99,3.29
49.31,125.65,25.44,41.02,42.5,13.87,0.61,9.03,18.52,6.7,18.5,3.86
72.97,129.71,4.22,29.17,15.38,11.54,0.44,10.67,31.16,6.39,9.11,1.92
72.05,116.58,1.59,28.560659061126955,0.3,0.23,0.48,9.29,60.2,4.18,9.5,1.52
65.12,122.26,1.62,28.560659061126955,0.38,0.26,0.49,10.64,99.5,4.3,6.38,1.3
52.38,113.91,0.98,6.49,2.22,1.42,0.51,8.12,81.06,4.17,7.44,1.8
67.26,169.98,4.29,11.17,9.43,2.05,0.71,10.5,58.92,7.43,13.43,4.97
72.41,150.5,3.63,8.09,5.75,0.98,0.65,10.83,47.88,5.91,10.28,3.92
82.74,155.27,1.0,0.51,0.98,0.15,0.73,10.53,30.64,7.24,12.42,4.18
66.72,112.92,0.44,0.64,0.6,0.19,0.49,10.45,44.98,4.92,13.43,2.18
78.83,143.59,0.84,0.81,1.04,0.24,0.54,9.74,34.1,5.97,9.42,2.72
81.56,161.53,5.29,18.27,13.07,4.64,0.72,10.34,29.31,6.56,16.56,3.43
72.27,183.23,24.48,49.32,46.12,11.02,0.81,10.01,32.77,7.49,13.37,4.3
71.19,194.15,18.76,65.2,49.93,11.49,0.74,17.08,37.11,7.24,17.12,3.6
76.45,188.84,16.74,58.72,44.85,12.7,0.77,16.64,36.6,6.53,18.67,3.38
86.82,256.85,85.97,90.43,117.99,16.13,1.71,29.37,20.95,11.15,34.23,9.54
58.94,171.6,15.01,80.37,49.45,19.85,0.94,21.12,49.87,6.75,12.01,4.33
48.33,136.39,11.32,59.48,40.83,16.1,0.77,17.88,37.29,5.89,12.9,3.35
50.69,151.74,16.79,67.88,49.76,15.15,0.76,19.73,36.33,6.03,15.35,3.96
56.85,149.89,14.87,58.84,43.38,15.32,0.82,18.51,38.14,7.16,17.09,3.79
54.86,138.5,12.4,49.57,36.46,15.31,0.77,22.91,31.66,5.59,14.59,2.52
37.05,124.78,7.76,56.87,36.56,13.23,0.71,39.68,28.0,5.0,11.26,2.28
31.85,118.47,9.1,57.8,38.14,10.22,0.71,27.14,26.32,4.86,9.74,2.05
47.48,133.72,10.51,51.33,35.96,12.15,0.83,20.42,24.56,5.41,12.49,2.99
48.65,123.68,5.95,43.91,28.18,12.89,0.77,15.75,43.75,6.14,17.79,2.12
64.04,147.36,13.35,48.57,36.69,18.27,0.88,13.82,31.67,6.19,14.16,3.57
50.73,96.61,2.52,20.95,13.2,16.02,0.54,2.57,50.33,3.14,6.63,1.57
60.64,143.53,12.17,44.34,33.86,15.37,0.75,11.94,45.95,6.26,11.09,3.4
63.92,142.07,7.35,52.48,33.9,12.73,0.82,14.67,42.88,5.56,10.35,2.71
57.28,125.83,9.02,48.37,33.06,12.37,0.73,19.82,31.2,5.77,10.27,2.7
48.89,122.96,10.99,55.29,38.34,10.16,0.78,18.72,27.85,6.25,14.94,3.05
39.85,123.78,9.77,56.73,38.12,10.12,0.78,22.65,29.5,6.55,17.08,3.14
42.34,107.78,16.56,39.02,34.22,10.74,0.83,20.9,11.81,5.38,9.71,2.89
96.1,175.91,9.9,66.65,43.48,15.38,1.1,15.43,57.75,8.82,13.14,4.33
67.56,108.03,7.26,39.88,27.24,14.5,0.66,9.05,37.93,4.75,10.86,2.13
55.97,106.51,8.08,40.7,28.34,12.55,0.64,17.06,22.72,4.24,9.59,2.33
60.63,120.63,14.38,46.99,36.83,14.27,0.76,22.86,10.8,5.29,9.51,3.03
51.64,108.06,10.31,41.97,30.71,11.16,0.68,16.68,17.12,5.31,9.47,2.61
55.66,139.74,5.8,41.72,26.56,11.71,0.93,13.78,17.41,5.6,7.3,2.44
54.05,115.06,4.25,31.7,20.32,12.93,0.65,8.25,25.26,4.19,6.07,2.04
45.64,97.95,4.34,27.43,18.13,13.32,0.54,4.7,29.04,2.62,3.95,1.15
48.2,107.48,12.51,40.51,31.57,10.91,0.67,24.17,13.97,4.89,7.96,2.8
36.96,88.07,9.2,34.75,25.96,7.44,0.62,10.53,19.03,4.42,10.19,2.46
19.27,81.33,9.64,27.8,22.62,8.11,0.62,6.64,13.05,4.35,8.55,2.72
81.14,64.46,8.78,34.7,25.57,10.15,0.46,8.49,34.93,4.8,9.81,2.39
16.11,71.82,7.45,25.8,19.79,10.66,0.48,8.2,7.76,3.64,5.7,1.73
20.64,84.06,9.32,29.74,23.52,10.08,0.44,9.07,18.33,4.6,8.71,2.45
34.18,107.24,2.87,20.48,13.24,12.8,0.43,3.51,42.74,3.19,6.31,1.71
39.17,102.24,6.0,33.55,22.91,13.36,0.43,7.38,30.22,3.95,10.88,2.14
57.79,144.62,6.22,51.13,32.14,11.48,0.51,12.56,40.88,5.85,14.5,3.71
35.24,84.35,6.1,46.12,29.49,10.57,0.5,10.84,42.3,5.24,12.24,3.4
35.64,136.51,9.51,46.06,32.36,12.77,0.63,19.68,26.85,5.61,10.01,3.07
38.98,148.5,8.86,46.8,32.22,14.31,0.53,18.59,32.99,4.68,10.14,3.34
53.56,188.11,7.4,52.52,33.19,14.28,0.55,26.72,30.34,5.44,9.36,2.82
50.78,173.25,6.21,41.44,27.28,15.95,0.39,21.93,47.03,4.84,11.28,1.81
67.45057794890306,118.12710293078135,17.574729662029362,28.560659061126955,32.30912333307031,23.48347601937197,2.2485982090856145,14.53197725590996,34.49143047551845,3.280840304500585,8.700972080037227,3.0701278234985114
27.7,106.31,1.39,38.37,21.07,12.44,0.35,15.97,27.5,3.55,8.77,2.35
30.25,95.68,1.34,35.29,19.72,12.73,0.46,18.1,33.16,3.35,6.23,2.01
33.04,113.38,2.63,41.73,23.17,10.05,0.56,18.17,13.23,5.99,13.04,4.88
36.78,138.91,10.14,37.23,28.04,10.9,0.72,13.25,17.24,6.49,10.93,3.73
41.99,137.9,9.11,38.59,27.93,11.81,0.58,11.7,18.61,6.29,10.04,3.78
43.56,128.51,10.1,38.15,28.5,10.99,0.66,9.21,16.97,6.23,11.11,3.86
44.48,150.92,11.06,43.93,32.35,8.22,0.59,7.5,14.34,5.61,13.22,4.68
35.02,127.79,10.73,38.7,29.3,8.57,0.55,12.02,13.41,6.52,18.93,3.64
35.58,108.84,8.78,35.59,26.06,9.96,0.53,11.23,19.99,4.71,11.46,3.5
40.33,127.5,9.14,34.26,25.65,8.97,0.45,7.3,17.03,4.11,11.28,2.21
43.0,157.0,15.52,52.68,40.03,9.86,0.99,12.92,14.31,8.42,17.17,7.91
40.26,109.01,9.59,34.1,25.94,8.08,0.33,7.57,19.84,3.5,10.82,2.71
52.43,165.01,12.56,40.08,31.53,8.35,0.51,7.34,16.1,4.36,16.14,3.52
53.49,166.88,17.65,46.16,38.91,10.33,0.67,6.51,18.95,6.15,23.18,4.99
67.45057794890306,115.41,6.84,29.97,21.49,10.86,0.37,2.02,20.89,4.59,20.04,2.58
48.5,140.55,14.91,45.67,36.42,12.04,0.59,11.38,20.66,7.43,15.77,4.94
45.4,83.09,14.02,34.88,29.95,11.13,0.52,2.45,8.5,5.1,15.44,4.14
53.32,107.32,17.93,45.44,38.74,12.2,0.64,7.69,11.07,5.74,17.27,3.98
41.97,108.88,13.79,48.76,37.14,12.83,0.9,10.66,29.39,7.33,12.81,5.54
48.18,133.73,10.11,38.12,28.09,9.07,1.11,5.28,16.78,5.92,10.93,4.79
43.89,110.32,6.23,28.8,20.38,8.75,0.84,4.08,25.09,4.33,10.69,3.82
51.3,125.77,31.93,47.77,51.37,8.02,1.36,3.97,14.49,7.65,21.2,6.18
35.33,84.6,30.83,43.2,48.05,6.05,1.13,6.77,9.39,5.39,18.08,6.08
41.12,101.34,12.18,41.07,31.75,8.39,0.97,3.64,18.32,4.49,14.19,3.87
48.18,133.49,18.2,45.56,39.04,8.03,0.93,11.99,11.47,5.14,15.29,4.87
41.28,105.99,16.49,42.57,36.04,7.55,0.96,8.45,13.77,5.44,15.96,4.82
47.03,134.82,10.82,37.44,28.72,8.34,0.88,8.23,27.53,4.66,10.89,3.14
65.02,165.7,13.02,32.44,27.85,9.17,1.03,3.32,36.85,5.38,11.25,3.55
48.09,123.99,9.82,37.19,27.76,8.04,0.95,2.95,21.01,4.87,17.3,3.25
47.34,100.31,15.0,41.09,34.05,8.5,0.98,3.86,16.42,4.83,16.23,4.08
56.6,114.28,9.97,38.93,28.81,9.14,1.01,4.19,14.83,5.24,16.69,4.25
64.77,109.78,5.32,26.21,18.28,8.12,0.86,2.81,21.69,4.44,16.07,2.53
62.22,147.66,18.31,44.38,38.49,10.56,1.03,3.05,28.63,5.87,15.27,6.08
67.61,192.29,10.63,51.88,36.23,11.24,0.95,2.85,26.42,5.55,13.89,5.44
47.77,129.97,12.96,43.66,33.75,10.27,0.97,2.73,24.79,5.12,13.07,4.65
71.26,105.67,16.14,51.8,40.68,11.68,1.05,3.22,16.1,5.25,19.84,4.42
37.58,74.29,7.22,35.07,24.52,9.31,0.81,5.38,38.07,3.48,9.36,2.75
38.46,101.61,17.9,28.05,29.47,6.47,0.45,1.31,40.03,4.26,11.1,3.97
52.09,119.12,19.75,27.89,30.9,7.62,0.46,3.09,36.61,4.18,10.89,2.39
73.3,125.23,8.21,29.07,22.13,21.52,0.52,3.69,47.84,4.1,9.4,2.68
64.0,137.38,13.61,32.38,27.8,47.68,0.49,4.75,44.3,4.73,10.57,4.5
31.64,104.29,13.19,29.95,26.65,68.42,0.41,4.53,34.49143047551845,3.35,8.96,2.01
62.23,141.49,15.72,37.26,32.44,27.72,0.66,3.19,18.47,5.1,11.79,4.11
57.35,154.36,22.65,42.21,40.86,24.63,0.57,3.3,21.5,4.68,11.53,3.98
78.54,181.76,18.59,46.02,39.58,24.65,0.68,3.7,26.83,5.16,12.67,5.1
69.29,155.0,5.47,32.8,21.9,17.76,0.55,3.7,37.8,3.38,7.82,2.67
54.88,122.81,4.5,27.32,18.25,21.39,0.57,3.87,39.34,3.37,7.95,2.22
42.4,126.5,5.03,30.66,20.39,14.7,0.54,3.71,35.3,3.85,9.11,2.6
31.74,93.9,9.86,39.07,28.8,12.68,0.64,8.16,33.84,4.3,10.53,3.41
49.33,137.83,14.88,63.88,46.08,14.13,0.96,28.82,22.92,7.92,25.12,5.2
43.88,110.35,10.23,49.84,34.83,12.58,0.69,12.45,29.07,6.08,18.5,3.65
69.73,118.55,6.53,36.05,24.48,15.64,0.53,5.9,50.27,3.81,9.67,2.26
58.04,99.35,14.0,49.77,37.85,12.16,0.61,8.68,37.85,4.62,10.6,3.73
86.27,164.46,22.33,62.09,51.18,12.52,0.8,20.28,66.53,6.24,12.87,5.72
145.0,209.56,9.88,50.73,35.02,13.74,0.78,13.31,66.45,6.57,15.11,4.89
69.05,187.53,9.8,45.83,32.34,13.85,0.67,10.09,66.17,5.75,14.48,4.47
99.12,213.95,18.6,56.25,45.03,14.97,0.75,12.67,64.33,5.62,12.76,5.09
78.89,198.9,28.48,62.3,56.28,12.4,0.9,13.32,57.29,6.79,14.27,6.04
52.93,123.25,4.02,42.35,25.79,10.93,0.77,6.46,88.11,4.28,9.8,3.33
63.16,208.22,12.52,57.54,40.79,11.09,0.76,11.04,84.77,5.4,11.43,4.8
44.31,107.47,3.41,22.51,14.74,10.49,0.61,7.37,128.93,3.12,5.67,1.27
34.42,70.48,3.57,19.74,13.4,10.27,0.63,5.3,93.99,2.9,5.78,1.4
101.79,160.09,27.33,44.43,45.85,7.79,0.74,19.0,39.23,4.82,10.14,3.61
48.16,108.47,13.22,29.96,26.68,12.58,0.66,5.47,40.88,3.51,7.77,2.97
66.51,160.33,14.16,33.99,29.59,14.08,0.74,13.53,51.26,4.62,8.39,3.38
87.49,141.5,3.14,18.34,12.31,14.63,0.69,15.16,118.98,3.17,5.9,1.2
56.29,120.8,3.58,24.96,16.19,9.87,0.75,10.24,116.88,3.85,6.81,1.65
72.47,131.34,3.42,21.2,14.06,10.68,0.75,8.52,133.4,3.96,5.55,1.38
57.22,108.41,3.29,18.49,12.5,9.31,0.73,5.04,101.83,3.74,6.09,1.58
54.95,111.88,3.34,17.67,12.13,8.49,0.81,3.19,78.71,3.52,6.06,1.96
57.21,138.21,7.95,20.42,17.34,9.23,0.7,3.03,63.84,3.59,5.51,1.96
40.27,97.11,10.89,27.34,23.39,7.52,0.64,8.67,37.11,3.33,6.76,2.05
61.71,120.39,6.39,37.42,25.09,15.55,0.68,7.74,84.67,4.46,8.49,2.17
89.61,148.52,4.41,29.08,19.05,13.29,0.85,5.29,130.07,4.96,9.2,2.3
69.72,122.47,4.28,28.88,18.79,10.83,0.84,5.33,93.69,4.31,7.97,2.67
82.35,135.92,4.34,27.44,18.12,12.38,0.84,5.79,86.41,4.37,9.29,2.48
80.16,144.93,4.29,20.91,14.62,12.2,0.79,7.69,98.99,4.15,6.86,1.38
78.08,168.15,4.05,19.55,13.69,11.99,0.72,10.34,88.9,3.76,5.03,1.03
53.03,107.74,4.65,22.34,15.67,10.4,0.61,7.09,49.89,2.87,5.47,0.99
86.99,132.35,4.27,32.17,20.58,14.09,0.68,14.53197725590996,105.91,0.01,0.01,0.01
87.29,141.81,9.4,47.11,32.71,12.32,0.63,14.53197725590996,102.54,1.7,3.65,1.35
70.2,116.5,2.04,21.96,13.33,12.9,0.47,17.86,99.99,2.53,7.21,0.77
102.42,213.54,5.7,29.75,20.46,12.18,0.96,14.97,128.67,3.05,4.94,1.03
45.94,56.4,14.33,22.82,23.79,14.3,0.63,7.14,25.44,3.06,6.2,1.84
80.45,129.08,2.37,17.27,11.11,17.47,0.78,6.64,69.36,3.23,4.96,0.63
85.77,138.65,6.2,42.57,27.67,14.85,0.88,8.47,51.84,3.51,5.42,1.37
79.75,127.43,5.36,44.93,28.26,14.54,0.83,8.68,62.36,3.15,4.48,1.34
71.88,117.96,2.97,33.23,20.1,13.49,0.71,10.28,77.3,2.15,3.84,0.87
57.58,106.17,2.8,35.5,21.16,11.43,0.7,7.14,89.74,2.11,3.9,0.82
53.84,106.93,11.78,51.62,37.03,10.88,0.84,7.87,83.16,2.56,5.05,1.38
71.09,144.15,6.02,46.25,29.51,14.77,0.85,5.64,77.64,2.83,4.04,1.24
76.34,140.91,12.42,42.83,32.88,19.15,0.83,13.4,21.97,1.8,4.79,0.5
76.17,118.12710293078135,4.18,31.31,20.05,14.0,0.82,5.9,42.82,1.38,1.92,0.58
59.05,124.13,3.08,28.13,17.47,12.39,0.68,4.38,65.86,1.2,2.11,0.17
54.84,126.53,3.32,33.09,20.3,11.44,0.72,5.12,69.7,1.36,3.45,0.28
59.6,124.4,4.22,33.96,21.5,10.85,0.78,6.52,91.09,1.31,2.38,0.26
94.42,178.56,30.85,60.03,57.02,11.61,1.06,8.19,50.52,3.18,3.84,1.07
55.03,94.34,3.61,30.02,17.16,10.53,0.74,6.43,59.81,1.47,1.98,0.37
67.33,138.24,24.49,44.68,43.67,10.43,0.86,7.87,37.87,2.11,3.61,0.68
50.92,109.68,6.96,34.62,24.08,9.49,0.81,11.06,28.92,1.89,3.65,0.44
51.74,100.88,12.68,37.14,30.07,8.91,0.79,20.8,17.83,1.9,3.36,0.64
52.8,118.58,10.35,40.23,29.58,10.5,0.67,10.17,28.71,1.87,5.97,0.41
51.41,128.17,11.2,47.12,33.81,9.68,0.84,13.49,17.21,2.13,3.96,0.65
41.71,144.36,14.69,50.67,38.99,11.17,0.72,33.77,20.74,1.83,4.17,0.46
48.26,165.39,16.54,36.7,33.12,14.7,1.11,24.73,12.13,2.47,3.92,0.67
52.58,169.83,8.1,28.68,21.83,13.21,0.89,7.1,1.55,2.72,2.85,0.64
42.23,111.52,10.3,32.32,25.64,15.18,0.74,14.82,13.43,1.83,3.18,0.6
30.85,93.77,7.01,23.55,17.86,13.6,0.67,7.93,20.43,1.58,4.05,0.34
30.96,123.07,15.16,53.94,41.01,6.77,0.71,25.05,14.33,1.85,3.12,0.68
42.54,133.44,11.91,51.99,37.33,9.45,0.71,23.47,15.38,1.8,2.69,0.54
50.39,159.08,20.49,61.21,49.22,9.92,0.84,25.54,16.02,2.48,5.05,0.67
43.56,116.19,10.54,38.18,28.88,10.07,0.72,12.45,22.29,0.88,1.28,0.18
28.18,95.94,5.96,25.99,18.67,8.88,0.59,8.67,18.53,0.94,1.5,0.16
31.12,105.29,12.4,36.11,29.29,8.76,0.77,11.71,13.51,3.16,6.39,1.52
31.06,108.14,15.64,35.72,31.71,7.9,0.87,11.38,10.46,3.76,5.71,1.12
37.15,104.69,15.62,36.12,31.91,7.17,0.86,12.35,8.66,2.55,5.63,0.76
44.75,133.71,18.2,45.4,38.95,7.48,0.88,22.5,8.84,3.16,4.71,0.91
43.25,133.41,8.31,35.51,25.64,6.01,0.94,10.1,17.23,3.16,5.88,0.93
28.42,103.06,11.85,36.19,28.89,5.34,0.95,17.8,10.37,2.34,5.13,0.71
27.5,89.44,13.6,35.23,29.79,5.19,0.88,14.67,9.43,1.83,3.93,0.7
25.61,85.39,8.02,41.37,28.52,5.39,0.64,12.44,17.83,2.48,5.67,0.79
31.45,120.82,20.27,42.89,39.3,7.41,0.87,19.8,9.43,4.6,7.18,1.72
35.3,116.16,15.75,33.42,30.58,7.0,0.8,6.68,10.95,2.97,5.23,1.21
31.25,102.2,15.92,24.69,26.08,5.86,0.75,5.09,7.71,1.83,4.44,0.72
38.9,120.33,12.73,27.19,24.81,24.31,0.79,2.88,11.15,2.46,3.92,0.86
29.45,96.85,12.22,23.62,22.35,34.25,1.01,2.41,9.02,1.9,4.55,0.73
25.92,104.1,16.81,19.16,23.85,38.69,0.83,3.27,8.65,2.88,3.22,0.61
52.61,180.09,4.74,32.12,20.93,31.66,0.86,2.49,36.58,2.56,4.47,0.95
65.23,220.1,6.93,42.18,28.07,26.72,0.95,3.66,32.99,3.03,3.88,0.66
67.2,216.54,7.84,31.58,23.17,31.93,0.9,3.34,26.11,2.39,4.32,0.66
56.08,194.4,11.34,35.5,28.1,25.79,0.85,3.37,15.57,2.01,3.2,0.55
54.82,183.91,6.11,22.26,16.8,41.26,0.64,2.01,23.67,2.06,2.71,0.42
61.23,188.33,8.18,26.94,20.98,16.66,1.16,4.41,33.61,3.34,5.08,0.94
56.23,171.44,4.67,18.5,13.62,26.89,0.81,3.73,36.53,2.85,4.14,0.74
49.08,163.64,5.63,11.09,10.49,3.62,0.87,3.19,25.23,2.72,4.09,0.79
44.74,147.05,4.91,10.19,9.26,23.45,0.71,3.32,24.45,2.42,3.59,0.61
43.14,168.58,7.54,11.43,12.19,9.65,0.98,2.82,17.65,2.92,4.07,0.73
37.06,122.82,5.88,10.67,10.43,5.51,0.69,2.64,19.63,2.03,4.12,0.68
45.0,113.4,5.28,4.13,6.02,7.08,0.9,7.43,23.34,1.98,3.35,0.59
29.21,130.06,10.51,19.75,18.92,12.63,0.84,9.12,15.88,2.87,5.45,0.72
35.01,127.26,10.53,40.82,30.27,4.86,0.97,7.74,16.0,2.45,5.64,1.13
40.21,139.76,13.36,42.51,33.59,5.31,0.96,6.94,14.09,2.52,4.46,0.95
38.02,124.52,11.59,38.62,29.97,6.32,0.68,25.27,11.39,2.07,3.34,0.86
31.98,117.35,11.57,32.0,26.43,6.16,0.79,9.84,11.98,2.28,3.52,0.8
32.84,120.24,14.11,32.44,28.73,17.9,0.67,13.58,11.28,1.49,2.2,0.46
26.16,103.66,10.78,28.5,23.92,12.54,0.73,10.67,10.02,1.69,2.06,0.45
29.8,104.97,9.9,29.1,23.53,5.34,0.77,11.11,13.22,1.88,2.5,0.54
39.15,123.66,9.88,31.19,24.62,7.44,0.82,7.83,17.42,1.63,2.05,0.4
57.41,131.82,5.22,33.59,22.11,4.44,0.75,7.1,26.98,1.94,1.84,0.39
31.75,127.6,7.55,34.42,24.46,3.11,0.79,6.71,32.66,2.08,2.7,0.63
39.54,117.65,12.21,51.29,37.33,1.9,1.06,18.0,29.81,3.99,6.75,1.6
33.95,112.15,11.21,44.94,32.14,1.71,0.85,29.13,19.85,3.07,5.7,1.83
33.91,103.26,6.99,42.39,28.22,2.52,0.8,17.44,23.55,3.83,6.86,2.63
37.1,107.98,6.56,31.49,22.21,4.8,0.77,4.73,24.16,3.35,6.07,1.77
45.29,106.33,7.38,29.3,21.59,8.43,0.76,6.79,30.85,4.59,8.09,2.53
42.08,113.64,18.3,50.29,41.75,3.73,0.86,9.46,16.86,5.72,17.77,4.03
38.91,123.12,8.69,35.15,25.77,4.53,0.84,8.96,22.76,5.45,9.33,3.73
45.26,127.45,8.4,35.69,25.79,6.4,0.85,13.73,18.08,6.15,8.71,2.81
37.51,118.95,6.51,32.28,22.46,3.04,0.74,11.74,18.21,5.39,7.21,2.16
55.58,133.27,6.45,46.77,30.12,5.79,0.9,14.09,31.21,5.53,10.18,2.8
47.28,116.44,5.79,51.94,32.33,5.43,0.82,15.56,40.04,6.59,14.42,3.39
67.45057794890306,131.6,8.97,51.42,34.76,4.03,0.86,23.45,21.92,7.58,11.37,3.8
27.89,94.44,5.57,43.7,27.77,2.49,0.75,12.47,35.08,4.56,10.61,2.75
39.18,130.58,10.88,54.95,38.2,2.65,0.97,18.97,21.48,7.25,15.75,3.93
37.35,138.02,7.87,46.38,31.2,2.71,0.76,21.26,24.49,5.66,10.97,3.21
40.03,141.42,11.35,40.83,30.06,4.1,0.69,21.41,19.68,3.92,9.24,1.68
33.4,100.52,12.51,53.01,38.49,5.01,0.78,9.52,17.89,6.24,22.56,4.13
59.13,196.5,11.49,56.36,39.33,7.92,1.08,11.91,13.25,10.35,19.07,4.78
37.62,105.75,9.24,38.69,28.1,4.81,0.89,6.32,17.01,5.81,12.49,3.62
56.84,114.49,20.05,63.61,50.14,5.83,1.11,8.07,11.88,9.83,26.43,7.23
25.84,91.36,12.85,42.21,32.9,7.97,0.8,14.17,9.36,5.24,14.78,4.15
33.41,141.22,10.19,43.53,31.44,7.41,1.02,14.2,10.3,7.05,12.82,4.3
33.55,139.81,11.72,40.73,31.2,7.02,0.68,14.65,11.12,6.83,11.15,3.61
33.67,85.62,13.64,41.48,33.15,6.54,0.61,14.04,6.21,5.4,11.03,3.88
30.74,139.65,15.7,46.97,37.74,5.3,0.69,31.92,6.92,5.89,10.78,3.02
26.75,100.5,10.06,35.87,27.26,5.77,0.59,23.57,7.95,3.32,6.01,1.49
31.12,121.6,11.42,40.55,30.85,4.98,0.83,9.07,9.17,4.87,9.05,3.33
25.62,106.83,10.77,34.25,26.97,7.96,0.63,7.67,9.32,4.2,7.9,2.76
20.88,95.85,8.9,34.46,25.57,6.4,0.5,7.07,11.47,4.08,7.44,2.73
34.28,118.77,11.76,41.25,31.5,6.85,0.52,6.76,10.65,5.13,11.37,4.14
28.47,84.28,11.2,41.79,31.34,6.26,0.37,6.88,4.38,4.2,9.27,1.79
41.9,130.91,16.51,49.44,39.72,8.12,0.95,5.05,13.19,8.1,20.31,3.74
57.36,161.99,20.86,59.13,48.41,9.14,1.07,6.75,14.7,8.11,19.16,6.34
40.74,106.84,7.75,33.3,24.01,9.25,0.63,12.61,25.08,5.28,13.23,3.08
58.92,110.31,16.16,48.17,38.77,11.25,0.93,9.67,12.78,7.76,19.72,5.27
32.33,124.88,14.67,43.05,34.83,7.19,0.98,9.68,7.18,6.07,11.7,3.55
26.12,90.2,13.03,34.39,28.89,7.49,0.88,10.89,6.41,4.4,9.58,3.09
29.25,82.66,11.2,26.37,23.14,9.1,0.69,13.81,12.65,4.61,13.66,2.99
38.76,100.88,11.89,29.49,25.35,11.8,1.04,11.26,9.43,6.95,21.26,5.21
38.11,101.57,7.43,22.38,17.94,10.34,0.75,10.36,15.09,5.31,11.18,3.51
44.17,162.64,5.18,29.12,19.7,11.33,1.17,15.21,10.91,5.5,4.95,1.23
39.9,91.54,9.41,9.45,12.24,23.48347601937197,1.03,12.4,19.0,5.41,15.28,4.27
49.19,107.54,11.17,13.93,16.42,23.48347601937197,1.35,14.32,15.85,7.59,17.78,6.54
51.98,128.99,6.45,11.32,11.27,23.48347601937197,1.05,10.99,11.92,6.69,20.74,5.89
36.68,93.0,7.58,9.43,11.19,2.84,0.7,9.77,15.12,7.85,19.49,3.58
45.17,124.19,15.13,15.42,20.51,2.82,1.24,9.78,12.48,9.97,32.15,12.57
35.18,105.31,4.73,9.73,9.03,5.14,0.79,9.85,22.84,5.29,10.53,3.71
32.64,106.67,5.44,9.42,9.43,5.12,0.65,13.95,19.52,5.27,13.29,3.43
67.45057794890306,118.12710293078135,17.574729662029362,28.560659061126955,32.30912333307031,23.48347601937197,2.2485982090856145,14.53197725590996,34.49143047551845,3.280840304500585,8.700972080037227,3.0701278234985114
33.74,106.76,17.0,42.43,35.44,6.52,0.95,10.84,17.76,5.37,12.5,5.13
35.28,98.36,21.98,42.02,40.22,5.6,0.95,14.92,17.79,5.44,14.41,5.22
39.35,93.44,8.6,39.29,28.02,6.93,0.73,11.27,28.48,3.61,11.06,4.13
23.9,50.1,67.93,41.9,77.63,3.96,1.62,14.48,14.53,6.71,18.8,9.39
35.29,116.42,90.84,35.82,89.98,4.86,1.27,36.42,13.48,6.79,18.05,8.06
42.61,185.5,77.73,43.36,86.26,16.1,1.19,7.74,11.51,8.45,22.33,11.31
26.99,88.4,14.96,41.21,34.2,32.57,0.63,28.81,22.9,4.52,17.29,3.15
57.44,157.35,30.91,65.83,60.15,28.27,0.87,21.33,23.63,9.66,23.43,12.41
27.58,112.85,22.29,33.36,35.88,3.35,0.68,21.97,21.4,4.88,14.47,3.04
28.92,161.21,24.9,34.79,38.75,4.75,0.6,21.58,24.13,3.05,8.76,2.92
28.02,46.85,1.95,27.55,15.79,3.44,0.56,30.78,43.62,2.96,8.28,1.88
37.82,88.58,22.91,56.87,48.88,1.16,1.44,22.24,19.29,5.48,12.05,3.52
116.65,192.8,32.3,41.26,47.34,4.86,1.11,26.63,22.5,1.27,5.51,1.25
63.19,109.0,25.5,42.84,43.48,12.52,1.0,18.43,37.39,3.85,8.31,2.32
78.9,144.14,22.21,40.43,39.56,17.77,1.06,18.88,33.46,5.51,12.84,2.68
86.71,157.26,25.08,43.75,43.67,16.22,0.95,16.03,41.03,6.17,16.87,4.64
77.22,174.76,44.7,76.77,77.19,13.36,1.05,21.67,37.14,7.16,16.22,5.62
57.05,142.8,30.38,57.39,55.22,12.24,0.93,19.4,33.06,6.63,16.24,4.32
38.34,88.54,14.13,41.66,33.73,6.36,0.88,11.09,42.15,4.12,9.27,2.42
37.12,98.86,22.24,43.05,40.98,2.37,1.1,6.17,39.97,4.52,11.43,2.9
36.97,104.19,14.02,36.46,30.8,21.37,0.74,2.78,51.42,4.52,10.57,2.62
55.7,104.68,2.94,30.96,18.83,42.86,1.0,7.36,78.85,2.8,7.56,1.24
59.7,108.74,2.79,35.91,21.37,30.83,1.11,5.88,74.13,3.08,8.74,1.42
57.56,111.17,3.63,38.74,23.55,10.14,0.84,8.04,79.93,5.27,11.02,2.08
73.45,129.85,2.47,24.11,14.83,13.57,0.76,8.92,86.67,3.81,8.16,1.13
69.65,120.93,2.69,26.1,16.04,12.15,0.77,8.16,92.94,4.07,9.7,1.16
51.21,101.16,2.88,29.86,18.22,9.97,0.69,7.72,87.78,3.9,8.82,1.32
53.08,100.93,2.99,33.47,20.15,10.77,0.75,8.3,84.27,3.99,10.49,1.62
68.83,119.7,3.06,41.14,24.34,11.77,0.81,7.53,79.97,4.32,10.56,1.81
90.0,147.0,3.55,85.93,48.58,12.55,1.27,9.9,43.62,5.97,14.9,3.9
72.71,119.26,2.87,28.31,17.37,10.91,0.85,9.67,84.34,4.67,9.1,1.1
44.67,80.81,3.12,29.73,18.36,8.41,0.64,8.46,63.97,4.06,9.32,1.24
64.34,102.9,2.9,29.06,17.81,10.27,0.8,8.3,77.18,4.64,7.83,1.13
56.81,94.56,2.49,23.67,14.62,10.36,0.74,8.46,78.8,4.28,6.69,0.87
65.08,113.55,2.82,29.86,18.18,10.17,0.75,9.17,88.44,4.53,8.07,1.58
71.12,125.12,2.71,33.16,19.84,9.85,0.82,9.14,84.58,4.62,11.04,1.52
63.36,113.04,3.29,34.16,20.84,9.51,0.74,8.34,82.55,3.79,7.67,1.44
76.4,129.34,2.7,32.77,19.64,10.06,0.69,8.42,91.88,4.26,6.92,1.3
58.41,110.56,3.46,42.14,25.23,9.36,0.69,8.35,83.84,4.44,8.28,1.7
34.71,112.54,39.06,43.66,54.98,8.86,1.1,6.22,34.18,6.2,13.11,4.49
37.07,110.43,11.7,35.91,28.61,10.64,0.95,8.72,47.92,4.4,9.01,3.35
75.61,121.94,2.95,27.03,16.78,15.92,1.12,8.24,74.21,4.93,7.53,1.13
75.54,126.76,3.12,27.0,16.91,14.8,1.14,6.7,78.9,4.66,7.67,1.09
74.33,124.21,2.82,27.03,16.67,13.42,1.1,7.84,77.99,4.5,7.16,1.06
68.72,118.43,2.94,26.22,16.34,12.62,1.02,7.57,85.54,3.77,7.51,1.0
72.61,145.62,10.87,38.84,29.5,13.95,1.12,8.36,71.85,5.06,8.77,2.38
71.04,118.12710293078135,2.8,27.8,17.06,11.59,1.02,8.05,88.12,3.58,7.49,0.95
80.01,118.12710293078135,3.15,33.74,20.51,12.24,1.13,8.9,89.28,4.06,6.8,1.33
94.38,118.12710293078135,3.06,41.64,24.62,20.96,1.44,5.84,71.56,5.84,9.01,1.61
62.22,118.12710293078135,22.95,52.05,46.34,9.98,1.16,9.19,52.37,6.58,12.59,4.49
51.79,118.12710293078135,34.78,48.39,54.01,9.56,1.24,9.01,34.62,6.72,12.41,4.24
74.53,118.12710293078135,4.21,33.5,21.25,9.72,1.21,6.3,42.2,5.58,9.34,2.23
41.0,118.12710293078135,2.37,20.94,13.07,6.78,0.74,6.25,70.48,3.76,12.04,0.71
66.6,108.15,2.83,27.74,17.06,11.66,1.16,8.14,72.08,4.89,6.15,1.25
73.62,209.75,37.52,58.59,61.67,13.77,1.27,6.94,45.51,8.81,16.09,7.61
48.07,87.2,2.72,23.06,14.47,10.79,1.02,8.07,55.96,3.36,7.62,1.21
85.85,138.17,3.13,27.96,17.42,12.88,1.19,9.74,73.01,4.75,8.92,1.27
73.83,125.02,2.93,30.68,18.71,11.44,1.03,10.25,83.49,3.87,7.65,0.98
100.48,234.22,20.91,69.61,54.02,14.55,1.41,14.54,75.43,6.69,11.51,4.12
71.06,103.17,3.1,31.92,19.5,11.9,1.05,10.02,71.86,4.61,7.73,3.97
43.36,81.3,2.81,25.07,15.46,10.51,1.03,9.53,59.04,3.12,4.01,0.96
74.94,166.18,23.74,44.31,42.87,11.62,1.33,7.32,27.59,6.32,10.19,2.7
74.82,177.62,16.76,48.23,39.27,12.04,1.43,7.31,40.41,6.73,14.8,3.1
61.94,142.02,29.35,41.41,45.89,10.94,1.23,8.91,21.09,5.9,11.71,4.01
53.3,128.35,6.9,59.38,37.2,13.41,0.94,8.17,16.86,5.99,31.46,1.52
52.42,136.94,20.2,48.69,42.33,11.3,1.23,11.47,18.65,5.39,10.51,2.56
45.66,119.24,12.63,38.39,30.68,11.53,1.14,14.41,25.39,4.64,10.96,2.32
45.58,105.92,16.23,45.59,33.98,11.03,1.03,15.64,24.76,4.23,9.71,2.26
56.11,110.18,7.07,30.37,21.91,12.49,0.93,8.02,70.53,3.09,5.65,1.26
55.76,128.79,30.16,53.14,52.77,11.21,1.25,4.99,35.61,6.19,11.68,4.87
62.0,106.88,2.75,27.1,16.65,12.64,1.02,8.18,46.57,3.45,6.59,1.16
84.11,179.96,20.69,63.84,50.78,14.85,1.33,8.97,32.44,6.16,15.04,6.35
71.21,131.84,3.34,49.67,28.9,14.3,1.14,6.99,28.63,4.46,13.14,2.3
68.69,143.74,2.76,50.22,28.05,13.53,1.29,8.56,23.43,5.32,15.73,2.74
52.52,111.72,2.44,39.0,22.19,12.92,0.99,7.25,18.46,4.71,16.7,2.22
40.92,121.58,2.65,46.46,26.22,11.41,1.03,5.56,13.96,5.59,19.24,3.04
42.44,107.09,2.38,42.49,24.13,11.36,1.04,5.36,14.48,4.28,12.08,3.08
48.43,125.81,2.4,45.51,25.79,13.76,1.06,3.55,22.46,5.81,15.98,3.97
54.71,153.34,2.39,45.3,25.88,13.5,1.28,3.14,20.21,6.52,15.24,4.93
43.59,107.91,2.08,39.8,22.62,12.82,1.29,4.83,21.39,5.23,24.81,3.34
51.92,131.04,2.54,37.25,21.61,11.58,0.95,7.32,20.4,4.8,10.03,4.36
47.98,125.65,2.34,40.73,22.98,11.01,0.89,6.59,19.82,4.43,8.04,3.18
65.64,151.4,2.64,51.57,28.8,18.98,1.15,6.01,13.71,5.57,16.02,3.19
50.36,110.01,2.36,37.2,21.24,16.24,1.15,15.6,15.1,4.32,9.22,2.28
50.96,111.92,2.37,31.88,18.72,12.88,0.92,6.89,15.62,4.26,7.88,2.67
31.25,113.8,1.96,39.24,22.04,11.4,1.1,6.23,15.2,5.09,10.48,2.66
33.01,98.93,7.6,48.77,31.98,10.82,0.96,7.57,15.32,4.84,19.0,3.39
43.21,115.14,21.71,53.06,45.87,10.04,1.12,6.84,39.79,6.5,17.07,6.1
23.9,65.07,8.56,27.06,21.35,23.48347601937197,0.83,9.14,19.54,2.77,12.64,1.22
66.22,203.26,11.97,58.99,40.98,11.85,0.11,8.24,37.59,5.64,17.09,3.09
45.53,150.21,3.5,48.13,27.74,12.68,0.11,11.82,33.44,3.03,10.55,1.06
24.8,90.94,4.34,39.51,24.12,18.93,0.11,6.37,30.61,1.7,3.49,0.72
21.66,74.97,3.38,38.42,22.56,8.63,0.64,7.02,28.86,2.57,11.54,1.4
31.14,125.15,6.55,41.56,27.26,9.71,0.64,6.61,36.65,3.47,9.76,1.78
14.41,66.81,6.22,40.06,26.1,7.51,1.07,13.23,27.34,2.55,8.98,1.45
