PM2.5,PM10,NO,NO2,NOx,NH3,CO,SO2,O3,Benzene,Toluene,Xylene
83.13,118.12710293078135,6.93,28.71,33.72,23.48347601937197,6.93,49.52,59.76,0.02,0.0,3.14
80.65,118.12710293078135,2.37,22.83,24.0,23.48347601937197,2.37,25.73,47.3,0.0,0.0,0.0
88.7,118.12710293078135,7.29,31.32,37.73,23.48347601937197,7.29,80.09,44.76,0.0,0.0,0.0
105.39,118.12710293078135,1.41,18.21,18.75,23.48347601937197,1.41,35.91,56.15,0.0,0.0,3.31
65.04,118.12710293078135,14.19,30.1,44.21,23.48347601937197,14.19,65.91,31.88,7.72,17.46,2.51
52.99,118.12710293078135,2.23,10.45,10.39,23.48347601937197,2.23,32.76,67.25,3.85,11.39,0.81
119.8,118.12710293078135,4.13,24.07,27.9,23.48347601937197,4.13,50.35,50.49,4.85,12.15,1.35
106.71,118.12710293078135,5.39,25.59,30.51,23.48347601937197,5.39,38.85,60.17,5.58,14.17,1.74
106.01,118.12710293078135,4.28,27.31,30.54,23.48347601937197,4.28,70.29,40.91,9.45,15.54,1.71
97.34,118.12710293078135,3.67,21.58,24.62,23.48347601937197,3.67,64.39,45.69,5.61,15.02,2.25
83.92,118.12710293078135,6.42,25.03,30.8,23.48347601937197,6.42,67.53,34.94,8.24,21.47,3.09
49.51,118.12710293078135,3.1,14.16,16.15,23.48347601937197,3.1,48.33,37.95,4.34,11.34,1.09
50.29,118.12710293078135,5.34,29.84,33.28,23.48347601937197,5.34,59.23,45.44,5.45,15.12,1.65
57.69,118.12710293078135,25.36,29.48,54.79,23.48347601937197,25.36,58.33,52.87,9.55,32.11,4.53
77.69,118.12710293078135,5.24,18.87,23.06,23.48347601937197,5.24,100.48,27.14,9.49,11.77,1.6
63.11,118.12710293078135,5.63,15.5,18.49,23.48347601937197,5.63,38.21,4.72,5.2,8.17,0.73
111.86,118.12710293078135,3.89,22.51,25.17,23.48347601937197,3.89,15.84,31.23,0.0,0.0,0.0
58.37,118.12710293078135,5.74,21.71,27.69,23.48347601937197,5.74,25.9,43.92,2.15,10.46,5.4
109.48,118.12710293078135,4.3,20.27,22.86,23.48347601937197,4.3,46.6,31.34,0.05,0.0,6.19
80.9,118.12710293078135,5.7,18.62,24.23,23.48347601937197,5.7,65.44,22.8,0.05,0.09,3.46
103.29,118.12710293078135,4.55,19.82,23.69,23.48347601937197,4.55,85.42,22.18,0.06,1.17,2.58
107.5,118.12710293078135,5.29,15.56,19.73,23.48347601937197,5.29,74.37,10.12,0.09,0.16,2.91
138.42,118.12710293078135,5.05,16.7,21.56,23.48347601937197,5.05,77.74,27.18,0.01,0.88,2.01
96.65,118.12710293078135,4.67,15.9,20.53,23.48347601937197,4.67,39.41,11.83,0.01,0.0,3.11
83.99,118.12710293078135,2.73,0.08,2.75,23.48347601937197,2.73,34.06,69.57,0.28,0.05,8.97
61.12,118.12710293078135,9.94,17.82,27.18,23.48347601937197,9.94,39.69,25.9,0.0,0.0,3.49
58.44,118.12710293078135,10.68,17.24,27.38,23.48347601937197,10.68,54.69,18.89,0.0,0.0,1.39
61.49,118.12710293078135,11.44,16.69,27.61,23.48347601937197,11.44,42.66,18.2,0.01,0.0,2.59
65.39,118.12710293078135,12.3,16.08,27.86,23.48347601937197,12.3,27.96,22.35,0.0,0.0,2.29
130.34,118.12710293078135,7.14,17.43,23.72,23.48347601937197,7.14,52.07,29.05,5.05,14.0,1.3
53.24,118.12710293078135,8.05,15.86,23.34,23.48347601937197,8.05,36.23,21.58,5.23,15.0,1.02
51.93,118.12710293078135,13.71,17.87,31.64,23.48347601937197,13.71,15.33,12.88,6.32,19.17,10.57
103.78,118.12710293078135,6.36,13.9,19.86,23.48347601937197,6.36,7.76,15.27,0.82,1.37,0.81
89.6,118.12710293078135,6.59,19.84,25.9,23.48347601937197,6.59,48.05,44.78,0.0,0.0,0.0
45.5,118.12710293078135,8.56,15.59,24.15,23.48347601937197,8.56,0.76,3.82,5.09,8.52,1.82
36.98,118.12710293078135,8.21,11.52,19.74,23.48347601937197,8.21,0.52,5.17,3.63,8.16,1.33
43.58,118.12710293078135,8.26,13.33,21.58,23.48347601937197,8.26,1.02,7.56,3.59,6.79,1.5
45.49,118.12710293078135,9.63,14.91,24.53,23.48347601937197,9.63,0.81,2.94,3.67,6.62,1.17
38.06,118.12710293078135,8.67,18.57,27.25,23.48347601937197,8.67,1.05,4.63,2.85,5.12,0.74
45.41,118.12710293078135,9.35,20.55,29.9,23.48347601937197,9.35,0.74,4.5,2.83,7.18,0.82
66.39,118.12710293078135,8.58,12.79,21.36,23.48347601937197,8.58,11.09,4.96,1.76,6.18,0.57
62.61,118.12710293078135,9.15,9.83,18.98,23.48347601937197,9.15,12.31,6.44,1.87,5.47,0.37
111.8,118.12710293078135,9.23,11.51,20.74,23.48347601937197,9.23,5.27,5.99,1.84,5.69,0.28
30.0,118.12710293078135,8.87,13.59,22.64,23.48347601937197,8.87,8.09,6.31,1.32,4.59,0.16
4.66,118.12710293078135,9.01,10.9,20.36,23.48347601937197,9.01,7.31,6.38,1.27,3.94,0.13
48.72,118.12710293078135,9.56,11.94,21.5,23.48347601937197,9.56,5.72,6.61,1.77,4.96,0.39
49.7,118.12710293078135,9.43,9.81,19.23,23.48347601937197,9.43,6.78,6.42,2.0,4.79,0.31
48.1,118.12710293078135,8.03,9.53,17.57,23.48347601937197,8.03,9.33,7.6,1.68,4.41,0.18
42.68,118.12710293078135,9.74,11.08,20.82,23.48347601937197,9.74,10.87,4.44,1.62,4.96,0.39
38.45,118.12710293078135,10.55,7.8,18.35,23.48347601937197,10.55,10.28,3.24,2.46,4.79,0.41
46.69,118.12710293078135,11.48,0.17,11.64,23.48347601937197,11.48,10.25,5.76,1.77,4.34,0.15
55.27,118.12710293078135,11.55,0.12,11.66,23.48347601937197,11.55,12.7,6.55,1.69,4.17,0.22
149.03,118.12710293078135,11.49,0.16,11.65,23.48347601937197,11.49,10.07,7.27,1.71,5.72,0.19
86.57,118.12710293078135,11.47,0.17,11.64,23.48347601937197,11.47,11.09,6.53,1.57,3.85,0.09
111.77,118.12710293078135,11.3,0.24,11.53,23.48347601937197,11.3,7.73,4.67,1.72,4.52,0.16
51.35,118.12710293078135,8.0,2.69,10.67,23.48347601937197,8.0,10.0,5.76,1.54,4.32,0.35
38.5,118.12710293078135,12.38,19.67,30.02,23.48347601937197,12.38,10.37,16.33,1.56,2.97,0.42
50.24,118.12710293078135,9.46,12.31,21.77,23.48347601937197,9.46,11.63,13.61,0.0,3.42,0.29
61.77,118.12710293078135,8.68,15.43,24.1,23.48347601937197,8.68,8.1,18.69,0.0,4.83,0.38
46.93,118.12710293078135,7.14,11.47,18.61,23.48347601937197,7.14,7.92,19.03,0.0,3.08,0.12
44.94,118.12710293078135,7.14,10.94,18.07,23.48347601937197,7.14,5.85,59.38,0.0,2.21,0.24
24.46,118.12710293078135,8.45,10.99,19.44,23.48347601937197,8.45,12.59,44.55,0.0,2.52,0.17
59.29,118.12710293078135,9.21,9.68,18.89,23.48347601937197,9.21,5.98,7.69,0.0,3.24,0.19
65.32,118.12710293078135,10.61,9.62,20.23,23.48347601937197,10.61,3.69,4.74,0.0,3.63,0.24
47.39,118.12710293078135,9.26,10.48,19.74,23.48347601937197,9.26,7.72,7.71,0.0,3.41,0.21
43.88,118.12710293078135,8.69,19.75,28.44,23.48347601937197,8.69,4.83,11.53,0.0,3.24,0.16
28.35,118.12710293078135,9.05,13.62,22.68,23.48347601937197,9.05,7.47,15.95,0.0,3.26,0.21
3.59,118.12710293078135,11.26,14.17,25.44,23.48347601937197,11.26,9.6,20.38,0.0,4.02,0.46
69.12,118.12710293078135,8.85,32.41,41.26,23.48347601937197,8.85,15.63,28.45,0.0,7.16,0.73
87.18,118.12710293078135,7.83,21.51,29.34,23.48347601937197,7.83,6.98,23.17,5.59,17.26,2.28
91.41,118.12710293078135,5.19,23.45,28.63,23.48347601937197,5.19,25.44,6.25,0.69,1.25,0.05
64.66,118.12710293078135,4.79,23.83,28.61,23.48347601937197,4.79,34.4,24.76,6.24,12.04,2.24
78.14,118.12710293078135,10.58,28.93,39.51,23.48347601937197,10.58,44.91,35.56,4.72,8.87,2.28
89.64,118.12710293078135,5.42,25.75,31.18,23.48347601937197,5.42,44.92,43.04,6.48,17.42,2.14
27.29,118.12710293078135,9.81,28.12,37.93,23.48347601937197,9.81,1.61,39.26,0.0,0.0,0.0
41.43,118.12710293078135,10.45,31.82,42.09,23.48347601937197,10.45,1.7,28.05,0.0,0.0,0.0
30.16,118.12710293078135,10.41,15.99,26.4,23.48347601937197,10.41,1.6,23.76,0.0,0.0,0.0
29.42,118.12710293078135,9.39,10.11,19.5,23.48347601937197,9.39,1.57,16.42,0.0,0.0,0.0
20.87,118.12710293078135,9.04,7.49,16.54,23.48347601937197,9.04,1.6,14.27,0.0,0.0,0.0
35.08,118.12710293078135,8.36,6.52,14.88,23.48347601937197,8.36,1.63,19.44,0.0,0.0,0.0
40.23,118.12710293078135,8.68,2.79,11.47,23.48347601937197,8.68,1.69,15.16,0.0,0.0,0.0
54.25,118.12710293078135,8.11,2.78,10.89,23.48347601937197,8.11,1.42,18.46,0.0,0.0,0.0
43.71,118.12710293078135,8.85,39.95,40.31,23.48347601937197,8.85,15.37,34.49143047551845,0.0,0.0,0.0
33.93,118.12710293078135,5.06,13.41,16.13,23.48347601937197,5.06,19.54,6.16,3.24,0.04,0.0
38.06,118.12710293078135,6.96,22.63,29.58,23.48347601937197,6.96,14.75,3.47,2.67,6.25,1.44
20.19,118.12710293078135,10.41,18.13,28.54,23.48347601937197,10.41,15.01,4.9,8.43,13.81,2.64
60.18,118.12710293078135,8.64,13.25,21.89,23.48347601937197,8.64,15.3,13.19,3.04,10.46,2.29
85.1,118.12710293078135,8.14,12.91,21.04,23.48347601937197,8.14,14.51,12.45,2.64,9.08,1.5
55.55,118.12710293078135,8.38,13.45,21.83,23.48347601937197,8.38,16.6,11.84,3.91,8.47,1.27
37.68,118.12710293078135,6.39,9.49,15.88,23.48347601937197,6.39,16.15,13.7,2.5,6.9,0.92
53.5,118.12710293078135,12.0,14.19,26.57,23.48347601937197,12.0,16.32,5.48,7.94,13.77,2.91
48.24,118.12710293078135,10.91,15.52,26.43,23.48347601937197,10.91,16.16,5.98,6.48,11.94,2.44
63.27,118.12710293078135,8.82,13.23,25.6,23.48347601937197,8.82,24.81,8.68,4.04,11.75,1.63
31.15,118.12710293078135,8.91,9.94,18.86,23.48347601937197,8.91,21.48,12.97,3.07,7.01,1.11
33.76,118.12710293078135,9.15,12.22,21.37,23.48347601937197,9.15,17.68,8.36,2.68,8.58,1.24
35.95,118.12710293078135,10.05,9.75,19.8,23.48347601937197,10.05,16.66,8.61,2.59,9.85,1.74
58.07,118.12710293078135,10.51,8.67,19.18,23.48347601937197,10.51,21.2,19.87,3.49,11.59,3.3
46.04,118.12710293078135,9.72,8.75,18.46,23.48347601937197,9.72,17.27,10.35,2.09,6.33,1.19
52.27,118.12710293078135,10.79,9.23,20.02,23.48347601937197,10.79,19.62,9.14,4.67,8.96,1.89
46.68,118.12710293078135,10.08,9.3,19.73,23.48347601937197,10.08,17.77,15.97,2.98,7.55,1.4
44.59,118.12710293078135,10.47,7.39,17.86,23.48347601937197,10.47,17.62,11.2,2.88,6.65,1.0
30.81,118.12710293078135,9.36,7.86,17.22,23.48347601937197,9.36,17.58,15.72,1.96,4.87,0.97
47.67,118.12710293078135,9.63,8.39,18.02,23.48347601937197,9.63,16.95,18.89,2.41,6.07,1.07
35.69,118.12710293078135,9.38,8.14,18.2,23.48347601937197,9.38,16.72,14.63,1.77,5.62,0.78
36.44,118.12710293078135,9.59,7.07,16.66,23.48347601937197,9.59,17.76,14.99,1.53,5.32,0.59
33.83,118.12710293078135,10.14,7.82,18.27,23.48347601937197,10.14,17.93,13.9,1.49,4.8,0.66
34.23,118.12710293078135,10.17,7.14,17.3,23.48347601937197,10.17,18.76,13.79,1.35,3.9,0.58
52.15,118.12710293078135,10.7,7.15,17.85,23.48347601937197,10.7,16.32,14.67,2.75,8.02,0.91
35.99,118.12710293078135,9.91,8.65,18.56,23.48347601937197,9.91,19.29,18.16,1.77,4.13,2.96
37.93,118.12710293078135,9.75,9.2,18.95,23.48347601937197,9.75,19.07,15.42,2.23,4.58,1.11
31.94,118.12710293078135,9.5,7.84,17.34,23.48347601937197,9.5,16.87,14.27,1.12,3.59,0.65
18.04,118.12710293078135,7.3,7.02,17.19,23.48347601937197,7.3,15.49,19.0,0.61,2.32,0.36
36.51,118.12710293078135,10.07,10.68,21.06,23.48347601937197,10.07,18.22,22.56,1.53,6.64,1.82
55.71,118.12710293078135,11.17,12.86,24.03,23.48347601937197,11.17,17.75,21.14,2.55,10.55,3.43
53.94,118.12710293078135,10.01,12.54,22.55,23.48347601937197,10.01,18.85,24.79,2.72,9.57,2.13
49.34,118.12710293078135,9.75,8.67,18.43,23.48347601937197,9.75,15.82,26.39,2.02,6.6,0.97
39.43,118.12710293078135,12.67,10.1,22.77,23.48347601937197,12.67,16.95,11.63,4.34,9.99,2.34
42.33,118.12710293078135,11.31,9.31,20.62,23.48347601937197,11.31,19.61,15.38,3.78,8.85,1.94
26.75,118.12710293078135,9.8,6.77,16.57,23.48347601937197,9.8,19.37,17.5,1.94,4.72,0.71
34.16,118.12710293078135,9.66,5.46,15.12,23.48347601937197,9.66,18.59,17.44,0.63,3.06,0.47
30.07,118.12710293078135,9.82,5.73,15.55,23.48347601937197,9.82,18.28,17.65,1.65,3.38,0.6
25.54,118.12710293078135,9.5,5.56,15.63,23.48347601937197,9.5,15.28,16.47,1.1,2.55,0.48
38.47,118.12710293078135,10.63,5.7,16.34,23.48347601937197,10.63,17.44,17.34,1.28,3.62,0.78
42.55,118.12710293078135,10.36,6.59,16.95,23.48347601937197,10.36,17.85,20.24,1.28,2.99,0.24
38.1,118.12710293078135,10.2,7.04,17.24,23.48347601937197,10.2,18.46,16.83,1.6,3.68,0.3
27.22,118.12710293078135,12.02,6.34,18.36,23.48347601937197,12.02,17.38,12.94,1.25,5.51,0.06
41.81,118.12710293078135,10.75,9.77,20.52,23.48347601937197,10.75,18.03,22.44,1.4,4.97,0.05
75.03,118.12710293078135,11.23,9.47,20.7,23.48347601937197,11.23,17.61,41.28,1.76,6.56,0.02
67.45057794890306,118.12710293078135,17.574729662029362,28.560659061126955,32.30912333307031,23.48347601937197,2.2485982090856145,14.53197725590996,34.49143047551845,3.280840304500585,8.700972080037227,3.0701278234985114
86.63,118.12710293078135,11.74,6.39,18.13,23.48347601937197,11.74,9.97,20.38,0.36,0.76,0.0
70.34,118.12710293078135,11.25,7.1,18.35,23.48347601937197,11.25,12.49,20.13,0.0,0.0,0.0
50.49,118.12710293078135,10.91,5.04,15.95,23.48347601937197,10.91,13.29,22.39,0.0,0.0,0.0
42.25,118.12710293078135,11.07,6.55,17.62,23.48347601937197,11.07,9.61,24.3,0.0,0.0,0.0
48.23,118.12710293078135,11.09,9.01,19.25,23.48347601937197,11.09,18.51,18.52,0.01,0.02,0.0
83.57,118.12710293078135,7.8,10.61,18.41,23.48347601937197,7.8,19.72,30.68,3.77,15.49,5.59
75.41,118.12710293078135,12.23,11.07,23.3,23.48347601937197,12.23,26.31,37.64,4.07,14.97,9.04
76.96,118.12710293078135,6.95,9.04,16.0,23.48347601937197,6.95,28.44,41.7,2.06,7.8,3.18
72.52,118.12710293078135,7.31,9.14,16.45,23.48347601937197,7.31,28.08,32.65,1.76,5.73,3.64
109.22,118.12710293078135,11.05,13.21,24.26,23.48347601937197,11.05,60.04,33.06,3.87,10.35,5.17
143.07,118.12710293078135,5.85,73.39,40.17,23.48347601937197,5.85,132.05,42.6,15.08,0.51,4.07
58.62,118.12710293078135,5.49,61.64,34.16,23.48347601937197,5.49,88.67,86.71,8.51,31.34,3.59
74.08,118.12710293078135,7.19,57.73,33.53,23.48347601937197,7.19,45.02,40.27,15.38,53.13,9.9
62.76,118.12710293078135,5.58,62.02,34.05,23.48347601937197,5.58,74.08,83.18,14.84,67.56,10.1
52.15,118.12710293078135,15.98,65.44,43.85,23.48347601937197,15.98,86.58,58.81,1.82,12.48,28.35
86.9,118.12710293078135,7.54,76.2,42.8,23.48347601937197,7.54,105.41,72.02,8.28,27.53,8.36
77.34,118.12710293078135,6.33,61.41,34.68,23.48347601937197,6.33,102.44,75.64,12.03,37.64,3.29
72.04,118.12710293078135,7.78,73.92,41.87,23.48347601937197,7.78,114.05,73.53,15.03,58.24,7.72
67.44,118.12710293078135,5.95,62.74,35.05,23.48347601937197,5.95,99.05,93.19,12.12,47.21,5.22
84.46,118.12710293078135,7.58,87.62,48.4,23.48347601937197,7.58,102.36,69.02,14.48,45.6,6.33
76.51,118.12710293078135,9.26,76.69,44.32,23.48347601937197,9.26,103.46,93.51,14.29,61.83,7.48
63.88,118.12710293078135,13.87,69.32,44.16,23.48347601937197,13.87,70.3,105.33,12.77,60.99,9.5
66.89,118.12710293078135,5.86,92.57,49.53,23.48347601937197,5.86,89.53,68.56,9.0,37.96,4.21
54.45,118.12710293078135,8.51,116.22,63.04,23.48347601937197,8.51,167.13,9.36,11.97,70.75,17.01
41.64,118.12710293078135,13.79,104.44,61.23,23.48347601937197,13.79,109.4,63.12,12.47,69.84,13.17
62.83,118.12710293078135,21.11,68.69,49.24,23.48347601937197,21.11,67.09,71.3,9.24,29.75,5.67
71.3,118.12710293078135,7.93,35.8,23.38,23.48347601937197,7.93,63.28,34.83,0.74,6.61,3.21
37.9,118.12710293078135,4.96,31.24,18.93,23.48347601937197,4.96,16.31,34.76,0.74,15.2,3.21
39.97,118.12710293078135,7.15,32.39,19.83,23.48347601937197,7.15,30.7,36.08,2.62,15.35,3.21
46.17,118.12710293078135,10.7,30.48,22.85,23.48347601937197,10.7,51.35,27.9,6.65,28.04,0.65
41.81,118.12710293078135,8.66,27.69,19.91,23.48347601937197,8.66,36.92,34.49143047551845,5.04,23.67,0.65
41.04,118.12710293078135,7.56,28.36,19.48,23.48347601937197,7.56,54.07,34.49143047551845,5.02,20.38,0.65
49.71,118.12710293078135,9.59,28.6,21.11,23.48347601937197,9.59,53.54,34.54,7.95,26.87,0.65
44.75,118.12710293078135,10.25,28.9,21.64,23.48347601937197,10.25,65.8,28.02,7.63,26.17,1.04
44.79,118.12710293078135,7.28,32.12,21.1,23.48347601937197,7.28,74.84,37.9,6.22,30.82,0.65
49.07,118.12710293078135,8.51,30.74,21.34,23.48347601937197,8.51,88.3,27.48,6.89,31.88,0.65
46.06,118.12710293078135,7.07,27.6,18.74,23.48347601937197,7.07,59.55,32.54,5.54,27.16,0.65
52.82,118.12710293078135,9.88,28.48,21.26,23.48347601937197,9.88,73.73,27.07,6.94,29.35,0.96
53.39,118.12710293078135,6.91,30.28,19.9,23.48347601937197,6.91,56.45,31.93,6.21,32.04,0.82
59.44,118.12710293078135,6.67,31.77,20.48,23.48347601937197,6.67,86.73,38.54,5.65,31.0,0.65
71.01,118.12710293078135,7.69,38.17,24.36,23.48347601937197,7.69,106.62,24.78,9.05,35.54,0.93
59.98,118.12710293078135,8.89,31.95,22.22,23.48347601937197,8.89,97.46,34.49143047551845,7.68,31.62,0.87
50.7,118.12710293078135,8.58,33.44,22.69,23.48347601937197,8.58,27.74,59.94,6.92,32.76,0.65
69.87,118.12710293078135,6.96,34.82,22.14,23.48347601937197,6.96,16.35,40.76,8.23,32.22,0.65
61.53,118.12710293078135,10.41,42.53,28.52,23.48347601937197,10.41,17.94,48.3,9.75,38.71,1.37
50.27,118.12710293078135,9.53,46.15,29.62,23.48347601937197,9.53,43.76,34.49143047551845,4.93,23.3,0.65
51.54,118.12710293078135,13.48,51.04,34.95,23.48347601937197,13.48,37.58,6.9,5.61,31.16,0.65
53.59,118.12710293078135,10.18,45.53,29.81,23.48347601937197,10.18,59.53,17.93,4.73,22.97,0.65
73.89,118.12710293078135,4.5,53.74,28.34,23.48347601937197,4.5,46.31,59.52,3.65,12.86,4.34
68.3,118.12710293078135,8.69,73.99,22.45,23.48347601937197,8.69,50.93,72.2,3.99,32.22,6.84
56.71,118.12710293078135,7.45,60.4,18.52,23.48347601937197,7.45,42.48,61.74,4.07,32.3,6.9
74.62,118.12710293078135,8.16,73.22,21.96,23.48347601937197,8.16,48.21,74.83,4.12,32.35,6.99
47.26,118.12710293078135,16.22,64.71,24.43,23.48347601937197,16.22,63.03,20.0,4.04,32.31,6.95
50.15,118.12710293078135,9.02,67.96,21.2,23.48347601937197,9.02,57.09,47.5,4.08,32.29,6.94
105.03,118.12710293078135,10.13,56.09,18.99,23.48347601937197,10.13,41.4,43.09,4.07,32.3,6.97
34.1,118.12710293078135,12.42,67.07,22.88,23.48347601937197,12.42,42.34,59.67,4.09,32.42,6.97
51.5,118.12710293078135,12.26,52.88,19.41,23.48347601937197,12.26,29.79,38.45,4.17,32.4,7.09
48.84,118.12710293078135,9.85,42.96,15.71,23.48347601937197,9.85,26.4,51.34,4.1,32.38,7.04
39.23,118.12710293078135,12.69,67.29,23.08,23.48347601937197,12.69,33.79,59.73,4.07,32.33,7.03
44.12,118.12710293078135,10.66,79.99,24.97,23.48347601937197,10.66,60.68,61.08,4.17,32.44,7.06
52.24,118.12710293078135,10.75,61.88,20.71,23.48347601937197,10.75,24.81,56.16,4.1,32.37,6.95
93.12,118.12710293078135,8.88,72.4,41.94,23.48347601937197,8.88,36.52,74.03,4.19,32.49,7.11
132.76,118.12710293078135,9.13,65.49,38.76,23.48347601937197,9.13,55.8,78.36,4.16,32.36,7.03
43.83,118.12710293078135,11.8,43.77,17.0,23.48347601937197,11.8,46.28,3.13,4.09,32.35,6.94
37.55,122.41,15.08,85.12,58.72,23.48347601937197,15.08,163.01,48.23,16.44,85.54,14.19
27.93,103.3,11.44,76.75,50.49,23.48347601937197,11.44,86.48,54.34,15.6,84.17,13.6
33.66,56.01,11.85,92.52,58.64,23.48347601937197,11.85,137.97,72.52,1.15,23.37,2.04
89.05,129.36,5.69,159.1,83.99,23.48347601937197,5.69,105.73,76.58,1.15,23.37,2.04
81.62,118.57,1.7,121.02,60.92,23.48347601937197,1.7,117.2,114.49,1.15,23.37,2.04
84.9,128.62,3.67,108.85,57.21,23.48347601937197,3.67,113.16,133.14,1.15,23.37,2.04
46.84,83.85,6.05,114.63,62.81,23.48347601937197,6.05,118.83,91.42,1.15,23.37,2.04
53.59,106.77,4.79,152.09,79.64,23.48347601937197,4.79,119.97,116.38,1.15,23.37,2.04
62.7,108.91,1.41,86.91,43.97,23.48347601937197,1.41,88.46,162.43,1.15,23.37,2.04
75.12,158.06,7.95,68.64,42.55,23.48347601937197,7.95,106.2,55.96,1.15,23.37,2.04
42.27,111.98,10.87,87.8,55.23,23.48347601937197,10.87,129.66,39.52,1.15,23.37,2.04
68.07,133.46,9.16,155.92,86.5,23.48347601937197,9.16,168.45,51.38,2.14,27.52,1.91
84.08,170.94,17.69,208.92,122.08,23.48347601937197,17.69,14.53197725590996,49.3,2.14,27.52,1.91
38.15,89.99,7.78,140.56,77.43,23.48347601937197,7.78,166.39,40.11,1.46,23.05,1.8
48.47,87.26,5.55,103.61,56.87,23.48347601937197,5.55,186.08,44.3,3.84,46.94,1.65
43.06,79.08,5.26,81.68,45.84,23.48347601937197,5.26,137.18,42.68,2.75,35.25,1.87
93.24,157.33,9.08,83.89,51.27,23.48347601937197,9.08,36.22,53.07,3.280840304500585,8.700972080037227,3.0701278234985114
92.26,135.81,12.09,76.33,51.02,23.48347601937197,12.09,31.8,53.65,3.280840304500585,8.700972080037227,3.0701278234985114
52.59,92.57,6.92,11.32,10.69,23.48347601937197,6.92,25.09,23.94,3.280840304500585,8.700972080037227,3.0701278234985114
54.42,102.4,5.67,25.45,16.65,23.48347601937197,5.67,26.19,29.22,3.280840304500585,8.700972080037227,3.0701278234985114
72.45,116.1,8.84,25.88,19.22,23.48347601937197,8.84,29.77,24.83,3.280840304500585,8.700972080037227,3.0701278234985114
64.25,121.71,10.97,34.29,24.92,23.48347601937197,10.97,73.34,12.43,3.280840304500585,8.700972080037227,3.0701278234985114
52.77,95.25,6.64,31.26,20.2,23.48347601937197,6.64,50.74,10.61,3.280840304500585,8.700972080037227,3.0701278234985114
43.95,85.68,11.4,45.51,30.71,23.48347601937197,11.4,73.27,19.15,3.280840304500585,8.700972080037227,3.0701278234985114
79.57,131.62,3.78,12.64,8.99,23.48347601937197,3.78,27.7,23.67,4.21,31.42,2.52
69.54,128.99,7.06,15.13,12.65,23.48347601937197,7.06,35.78,23.66,4.78,31.14,2.52
66.2,138.47,8.97,20.79,16.84,23.48347601937197,8.97,38.98,23.65,4.12,31.14,2.52
55.99,110.41,5.41,15.34,11.53,23.48347601937197,5.41,45.83,23.61,3.3,31.14,2.52
70.06,161.09,7.37,22.67,16.56,23.48347601937197,7.37,58.67,23.58,2.75,31.14,2.52
83.9,152.94,8.81,20.66,16.65,23.48347601937197,8.81,58.01,23.56,4.42,31.14,2.52
18.03,66.54,11.31,18.02,17.23,23.48347601937197,11.31,35.39,30.29,1.15,31.37,1.04
28.77,73.99,20.76,21.98,25.69,23.48347601937197,20.76,40.13,32.37,1.05,30.73,1.07
68.19,106.14,10.08,45.94,29.93,23.48347601937197,10.08,31.18,43.72,1.53,34.6,0.81
69.85,124.4,6.25,40.74,24.54,23.48347601937197,6.25,27.16,34.49143047551845,1.15,38.57,0.52
64.94,116.45,8.62,47.28,29.5,23.48347601937197,8.62,31.84,71.69,1.15,38.57,0.52
54.06,104.74,4.22,51.33,28.19,23.48347601937197,4.22,48.07,39.74,0.99,32.61,0.56
68.68,141.39,10.92,74.32,44.41,23.48347601937197,10.92,42.37,44.44,0.99,32.61,0.56
49.16,125.88,7.4,31.08,20.69,23.48347601937197,7.4,51.07,45.99,2.85,46.56,1.13
43.75,115.5,8.43,24.16,18.08,23.48347601937197,8.43,63.99,38.62,2.85,46.56,1.13
41.19,114.05,6.04,31.18,19.72,23.48347601937197,6.04,40.38,34.49143047551845,2.85,46.56,1.13
39.42,115.8,5.11,31.33,19.1,23.48347601937197,5.11,27.4,33.16,2.85,46.56,1.13
36.03,90.32,3.89,34.32,19.65,23.48347601937197,3.89,28.6,53.81,2.85,46.56,1.13
74.43,132.17,9.82,31.56,22.73,23.48347601937197,9.82,67.89,36.14,3.280840304500585,8.700972080037227,3.0701278234985114
44.61,112.32,4.98,31.4,17.08,23.48347601937197,4.98,34.25,49.45,6.81,28.18,7.52
43.67,91.12,7.11,26.61,17.61,23.48347601937197,7.11,34.72,39.74,4.71,19.16,2.8
87.14,130.52,0.97,21.31,12.12,14.36,0.15,11.41,114.8,0.23,3.82,0.04
96.83,139.36,1.6,25.65,14.99,15.12,0.11,16.54,117.21,0.29,4.45,0.07
117.46,181.64,4.26,41.1,25.32,17.34,0.13,28.79,94.63,0.36,6.21,0.17
108.06,167.62,7.29,47.05,30.94,18.52,0.08,16.05,70.74,0.31,4.32,0.24
100.75,172.04,7.63,53.94,33.45,18.49,0.11,14.05,59.2,0.26,3.77,0.19
106.25,171.56,2.74,43.09,21.78,19.66,0.13,15.45,66.9,0.28,3.13,0.18
83.79,141.83,6.77,47.47,30.74,17.37,0.3,13.35,77.54,0.29,3.7,0.15
100.62,167.75,3.75,47.68,28.41,23.68,0.22,10.85,62.78,0.34,4.81,0.29
110.73,171.47,1.69,31.06,17.89,21.66,0.1,12.23,76.07,0.33,3.96,0.16
107.7,170.21,4.97,43.54,27.2,22.52,0.17,18.07,64.6,0.33,4.01,0.16
104.81,192.2,9.59,63.48,41.57,21.06,0.23,17.01,63.87,0.38,4.1,0.36
89.95,175.16,10.95,64.53,43.23,18.87,0.27,15.52,62.49,0.36,4.12,0.23
92.9,162.69,6.38,56.39,35.19,21.02,0.08,23.11,68.79,0.29,7.88,0.2
85.15,151.97,11.05,61.55,41.72,18.71,0.07,11.86,90.8,0.26,7.14,0.16
81.47,145.68,6.45,46.9,30.18,20.18,0.07,9.63,96.49,0.25,7.26,0.15
81.58,132.66,3.97,34.93,21.81,21.59,0.09,12.81,118.91,0.29,6.16,0.15
79.56,146.64,4.44,37.58,23.6,17.71,0.05,17.77,137.61,0.05,1.1,0.02
87.43,155.95,3.9,37.31,23.02,22.35,0.1,13.4,121.72,0.1,1.93,0.01
87.33,153.97,3.95,42.52,25.82,23.66,0.08,35.39,106.17,0.22,6.61,0.07
110.39,182.54,4.54,52.24,31.49,24.74,0.04,36.01,82.2,0.28,8.48,0.12
77.51,125.01,3.85,36.41,22.49,20.06,0.05,14.36,72.16,0.19,7.12,0.07
80.96,152.44,4.73,89.01,51.18,2.95,1.51,15.71,41.41,0.12,0.26,0.11
89.63,137.58,4.32,76.89,44.42,10.9,1.6,14.31,32.5,0.1,0.21,3.0701278234985114
100.1,155.25,4.45,92.4,52.76,6.31,0.76,10.86,27.99,0.1,0.11,3.0701278234985114
110.12,172.67,5.15,92.9,53.61,8.66,1.37,11.12,33.26,0.1,0.05,3.0701278234985114
111.21,170.04,4.42,76.7,44.4,10.99,1.47,10.17,31.17,0.06,0.06,0.1
107.24,162.72,5.85,72.27,43.16,13.91,1.14,9.58,28.5,0.09,0.04,0.1
89.07,160.83,5.59,72.19,42.93,17.31,1.23,11.7,29.51,0.07,0.05,0.1
93.1,163.9,5.46,77.58,45.71,16.59,0.97,13.75,33.59,0.1,0.11,3.0701278234985114
96.57,174.31,3.33,57.77,33.44,18.28,1.1,23.81,39.75,0.11,0.11,0.1
78.15,137.52,3.6,50.62,29.86,20.78,0.96,23.87,26.46,0.07,0.15,3.0701278234985114
92.72,135.61,13.43,77.45,52.11,19.49,1.16,20.19,24.79,0.1,0.22,0.11
95.18,154.73,4.57,76.4,44.35,15.29,1.34,33.25,30.68,0.1,0.36,0.15
109.97,189.28,13.93,124.57,77.59,10.65,1.38,48.92,30.25,0.11,0.25,0.13
118.17,219.63,36.87,121.38,94.54,11.21,1.25,39.68,21.18,0.1,0.25,0.13
97.45,225.75,12.68,121.94,75.16,10.39,0.86,66.39,27.23,0.09,0.16,0.18
115.23,198.47,14.96,113.39,72.47,7.38,0.78,9.43,20.07,0.11,0.23,0.13
99.69,157.03,5.83,71.61,42.84,15.19,0.5,10.52,24.22,0.08,0.08,0.1
92.66,146.49,4.86,57.32,34.44,17.36,0.64,12.33,25.51,0.07,0.18,0.1
116.99,172.92,2.91,58.43,33.44,17.38,0.44,12.91,26.84,0.1,0.12,0.1
108.43,159.44,3.49,50.62,29.77,17.97,0.7,6.49,24.73,0.08,0.13,0.1
118.0,174.01,3.46,58.6,33.99,16.97,0.82,13.73,24.69,0.1,0.18,0.1
107.94,163.17,5.64,63.17,38.2,18.79,0.8,26.75,21.59,0.08,0.15,0.1
108.34,173.27,13.44,61.22,43.49,22.53,0.72,11.71,23.64,0.09,0.13,0.1
96.45,159.1,17.23,71.77,52.18,17.22,0.91,16.0,22.52,0.07,0.11,0.1
90.25,141.29,7.53,64.26,40.3,18.38,0.55,14.8,25.31,0.06,0.09,3.0701278234985114
100.34,165.55,20.01,60.14,48.26,20.43,0.85,13.57,24.82,0.06,0.08,0.1
152.17,93.68,13.86,27.06,32.30912333307031,12.45,0.0,3.17,21.78,3.280840304500585,8.700972080037227,3.0701278234985114
37.67,118.12710293078135,11.47,15.34,32.30912333307031,28.08,0.0,12.69,34.49143047551845,6.4,8.700972080037227,3.0701278234985114
38.68,260.46,6.22,18.44,32.30912333307031,8.16,0.66,6.86,7.06,12.06,1.9,25.73
44.09,221.27,7.61,16.17,32.30912333307031,18.3,0.79,11.1,24.39,1.84,2.04,16.76
69.26,275.85,7.67,12.45,32.30912333307031,13.62,0.98,4.39,23.75,1.77,7.73,17.17
53.55,253.61,8.56,9.49,32.30912333307031,11.1,0.88,5.6,23.17,1.5,9.11,17.16
97.56,298.19,13.6,11.8,32.30912333307031,23.48347601937197,0.99,6.65,26.97,1.42,8.37,17.29
203.2,311.39,13.97,12.08,32.30912333307031,23.48347601937197,1.07,6.35,17.59,1.54,8.8,24.69
65.44,188.36,9.32,8.57,32.30912333307031,23.48347601937197,0.32,5.52,19.13,1.55,2.52,6.61
71.13,191.27,19.23,40.37,59.6,56.56,1.03,4.28,11.79,2.37,6.8,24.64
126.19,312.7,27.26,46.16,73.42,67.83,1.37,5.91,13.68,2.49,11.07,27.32
174.03,267.13,20.75,41.44,62.18,70.6,1.45,4.39,9.84,3.0,12.98,26.31
97.78,232.21,8.32,30.81,36.48,26.67,1.9,4.39,3.93,4.39,12.39,25.01
90.68,250.2,26.51,28.37,54.2,30.33,1.89,5.71,3.71,4.25,11.87,25.25
113.0,222.95,38.56,21.98,60.07,34.51,2.13,8.28,19.28,4.78,13.04,26.66
137.47,260.49,38.12,21.68,56.14,33.64,2.0,7.71,23.6,4.8,12.76,26.69
89.18,178.8,54.75,5.2,59.94,14.01,1.3,4.34,24.42,3.77,10.62,23.97
111.37,228.78,57.05,31.94,88.99,11.88,1.4,8.03,29.84,6.75,9.31,20.58
106.43,224.99,56.49,12.22,68.71,10.81,1.05,5.24,21.02,4.3,7.9,13.38
110.68,237.22,68.04,48.8,116.84,13.34,1.74,9.61,51.68,8.62,9.58,15.67
119.12,232.05,79.18,23.9,103.08,6.57,1.96,8.67,30.52,8.83,11.75,19.74
108.22,214.5,47.23,7.36,54.59,2.19,1.48,4.54,18.64,5.09,9.61,16.63
92.93,189.34,47.7,3.08,50.78,1.0,1.39,3.69,18.47,4.94,9.32,15.93
131.98,266.2,31.82,20.28,52.09,3.11,2.83,15.63,23.9,9.68,11.96,18.04
102.19,198.88,33.67,18.62,52.28,2.49,3.83,7.07,19.06,9.15,10.31,17.46
108.76,221.19,27.08,23.33,50.41,0.67,1.2,6.1,22.4,3.280840304500585,8.700972080037227,3.0701278234985114
87.22,198.96,20.54,42.63,54.36,4.86,0.96,12.91,24.44,16.18,7.27,19.43
112.36,210.37,8.0,28.77,36.76,3.76,1.41,3.31,20.73,7.2,9.25,11.68
101.19,188.85,5.98,26.62,32.6,3.32,1.24,5.94,23.25,5.23,8.68,9.38
100.84,199.13,5.9,27.47,33.37,3.34,1.63,3.94,23.1,8.05,9.54,7.86
133.75,254.85,6.72,28.81,35.53,3.51,2.0,3.58,19.5,8.93,11.08,9.95
87.04,179.58,7.47,29.9,37.38,3.65,1.42,3.54,18.71,4.76,8.49,5.67
67.45057794890306,118.12710293078135,17.574729662029362,28.560659061126955,32.30912333307031,23.48347601937197,2.2485982090856145,14.53197725590996,34.49143047551845,3.280840304500585,8.700972080037227,3.0701278234985114
103.52,189.41,7.5,78.17,86.29,14.23,1.66,3.32,19.76,6.81,10.37,9.68
108.04,198.34,17.574729662029362,8.24,32.30912333307031,5.13,0.7,5.85,34.49143047551845,3.280840304500585,8.700972080037227,3.0701278234985114
118.6,206.81,17.574729662029362,8.26,32.30912333307031,5.13,0.68,5.73,34.49143047551845,3.280840304500585,8.700972080037227,3.0701278234985114
84.74,196.78,12.55,8.41,20.97,5.04,0.66,5.46,38.02,1.0,3.05,6.23
104.43,152.02,12.52,8.4,20.93,5.07,0.63,5.03,40.73,0.84,2.82,5.98
108.07,76.5,12.63,8.24,20.87,5.11,0.97,7.2,40.83,0.86,2.76,5.75
99.15,331.54,0.4,8.55,8.62,1.51,1.56,6.51,23.58,0.75,2.62,4.6
83.88,340.65,33.85,13.99,43.79,9.52,2.82,7.38,34.24,1.04,2.87,5.89
49.36,215.18,17.91,13.17,31.08,7.53,2.2485982090856145,4.35,30.54,0.55,2.46,5.09
67.45057794890306,271.06,25.75,26.49,52.24,24.71,0.0,6.71,18.63,14.99,2.02,14.5
67.45057794890306,228.06,18.97,23.23,42.76,20.99,0.09,6.47,24.57,13.21,1.81,10.83
116.63,306.18,23.71,21.4,41.97,13.08,0.0,6.32,19.98,13.12,2.22,9.26
96.85,215.67,29.06,32.62,54.79,14.69,1.13,9.91,30.02,4.68,1.57,6.07
86.36,127.89,20.67,26.89,37.36,25.56,0.72,14.53197725590996,23.48,7.4,2.33,9.69
93.87,135.68,13.96,15.08,25.84,30.65,1.07,27.27,19.58,4.58,2.21,9.82
76.11,136.64,12.66,12.01,22.6,30.9,0.4,4.86,34.49143047551845,4.08,2.2,2.0
96.33,172.08,11.63,18.14,28.97,28.99,0.46,13.85,16.81,2.9,3.57,1.96
107.98,161.15,11.28,8.57,19.43,32.46,0.56,15.87,19.54,3.09,3.77,1.98
116.05,181.67,13.78,9.11,22.22,32.83,0.79,17.71,19.78,3.39,3.83,2.03
127.13,245.27,17.07,9.78,21.98,13.16,0.57,13.88,21.7,2.92,2.91,1.64
104.21,207.47,18.27,10.64,24.48,12.38,0.71,12.97,12.72,1.79,2.42,1.84
97.09,186.99,41.45,32.85,51.49,24.67,0.53,10.5,16.23,2.2,2.58,1.98
137.13,221.46,16.97,9.95,26.71,12.99,0.48,10.68,18.85,2.14,2.49,2.0
34.94,71.87,17.16,9.95,26.82,13.01,0.55,8.74,15.72,1.59,1.94,1.98
168.71,313.31,17.19,10.31,27.43,12.92,0.78,12.55,19.71,2.74,3.16,2.0
86.49,164.0,17.17,9.91,27.08,13.0,0.36,13.01,11.08,2.31,3.22,2.0
91.41,253.95,17.22,9.98,27.2,13.0,0.47,13.04,13.14,3.38,4.5,2.01
112.55,180.08,13.18,9.99,23.17,12.99,0.66,18.42,10.24,2.55,2.93,2.0
90.75,145.52,10.45,10.6,19.15,5.34,0.16,13.24,23.74,2.99,3.19,1.96
128.64,202.77,11.96,14.02,21.02,6.05,0.66,10.06,19.17,2.99,3.0,2.0
86.0,132.04,11.49,12.72,20.34,5.63,0.54,13.79,17.99,2.62,2.7,2.0
97.42,128.35,9.53,9.83,18.23,5.18,0.64,7.05,32.52,1.78,1.63,1.9
96.86,134.78,9.35,10.02,19.27,11.99,0.11,8.12,36.13,3.43,3.81,2.0
113.54,160.38,17.18,11.18,27.37,11.99,0.21,10.05,42.74,2.99,2.63,2.0
62.56,118.12710293078135,3.16,23.57,16.39,27.13,10.05,4.98,82.34,4.53,39.99,3.0701278234985114
24.35,118.12710293078135,3.06,6.64,7.42,38.54,12.93,2.58,97.2,3.280840304500585,12.95,3.0701278234985114
50.83,118.12710293078135,5.74,14.24,14.93,21.03,4.44,2.99,16.83,34.57,9.36,3.0701278234985114
22.26,118.12710293078135,1.23,7.02,3.74,7.68,5.28,7.62,10.29,0.13,2.23,3.0701278234985114
19.43,118.12710293078135,1.13,7.66,4.66,4.74,20.81,2.29,7.89,0.16,8.67,3.0701278234985114
25.62,118.12710293078135,5.21,12.22,9.75,10.8,27.06,2.84,10.42,21.59,7.32,3.0701278234985114
27.03,118.12710293078135,4.42,11.7,9.3,10.17,10.62,2.78,7.82,24.35,6.14,3.0701278234985114
19.29,118.12710293078135,4.45,11.45,8.94,10.76,9.35,1.72,3.62,3.280840304500585,1.25,3.0701278234985114
45.86,118.12710293078135,5.98,11.26,9.75,10.06,9.44,3.29,5.13,19.93,2.04,3.0701278234985114
18.38,118.12710293078135,3.82,9.48,7.7,9.15,16.46,10.54,6.49,18.55,3.04,3.0701278234985114
15.52,118.12710293078135,3.48,9.54,6.15,9.26,37.73,1.86,4.83,13.6,7.99,3.0701278234985114
14.99,118.12710293078135,4.81,6.61,6.6,22.0,34.69,2.51,6.11,5.02,112.27,3.0701278234985114
20.21,118.12710293078135,4.54,14.73,12.48,23.64,35.05,6.15,5.86,3.15,71.16,3.0701278234985114
20.8,118.12710293078135,5.06,17.39,10.93,23.05,9.03,1.32,7.48,1.51,26.63,3.0701278234985114
15.35,118.12710293078135,6.56,19.5,13.98,50.58,14.55,2.98,5.93,2.18,21.55,3.0701278234985114
27.31,118.12710293078135,4.58,19.73,12.9,38.79,21.83,2.85,3.75,2.18,23.34,3.0701278234985114
32.13,118.12710293078135,9.89,17.92,15.33,39.19,9.91,7.14,4.3,3.280840304500585,24.53,3.0701278234985114
18.38,118.12710293078135,2.41,11.7,7.72,26.75,22.81,1.35,34.49143047551845,3.280840304500585,22.81,3.0701278234985114
68.98,149.82,86.51,110.24,147.06,10.83,0.78,14.5,17.73,0.97,0.37,3.0701278234985114
73.89,133.08,95.19,77.38,110.35,16.09,0.97,18.94,20.92,1.05,0.51,3.0701278234985114
91.95,190.47,5.85,45.44,25.01,17.12,2.06,23.66,58.94,2.4,0.9,3.0701278234985114
239.54,189.8,3.12,14.6,9.98,27.35,1.2,1.57,34.49143047551845,3.280840304500585,1.28,3.0701278234985114
121.43,164.52,8.95,59.53,35.01,32.86,0.91,2.47,56.77,1.91,3.13,3.0701278234985114
25.0,35.36,5.42,19.59,17.99,41.94,5.62,1.26,44.86,0.87,1.8,3.0701278234985114
17.36,30.52,10.96,20.82,16.04,29.15,7.87,1.54,42.29,0.77,2.03,3.0701278234985114
33.05,83.6,6.58,16.2,5.75,40.91,1.59,2.63,20.28,3.280840304500585,8.700972080037227,3.0701278234985114
23.63,124.78,14.4,30.2,0.0,29.23,2.95,4.43,9.8,2.5,7.48,3.0701278234985114
10.26,65.08,12.63,63.82,0.0,23.48347601937197,7.67,5.34,20.22,1.66,1.08,3.0701278234985114
6.8,59.96,8.71,39.99,0.0,23.48347601937197,6.65,4.24,17.63,1.27,0.87,3.0701278234985114
31.79,83.98,10.38,40.89,0.0,24.82,7.54,4.51,34.35,1.73,1.85,3.0701278234985114
32.16,93.4,5.83,43.39,0.0,22.29,15.93,3.37,50.44,2.59,1.84,3.0701278234985114
32.08,118.12710293078135,1.54,19.23,0.0,22.38,14.89,3.34,60.82,2.04,1.4,3.0701278234985114
29.93,118.12710293078135,1.63,19.93,0.0,20.54,11.68,2.93,58.61,2.48,1.55,3.0701278234985114
32.73,117.9,7.98,45.2,0.0,21.39,15.22,4.71,60.34,3.02,2.18,3.0701278234985114
43.1,102.65,10.78,64.19,0.0,20.74,12.47,6.59,65.58,4.88,2.15,3.0701278234985114
98.84,181.41,60.14,63.57,106.26,24.42,1.72,5.98,38.34,1.46,5.51,3.0701278234985114
98.98,163.5,7.72,41.72,28.46,20.61,1.17,8.65,45.51,3.280840304500585,8.700972080037227,3.0701278234985114
84.03,176.99,9.42,52.3,35.47,19.0,1.3,9.64,46.25,3.280840304500585,8.700972080037227,3.0701278234985114
77.79,108.58,4.49,22.31,15.52,13.27,0.72,14.05,42.02,3.280840304500585,8.700972080037227,3.0701278234985114
99.16,177.35,10.72,43.8,32.01,19.28,1.34,11.29,90.45,3.280840304500585,8.700972080037227,3.0701278234985114
92.96,199.03,16.07,51.48,40.44,18.67,1.38,15.28,67.58,3.280840304500585,8.700972080037227,3.0701278234985114
111.07,251.75,30.18,62.13,57.59,19.76,1.63,19.3,71.84,3.280840304500585,8.700972080037227,3.0701278234985114
111.98,249.14,28.36,67.6,59.01,21.16,1.37,17.52,66.8,3.280840304500585,8.700972080037227,3.0701278234985114
100.68,260.27,28.12,61.43,55.53,21.99,1.71,15.11,68.83,3.280840304500585,8.700972080037227,3.0701278234985114
108.95,209.35,12.97,46.99,35.54,18.68,1.65,22.75,70.97,3.280840304500585,8.700972080037227,3.0701278234985114
119.3,258.16,23.69,50.9,46.33,16.36,2.04,18.55,64.41,3.280840304500585,8.700972080037227,3.0701278234985114
111.51,240.16,18.54,58.73,46.31,20.3,1.54,16.49,75.19,3.280840304500585,8.700972080037227,3.0701278234985114
107.39,194.47,10.89,57.81,39.6,23.09,1.59,14.81,92.08,3.280840304500585,8.700972080037227,3.0701278234985114
98.08,173.15,3.15,46.22,27.14,23.88,1.29,15.75,90.66,3.280840304500585,8.700972080037227,3.0701278234985114
88.87,172.43,7.93,49.62,32.84,18.02,1.22,33.53,93.56,3.280840304500585,8.700972080037227,3.0701278234985114
136.42,236.76,10.29,61.91,41.3,18.74,1.59,32.95,84.14,3.280840304500585,8.700972080037227,3.0701278234985114
94.52,214.24,14.13,57.15,41.88,20.77,1.58,20.05,60.33,3.280840304500585,8.700972080037227,3.0701278234985114
97.46,232.36,21.0,50.92,44.16,22.73,1.38,17.76,60.26,3.280840304500585,8.700972080037227,3.0701278234985114
102.14,208.49,8.14,42.84,29.4,20.31,1.26,22.44,73.56,3.280840304500585,8.700972080037227,3.0701278234985114
106.73,219.55,6.1,47.17,30.05,21.32,1.24,20.65,67.94,3.280840304500585,8.700972080037227,3.0701278234985114
93.3,164.93,6.13,48.07,30.56,20.14,1.09,12.33,75.97,3.280840304500585,8.700972080037227,3.0701278234985114
119.7,242.07,11.71,75.55,49.71,23.52,1.66,15.74,70.76,3.280840304500585,8.700972080037227,3.0701278234985114
114.08,233.12,9.05,75.67,47.61,22.64,1.43,17.54,65.67,3.280840304500585,8.700972080037227,3.0701278234985114
86.48,166.1,3.65,45.18,27.1,21.4,0.95,14.53,64.08,3.280840304500585,8.700972080037227,3.0701278234985114
82.89,138.04,7.56,56.51,36.29,23.1,1.05,7.82,46.45,3.280840304500585,8.700972080037227,3.0701278234985114
115.82,169.48,8.72,41.34,29.17,30.99,1.17,6.81,34.89,3.280840304500585,8.700972080037227,3.0701278234985114
77.06,128.39,8.89,49.21,33.5,22.13,1.03,7.89,52.24,3.280840304500585,8.700972080037227,3.0701278234985114
100.55,145.81,7.8,42.22,28.9,25.12,1.13,3.99,40.01,3.280840304500585,8.700972080037227,3.0701278234985114
84.46,134.81,7.69,38.04,26.58,24.02,1.04,6.96,34.23,3.280840304500585,8.700972080037227,3.0701278234985114
93.38,155.98,14.89,49.68,38.62,21.83,1.33,6.66,41.08,3.280840304500585,8.700972080037227,3.0701278234985114
75.17,125.76,10.56,46.67,33.5,22.43,1.1,3.36,37.47,3.280840304500585,8.700972080037227,3.0701278234985114
80.47,139.95,6.67,38.33,25.9,22.01,1.01,17.33,49.45,3.280840304500585,8.700972080037227,3.0701278234985114
105.11,154.39,17.574729662029362,18.4,32.30912333307031,8.15,2.83,5.1,10.33,0.0,8.700972080037227,3.0701278234985114
102.0,165.18,17.574729662029362,15.96,32.30912333307031,8.54,2.58,5.74,7.0,0.0,8.700972080037227,3.0701278234985114
106.75,216.39,22.39,28.58,50.97,8.84,4.7,11.73,18.93,3.280840304500585,8.700972080037227,3.0701278234985114
114.74,223.01,16.23,31.88,48.11,9.16,4.69,11.49,18.67,3.280840304500585,8.700972080037227,3.0701278234985114
129.1,262.29,20.17,34.18,54.35,9.48,4.64,10.65,12.73,3.280840304500585,8.700972080037227,3.0701278234985114
141.36,263.44,19.74,30.06,49.79,10.27,4.48,11.55,15.09,3.280840304500585,8.700972080037227,3.0701278234985114
82.44,182.86,17.86,23.06,40.92,10.98,3.84,10.91,10.93,0.01,8.700972080037227,3.0701278234985114
132.04,277.7,21.4,31.75,53.14,11.25,4.06,19.71,15.9,64.58,8.700972080037227,3.0701278234985114
111.8,247.37,24.81,28.76,53.56,11.9,4.09,18.65,18.07,14.79,8.700972080037227,3.0701278234985114
113.7,237.12,23.98,26.52,50.49,12.22,4.03,16.0,15.44,1.31,8.700972080037227,3.0701278234985114
107.49,202.08,13.26,22.46,35.7,13.3,4.29,17.98,18.73,0.0,8.700972080037227,3.0701278234985114
138.61,270.48,14.1,23.64,37.73,12.69,4.45,17.19,15.51,0.12,8.700972080037227,3.0701278234985114
107.43,198.72,15.06,29.19,44.26,10.97,3.97,16.42,13.16,0.05,8.700972080037227,3.0701278234985114
101.91,195.56,12.18,26.95,39.12,10.54,4.02,16.17,15.68,0.0,8.700972080037227,3.0701278234985114
74.6,138.09,9.54,23.63,33.16,9.71,3.96,15.13,14.92,0.0,8.700972080037227,3.0701278234985114
70.35,98.68,17.6,28.08,45.66,11.91,4.06,16.1,7.82,0.0,8.700972080037227,3.0701278234985114
98.35,205.38,22.13,22.01,44.13,11.1,4.02,15.03,13.23,0.0,8.700972080037227,3.0701278234985114
123.81,273.73,12.99,31.84,44.82,9.25,4.07,15.87,17.03,0.0,8.700972080037227,3.0701278234985114
81.95,150.97,11.18,27.66,38.83,10.33,3.99,15.48,15.65,0.0,8.700972080037227,3.0701278234985114
109.51,211.11,20.48,30.11,50.59,10.07,4.17,15.2,14.9,0.0,8.700972080037227,3.0701278234985114
104.98,206.05,20.67,29.53,50.16,9.65,4.17,14.84,14.63,0.0,8.700972080037227,3.0701278234985114
112.66,234.69,12.99,29.35,42.32,9.72,4.14,14.75,16.8,0.0,8.700972080037227,3.0701278234985114
102.38,241.51,13.95,31.82,45.76,9.11,4.19,15.85,20.36,0.0,8.700972080037227,3.0701278234985114
138.98,296.39,13.65,33.92,47.54,10.59,4.62,16.99,22.25,0.0,8.700972080037227,3.0701278234985114
110.16,246.8,18.87,27.23,46.1,11.29,4.42,18.2,18.2,0.0,8.700972080037227,3.0701278234985114
59.95,155.03,11.13,18.43,29.54,10.25,4.08,16.48,16.94,0.0,8.700972080037227,3.0701278234985114
80.52,177.28,26.01,18.25,44.24,10.35,3.59,13.34,24.14,0.19,8.700972080037227,3.0701278234985114
84.04,227.33,14.05,22.36,36.4,10.04,3.56,14.15,28.11,0.27,8.700972080037227,3.0701278234985114
87.78,118.12710293078135,5.28,16.61,21.86,6.86,2.62,12.78,15.33,3.19,8.700972080037227,3.0701278234985114
92.79,146.0,15.77,22.49,27.78,13.6,0.61,13.33,15.05,0.69,8.700972080037227,3.0701278234985114
102.24,155.04,15.63,24.57,41.39,14.29,0.7,13.28,9.18,0.88,8.700972080037227,3.0701278234985114
101.38,145.63,19.53,25.77,35.7,13.05,0.79,13.44,9.73,1.02,8.700972080037227,3.0701278234985114
93.46,141.34,22.49,23.48,38.7,12.58,0.85,14.05,7.59,1.2,8.700972080037227,3.0701278234985114
99.58,164.79,20.09,25.17,32.23,11.46,0.96,13.51,9.18,1.13,8.700972080037227,3.0701278234985114
86.54,142.06,21.13,16.03,28.04,11.27,1.09,13.43,3.81,1.44,8.700972080037227,3.0701278234985114
106.56,174.97,16.89,23.87,34.84,50.44,1.37,14.31,7.71,17.33,8.700972080037227,3.0701278234985114
92.9,155.62,15.28,20.18,33.55,75.35,1.29,13.7,8.45,35.32,8.700972080037227,3.0701278234985114
107.16,166.89,16.46,24.5,36.95,86.39,1.45,14.31,7.11,46.59,8.700972080037227,3.0701278234985114
101.21,160.22,17.97,29.48,41.17,68.07,1.48,15.63,6.76,55.57,8.700972080037227,3.0701278234985114
95.17,139.71,22.75,21.83,40.13,68.04,1.47,13.89,6.18,29.96,8.700972080037227,3.0701278234985114
110.42,158.99,26.6,18.39,41.2,66.8,1.59,14.13,5.94,25.07,8.700972080037227,3.0701278234985114
119.8,174.11,23.3,16.98,37.49,46.7,1.57,14.26,4.37,27.33,8.700972080037227,3.0701278234985114
88.44,151.27,17.58,18.32,32.59,48.19,1.4,13.53,7.16,14.54,8.700972080037227,3.0701278234985114
102.7,176.7,26.75,18.41,40.47,41.28,1.54,13.76,6.14,16.14,8.700972080037227,3.0701278234985114
91.97,155.4,24.47,16.85,37.9,47.86,1.5,13.48,5.93,14.76,8.700972080037227,3.0701278234985114
104.88,179.97,30.26,22.17,47.69,45.27,2.27,13.95,6.01,16.81,8.700972080037227,3.0701278234985114
105.37,185.94,28.88,23.12,44.14,44.23,2.36,13.92,5.94,14.02,8.700972080037227,3.0701278234985114
92.57,157.2,27.42,21.17,45.81,40.39,2.4,13.81,6.5,13.17,8.700972080037227,3.0701278234985114
113.28,187.85,23.93,26.53,45.54,62.13,2.7,14.5,7.55,17.54,8.700972080037227,3.0701278234985114
122.13,193.0,22.92,23.24,45.11,59.95,2.82,14.38,8.11,14.94,8.700972080037227,3.0701278234985114
134.63,204.6,19.33,24.44,43.58,47.97,2.93,16.19,7.94,15.13,8.700972080037227,3.0701278234985114
114.33,200.21,23.74,25.85,43.45,53.25,2.82,15.05,7.91,12.76,8.700972080037227,3.0701278234985114
111.2,182.96,23.49,28.05,47.47,65.87,2.89,15.69,6.65,12.08,8.700972080037227,3.0701278234985114
111.65,168.12,20.24,29.41,43.59,84.16,3.0,16.07,7.24,12.11,8.700972080037227,3.0701278234985114
115.3,175.98,17.55,28.26,40.47,62.08,3.04,15.34,7.3,12.01,8.700972080037227,3.0701278234985114
115.84,162.16,13.46,23.55,32.74,42.79,3.03,14.86,6.98,11.68,8.700972080037227,3.0701278234985114
107.48,170.41,18.88,26.1,38.12,53.42,2.88,14.78,7.42,5.43,8.700972080037227,3.0701278234985114
129.34,199.63,19.92,26.6,43.04,47.04,3.0,15.67,7.77,0.1,8.700972080037227,3.0701278234985114
101.16,164.46,15.93,25.7,37.58,40.1,2.96,15.77,8.69,0.0,8.700972080037227,3.0701278234985114
97.91,166.85,21.4,32.0,45.64,36.76,3.0,18.08,8.76,0.0,8.700972080037227,3.0701278234985114
130.42,216.35,21.45,28.35,46.25,43.46,3.14,17.84,9.94,0.0,8.700972080037227,3.0701278234985114
100.96,175.79,20.07,28.87,43.13,58.95,3.14,16.29,8.08,0.0,8.700972080037227,3.0701278234985114
103.75,170.98,22.29,25.11,44.53,44.08,3.22,16.09,7.4,0.0,8.700972080037227,3.0701278234985114
111.26,185.23,21.49,28.07,45.14,42.84,3.28,16.85,7.24,0.0,8.700972080037227,3.0701278234985114
111.07,184.91,29.9,25.19,50.44,79.99,3.26,17.1,9.17,0.0,8.700972080037227,3.0701278234985114
131.46,214.98,42.0,26.08,58.49,66.53,3.04,16.68,6.42,0.0,8.700972080037227,3.0701278234985114
78.32,131.06,21.48,23.19,37.38,45.27,3.19,15.71,6.86,0.0,8.700972080037227,3.0701278234985114
75.25,138.91,22.38,25.97,45.49,42.71,3.12,16.66,9.56,0.0,8.700972080037227,3.0701278234985114
112.37,185.58,22.66,28.08,41.22,88.66,3.4,15.83,6.6,0.0,8.700972080037227,3.0701278234985114
108.57,180.8,23.45,27.22,44.82,97.03,3.46,16.13,9.01,0.0,8.700972080037227,3.0701278234985114
103.6,181.73,18.82,26.51,41.42,76.88,3.38,16.28,10.05,0.0,8.700972080037227,3.0701278234985114
112.37,190.29,15.79,28.31,38.73,34.35,3.57,16.15,10.62,0.0,8.700972080037227,3.0701278234985114
128.36,221.16,20.04,28.41,45.15,42.57,3.48,16.6,11.94,0.0,8.700972080037227,3.0701278234985114
114.28,209.55,23.59,23.73,42.75,39.77,3.35,16.89,13.31,0.0,8.700972080037227,3.0701278234985114
84.99,135.97,21.95,22.47,39.96,33.08,3.3,15.69,6.92,0.0,8.700972080037227,3.0701278234985114
99.22,181.46,24.3,25.67,46.17,29.06,3.41,16.81,10.63,0.0,8.700972080037227,3.0701278234985114
137.43,226.56,22.52,26.94,46.83,34.25,3.55,17.93,9.55,0.0,8.700972080037227,3.0701278234985114
91.34,178.39,27.24,19.86,44.73,42.06,3.18,16.12,7.52,0.0,8.700972080037227,3.0701278234985114
122.22,214.29,25.69,22.72,43.86,47.36,3.37,16.56,13.14,0.0,8.700972080037227,3.0701278234985114
82.11,152.68,19.65,19.58,35.33,38.59,3.16,15.47,9.65,0.0,8.700972080037227,3.0701278234985114
97.36,166.06,21.8,21.02,37.88,37.46,3.02,3.45,5.1,0.0,8.700972080037227,3.0701278234985114
96.13,175.89,29.6,17.57,43.76,47.43,2.98,2.87,7.68,0.0,8.700972080037227,3.0701278234985114
104.21,214.24,27.06,25.04,45.85,89.78,2.98,8.33,10.8,0.0,8.700972080037227,3.0701278234985114
90.05,171.65,18.6,21.91,35.39,46.77,3.0,7.98,10.35,0.0,8.700972080037227,3.0701278234985114
78.65,133.83,17.64,17.86,30.0,51.72,2.87,7.56,10.85,0.0,8.700972080037227,3.0701278234985114
106.07,197.98,14.85,22.36,32.46,45.13,2.88,7.15,10.05,0.0,8.700972080037227,3.0701278234985114
122.45,230.52,18.29,24.06,37.8,42.99,3.05,7.92,10.96,0.0,8.700972080037227,3.0701278234985114
102.7,181.7,19.03,24.53,35.65,39.09,2.97,8.41,15.81,0.0,8.700972080037227,3.0701278234985114
83.68,171.41,14.03,20.75,31.27,41.95,2.86,7.07,16.78,0.0,8.700972080037227,3.0701278234985114
116.02,219.56,17.45,27.08,38.58,35.46,3.11,8.19,18.46,0.0,8.700972080037227,3.0701278234985114
119.74,217.75,19.87,25.26,38.51,34.89,3.14,9.51,15.81,0.0,8.700972080037227,3.0701278234985114
112.65,217.1,18.43,19.73,35.38,36.47,3.18,8.91,20.16,0.0,8.700972080037227,3.0701278234985114
123.03,215.27,16.18,24.73,36.0,39.56,3.18,9.28,18.31,0.0,8.700972080037227,3.0701278234985114
131.29,258.62,21.18,25.89,43.97,78.67,2.92,9.85,8.91,0.0,8.700972080037227,3.0701278234985114
95.05,216.03,13.36,24.32,31.41,74.68,2.36,7.1,13.64,0.0,8.700972080037227,3.0701278234985114
123.52,261.52,31.34,28.24,52.66,89.8,2.56,9.27,6.94,0.0,8.700972080037227,3.0701278234985114
67.45,191.22,17.574729662029362,28.560659061126955,0.0,23.48347601937197,0.0,14.53197725590996,34.49143047551845,0.0,8.700972080037227,3.0701278234985114
107.54,231.42,17.46,11.95,7.25,19.89,0.8,9.84,3.26,0.0,8.700972080037227,3.0701278234985114
89.4,189.29,13.26,8.22,9.23,73.66,1.4,10.75,9.5,0.03,8.700972080037227,3.0701278234985114
86.71,175.56,15.97,9.92,22.56,51.87,0.96,12.71,5.92,0.0,8.700972080037227,3.0701278234985114
102.32,194.1,30.45,12.24,15.47,23.22,0.51,12.3,3.7,0.0,8.700972080037227,3.0701278234985114
78.96,159.2,17.574729662029362,28.560659061126955,0.0,23.48347601937197,0.0,14.53197725590996,34.49143047551845,0.0,8.700972080037227,3.0701278234985114
118.77,233.8,31.06,17.7,44.04,76.34,1.08,12.33,5.92,0.0,8.700972080037227,3.0701278234985114
91.52,176.71,29.03,13.86,40.61,51.93,1.01,12.61,6.67,111.65,8.700972080037227,3.0701278234985114
109.25,194.3,31.17,14.67,41.4,91.85,1.26,7.56,28.41,0.0,8.700972080037227,3.0701278234985114
99.98,162.31,29.18,13.52,37.05,68.74,1.19,6.31,16.64,28.56,8.700972080037227,3.0701278234985114
115.69,209.26,30.02,26.74,45.4,106.47,0.82,8.53,26.83,4.94,8.700972080037227,3.0701278234985114
108.99,195.21,27.88,20.64,38.24,85.38,0.84,6.95,35.7,1.98,8.700972080037227,3.0701278234985114
101.29,189.61,25.28,25.34,43.24,73.69,0.86,6.45,28.69,0.0,8.700972080037227,3.0701278234985114
89.78,154.57,28.02,17.0,39.18,82.41,0.89,5.37,27.66,1.13,8.700972080037227,3.0701278234985114
104.47,184.67,25.44,19.5,38.53,91.79,0.87,6.26,26.39,0.0,8.700972080037227,3.0701278234985114
91.23,160.68,27.22,14.01,37.63,83.71,0.9,5.11,26.95,0.0,8.700972080037227,3.0701278234985114
76.21,163.07,13.64,21.41,27.06,71.07,0.05,6.54,43.29,0.0,8.700972080037227,3.0701278234985114
94.73,128.97,17.574729662029362,28.560659061126955,0.0,23.48347601937197,0.0,14.53197725590996,34.49143047551845,0.0,8.700972080037227,3.0701278234985114
101.48,143.48,17.574729662029362,28.560659061126955,0.0,23.48347601937197,0.0,14.53197725590996,34.49143047551845,0.0,8.700972080037227,3.0701278234985114
90.45,149.84,136.08,28.560659061126955,13.82,65.67,0.33,5.7,59.21,0.13,8.700972080037227,3.0701278234985114
93.45,197.74,17.574729662029362,28.560659061126955,32.30912333307031,58.77,0.33,5.26,73.03,0.15,8.700972080037227,3.0701278234985114
86.2,187.5,17.574729662029362,28.560659061126955,0.0,72.26,0.34,5.55,38.92,0.15,8.700972080037227,3.0701278234985114
76.63,183.91,17.574729662029362,28.560659061126955,0.0,23.48347601937197,0.37,4.32,34.49143047551845,0.19,8.700972080037227,3.0701278234985114
77.66,168.5,17.574729662029362,28.560659061126955,0.0,23.48347601937197,0.39,5.04,34.49143047551845,0.1,8.700972080037227,3.0701278234985114
104.11,150.29,12.26,6.84,13.52,6.22,0.82,10.29,18.17,3.0,6.19,0.9
122.16,180.25,7.8,16.3,11.84,7.79,0.73,9.92,17.49,3.04,5.9,0.81
110.06,184.04,36.29,19.43,43.39,40.84,1.29,9.28,14.68,3.47,8.34,0.95
108.09,181.54,17.27,11.43,20.99,22.6,1.01,8.21,22.36,3.42,7.81,0.86
109.17,169.19,9.28,10.06,13.98,12.73,0.99,8.87,24.24,3.29,6.73,0.85
112.71,190.12,7.24,13.46,14.1,12.82,0.89,8.29,26.53,3.43,6.82,0.8
123.26,190.28,14.3,11.76,18.63,19.21,1.02,9.04,14.22,4.25,7.47,0.82
135.98,215.41,4.69,8.11,5.18,5.93,0.98,11.2,18.42,5.01,7.34,1.17
113.03,157.15,10.32,13.33,6.5,23.48347601937197,0.79,10.7,11.25,64.33,3.32,4.45
101.59,165.89,33.46,21.83,31.03,23.48347601937197,0.99,10.81,7.64,31.33,6.13,4.09
101.15,173.66,30.76,20.56,25.88,23.48347601937197,1.29,12.37,9.47,1.53,6.96,3.99
96.95,162.86,4.57,17.22,13.93,1.0,0.85,10.64,12.77,1.5,5.61,3.76
92.71,157.63,17.574729662029362,28.560659061126955,32.30912333307031,23.48347601937197,1.24,11.86,8.42,10.81,2.31,1.25
116.3,199.37,17.574729662029362,28.560659061126955,32.30912333307031,23.48347601937197,0.87,10.74,6.22,9.34,1.87,1.23
84.1,125.61,1.32,17.06,18.48,9.59,0.53,9.45,8.15,6.91,1.82,0.97
92.12,167.97,70.94,5.08,59.09,35.57,1.25,9.06,13.89,10.36,0.92,0.22
90.07,153.17,27.56,20.88,32.57,35.75,0.86,11.91,8.73,3.3,0.43,1.0
119.05,175.51,33.79,21.97,38.56,45.27,1.06,10.15,7.86,3.43,0.65,1.05
98.48,132.54,8.48,14.95,14.25,42.05,0.8,8.64,8.29,8.3,0.25,0.88
77.06,145.42,49.23,14.74,48.79,24.95,1.24,7.27,6.62,10.96,0.42,0.72
103.75,118.12710293078135,42.23,36.98,14.4,10.04,1.33,4.65,27.54,3.280840304500585,7.37,3.0701278234985114
106.27,118.12710293078135,33.67,38.34,14.8,11.53,1.08,6.22,27.65,3.280840304500585,4.72,3.0701278234985114
42.82,118.12710293078135,23.17,35.32,16.86,10.17,1.21,6.23,27.6,3.280840304500585,8.700972080037227,3.0701278234985114
66.72,118.12710293078135,12.08,16.79,15.37,12.76,5.14,4.31,22.29,8.61,7.39,3.0701278234985114
80.23,118.12710293078135,12.33,20.43,13.51,9.86,5.69,5.58,23.1,4.39,8.700972080037227,3.0701278234985114
87.48,118.12710293078135,7.97,18.6,17.24,10.79,1.02,6.25,27.62,3.280840304500585,8.700972080037227,3.0701278234985114
72.65,118.12710293078135,9.4,18.34,13.71,9.6,3.87,4.7,28.02,3.280840304500585,8.700972080037227,3.0701278234985114
90.72,118.12710293078135,12.93,19.6,13.63,9.91,6.25,1.75,24.24,5.39,8.700972080037227,3.0701278234985114
54.28,118.12710293078135,18.46,24.85,17.05,23.82,9.48,18.14,31.3,0.85,8.700972080037227,3.0701278234985114
100.77,118.12710293078135,9.42,22.81,21.94,17.5,1.95,10.63,23.81,10.64,6.9,3.0701278234985114
120.24,118.12710293078135,15.04,23.93,24.47,27.53,2.47,10.36,24.4,0.01,5.36,3.0701278234985114
91.69,118.12710293078135,6.21,19.7,18.4,56.05,2.47,10.54,24.75,3.280840304500585,5.01,3.0701278234985114
79.98,118.12710293078135,6.78,19.21,18.38,50.22,3.12,9.98,25.84,3.280840304500585,3.66,3.0701278234985114
113.78,118.12710293078135,6.1,15.58,17.15,52.12,2.91,12.79,40.91,3.280840304500585,4.2,3.0701278234985114
119.68,118.12710293078135,9.6,16.33,19.94,56.9,4.16,11.4,43.83,5.37,4.15,3.0701278234985114
105.59,118.12710293078135,14.0,20.24,23.78,53.36,3.18,11.34,52.84,2.7,3.99,3.0701278234985114
100.5,118.12710293078135,19.0,21.32,26.22,58.98,1.45,10.99,44.51,3.280840304500585,8.700972080037227,3.0701278234985114
102.97,118.12710293078135,24.07,25.74,35.87,52.25,2.12,9.7,52.73,3.280840304500585,93.65,3.0701278234985114
127.46,118.12710293078135,18.69,29.99,27.0,55.9,1.43,11.03,48.19,3.280840304500585,27.09,3.0701278234985114
129.49,118.12710293078135,4.23,14.97,15.73,53.25,1.56,11.45,46.7,3.280840304500585,0.11,3.0701278234985114
100.13,118.12710293078135,4.48,14.35,14.84,54.95,2.51,9.62,47.98,3.280840304500585,8.700972080037227,3.0701278234985114
108.88,118.12710293078135,5.25,16.12,17.11,58.26,1.44,10.79,50.59,3.280840304500585,8.700972080037227,3.0701278234985114
111.48,118.12710293078135,4.69,15.66,16.38,57.97,1.51,10.8,42.62,3.280840304500585,8.700972080037227,3.0701278234985114
83.72,118.12710293078135,8.87,20.08,20.23,53.46,2.59,14.01,32.66,0.98,0.18,3.0701278234985114
70.58,118.12710293078135,8.99,17.94,14.05,52.85,20.62,15.31,29.69,1.03,0.23,3.0701278234985114
67.95,118.12710293078135,12.24,13.66,20.38,46.24,2.76,10.39,40.63,3.280840304500585,8.700972080037227,3.0701278234985114
62.54,118.12710293078135,6.95,19.45,16.78,62.36,8.49,7.05,31.75,3.280840304500585,8.700972080037227,3.0701278234985114
61.7,118.12710293078135,6.01,20.32,15.16,52.0,8.59,6.71,33.56,0.99,6.67,3.0701278234985114
83.64,118.12710293078135,9.73,18.19,19.02,42.14,1.93,14.1,38.29,3.280840304500585,8.700972080037227,3.0701278234985114
27.69,118.12710293078135,10.7,10.76,17.2,23.36,2.95,10.36,30.29,3.280840304500585,8.700972080037227,3.0701278234985114
44.26,118.12710293078135,13.58,10.47,18.3,24.47,4.41,11.8,31.31,3.280840304500585,8.700972080037227,3.0701278234985114
122.16,118.12710293078135,32.03,21.5,37.11,25.89,2.61,10.78,23.67,3.26,25.37,3.0701278234985114
90.73,118.12710293078135,21.94,22.21,22.57,25.37,2.08,10.14,26.13,3.280840304500585,0.16,3.0701278234985114
41.27,118.12710293078135,11.42,14.19,16.82,23.48347601937197,7.62,7.1,19.12,3.280840304500585,8.700972080037227,3.0701278234985114
81.26,118.12710293078135,23.27,20.88,27.69,66.35,3.21,7.26,20.24,3.280840304500585,8.700972080037227,3.0701278234985114
44.74,118.12710293078135,16.01,23.81,18.55,53.83,4.34,6.37,32.31,0.01,0.01,3.0701278234985114
62.63,118.12710293078135,4.71,12.09,15.53,309.04,6.75,2.5,37.11,3.280840304500585,8.700972080037227,3.0701278234985114
65.1,118.12710293078135,7.81,16.1,22.16,196.84,3.66,4.28,13.33,3.280840304500585,8.700972080037227,3.0701278234985114
80.23,118.12710293078135,7.06,21.76,23.08,177.66,2.73,4.91,30.64,3.280840304500585,8.700972080037227,3.0701278234985114
76.91,118.12710293078135,9.77,12.11,14.27,2.19,1.68,4.1,30.36,6.57,9.37,3.0701278234985114
107.65,118.12710293078135,10.73,14.47,16.13,4.15,1.45,4.07,21.67,9.88,10.15,3.0701278234985114
69.9,118.12710293078135,11.42,15.9,17.36,1.51,1.65,4.33,26.83,14.04,15.1,3.0701278234985114
112.72,118.12710293078135,11.82,15.66,17.54,0.94,1.47,3.51,22.93,16.23,24.5,3.0701278234985114
127.03,118.12710293078135,8.46,13.25,13.84,0.92,1.08,5.94,28.65,8.06,10.02,3.0701278234985114
98.75,118.12710293078135,8.31,12.5,13.27,0.55,1.09,3.3,25.94,5.43,12.16,3.0701278234985114
87.07,118.12710293078135,4.82,9.98,9.82,58.78,1.62,2.88,19.61,2.07,4.16,3.0701278234985114
100.61,118.12710293078135,4.2,11.24,9.77,176.16,1.23,2.7,18.18,3.21,5.98,3.0701278234985114
98.47,118.12710293078135,3.22,8.57,7.73,173.87,1.23,2.22,24.29,3.18,4.63,3.0701278234985114
123.36,118.12710293078135,3.79,11.41,9.54,174.31,1.23,2.36,22.18,2.17,4.45,3.0701278234985114
65.84,118.12710293078135,5.87,5.4,9.19,189.01,2.02,3.58,19.93,2.26,5.11,3.0701278234985114
89.6,118.12710293078135,6.85,16.96,16.62,81.23,0.89,5.03,54.2,1.21,3.41,3.0701278234985114
196.81,118.12710293078135,8.94,16.33,17.43,114.15,1.16,9.24,11.26,17.48,25.05,3.0701278234985114
25.42,118.12710293078135,4.57,10.18,12.76,23.48347601937197,3.27,4.42,9.59,0.44,1.3,3.0701278234985114
37.79,118.12710293078135,6.85,12.86,17.74,23.48347601937197,2.84,5.18,18.33,0.93,2.88,3.0701278234985114
42.16,118.12710293078135,5.93,13.37,17.33,23.48347601937197,2.34,4.76,24.39,1.0,3.04,3.0701278234985114
31.97,118.12710293078135,9.5,19.62,19.31,23.48347601937197,2.08,4.62,22.33,0.84,3.07,3.0701278234985114
38.5,118.12710293078135,5.16,14.8,15.38,23.48347601937197,2.94,5.45,23.45,0.56,1.09,3.0701278234985114
36.26,118.12710293078135,8.34,18.66,19.73,23.48347601937197,3.17,4.13,22.59,0.79,1.35,3.0701278234985114
38.87,118.12710293078135,4.67,15.96,17.14,23.48347601937197,3.01,3.97,48.12,1.13,2.29,3.0701278234985114
26.79,118.12710293078135,4.36,22.55,17.28,23.48347601937197,9.15,2.38,15.46,2.88,4.56,3.0701278234985114
24.54,118.12710293078135,2.96,19.16,14.28,23.48347601937197,2.59,2.0,18.47,1.02,3.22,3.0701278234985114
34.16,118.12710293078135,4.38,20.6,16.09,23.48347601937197,5.56,1.85,10.14,1.4,4.35,3.0701278234985114
26.59,118.12710293078135,2.81,17.15,12.52,23.48347601937197,8.2,1.56,14.31,0.82,2.79,3.0701278234985114
87.04,118.12710293078135,6.61,28.5,15.1,23.48347601937197,0.15,13.75,63.2,1.99,4.42,3.0701278234985114
92.64,118.12710293078135,6.37,26.51,14.45,23.48347601937197,0.27,20.69,49.15,3.21,9.9,3.0701278234985114
98.0,118.12710293078135,6.84,13.5,11.11,23.48347601937197,0.1,5.46,62.24,1.65,6.03,3.0701278234985114
114.08,118.12710293078135,6.03,12.53,14.22,23.48347601937197,0.2,7.4,52.28,0.83,0.36,3.0701278234985114
93.71,118.12710293078135,4.4,32.16,18.27,23.48347601937197,0.08,8.1,59.17,0.26,0.28,3.0701278234985114
101.77,118.12710293078135,6.83,33.63,20.69,23.48347601937197,0.16,4.6,51.78,0.31,0.67,3.0701278234985114
92.41,118.12710293078135,7.76,33.46,21.3,23.48347601937197,0.08,3.64,38.11,0.42,0.38,3.0701278234985114
91.15,118.12710293078135,5.66,31.0,18.54,23.48347601937197,0.02,4.13,29.57,0.26,0.21,3.0701278234985114
55.2,118.12710293078135,5.8,13.75,11.53,23.48347601937197,0.03,7.82,41.83,0.34,0.0,3.0701278234985114
169.75,118.12710293078135,6.86,14.92,12.9,23.48347601937197,0.0,2.92,31.82,0.23,0.02,3.0701278234985114
89.0,118.12710293078135,8.11,18.46,15.55,23.48347601937197,0.0,4.36,37.69,0.14,0.03,3.0701278234985114
82.7,118.12710293078135,2.87,11.59,9.6,23.48347601937197,0.02,7.47,51.13,0.02,0.0,3.0701278234985114
131.2,118.12710293078135,3.84,15.75,9.35,23.48347601937197,0.24,6.77,63.11,0.05,0.06,3.0701278234985114
86.94,118.12710293078135,3.08,17.09,9.17,23.48347601937197,0.18,7.5,61.8,0.05,0.03,3.0701278234985114
65.53,118.12710293078135,3.24,21.28,8.45,23.48347601937197,0.18,10.43,55.31,0.03,0.18,3.0701278234985114
94.7,118.12710293078135,7.82,12.39,10.62,23.48347601937197,0.05,4.67,19.56,0.05,0.11,3.0701278234985114
92.04,118.12710293078135,8.46,12.23,11.17,23.48347601937197,0.07,4.66,19.21,0.08,0.08,3.0701278234985114
38.43,118.12710293078135,6.27,11.16,8.74,23.48347601937197,0.85,4.82,50.34,0.0,0.0,3.0701278234985114
193.3,118.12710293078135,21.68,24.61,26.48,66.11,0.77,22.85,26.01,0.04,0.03,3.0701278234985114
57.62,118.12710293078135,8.35,19.36,14.79,108.72,0.54,8.8,38.81,0.04,0.03,3.0701278234985114
164.37,118.12710293078135,17.04,20.65,20.98,125.32,1.23,19.38,20.49,3.58,4.43,3.0701278234985114
76.62,118.12710293078135,11.78,14.82,14.32,106.54,0.93,20.61,28.71,0.94,2.54,3.0701278234985114
100.8,118.12710293078135,11.48,11.85,12.58,105.03,0.76,10.14,50.02,1.71,3.03,3.0701278234985114
168.81,118.12710293078135,12.38,19.55,30.6,81.41,0.96,15.4,19.31,0.03,8.32,3.0701278234985114
111.04,118.12710293078135,11.08,22.32,30.73,99.8,1.19,10.76,46.49,0.01,0.09,3.0701278234985114
84.77,118.12710293078135,9.62,21.1,29.59,96.22,1.01,12.45,36.28,0.09,0.22,3.0701278234985114
112.05,118.12710293078135,10.69,18.89,28.95,51.32,0.95,6.22,37.01,0.11,0.1,3.0701278234985114
81.75,118.12710293078135,11.61,24.37,35.11,30.88,1.05,6.7,46.88,0.28,0.17,3.0701278234985114
98.92,118.12710293078135,8.91,16.05,24.43,43.28,1.06,7.98,30.72,0.03,0.29,3.0701278234985114
98.35,118.12710293078135,8.72,14.89,23.02,38.86,1.05,8.5,32.88,0.21,0.22,3.0701278234985114
95.16,118.12710293078135,9.63,16.81,25.93,42.8,1.39,9.0,27.31,0.0,0.19,3.0701278234985114
96.38,118.12710293078135,9.95,16.16,25.49,56.87,0.93,9.28,36.73,0.15,1.82,3.0701278234985114
110.85,118.12710293078135,11.31,16.27,25.86,15.8,1.01,11.11,31.96,0.12,2.93,3.0701278234985114
100.68,118.12710293078135,9.06,9.74,16.02,16.09,0.8,8.52,47.92,0.05,0.81,3.0701278234985114
122.43,118.12710293078135,6.07,13.22,18.62,28.4,0.86,18.33,56.82,0.16,0.44,3.0701278234985114
178.54,118.12710293078135,4.91,11.68,16.58,65.17,1.03,11.87,56.47,0.0,0.0,3.0701278234985114
199.98,118.12710293078135,6.87,12.07,18.94,16.9,1.08,9.36,18.88,0.02,0.42,3.0701278234985114
176.07,118.12710293078135,9.14,15.07,22.05,198.23,0.66,30.02,18.42,0.05,4.11,3.0701278234985114
54.13,72.84,11.23,26.17,36.78,92.78,1.42,12.81,27.69,0.64,1.8,3.0701278234985114
115.35,241.6,8.53,19.41,26.57,44.24,0.98,8.77,44.21,0.0,1.45,3.0701278234985114
98.83,181.03,9.5,19.12,27.57,50.12,1.08,8.17,46.2,0.02,3.13,3.0701278234985114
105.94,183.42,8.85,18.98,26.64,47.78,1.09,7.9,45.94,0.0,3.11,3.0701278234985114
121.43,201.76,10.6,18.15,27.37,48.42,1.04,7.08,47.64,0.0,2.62,3.0701278234985114
142.9,196.37,9.56,17.94,26.41,44.44,0.96,7.75,55.69,0.0,3.05,3.0701278234985114
96.8,172.27,10.06,13.83,22.12,19.52,0.86,5.4,53.69,0.0,2.56,3.0701278234985114
93.13,198.2,11.81,13.01,24.79,17.81,0.98,5.46,53.81,0.0,2.57,3.0701278234985114
122.88,168.34,13.48,20.24,33.44,72.09,1.1,23.68,35.37,1.35,0.06,3.0701278234985114
128.73,136.07,11.99,17.35,29.46,39.98,8.74,6.77,10.91,2.51,7.64,2.49
129.34,137.86,12.46,25.66,29.48,60.96,10.19,6.78,18.18,3.0,5.87,2.51
134.6,156.9,18.96,28.6,35.57,49.71,10.21,5.21,15.23,3.27,6.86,2.63
131.76,127.42,23.15,36.51,47.4,51.24,8.18,4.85,21.7,4.92,10.17,3.33
134.67,109.86,19.95,39.18,44.48,74.29,5.11,9.7,20.62,2.59,3.17,1.24
124.1,107.61,15.38,31.83,32.15,70.25,9.73,5.68,27.19,0.88,3.13,1.44
141.39,157.01,21.95,38.23,42.71,36.38,9.29,9.43,36.86,2.02,11.23,10.87
53.71,60.15,11.02,13.43,20.48,19.11,10.19,3.21,22.08,0.91,3.45,0.69
83.49,112.1,16.23,23.75,30.88,16.04,11.72,5.07,20.83,2.13,8.11,2.41
106.57,196.19,25.97,31.12,45.48,28.86,9.36,5.97,32.88,3.27,15.12,10.65
77.57,90.54,12.07,19.15,24.66,16.83,9.48,5.18,23.09,1.68,6.31,1.25
86.7,150.92,11.44,18.82,25.78,18.88,7.98,3.84,25.87,1.51,5.62,4.8
104.29,176.2,14.94,25.63,32.66,29.48,10.76,6.3,29.62,2.32,7.74,1.91
67.94,105.29,14.3,29.78,32.1,29.21,9.18,10.14,23.39,2.42,9.14,0.8
55.55,104.33,12.18,20.96,25.28,39.8,10.45,7.19,23.11,1.55,6.39,4.07
69.51,136.67,14.05,23.77,30.29,36.77,7.89,4.97,27.07,3.23,8.67,7.55
96.62,168.0,19.15,29.04,37.12,35.07,9.59,6.66,29.01,5.67,17.61,22.01
96.28,172.91,20.18,29.21,37.78,32.01,8.82,7.31,25.97,7.79,16.65,17.47
72.2,122.12,9.39,20.27,23.15,32.52,8.5,4.4,25.48,2.67,6.07,5.96
78.47,131.42,12.57,23.04,28.5,32.13,8.6,4.07,27.1,5.45,13.55,10.98
91.87,179.36,21.3,30.01,40.31,31.79,10.1,7.35,34.78,9.72,16.21,15.64
62.27,117.81,12.01,24.76,27.71,27.34,9.29,10.91,31.08,4.14,4.26,2.0
44.19,57.0,7.11,17.6,19.91,28.77,9.58,7.75,26.81,1.45,3.4,1.53
55.66,78.64,10.22,20.13,26.74,30.62,9.56,9.34,34.15,2.01,4.89,1.8
78.51,112.78,9.82,20.54,27.51,31.04,6.72,14.37,35.54,2.17,4.2,2.32
66.52,76.05,11.21,18.47,27.79,35.48,8.24,10.62,24.85,2.32,5.02,3.05
62.56,86.11,10.66,24.96,30.36,28.46,5.52,12.94,27.98,2.39,6.04,2.45
78.61,145.1,13.0,27.75,39.45,32.3,7.97,16.72,40.79,3.3,8.08,2.19
66.09,95.81,7.57,24.47,30.04,29.78,7.29,8.34,43.23,1.89,4.65,1.89
63.57,148.17,11.33,35.15,41.13,30.04,6.57,10.48,35.18,2.45,6.82,2.1
96.56,203.67,17.46,52.77,62.06,30.32,4.63,15.8,59.88,3.47,9.68,2.29
75.35,91.73,9.63,45.3,40.75,28.79,7.73,13.08,49.21,1.98,6.71,1.85
86.49,116.62,14.18,50.3,56.07,38.86,3.67,14.99,62.52,2.5,8.84,2.06
77.07,132.68,13.41,42.65,50.06,36.68,6.85,14.04,55.44,2.13,7.25,2.0
81.81,164.56,18.2,44.06,58.92,37.84,5.94,21.44,59.29,2.64,10.67,2.37
65.78,180.67,18.75,40.09,55.98,30.04,7.38,14.34,54.47,3.23,10.23,3.16
67.08,174.5,13.18,35.54,44.09,32.27,4.76,11.92,70.74,1.86,6.09,2.97
81.37,141.25,11.98,34.88,43.91,29.46,4.67,13.97,70.42,1.66,6.08,2.79
63.76,131.56,12.09,42.98,51.34,29.93,7.16,13.98,61.86,1.94,7.31,2.68
60.56,171.42,12.0,43.9,48.72,29.08,7.33,12.85,60.18,2.03,6.47,2.71
76.1,192.81,13.14,42.99,52.01,26.55,7.63,13.1,53.16,2.02,9.5,2.21
78.06,196.08,16.38,42.22,53.26,47.74,7.24,10.42,57.1,2.49,7.56,3.0701278234985114
77.52,186.28,24.05,75.5,91.36,41.94,6.17,15.03,73.24,2.16,5.81,3.0701278234985114
66.85,172.35,9.2,47.64,55.88,40.95,7.46,15.04,79.02,1.69,3.99,3.0701278234985114
67.41,176.25,21.7,52.69,60.6,42.24,6.11,20.3,57.17,2.01,4.94,3.0701278234985114
79.1,251.52,32.09,56.29,69.04,37.22,8.56,18.96,60.08,7.08,7.12,3.0701278234985114
49.42,175.39,15.74,48.55,61.72,35.12,5.03,9.96,72.89,1.26,3.71,3.0701278234985114
52.51,117.86,18.64,54.29,68.84,46.09,6.67,6.73,56.2,1.51,3.98,3.0701278234985114
65.28,137.7,24.46,65.25,91.72,54.47,4.98,6.31,41.92,1.8,5.8,3.0701278234985114
85.45,170.55,15.02,62.38,71.04,57.58,3.83,5.53,63.0,3.19,8.0,3.0701278234985114
85.03,186.2,25.76,77.07,91.29,46.57,3.51,9.53,88.63,2.43,6.95,3.0701278234985114
137.7,269.3,52.45,109.34,109.95,50.63,1.56,10.44,86.2,2.82,9.42,3.0701278234985114
115.57,259.73,4.41,32.99,26.63,35.31,1.24,6.02,138.5,1.52,3.79,3.0701278234985114
83.29,180.06,14.51,36.36,37.13,40.11,1.19,5.52,68.6,1.86,4.5,3.0701278234985114
73.7,158.24,24.38,52.9,64.56,41.36,1.36,5.34,53.02,1.71,5.25,3.0701278234985114
106.11,206.42,17.76,72.79,73.34,60.68,1.62,6.3,86.86,2.8,8.15,3.0701278234985114
110.65,216.46,10.75,65.21,61.04,55.65,1.38,7.8,76.58,2.17,5.76,3.0701278234985114
80.31,160.22,5.92,52.7,45.57,48.06,1.29,10.22,69.37,1.17,4.34,3.0701278234985114
101.99,152.18,18.2,61.18,67.45,51.94,1.41,7.9,77.04,2.42,7.98,3.0701278234985114
126.07,214.45,14.98,60.31,86.44,62.47,1.37,8.09,83.13,2.45,7.86,3.0701278234985114
69.46,195.2,19.12,38.55,69.98,42.36,1.01,7.28,53.19,1.39,3.4,3.0701278234985114
79.84,214.78,20.29,47.19,92.99,41.99,1.13,7.53,58.34,1.4,3.86,3.0701278234985114
67.12,175.9,12.29,52.45,110.32,39.09,1.12,6.86,61.7,1.61,5.71,3.0701278234985114
65.25,219.31,19.11,37.09,64.79,37.32,0.99,8.91,59.66,1.29,3.34,3.0701278234985114
88.75,212.16,20.9,35.54,45.93,61.61,0.98,7.24,56.61,0.85,1.81,3.0701278234985114
135.92,435.2,19.63,36.89,49.31,64.99,1.17,6.42,58.36,1.04,2.73,3.0701278234985114
60.27,143.86,15.17,44.07,109.71,38.68,1.1,7.91,58.07,1.08,3.78,3.0701278234985114
67.92,127.38,11.17,52.69,131.9,42.84,1.17,7.94,53.94,2.24,8.08,3.0701278234985114
65.95,128.93,25.82,53.39,152.12,48.61,1.4,7.86,42.58,2.8,9.57,3.0701278234985114
29.08,41.31,31.49,51.39,254.8,42.6,7.23,8.61,54.03,2.04,8.46,3.0701278234985114
63.79,243.97,30.37,38.05,89.67,44.18,1.07,9.62,52.2,1.41,4.49,3.0701278234985114
77.2,244.69,22.06,36.72,102.35,31.83,1.02,10.29,72.44,1.11,4.61,3.0701278234985114
77.99,148.95,13.99,42.07,128.36,40.17,1.88,12.46,61.43,1.95,7.66,3.0701278234985114
71.11,148.87,24.83,48.79,149.07,42.26,1.84,10.77,56.32,3.78,14.23,3.0701278234985114
67.39,144.11,23.65,52.87,155.27,42.68,1.28,10.4,59.05,2.6,10.15,3.0701278234985114
49.58,83.22,16.89,62.37,196.68,41.37,1.24,10.17,61.55,1.82,7.33,3.0701278234985114
40.97,78.76,12.25,46.3,151.32,38.36,1.14,12.19,46.98,2.04,8.56,3.0701278234985114
47.81,123.24,40.08,37.96,165.43,24.2,0.82,10.27,46.38,1.61,6.87,3.0701278234985114
59.13,117.08,25.28,52.78,164.51,37.94,1.67,10.41,54.66,2.33,9.61,3.0701278234985114
65.47,126.56,24.45,52.51,205.02,37.79,1.17,10.73,60.57,2.23,10.66,3.0701278234985114
64.58,154.92,19.7,48.24,202.11,39.64,1.75,10.22,68.17,2.06,8.98,3.0701278234985114
70.05,149.92,21.3,50.51,200.34,43.18,2.26,7.68,62.76,2.31,10.19,3.0701278234985114
55.51,105.17,31.18,39.47,167.5,36.5,1.24,5.83,45.4,2.22,9.54,3.0701278234985114
82.27,140.54,50.39,45.46,225.79,35.68,1.43,6.9,61.52,2.5,9.99,3.0701278234985114
77.04,137.74,31.89,49.43,215.75,41.69,2.11,6.23,62.67,2.94,10.85,3.0701278234985114
52.45,87.66,17.96,45.71,138.01,39.85,1.3,6.69,55.37,2.07,6.55,3.0701278234985114
61.66,116.55,47.8,52.76,189.02,39.16,1.16,9.82,80.63,3.11,9.53,3.0701278234985114
65.67,159.75,25.2,50.96,194.75,38.58,1.52,10.82,69.27,2.58,8.99,3.0701278234985114
40.83,210.86,32.66,32.0,72.35,20.57,0.78,11.59,42.13,0.7,2.82,3.0701278234985114
50.97,214.05,42.48,35.87,84.88,21.67,1.12,12.09,57.47,0.83,5.43,3.0701278234985114
46.74,149.06,26.74,40.28,61.52,28.2,0.9,9.56,52.48,2.13,6.5,3.0701278234985114
57.52,236.94,24.24,37.85,55.54,31.88,1.08,9.36,40.43,1.76,5.93,3.0701278234985114
61.47,237.68,32.28,40.41,74.7,25.74,1.35,10.59,56.61,2.37,7.75,3.0701278234985114
77.76,206.22,12.44,50.74,57.41,32.56,1.64,11.92,64.07,3.01,10.12,3.0701278234985114
68.53,260.48,35.03,49.3,91.78,31.16,1.09,11.11,65.56,2.85,8.82,3.0701278234985114
57.85,230.76,28.21,39.84,71.42,28.16,1.11,10.39,62.61,2.28,6.71,3.0701278234985114
51.67,220.14,24.52,32.53,57.84,23.0,0.96,12.77,60.73,1.94,6.0,3.0701278234985114
73.78,230.34,17.83,27.42,45.7,18.96,1.28,10.45,61.33,2.15,5.67,3.27
97.63,318.24,31.64,29.16,66.15,18.6,1.14,10.79,72.47,2.86,6.94,4.09
76.43,201.89,24.24,29.5,52.24,26.99,1.38,16.93,56.59,2.89,6.72,3.55
63.79,219.51,25.93,38.36,60.12,27.35,1.07,10.92,61.95,3.4,9.09,3.45
58.48,195.05,20.38,36.2,55.36,22.77,1.02,11.57,68.21,2.97,7.63,3.1
60.29,184.78,20.95,42.1,59.79,24.07,1.06,11.53,68.49,3.28,8.72,3.02
67.35,181.99,16.4,46.81,56.83,34.81,1.13,10.98,68.81,3.26,9.36,2.59
87.55,178.57,20.95,54.45,67.44,46.05,1.22,10.51,69.36,3.63,11.88,2.7
84.57,171.76,16.76,45.36,54.12,51.19,1.21,9.91,64.05,2.86,9.08,2.47
111.58,236.34,22.48,60.71,75.63,43.99,1.51,10.43,79.29,4.26,12.72,3.01
108.78,217.16,14.94,56.31,63.58,46.66,1.37,10.4,75.63,3.91,19.34,2.86
91.18,190.99,8.55,46.44,42.94,49.72,1.15,9.27,69.61,2.78,9.65,2.61
104.85,250.21,23.06,60.96,73.86,48.13,1.4,11.68,85.86,4.48,13.25,3.17
56.19,129.11,14.26,43.3,48.2,40.48,1.22,10.85,48.8,3.03,9.92,2.43
82.39,222.71,53.19,45.09,89.84,22.95,1.5,11.8,53.1,4.32,12.51,3.83
88.08,254.8,66.49,45.96,103.63,29.98,1.63,11.17,54.87,5.04,15.68,4.04
89.75,252.06,53.0,44.13,92.67,30.43,1.49,9.76,68.69,5.09,14.81,3.59
69.57,190.18,24.23,43.41,63.74,26.35,1.25,10.38,53.82,3.63,10.87,3.38
85.7,205.18,33.0,54.68,74.28,22.52,1.49,11.42,60.57,4.79,12.88,3.43
97.62,220.56,33.74,52.53,73.05,26.24,1.58,9.77,64.01,5.39,12.8,3.85
103.58,293.23,31.0,54.93,75.48,24.31,1.72,11.41,47.52,5.83,15.27,3.42
111.34,246.3,87.94,51.83,116.75,30.83,2.02,12.01,62.02,6.34,27.16,3.05
97.67,189.31,25.13,48.92,64.57,35.14,1.89,11.84,73.28,4.2,16.19,2.24
75.81,155.25,14.33,43.47,53.25,28.75,1.61,10.89,67.89,3.12,11.08,1.99
95.24,199.77,42.32,60.8,100.2,31.11,2.13,10.84,77.91,5.4,20.03,2.1
156.71,263.15,27.5,41.09,62.19,21.49,1.63,10.14,71.1,4.64,12.33,1.93
116.98,213.49,24.37,32.96,54.18,22.53,2.6,13.27,48.74,3.61,7.79,2.02
101.61,214.37,23.78,47.8,61.15,23.85,1.58,20.57,85.73,4.59,13.39,1.82
95.72,183.08,25.74,57.74,77.86,25.55,1.89,24.29,73.26,4.13,11.41,1.97
108.4,156.58,24.98,42.63,55.71,28.72,2.29,18.92,60.56,2.75,7.03,1.96
153.33,260.04,35.14,58.13,86.38,46.52,2.56,20.9,69.95,4.37,13.52,1.34
111.45,118.12710293078135,75.23,34.44,90.72,52.2,1.75,14.56,38.16,3.23,12.95,3.0701278234985114
114.35,118.12710293078135,47.8,26.84,56.46,74.04,1.94,13.17,33.06,2.59,9.92,3.0701278234985114
135.31,242.87,26.56,63.6,86.07,32.1,1.14,19.08,94.8,3.55,7.54,3.0701278234985114
130.76,269.21,63.15,67.45,115.18,31.31,1.47,23.7,85.13,9.22,17.93,3.0701278234985114
103.57,177.49,21.11,61.73,71.42,35.13,1.11,29.71,89.22,4.57,8.6,3.0701278234985114
115.7,219.52,26.8,66.8,88.44,35.02,1.88,27.44,93.47,6.81,11.64,3.0701278234985114
123.22,216.09,27.2,65.75,91.8,32.58,1.25,29.19,95.46,6.11,10.5,3.0701278234985114
135.38,236.15,30.25,80.76,107.45,35.79,1.36,37.35,89.38,8.2,17.99,3.0701278234985114
76.12,137.44,9.77,30.51,38.62,47.95,1.0,10.43,73.2,3.07,6.16,3.0701278234985114
88.73,137.44,12.59,41.47,48.81,30.92,1.02,20.79,75.96,3.48,4.69,3.0701278234985114
86.17,194.61,32.16,56.77,58.22,28.75,1.41,21.27,95.32,2.19,4.9,3.0701278234985114
129.66,236.27,50.39,76.82,101.86,27.19,1.63,21.44,115.84,2.56,8.82,3.0701278234985114
53.0,129.37,9.63,48.15,48.15,31.6,0.73,19.05,84.88,1.82,4.78,3.0701278234985114
98.61,167.78,33.11,54.69,84.84,54.88,1.28,20.44,82.97,6.69,12.43,3.0701278234985114
84.42,134.81,19.94,43.9,61.04,40.96,1.07,26.24,61.83,4.16,8.24,3.0701278234985114
109.16,164.84,35.5,49.75,76.08,35.16,1.16,31.56,66.4,4.96,10.61,3.0701278234985114
129.9,240.67,54.54,60.19,100.31,37.73,1.57,26.69,92.04,7.33,15.62,3.0701278234985114
85.76,204.96,38.38,30.44,48.08,28.85,1.69,9.58,36.99,3.31,11.5,3.0701278234985114
103.73,194.95,67.6,77.89,131.48,38.99,2.2,30.74,56.49,3.3,10.69,3.0701278234985114
95.52,167.64,55.13,57.84,99.81,52.94,1.56,20.52,97.74,4.21,13.34,3.0701278234985114
58.4,129.21,12.64,36.37,45.3,33.75,1.14,15.98,65.16,3.13,6.75,3.0701278234985114
72.44,122.24,12.75,42.51,48.36,37.72,1.1,23.86,66.2,2.52,6.11,3.0701278234985114
81.46,110.31,21.37,53.01,67.76,27.83,1.04,25.75,77.27,3.49,7.83,3.0701278234985114
89.75,156.89,18.61,48.72,62.06,29.91,1.28,42.34,67.87,4.29,8.11,3.0701278234985114
88.68,163.7,28.13,46.74,64.38,27.39,1.35,36.91,47.01,4.1,8.45,3.0701278234985114
127.86,218.3,93.5,61.21,117.28,34.59,2.2,19.64,62.15,3.73,11.76,3.0701278234985114
118.44,118.12710293078135,16.79,18.29,30.66,23.48347601937197,1.88,16.35,29.38,4.26,9.87,3.0701278234985114
97.83,174.11,7.16,20.15,26.39,24.26,1.38,18.86,28.8,3.23,6.9,3.0701278234985114
91.82,202.91,24.61,52.54,64.76,32.31,1.4,31.06,37.04,4.94,17.96,3.0701278234985114
129.61,329.68,54.59,58.6,98.07,48.67,1.22,35.57,32.33,8.56,23.17,3.0701278234985114
89.78,193.14,24.3,53.55,75.27,31.01,1.52,48.86,34.75,7.42,18.35,3.0701278234985114
107.81,154.18,35.14,47.95,82.5,33.72,1.77,35.24,31.6,6.63,12.59,3.0701278234985114
81.12,246.86,13.25,36.5,47.89,31.62,0.72,22.66,61.02,4.87,8.42,3.0701278234985114
74.03,201.81,13.94,35.44,48.38,23.32,0.71,17.85,58.47,3.54,6.19,3.0701278234985114
74.9,247.61,25.64,46.29,70.06,22.7,1.11,25.16,58.74,3.5,6.9,3.0701278234985114
94.81,220.48,39.07,58.81,78.15,22.82,1.32,26.21,75.75,4.53,9.5,3.0701278234985114
124.13,118.12710293078135,36.76,37.49,54.07,17.79,1.88,14.84,35.97,3.55,10.0,3.0701278234985114
102.86,283.02,30.63,42.35,61.61,21.22,1.04,13.34,66.77,2.91,7.11,3.0701278234985114
102.9,219.17,33.28,49.32,78.86,28.33,0.98,22.15,81.29,4.76,9.28,3.0701278234985114
92.74,265.56,13.43,42.87,50.67,20.52,0.88,19.87,103.07,2.82,5.38,3.0701278234985114
113.75,208.42,9.87,44.8,46.72,20.0,0.93,25.63,110.09,1.91,4.27,3.0701278234985114
89.52,171.92,18.15,50.78,56.56,20.6,1.51,25.65,87.26,1.88,4.73,3.0701278234985114
123.59,219.3,57.65,69.92,102.52,22.0,1.7,40.96,87.66,3.33,9.01,3.0701278234985114
104.5,213.36,31.14,70.04,91.82,23.14,1.47,39.91,87.38,3.17,10.97,3.0701278234985114
124.21,118.12710293078135,52.27,52.3,74.64,17.35,1.9,10.98,74.25,4.16,11.72,3.0701278234985114
119.47,118.12710293078135,21.08,41.26,43.36,13.81,1.49,10.0,70.42,2.77,7.29,3.0701278234985114
125.36,284.55,10.0,59.73,52.11,31.89,1.49,21.42,101.53,3.23,8.74,3.0701278234985114
65.02,173.86,11.94,46.27,53.02,44.78,1.14,18.35,79.9,2.75,11.56,3.0701278234985114
77.89,193.14,15.3,66.68,70.75,39.63,0.98,20.15,75.61,4.69,10.97,3.0701278234985114
90.19,208.75,7.73,64.2,59.4,45.99,1.1,25.25,81.61,4.6,10.54,3.0701278234985114
77.34,168.66,3.71,48.67,43.92,51.11,1.04,18.97,79.06,3.04,6.31,3.0701278234985114
73.55,174.94,5.87,57.52,54.56,43.66,1.05,22.26,68.57,3.71,14.27,3.0701278234985114
100.09,207.98,14.69,64.25,67.9,66.64,1.34,17.95,76.43,4.2,14.3,3.0701278234985114
94.22,219.01,11.17,67.73,74.26,43.64,1.86,27.98,85.76,3.74,9.37,3.0701278234985114
70.86,186.97,7.21,52.02,55.3,57.83,1.07,12.82,77.8,2.58,8.41,3.0701278234985114
78.02,233.72,4.48,48.23,45.61,55.28,0.96,13.08,107.9,1.88,4.19,3.0701278234985114
66.3,149.31,4.99,53.42,50.1,46.09,0.99,15.3,101.65,1.16,2.82,3.0701278234985114
87.31,163.9,5.25,45.86,47.55,40.22,0.79,16.69,93.48,0.87,2.5,3.0701278234985114
105.02,240.52,14.64,50.77,61.13,48.53,1.48,13.98,126.55,1.86,5.87,3.0701278234985114
42.67,169.36,3.57,35.71,22.06,30.46,0.87,10.6,101.26,0.66,1.44,3.0701278234985114
101.54,214.14,31.68,49.41,78.79,47.17,1.29,9.15,83.4,4.76,18.77,3.0701278234985114
76.56,251.87,17.71,44.55,57.7,37.91,1.04,13.11,86.34,4.57,10.9,3.0701278234985114
77.72,166.28,4.05,36.69,33.03,51.64,0.99,11.7,78.8,2.31,10.45,3.0701278234985114
84.61,208.17,8.11,45.47,45.71,35.52,1.48,14.68,100.24,2.73,12.57,3.0701278234985114
66.72,152.18,8.77,45.5,52.2,33.33,1.77,15.9,82.33,3.28,16.6,3.0701278234985114
64.08,143.88,7.96,57.31,61.05,32.67,1.45,19.95,79.75,4.35,16.88,3.0701278234985114
64.95,187.69,15.09,49.67,63.99,35.28,1.75,15.09,84.94,4.18,13.88,3.0701278234985114
75.75,239.74,20.49,51.75,71.2,30.18,3.84,18.14,92.8,4.58,15.79,3.0701278234985114
69.25,225.52,15.79,38.84,53.11,37.83,3.61,9.83,68.93,4.66,13.22,3.0701278234985114
70.71,272.34,19.62,40.04,59.25,33.33,2.59,9.78,70.91,3.45,10.63,3.0701278234985114
59.02,197.51,27.2,38.55,68.18,38.65,3.44,8.29,57.42,6.15,9.97,3.0701278234985114
62.37,109.42,7.69,30.44,32.88,34.5,2.49,9.89,56.97,2.66,9.95,3.0701278234985114
79.17,142.57,7.3,33.98,35.75,33.32,1.94,8.64,68.32,2.64,9.0,3.0701278234985114
101.31,101.54,7.47,32.55,34.9,34.93,2.64,9.51,56.24,2.99,6.88,3.0701278234985114
83.1,84.18,11.99,40.24,47.72,34.93,2.11,11.24,52.76,3.21,9.95,3.0701278234985114
91.63,98.88,10.88,37.7,44.63,28.31,2.11,8.34,55.92,3.55,10.1,3.0701278234985114
100.02,331.1,15.97,45.29,60.69,33.1,2.02,9.03,101.3,3.84,12.19,3.0701278234985114
77.71,143.29,11.31,34.78,43.72,52.72,2.64,7.6,57.81,3.05,8.64,3.0701278234985114
73.51,56.29,31.24,29.7,54.28,61.03,5.0,7.39,47.3,3.87,13.39,3.0701278234985114
75.93,38.59,14.17,15.75,29.63,33.83,2.48,7.0,28.11,3.43,5.89,3.0701278234985114
56.86,203.09,24.36,34.96,60.14,31.06,1.16,9.36,61.07,2.37,7.57,3.0701278234985114
45.64,240.86,32.54,37.8,79.06,32.92,0.87,7.27,56.3,2.34,6.11,3.0701278234985114
48.36,157.41,20.2,37.42,58.72,37.84,1.14,8.63,64.4,1.91,11.74,3.0701278234985114
49.04,245.72,25.06,28.74,53.79,26.6,3.78,7.97,83.64,0.9,3.17,3.0701278234985114
62.19,247.59,24.1,36.46,58.74,25.64,0.95,11.16,85.32,2.15,8.31,3.0701278234985114
55.55,132.65,22.7,51.48,65.74,30.91,1.23,9.22,72.82,2.48,11.8,3.0701278234985114
57.09,170.2,12.69,28.7,38.71,31.55,1.67,7.04,27.7,4.97,13.2,3.0701278234985114
46.77,208.01,30.88,40.85,76.16,23.2,0.91,10.09,68.7,2.73,10.03,3.0701278234985114
57.64,269.42,32.6,31.96,68.02,22.02,0.91,9.05,56.8,2.03,6.07,3.0701278234985114
45.37,246.81,35.47,33.42,72.7,19.68,1.17,9.87,57.01,1.42,4.49,3.0701278234985114
50.73,233.83,30.1,39.21,70.35,18.99,2.16,14.63,75.45,2.19,7.1,3.0701278234985114
71.72,260.6,31.37,39.69,70.75,20.58,1.41,12.02,63.76,2.31,8.63,3.0701278234985114
45.7,190.45,29.83,38.14,63.72,21.07,0.75,10.81,55.82,2.4,9.22,3.0701278234985114
79.99,198.81,21.15,54.73,69.82,28.2,1.26,11.6,77.97,3.1,10.98,3.0701278234985114
67.11,185.86,17.87,57.22,67.78,27.03,0.95,12.39,70.09,2.71,8.79,3.0701278234985114
81.9,207.91,28.14,56.8,83.1,29.48,0.99,12.78,75.84,2.55,8.73,3.0701278234985114
86.16,185.57,17.63,56.82,67.1,29.26,1.28,10.89,74.51,2.35,8.81,3.0701278234985114
94.23,141.3,38.6,86.2,94.51,28.66,1.3,16.12,134.72,1.26,5.13,3.0701278234985114
89.62,131.06,30.07,70.0,59.15,29.75,0.89,17.12,144.45,0.78,4.81,3.0701278234985114
89.09,194.71,44.43,68.3,105.76,32.26,1.35,15.11,89.95,1.8,11.46,3.0701278234985114
101.84,189.62,11.5,63.0,51.96,37.22,0.97,15.28,96.64,1.15,5.75,3.0701278234985114
84.33,179.81,20.59,65.05,61.77,32.18,1.01,15.0,87.95,1.03,5.39,3.0701278234985114
81.87,199.61,30.59,59.82,70.18,35.58,1.13,16.28,75.58,1.46,7.63,3.0701278234985114
103.12,210.04,26.23,66.31,68.95,43.92,1.09,12.96,97.36,1.34,6.11,3.0701278234985114
81.71,150.37,57.77,77.96,108.73,46.47,1.26,14.4,85.94,3.03,12.57,3.0701278234985114
117.86,229.25,42.23,87.85,98.02,54.59,1.3,15.09,109.08,2.95,10.35,3.0701278234985114
127.5,312.58,90.6,82.99,46.87,28.3,0.91,29.33,36.12,4.29,9.66,3.0701278234985114
136.98,218.67,37.15,52.31,28.25,29.21,0.63,32.22,45.09,3.54,8.22,3.0701278234985114
141.88,266.86,76.63,64.33,57.96,36.32,0.77,24.76,42.66,5.04,10.38,3.0701278234985114
74.92,80.21,32.05,42.24,31.15,31.84,0.35,18.11,36.05,2.29,4.47,3.0701278234985114
109.13,144.49,34.83,45.82,33.52,28.3,0.44,18.1,36.87,3.75,6.52,3.0701278234985114
132.35,171.91,39.04,46.68,34.02,28.3,0.35,18.12,39.39,3.36,5.81,3.0701278234985114
77.85,218.27,31.01,55.29,34.25,28.73,0.62,16.07,36.12,2.5,5.44,3.0701278234985114
129.1,325.78,66.7,69.98,54.66,31.42,0.83,17.2,34.28,3.57,7.19,3.0701278234985114
130.62,268.92,81.77,73.3,61.81,51.62,0.79,21.25,36.88,3.71,8.26,3.0701278234985114
109.38,364.83,105.3,68.84,64.27,75.4,0.78,18.33,29.1,3.12,6.7,3.0701278234985114
93.03,270.3,84.46,65.62,62.23,58.5,0.8,19.84,38.35,3.83,10.09,3.0701278234985114
182.29,158.96,37.77,55.22,34.91,38.51,0.27,13.77,44.58,2.29,4.93,3.0701278234985114
114.68,300.55,64.39,69.08,48.81,62.98,0.47,23.53,35.22,3.36,9.96,3.0701278234985114
67.83,181.19,45.45,56.64,41.38,41.85,0.57,19.69,32.02,2.78,7.1,3.0701278234985114
90.6,229.62,42.58,61.48,43.44,34.4,0.69,25.34,31.88,3.71,6.61,3.0701278234985114
91.6,242.14,47.05,64.99,47.02,33.66,0.76,26.91,30.68,3.63,6.57,3.0701278234985114
112.41,307.78,84.73,65.16,58.96,43.71,0.89,30.7,34.43,4.43,11.46,3.0701278234985114
134.4,224.36,37.88,49.88,33.11,36.04,0.43,24.14,35.35,2.93,6.45,3.0701278234985114
106.45,142.78,36.2,39.68,21.71,32.12,0.23,20.15,45.45,2.28,5.59,3.0701278234985114
102.46,284.27,36.09,34.28,21.26,22.58,0.4,22.37,34.99,3.56,7.23,3.0701278234985114
96.39,267.96,43.27,46.65,25.98,33.5,0.6,22.29,33.42,3.35,7.45,3.0701278234985114
118.34,247.77,43.09,78.84,42.21,53.05,0.31,14.85,23.14,1.56,2.36,3.0701278234985114
156.38,218.98,38.44,79.24,40.77,52.56,0.33,17.55,23.49,1.53,2.67,3.0701278234985114
69.44,204.22,61.61,76.28,46.32,57.35,0.37,23.72,14.88,1.59,2.94,3.0701278234985114
91.19,285.69,76.66,84.22,56.29,67.36,0.41,20.48,22.61,2.01,4.14,3.0701278234985114
83.36,210.86,49.44,77.96,46.98,59.67,0.42,19.33,34.73,2.13,4.93,3.0701278234985114
70.62,192.27,55.93,83.8,49.07,58.96,0.37,24.03,32.92,1.52,3.35,3.0701278234985114
84.4,234.82,57.09,73.67,43.73,63.38,0.39,24.14,31.95,1.58,2.83,3.0701278234985114
47.67,207.72,34.82,64.65,34.67,66.8,0.32,19.75,29.86,1.09,4.83,3.0701278234985114
62.44,252.48,39.61,67.13,39.78,59.04,0.3,17.21,30.66,0.96,2.04,3.0701278234985114
68.88,190.42,36.79,68.1,34.4,38.77,0.27,22.78,52.48,0.89,1.81,3.0701278234985114
129.15,237.88,33.56,72.06,34.8,37.48,0.29,21.85,54.89,1.16,2.21,3.0701278234985114
110.54,263.66,38.45,93.8,20.08,39.46,0.0,14.53197725590996,34.49143047551845,0.5,0.0,3.0701278234985114
103.42,260.82,69.5,75.05,37.43,40.33,0.28,29.4,55.86,1.0,5.6,3.0701278234985114
99.09,266.24,59.96,61.32,37.61,34.43,1.09,31.95,42.6,2.04,18.62,3.0701278234985114
96.07,287.92,46.18,69.59,44.02,31.0,0.63,39.9,50.43,2.06,14.87,3.0701278234985114
72.31,189.5,69.69,72.94,57.76,34.01,0.63,29.27,38.6,1.62,18.82,3.0701278234985114
93.14,271.06,73.82,73.49,59.27,37.41,0.72,46.69,41.04,2.0,15.72,3.0701278234985114
109.36,271.94,61.19,68.76,52.75,33.57,0.86,39.58,33.66,2.14,13.35,3.0701278234985114
126.74,303.75,82.18,85.21,66.92,42.48,1.1,54.52,40.95,3.13,16.23,3.0701278234985114
80.81,234.05,33.5,65.55,32.27,34.42,0.71,46.62,57.8,2.1,13.6,3.0701278234985114
74.42,242.54,11.75,46.48,21.01,34.59,0.6,35.61,61.69,1.94,14.05,3.0701278234985114
94.28,263.87,25.99,62.22,35.29,30.7,0.85,44.94,68.53,2.83,17.74,3.0701278234985114
78.18,287.99,24.59,47.84,30.59,12.09,0.4,39.01,48.38,1.62,12.72,3.0701278234985114
139.1,329.12,37.79,58.93,38.72,27.59,0.71,41.31,45.33,1.72,11.14,3.0701278234985114
107.37,252.35,32.51,80.72,21.67,42.37,0.47,42.21,39.1,3.96,18.3,3.0701278234985114
113.9,222.88,20.0,65.71,23.38,33.07,0.56,41.43,30.8,2.74,14.63,3.0701278234985114
103.75,301.57,19.37,79.07,31.23,49.97,0.65,41.4,53.9,2.56,11.12,3.0701278234985114
69.88,317.07,8.83,50.12,15.96,39.95,0.53,38.55,53.22,1.35,9.27,3.0701278234985114
80.37,348.79,47.89,57.63,42.42,43.51,0.56,16.51,26.41,1.52,15.28,3.0701278234985114
40.87,233.62,23.35,70.77,22.9,48.84,0.29,23.51,39.61,1.11,7.26,3.0701278234985114
50.81,118.12710293078135,27.08,14.86,5.05,25.81,0.0,14.53197725590996,34.49143047551845,0.58,0.0,3.0701278234985114
102.2,155.03,20.71,24.51,14.05,41.02,0.24,24.0,35.32,0.31,2.14,0.09
107.63,173.87,33.9,27.06,17.82,50.93,0.24,23.51,31.11,0.57,2.97,0.09
105.88,158.68,23.0,31.67,13.81,56.42,0.26,7.6,30.89,0.63,3.28,0.1
104.45,122.3,25.09,30.92,14.22,64.21,0.25,6.57,29.67,0.68,2.71,0.1
106.85,186.91,21.91,31.1,12.39,44.32,0.33,7.65,35.14,0.71,2.56,0.08
137.42,207.87,31.87,29.16,14.41,45.28,0.33,9.36,37.98,0.6,2.34,0.09
128.65,190.51,19.58,45.6,55.24,34.83,1.2,15.12,47.8,2.04,5.24,0.09
88.95,170.12,24.67,45.83,39.33,36.04,1.49,18.17,41.43,2.6,7.35,0.1
115.08,204.38,23.86,53.85,3.63,41.49,1.56,21.69,50.26,3.13,7.98,0.1
109.18,152.76,22.41,45.94,3.04,50.54,1.51,11.71,38.75,1.96,6.88,0.11
134.99,203.48,20.14,40.27,2.59,48.27,1.34,10.81,46.28,2.51,6.59,0.11
126.67,189.9,19.4,36.59,2.33,46.26,1.31,11.18,42.19,2.18,5.87,0.11
127.57,194.15,20.33,34.73,3.26,42.56,1.28,9.69,38.04,1.89,4.83,0.11
100.72,152.72,17.77,29.84,2.87,39.74,1.06,4.98,23.98,1.92,2.85,0.1
115.19,189.64,20.4,45.8,2.15,45.71,1.28,16.97,45.37,2.46,6.42,0.1
168.33,257.19,35.44,54.84,4.37,56.27,1.48,23.03,49.68,3.93,10.74,0.1
117.72,181.59,31.51,50.97,3.61,51.89,1.54,19.95,43.85,3.9,9.81,0.28
133.56,231.04,31.78,46.86,3.92,43.23,1.36,19.06,54.0,3.09,9.36,0.4
130.16,192.19,25.05,35.33,56.27,43.08,1.32,11.9,42.04,2.26,6.23,0.0
111.75,167.31,24.28,40.13,48.6,40.74,1.37,6.84,43.99,2.22,3.87,0.3
128.45,207.66,28.91,38.17,57.6,44.28,1.43,7.99,44.09,2.46,3.7,0.6
155.2,271.1,34.29,45.14,60.99,46.22,1.4,7.94,56.12,2.29,4.87,0.52
126.84,212.59,23.71,47.59,51.3,38.68,2.0,14.47,56.85,1.84,4.26,0.49
123.48,205.56,22.07,45.46,48.06,39.32,2.52,11.35,53.7,1.72,3.78,0.38
157.33,298.58,38.37,63.88,67.65,46.95,1.62,18.67,60.7,2.08,5.48,0.62
115.05,239.61,27.97,51.46,64.81,46.26,1.29,14.2,52.29,1.35,4.57,0.45
133.8,252.13,22.5,46.74,56.52,45.13,1.3,13.2,52.23,1.44,3.23,0.4
131.49,246.92,26.04,54.53,55.33,43.31,1.18,14.58,49.34,1.64,3.92,0.36
72.36,153.11,16.51,33.08,42.62,46.64,0.97,8.58,37.47,0.8,2.11,0.29
76.92,149.43,16.31,34.92,44.75,40.88,0.96,9.03,38.43,1.02,2.66,0.23
123.19,219.11,24.78,48.33,60.03,49.81,1.21,12.49,38.4,1.52,3.48,0.21
127.8,244.27,24.55,49.9,60.9,49.73,1.27,15.01,44.13,1.73,3.91,0.33
127.27,234.67,35.15,50.94,67.43,45.32,1.36,12.17,45.75,2.15,3.78,0.31
143.25,279.26,42.48,52.5,78.41,53.64,1.47,14.52,46.16,2.47,6.26,0.26
120.71,256.86,45.93,51.74,79.9,49.29,1.43,14.9,40.69,2.3,5.76,0.56
139.18,253.32,46.05,50.64,78.23,48.86,1.64,11.52,45.55,3.01,4.5,0.77
98.25,205.92,26.84,41.07,59.03,44.26,1.18,12.93,38.38,1.85,3.67,0.57
79.83,182.26,25.27,39.02,56.08,39.35,0.99,12.95,34.95,1.63,2.92,0.14
139.88,283.57,60.76,79.5,82.26,43.35,1.84,16.98,57.76,6.59,7.04,0.0
75.67,171.69,16.27,39.85,47.05,39.35,0.95,14.8,41.74,1.36,4.0,0.0
105.29,223.67,28.38,45.32,65.27,42.8,1.18,17.48,44.49,1.29,3.51,0.0
109.22,245.66,41.54,56.5,73.67,42.23,1.54,17.22,43.79,1.87,4.78,0.0
116.62,328.98,60.02,64.82,87.49,40.47,1.63,17.39,48.03,2.85,5.34,0.0
111.67,256.67,27.56,41.48,62.19,42.2,1.09,16.61,43.04,4.14,4.59,0.0
81.57,170.16,21.81,32.61,44.69,33.72,1.09,13.63,37.89,1.73,2.68,0.0
109.99,249.2,44.27,55.71,82.08,44.26,1.42,20.52,51.95,3.19,7.16,0.0
83.4,176.02,13.53,33.49,41.53,42.95,1.0,17.14,45.99,1.92,3.93,0.0
85.34,190.95,11.77,34.66,41.31,37.35,0.96,15.57,54.47,1.74,2.91,0.0
85.9,198.67,19.04,41.2,51.42,36.49,1.06,16.28,52.72,2.64,3.4,0.0
111.26,256.4,42.38,60.75,76.0,37.92,1.52,18.5,49.55,4.42,5.92,0.0
117.78,280.25,55.87,71.04,79.52,37.48,1.74,16.27,57.85,6.14,7.37,0.0
95.98,217.49,17.1,41.56,49.23,37.18,1.01,16.53,57.43,2.72,3.78,0.0
96.45,241.13,21.45,45.84,58.22,37.57,1.11,15.95,58.75,3.12,5.64,0.0
101.59,292.49,25.6,44.76,57.92,42.4,1.17,16.59,67.56,2.96,5.24,0.0
75.14,199.8,15.98,37.97,46.42,37.86,1.01,14.13,68.76,2.97,3.11,0.0
96.38,241.96,26.07,48.52,64.03,43.29,1.22,16.54,64.33,3.33,4.77,0.0
101.18,252.21,27.42,51.63,66.35,45.56,1.28,17.36,67.6,3.22,4.13,0.0
111.82,262.69,32.79,52.51,69.5,50.48,1.44,16.58,65.46,2.64,4.85,0.0
100.5,231.2,25.66,44.92,62.14,43.35,1.42,19.96,54.04,2.64,4.14,0.0
93.89,251.98,35.24,45.16,65.04,52.07,1.57,12.65,60.94,4.38,13.51,0.0
83.96,196.02,34.37,54.68,64.81,36.1,1.78,13.37,47.74,1.6,3.64,0.0
97.16,235.01,42.69,59.41,73.26,39.49,2.12,15.77,47.69,2.45,4.84,0.0
107.36,258.52,49.0,67.79,75.59,40.66,2.26,17.56,53.47,3.68,4.67,0.0
119.75,334.05,51.52,76.17,79.53,46.53,2.51,21.02,55.85,4.66,6.12,0.0
81.97,260.67,35.67,57.84,69.28,39.2,1.56,13.57,49.19,3.36,3.77,0.0
73.44,256.18,16.91,40.44,46.57,33.33,1.04,13.29,51.01,1.72,2.79,0.0
89.49,282.24,27.08,51.78,62.47,35.35,1.19,16.76,53.3,2.44,3.63,0.0
100.01,385.04,20.62,40.56,49.75,36.14,0.91,15.55,48.98,2.23,3.71,0.0
108.64,274.05,27.8,57.07,61.05,32.19,1.28,17.01,59.45,3.36,5.14,0.0
117.56,313.41,46.07,82.47,77.25,31.94,2.02,15.1,48.81,6.04,8.18,0.0
84.13,316.52,11.33,36.11,41.23,44.78,1.14,12.38,75.5,1.7,3.23,0.0
89.1,259.12,13.32,42.57,48.22,47.69,1.26,16.1,69.07,1.87,3.3,0.0
79.3,214.51,21.81,46.42,58.38,49.72,1.12,11.9,60.39,1.71,3.66,0.0
110.48,290.63,42.39,53.69,71.2,44.57,2.05,14.61,57.57,3.75,5.89,0.0
111.95,302.1,42.33,54.75,76.02,45.99,2.2,16.31,57.48,3.61,5.38,0.0
61.0,177.71,10.01,27.66,32.84,27.14,1.31,6.97,61.42,1.37,2.67,0.0
93.45,215.34,28.94,52.15,68.21,53.84,2.41,12.02,57.78,2.3,4.57,0.0
132.39,315.8,35.51,65.41,75.54,51.67,2.73,16.58,65.24,4.4,5.38,0.0
80.64,236.35,17.22,31.22,44.1,59.34,2.1,11.48,67.88,1.31,2.15,0.0
105.99,288.92,17.3,44.14,44.55,45.08,0.85,13.61,70.39,1.84,3.94,0.0
96.96,241.99,27.74,53.88,63.16,54.12,1.07,13.97,58.67,3.02,5.04,0.0
103.98,284.44,49.67,65.52,81.75,55.99,1.46,12.48,57.66,5.23,6.98,0.0
83.66,228.61,20.35,45.88,50.04,45.4,1.08,12.65,55.77,2.72,5.24,0.0
71.25,209.67,14.16,42.68,48.33,41.07,0.91,12.73,60.27,3.04,5.34,0.0
91.16,243.14,28.41,59.07,60.5,40.31,1.17,15.56,59.41,3.53,6.23,0.0
83.88,249.82,42.75,59.34,63.04,36.45,1.31,12.73,48.95,4.03,6.57,0.0
103.02,263.49,41.7,64.88,61.71,37.33,1.47,14.9,49.85,4.77,6.65,0.0
97.37,314.96,31.92,58.31,57.05,35.05,1.1,11.59,56.75,3.73,4.64,0.0
117.56,290.96,29.36,54.01,57.51,48.36,1.33,15.54,59.11,2.77,5.02,0.0
65.76,295.94,13.19,33.21,42.64,54.38,0.95,8.58,59.9,1.2,1.85,0.0
71.99,235.22,14.54,40.76,44.17,50.49,1.0,9.71,50.6,1.88,3.53,0.0
141.28,497.9,11.06,31.72,34.01,40.05,0.87,8.73,37.85,2.26,6.1,0.0
76.98,273.16,11.17,34.82,35.93,38.44,0.75,9.73,66.75,3.89,11.19,0.0
83.98,247.55,23.62,45.06,53.22,44.46,0.99,12.38,64.38,4.69,13.08,21.62
81.33,242.29,17.78,44.23,49.29,44.27,0.96,11.68,66.18,4.26,13.63,18.61
71.5,268.29,20.56,25.2,32.61,36.33,0.86,10.22,29.3,1.47,23.26,0.31
65.46,248.8,19.1,26.08,31.73,34.43,0.78,9.48,28.1,1.4,20.79,0.21
69.75,264.97,19.25,28.77,32.96,33.4,0.76,9.61,29.61,1.23,22.81,0.33
63.57,246.89,17.71,24.82,29.73,33.84,0.71,9.86,25.4,1.08,17.19,0.4
92.46,230.62,61.52,46.15,74.55,37.78,1.57,13.08,41.92,6.0,72.97,0.1
97.4,235.14,40.37,48.01,59.34,37.79,1.34,14.42,45.63,4.97,56.91,1.1
121.12,270.61,65.84,53.69,83.28,42.52,1.62,17.27,44.88,6.75,76.45,1.64
78.87,199.37,44.04,44.71,61.88,36.24,1.23,13.42,32.93,4.74,50.77,0.83
118.6,279.23,37.87,56.21,63.0,36.86,1.51,16.13,51.05,5.34,60.1,0.82
103.26,263.89,31.79,54.24,56.31,37.85,1.59,19.67,52.46,5.33,51.48,0.73
93.36,256.14,23.75,47.73,45.93,39.4,1.51,16.55,43.9,4.55,45.79,0.61
70.42,208.39,14.93,37.74,33.12,33.16,1.02,14.54,37.04,3.1,35.5,0.41
132.93,264.13,54.11,49.89,68.66,33.8,1.41,17.91,42.0,5.82,56.08,1.96
91.88,217.12,36.38,47.34,53.99,30.33,1.3,16.07,40.16,4.23,41.27,1.1
115.96,280.24,50.19,55.44,68.24,33.54,1.61,17.96,44.92,5.51,57.84,1.22
137.73,313.84,40.85,54.31,61.47,41.31,1.66,18.35,51.05,6.59,58.94,1.9
121.65,274.68,49.3,55.49,71.09,36.59,1.55,17.74,41.32,5.75,49.87,1.88
119.4,302.16,65.36,63.32,87.65,35.0,1.84,19.49,44.7,7.1,62.35,2.39
97.27,179.85,14.18,34.18,30.79,36.62,1.0,15.01,51.96,2.56,19.99,0.31
98.53,175.95,29.85,47.83,51.99,49.76,1.29,15.03,32.95,4.17,39.67,1.54
135.21,255.42,38.85,51.93,61.7,40.93,1.6,14.37,36.97,4.06,32.22,1.72
107.73,223.33,26.91,46.57,50.88,36.97,1.34,15.12,37.48,3.33,30.31,0.99
133.62,268.83,59.31,58.16,84.38,39.78,1.72,16.56,37.17,4.61,43.22,0.9
94.29,162.44,35.89,42.59,56.05,40.31,1.21,13.07,24.89,3.74,34.89,3.29
113.42,196.85,39.15,45.22,60.27,42.01,1.22,12.5,27.74,3.76,27.97,3.69
122.69,211.8,30.33,47.31,53.33,41.97,1.22,13.34,29.58,3.88,27.13,1.01
150.28,252.01,42.76,50.86,65.32,45.92,1.42,15.76,32.7,4.34,31.02,0.78
134.57,229.1,36.34,52.45,61.72,39.74,1.37,17.09,29.85,3.88,24.31,0.3
101.61,169.32,15.3,38.43,35.94,33.64,0.98,14.48,35.41,2.57,16.99,0.03
136.47,217.45,19.78,45.27,42.16,35.34,1.1,15.89,33.34,3.13,19.33,0.05
142.0,235.85,33.51,51.47,58.67,36.19,1.24,18.56,33.83,3.87,27.11,0.37
65.65,107.83,12.05,30.8,27.94,37.84,0.84,11.12,30.25,2.15,16.32,2.96
143.31,255.47,47.91,49.26,69.38,33.83,1.36,16.41,33.03,4.12,28.28,4.16
123.46,194.76,25.13,44.28,45.94,39.19,1.22,15.38,28.15,3.64,24.5,2.02
112.34,181.64,17.27,33.33,33.34,35.16,1.13,12.92,26.45,2.79,20.22,0.76
99.27,180.93,23.24,42.59,41.77,31.82,1.09,15.14,34.81,2.82,20.46,0.95
109.11,215.05,32.98,56.12,56.8,33.82,1.18,16.78,33.69,3.38,26.07,0.81
126.12,229.75,40.67,55.44,65.95,41.33,1.56,15.93,36.66,3.97,34.03,1.36
92.36,172.59,35.85,53.86,62.0,34.51,1.24,18.07,42.49,3.13,31.49,1.18
93.83,181.26,37.55,48.87,60.61,30.2,1.17,15.81,37.75,3.02,33.92,0.72
109.6,182.54,40.68,62.05,70.66,36.48,1.36,17.96,25.07,4.51,41.24,1.45
105.93,180.84,49.62,40.1,67.55,37.26,1.54,14.75,38.13,3.92,33.07,0.98
104.61,212.7,55.04,51.9,78.33,32.79,1.48,16.39,39.32,5.34,40.26,1.11
92.07,199.28,38.94,51.75,63.98,32.86,1.27,17.44,37.86,4.78,39.27,0.67
111.2,217.74,45.43,48.81,69.01,39.07,1.36,17.54,28.81,5.84,43.04,1.03
100.32,202.01,30.43,50.33,56.61,32.06,1.19,20.36,43.21,4.13,28.14,0.29
103.77,227.07,43.9,55.47,71.06,33.86,1.29,20.72,40.14,4.94,35.57,0.58
89.82,237.61,37.34,54.67,64.3,36.5,1.35,21.42,40.41,4.72,32.18,0.44
112.29,197.17,20.46,34.63,37.11,39.26,1.34,19.99,46.64,4.69,20.48,0.29
116.55,260.26,55.47,60.18,81.85,34.47,1.76,24.86,48.44,6.64,46.43,0.94
112.67,257.27,62.67,60.4,89.35,40.53,1.8,19.52,46.51,6.85,54.66,1.04
102.27,238.99,38.68,53.75,64.31,41.4,1.51,22.39,51.49,5.34,39.48,0.61
85.02,206.04,30.83,54.91,58.01,30.85,1.32,21.6,51.06,4.1,30.97,0.91
119.71,270.77,53.23,63.62,81.06,37.04,1.8,29.11,60.25,6.57,44.58,1.27
125.44,281.53,61.96,64.7,90.76,41.23,1.96,28.67,57.0,6.53,44.11,1.04
96.6,303.71,29.62,48.72,53.28,37.35,1.32,23.23,50.84,4.68,31.87,1.13
81.3,280.23,24.07,45.87,47.31,41.0,1.06,15.1,51.32,2.83,23.2,0.43
87.74,225.5,33.85,53.88,60.44,38.26,1.44,22.03,57.86,4.92,31.98,0.66
101.94,247.53,55.11,56.82,80.11,40.97,1.76,20.84,50.86,6.07,38.21,1.31
61.34,217.0,19.27,40.09,40.63,34.06,1.12,19.48,51.94,2.79,27.97,0.87
59.08,186.75,17.1,35.01,35.08,30.98,1.1,12.59,47.49,2.52,18.41,0.34
95.24,219.06,44.24,58.95,69.32,31.53,1.66,22.16,50.13,4.44,29.87,1.6
110.16,255.31,48.31,61.72,74.42,36.99,1.87,29.31,56.24,5.89,36.82,2.07
104.17,277.28,56.94,63.45,83.46,38.2,1.92,25.76,53.24,6.09,47.16,3.07
85.7,262.58,12.55,51.58,39.67,37.64,1.41,19.17,61.45,3.75,25.22,1.91
86.41,274.39,9.48,39.89,30.31,40.86,1.31,17.67,65.26,3.38,23.29,1.42
82.37,244.21,30.38,50.69,52.86,32.2,1.34,26.12,47.45,4.54,35.45,1.73
73.06,301.82,15.19,39.8,34.4,28.15,1.05,21.85,52.16,2.92,23.25,1.17
76.44,285.73,17.66,40.9,35.31,25.63,1.06,20.02,54.0,2.53,25.12,0.86
84.04,274.83,33.17,52.04,53.91,27.82,1.33,23.71,50.32,4.05,31.9,0.85
95.72,284.13,32.91,59.32,57.61,31.91,1.62,26.58,57.54,4.92,33.92,0.75
111.57,323.97,35.18,63.15,58.94,36.73,1.61,27.67,65.95,4.87,31.18,0.72
77.72,282.83,20.46,43.19,36.46,36.44,1.19,18.26,65.33,3.25,24.4,0.69
52.16,149.1,25.52,49.82,43.92,32.34,1.09,17.91,64.36,2.63,20.92,0.68
101.25,249.97,39.94,55.16,57.99,22.41,1.51,21.93,52.97,2.68,20.52,0.48
118.9,295.84,62.99,70.81,84.3,31.51,1.93,23.72,55.91,5.08,37.46,0.7
101.83,289.05,14.21,42.02,35.69,30.12,1.15,21.6,62.02,3.21,24.68,0.25
58.22,124.28,11.9,37.53,30.36,33.9,1.02,13.4,54.85,2.15,21.65,0.15
92.53,316.4,33.84,45.67,54.56,41.4,1.31,13.26,46.42,3.87,33.11,0.52
93.97,218.72,34.09,56.55,61.22,35.13,1.35,19.81,53.31,4.38,27.74,0.44
77.78,194.58,20.21,47.58,44.25,32.12,1.21,20.15,55.06,3.66,22.84,0.17
92.4,230.0,36.6,52.71,60.95,36.98,1.49,21.68,55.29,5.49,34.62,0.64
85.21,246.05,69.58,71.8,97.8,33.5,1.75,21.99,49.58,7.68,51.27,1.09
88.57,337.77,44.18,56.83,69.0,34.26,1.47,19.82,58.49,4.7,32.57,0.65
95.4,298.35,45.28,57.24,69.74,40.73,1.56,21.54,64.56,5.58,34.6,0.86
73.36,219.79,10.15,32.22,26.31,48.12,1.07,14.15,60.84,2.43,13.66,0.24
66.94,300.7,11.7,30.33,26.82,43.32,1.03,12.64,60.03,1.79,8.62,0.11
54.95,171.58,14.93,36.0,32.65,34.34,1.14,13.67,65.82,2.18,16.91,0.14
70.61,236.45,20.85,44.85,42.88,35.27,1.13,16.15,61.04,2.8,23.94,0.14
101.05,265.12,57.24,62.84,85.14,35.74,1.86,21.74,69.14,5.72,39.35,0.28
74.48,233.49,47.15,61.53,76.01,36.64,1.63,15.19,55.95,4.37,34.84,0.15
59.86,240.88,16.55,30.46,30.61,34.98,0.92,11.57,62.12,1.98,14.48,0.28
81.86,274.68,26.39,47.15,49.69,23.84,1.18,17.56,57.41,3.71,27.52,0.67
42.06,160.96,11.58,20.56,21.83,24.86,0.8,9.54,46.81,1.08,12.14,0.17
61.21,239.15,19.71,38.37,37.84,27.53,1.02,14.43,38.39,2.99,20.4,0.44
58.08,271.27,16.84,34.56,35.19,23.72,0.93,11.99,37.99,2.43,20.25,0.22
65.24,270.03,22.46,33.03,39.12,25.87,1.04,12.82,44.4,2.7,22.73,0.75
71.68,233.25,7.78,28.13,23.43,27.24,0.99,12.02,64.82,2.08,18.29,0.41
76.99,352.26,15.0,29.87,29.36,32.06,0.97,9.64,29.84,2.04,20.77,1.05
76.35,363.7,14.0,26.97,27.19,33.13,1.05,8.96,28.38,1.98,18.57,0.48
63.16,280.99,11.36,25.1,24.71,26.67,0.95,9.85,32.77,1.59,14.1,0.05
100.82,215.18,34.75,50.32,54.51,29.71,1.34,13.83,53.51,4.49,36.66,2.06
98.07,203.36,35.13,48.05,53.08,31.79,1.37,11.02,47.07,4.4,32.36,2.74
103.45,209.42,35.55,48.54,53.06,33.54,1.44,11.26,44.45,4.65,35.04,2.96
132.57,255.42,43.72,51.27,63.23,34.93,1.65,12.75,44.55,5.05,38.96,3.84
116.33,239.47,52.78,50.83,68.23,34.7,1.73,11.46,43.59,4.68,37.89,3.34
133.35,285.26,67.74,58.61,86.5,36.03,2.18,13.31,53.79,6.4,49.36,5.87
121.68,245.2,18.94,46.51,42.73,35.08,1.44,14.95,49.68,4.58,30.79,2.36
90.41,203.39,13.39,39.62,34.81,33.94,1.14,11.36,42.7,3.47,22.11,1.4
98.05,203.14,35.0,48.83,53.46,33.32,1.26,10.64,33.47,4.13,30.72,1.68
115.16,235.0,34.79,51.05,55.42,31.9,1.3,11.11,36.8,4.36,28.7,3.3
93.51,213.26,34.86,50.05,57.98,29.84,1.37,11.7,39.48,3.82,28.98,3.4
122.12,268.58,56.07,57.92,80.24,34.38,1.79,14.08,44.15,4.7,34.29,2.52
101.09,207.19,57.56,54.77,81.72,31.99,1.52,11.58,29.77,3.94,30.45,1.39
182.47,292.56,29.02,51.64,54.77,37.3,1.58,11.95,23.72,5.25,37.6,1.05
96.34,165.5,14.48,33.78,32.29,29.55,0.92,10.78,27.01,2.4,16.76,0.22
108.4,181.67,29.18,40.05,49.47,29.79,1.26,10.55,30.33,3.03,20.7,0.68
126.92,218.13,52.44,52.79,77.11,33.12,1.6,12.05,31.56,4.31,31.85,1.51
107.86,178.21,19.82,43.51,42.87,34.33,1.01,11.35,29.6,2.98,20.71,0.49
122.37,213.67,44.39,53.29,69.13,35.67,1.45,13.59,31.86,4.16,31.46,0.79
114.27,225.78,49.17,53.83,73.89,37.04,1.41,17.65,39.21,5.2,38.41,0.77
123.66,192.47,38.19,50.39,63.15,36.51,1.17,11.39,32.28,3.57,23.24,0.58
141.12,229.08,50.45,57.23,77.73,38.4,1.49,11.18,32.54,4.35,26.64,0.75
94.67,151.57,26.19,39.9,43.01,38.46,1.15,8.5,22.96,3.22,21.24,0.31
88.05,133.11,21.68,35.06,36.0,39.25,1.04,7.17,22.1,2.4,12.91,0.1
144.0,214.88,29.59,44.41,48.79,51.81,1.24,7.98,32.08,3.47,22.85,0.16
120.31,176.22,24.08,44.9,46.56,43.53,1.18,12.74,22.82,3.64,24.51,0.3
117.98,145.85,26.65,38.64,45.09,44.73,1.13,8.67,17.63,3.49,22.67,0.19
89.26,132.06,14.71,32.3,31.03,36.87,0.89,7.28,22.0,2.43,15.34,0.04
130.82,203.54,27.73,45.12,50.71,37.73,1.3,9.44,27.25,3.8,24.75,0.33
111.57,179.08,29.61,47.45,54.26,41.76,1.17,10.68,26.19,3.72,30.02,0.34
139.06,197.9,28.99,44.21,51.19,43.54,1.11,10.44,18.63,4.05,30.42,0.26
107.65,152.98,31.58,36.19,49.2,40.15,1.14,9.69,18.97,3.71,24.4,0.3
125.3,198.24,39.64,43.78,60.8,39.56,1.32,9.65,19.93,4.79,29.24,0.34
125.04,187.93,18.6,34.18,36.38,38.38,0.96,8.69,25.86,2.95,13.77,0.09
142.18,225.67,30.68,38.21,49.07,39.27,1.39,9.65,24.64,3.9,19.39,0.22
74.45,137.61,15.4,35.26,33.47,36.32,0.79,8.71,27.73,2.52,14.04,0.07
136.72,240.57,58.83,56.31,84.2,41.37,1.48,12.36,26.8,4.62,26.36,0.37
77.95,134.17,30.9,42.24,48.65,38.01,1.24,9.85,23.96,3.1,20.67,0.19
92.04,170.33,31.8,47.35,53.46,34.03,1.1,9.9,24.36,3.55,22.19,0.33
112.13,201.19,49.25,44.25,67.5,35.95,1.26,10.02,29.22,4.51,26.67,0.56
120.86,200.9,33.12,45.28,54.17,36.46,1.2,10.32,29.69,3.94,18.46,0.44
138.5,243.43,50.47,53.71,73.96,37.5,1.51,11.4,33.94,4.43,27.09,0.51
118.57,205.43,33.37,51.82,60.54,36.16,1.18,12.08,33.75,3.98,22.63,0.82
95.72,179.78,15.54,41.59,37.63,36.91,0.95,16.49,36.8,3.09,16.55,0.5
132.63,237.81,42.02,57.15,70.95,38.77,1.38,19.61,40.01,3.77,23.71,0.82
125.53,238.91,39.22,59.91,67.21,37.01,1.39,23.01,42.7,4.14,21.19,1.46
138.46,286.39,87.96,59.9,111.77,44.11,2.0,20.13,44.29,6.39,37.24,2.16
98.84,223.69,10.13,44.05,32.65,39.61,0.99,14.91,55.32,2.88,11.89,0.43
105.71,182.2,41.97,42.24,61.5,38.33,1.26,14.3,35.15,3.51,27.78,1.56
127.75,224.02,27.87,46.76,52.38,39.61,1.22,18.24,35.32,3.12,18.7,0.59
107.28,203.77,22.85,46.15,46.13,43.64,1.23,14.7,36.36,3.8,22.27,1.24
83.48,161.36,8.21,33.92,26.32,41.44,0.97,11.55,41.53,2.67,11.61,1.11
86.26,188.73,50.52,46.6,71.98,37.02,1.22,15.48,32.39,3.98,39.09,1.51
90.31,200.79,30.21,51.26,55.88,34.3,1.24,19.71,48.23,3.76,36.83,0.43
82.39,184.81,31.58,46.04,54.04,36.61,1.18,18.55,43.19,3.35,33.82,0.68
98.63,187.24,9.24,31.96,26.01,28.76,1.06,20.19,59.79,2.07,15.58,2.12
101.02,192.68,11.31,34.76,29.28,28.97,1.12,22.11,53.55,2.42,17.66,2.77
106.63,208.65,16.68,42.67,38.49,30.58,1.31,20.41,57.05,2.75,23.02,1.74
74.92,209.49,16.74,42.43,37.85,28.82,1.16,17.05,41.87,2.77,28.72,0.39
44.86,184.12,10.5,21.57,21.94,27.97,0.88,11.58,26.61,2.13,23.8,1.13
87.51,118.12710293078135,15.75,8.25,14.43,23.48347601937197,0.45,8.05,13.38,3.280840304500585,8.700972080037227,3.0701278234985114
106.22,118.12710293078135,15.09,7.39,13.78,23.48347601937197,1.52,9.24,1.23,3.280840304500585,8.700972080037227,3.0701278234985114
124.33,118.12710293078135,17.55,9.69,15.5,23.48347601937197,0.96,9.14,4.05,3.280840304500585,8.700972080037227,3.0701278234985114
97.88,118.12710293078135,13.69,34.12,17.26,23.48347601937197,2.2485982090856145,9.58,28.46,3.280840304500585,8.700972080037227,3.0701278234985114
124.42,118.12710293078135,5.71,33.18,11.24,23.48347601937197,1.4,19.4,43.79,3.280840304500585,8.700972080037227,3.0701278234985114
99.83,118.12710293078135,37.58,83.45,39.6,23.48347601937197,2.05,24.69,36.16,3.280840304500585,8.700972080037227,3.0701278234985114
84.9,118.12710293078135,11.83,37.63,18.82,23.48347601937197,1.43,11.16,32.53,3.280840304500585,8.700972080037227,3.0701278234985114
109.9,118.12710293078135,39.56,53.4,37.84,23.48347601937197,1.81,14.57,27.98,3.280840304500585,8.700972080037227,3.0701278234985114
107.76,118.12710293078135,18.76,47.93,25.07,23.48347601937197,1.63,12.52,17.46,3.280840304500585,8.700972080037227,3.0701278234985114
115.4,118.12710293078135,10.02,49.47,20.62,23.48347601937197,1.65,15.79,25.94,3.280840304500585,8.700972080037227,3.0701278234985114
163.99,118.12710293078135,6.51,37.2,15.68,23.48347601937197,1.01,7.7,29.75,3.280840304500585,8.700972080037227,3.0701278234985114
92.07,118.12710293078135,8.24,16.11,11.31,23.48347601937197,1.46,10.24,34.89,3.280840304500585,8.700972080037227,3.0701278234985114
128.13,118.12710293078135,7.14,27.63,9.85,23.48347601937197,1.98,20.12,49.05,3.280840304500585,8.700972080037227,3.0701278234985114
114.51,118.12710293078135,9.67,53.05,19.74,23.48347601937197,1.77,14.31,49.87,3.280840304500585,8.700972080037227,3.0701278234985114
63.16,118.12710293078135,2.77,16.76,8.61,23.48347601937197,1.01,11.01,122.38,3.280840304500585,8.700972080037227,3.0701278234985114
129.44,118.12710293078135,1.37,13.27,4.99,23.48347601937197,1.28,7.62,23.27,3.280840304500585,8.700972080037227,3.0701278234985114
100.09,118.12710293078135,1.39,23.57,8.53,23.48347601937197,1.15,3.79,27.1,3.280840304500585,8.700972080037227,3.0701278234985114
104.17,118.12710293078135,1.91,7.55,7.34,23.48347601937197,1.23,4.43,38.24,3.280840304500585,8.700972080037227,3.0701278234985114
100.13,118.12710293078135,1.92,4.84,6.92,23.48347601937197,1.32,5.03,52.92,3.280840304500585,8.700972080037227,3.0701278234985114
98.72,118.12710293078135,3.53,7.04,9.39,23.48347601937197,1.69,4.65,43.46,3.280840304500585,8.700972080037227,3.0701278234985114
90.87,118.12710293078135,2.98,5.83,8.94,23.48347601937197,1.53,13.02,41.3,3.280840304500585,8.700972080037227,3.0701278234985114
99.74,118.12710293078135,0.94,5.86,8.94,23.48347601937197,2.17,24.4,40.39,3.280840304500585,8.700972080037227,3.0701278234985114
100.13,118.12710293078135,0.98,5.97,8.98,23.48347601937197,0.91,2.53,23.85,3.280840304500585,8.700972080037227,3.0701278234985114
113.01,118.12710293078135,1.93,5.86,4.93,23.48347601937197,0.33,3.05,18.11,3.280840304500585,8.700972080037227,3.0701278234985114
109.37,118.12710293078135,3.14,8.4,5.5,23.48347601937197,0.34,7.58,29.35,3.280840304500585,8.700972080037227,3.0701278234985114
118.21,118.12710293078135,2.99,6.6,4.97,23.48347601937197,0.32,7.01,37.22,3.280840304500585,8.700972080037227,3.0701278234985114
73.68,118.12710293078135,3.56,6.82,4.98,23.48347601937197,0.32,1.77,25.5,3.280840304500585,8.700972080037227,3.0701278234985114
120.93,118.12710293078135,2.34,6.66,4.95,23.48347601937197,0.35,6.71,18.14,3.280840304500585,8.700972080037227,3.0701278234985114
65.59,118.12710293078135,2.33,6.79,4.98,23.48347601937197,0.33,2.85,35.97,3.280840304500585,8.700972080037227,3.0701278234985114
146.17,118.12710293078135,2.45,6.72,4.97,23.48347601937197,0.44,2.8,18.83,3.280840304500585,8.700972080037227,3.0701278234985114
67.25,118.12710293078135,2.14,5.69,4.97,23.48347601937197,0.32,1.98,22.56,3.280840304500585,8.700972080037227,3.0701278234985114
103.27,118.12710293078135,2.17,6.38,4.95,23.48347601937197,0.43,1.79,15.41,3.280840304500585,8.700972080037227,3.0701278234985114
163.37,118.12710293078135,3.34,4.38,6.97,23.48347601937197,0.32,1.91,34.49143047551845,3.280840304500585,8.700972080037227,3.0701278234985114
27.09,118.12710293078135,5.56,8.6,6.93,23.48347601937197,0.35,2.0,34.49143047551845,3.280840304500585,8.700972080037227,3.0701278234985114
146.21,118.12710293078135,17.574729662029362,28.560659061126955,32.30912333307031,23.48347601937197,0.53,2.42,43.39,3.280840304500585,8.700972080037227,3.0701278234985114
90.13,118.12710293078135,17.574729662029362,28.560659061126955,32.30912333307031,23.48347601937197,0.5,2.3,30.94,3.280840304500585,8.700972080037227,3.0701278234985114
112.56,118.12710293078135,17.574729662029362,28.560659061126955,32.30912333307031,23.48347601937197,0.5,2.63,26.83,3.280840304500585,8.700972080037227,3.0701278234985114
95.82,118.12710293078135,17.574729662029362,28.560659061126955,32.30912333307031,23.48347601937197,0.51,2.66,21.04,3.280840304500585,8.700972080037227,3.0701278234985114
96.77,118.12710293078135,17.574729662029362,28.560659061126955,32.30912333307031,23.48347601937197,0.52,2.63,23.95,3.280840304500585,8.700972080037227,3.0701278234985114
88.97,118.12710293078135,17.574729662029362,28.560659061126955,32.30912333307031,23.48347601937197,0.5,2.79,42.57,3.280840304500585,8.700972080037227,3.0701278234985114
240.11,118.12710293078135,17.574729662029362,28.560659061126955,32.30912333307031,23.48347601937197,0.51,3.32,48.28,3.280840304500585,8.700972080037227,3.0701278234985114
71.62,118.12710293078135,287.14,220.26,287.89,23.48347601937197,0.56,4.81,21.37,3.280840304500585,8.700972080037227,3.0701278234985114
59.17,118.12710293078135,217.85,151.06,262.32,23.48347601937197,0.67,5.13,20.19,3.280840304500585,8.700972080037227,3.0701278234985114
95.73,118.12710293078135,7.83,10.22,32.30912333307031,23.48347601937197,2.2485982090856145,6.89,24.1,2.92,27.22,3.0701278234985114
126.71,118.12710293078135,7.83,10.17,32.30912333307031,23.48347601937197,2.2485982090856145,6.1,20.71,3.47,34.75,3.0701278234985114
88.8,118.12710293078135,7.92,10.21,32.30912333307031,23.48347601937197,2.2485982090856145,4.97,34.22,2.18,21.8,3.0701278234985114
131.18,118.12710293078135,7.82,10.2,32.30912333307031,23.48347601937197,2.2485982090856145,10.35,26.98,2.58,25.79,3.0701278234985114
114.71,118.12710293078135,7.76,10.14,32.30912333307031,23.48347601937197,2.2485982090856145,5.57,30.8,2.51,25.11,3.0701278234985114
143.25,118.12710293078135,8.01,10.14,32.30912333307031,23.48347601937197,2.2485982090856145,6.71,27.57,3.27,32.75,3.0701278234985114
80.27,118.12710293078135,7.87,10.24,32.30912333307031,23.48347601937197,2.2485982090856145,4.49,48.49,2.7,26.95,3.0701278234985114
80.99,118.12710293078135,7.9,10.2,32.30912333307031,23.48347601937197,2.2485982090856145,3.42,44.77,1.62,16.14,3.0701278234985114
116.09,118.12710293078135,7.79,10.76,32.30912333307031,23.48347601937197,2.2485982090856145,5.19,18.66,2.57,25.66,3.0701278234985114
91.71,118.12710293078135,7.94,11.66,32.30912333307031,23.48347601937197,6.32,2.65,35.81,3.41,34.07,3.0701278234985114
127.38,118.12710293078135,7.94,11.2,32.30912333307031,23.48347601937197,16.75,6.08,23.1,2.89,28.88,3.0701278234985114
104.16,118.12710293078135,7.21,9.98,32.30912333307031,23.48347601937197,0.6,4.06,15.84,2.32,23.17,3.0701278234985114
119.53,118.12710293078135,6.44,9.58,32.30912333307031,23.48347601937197,0.67,5.17,19.08,3.3,32.99,3.0701278234985114
118.32,118.12710293078135,4.47,9.24,32.30912333307031,23.48347601937197,0.62,4.08,32.85,0.03,2.83,3.0701278234985114
92.14,118.12710293078135,4.23,6.66,32.30912333307031,23.48347601937197,0.77,5.39,25.44,0.03,3.56,3.0701278234985114
120.21,118.12710293078135,5.04,5.67,32.30912333307031,23.48347601937197,0.87,6.1,24.14,0.04,3.81,3.0701278234985114
85.41,118.12710293078135,4.87,7.78,32.30912333307031,23.48347601937197,0.72,4.79,37.2,0.04,3.74,3.0701278234985114
121.12,118.12710293078135,3.33,5.85,32.30912333307031,23.48347601937197,0.81,9.51,36.44,0.04,3.98,3.0701278234985114
91.23,118.12710293078135,3.91,7.85,32.30912333307031,23.48347601937197,0.57,4.46,21.25,0.04,3.3,3.0701278234985114
86.48,118.12710293078135,4.29,8.7,32.30912333307031,23.48347601937197,0.56,5.53,54.47,0.03,3.47,3.0701278234985114
127.67,118.12710293078135,4.13,5.96,32.30912333307031,23.48347601937197,0.68,7.8,39.27,0.03,3.27,3.0701278234985114
120.83,118.12710293078135,4.26,16.15,32.30912333307031,23.48347601937197,0.65,12.15,25.1,0.03,3.32,3.0701278234985114
82.44,118.12710293078135,7.77,17.95,32.30912333307031,23.48347601937197,0.54,9.5,50.65,0.04,3.59,3.0701278234985114
92.77,118.12710293078135,7.95,17.8,32.30912333307031,23.48347601937197,0.56,9.13,54.11,0.03,3.44,3.0701278234985114
131.31,118.12710293078135,4.56,13.54,32.30912333307031,23.48347601937197,0.7,14.72,39.73,0.03,2.96,3.0701278234985114
68.46,118.12710293078135,4.51,15.94,32.30912333307031,23.48347601937197,0.57,12.59,42.02,0.03,3.06,3.0701278234985114
65.48,118.12710293078135,9.28,18.5,32.30912333307031,23.48347601937197,0.53,10.6,83.57,0.01,1.24,3.0701278234985114
107.61,118.12710293078135,6.99,16.92,32.30912333307031,23.48347601937197,0.62,11.9,56.24,0.03,2.82,3.0701278234985114
135.89,118.12710293078135,4.51,11.22,32.30912333307031,23.48347601937197,0.67,21.86,37.31,0.03,2.4,3.0701278234985114
96.27,118.12710293078135,4.69,10.8,32.30912333307031,23.48347601937197,0.63,18.48,39.56,0.02,1.7,3.0701278234985114
136.89,118.12710293078135,4.64,11.27,32.30912333307031,23.48347601937197,0.6,13.1,47.11,0.04,3.74,3.0701278234985114
87.87,118.12710293078135,5.37,11.66,32.30912333307031,23.48347601937197,0.54,11.88,47.62,0.03,3.32,3.0701278234985114
128.14,118.12710293078135,4.05,10.13,32.30912333307031,23.48347601937197,0.62,17.36,43.73,0.02,1.84,3.0701278234985114
91.59,118.12710293078135,5.19,11.87,32.30912333307031,23.48347601937197,0.56,17.08,59.14,0.03,2.45,3.0701278234985114
118.71,118.12710293078135,4.69,10.65,32.30912333307031,23.48347601937197,0.6,23.87,49.23,0.03,2.84,3.0701278234985114
107.34,118.12710293078135,3.47,9.99,32.30912333307031,23.48347601937197,0.54,18.42,37.62,0.02,2.27,3.0701278234985114
113.49,118.12710293078135,4.29,9.45,32.30912333307031,23.48347601937197,0.6,19.77,62.93,0.02,1.36,3.0701278234985114
98.3,118.12710293078135,5.71,13.55,32.30912333307031,23.48347601937197,0.5,12.75,73.95,0.03,3.26,3.0701278234985114
89.69,118.12710293078135,5.15,13.43,32.30912333307031,23.48347601937197,0.47,14.79,54.0,0.03,2.97,3.0701278234985114
62.45,118.12710293078135,5.98,17.19,32.30912333307031,23.48347601937197,0.49,11.0,42.33,0.02,1.41,3.0701278234985114
154.13,118.12710293078135,6.0,20.37,32.30912333307031,23.48347601937197,0.54,25.14,29.94,0.03,2.55,3.0701278234985114
96.26,118.12710293078135,5.91,11.62,32.30912333307031,23.48347601937197,0.48,3.13,37.77,0.03,3.61,3.0701278234985114
106.44,118.12710293078135,8.61,14.73,32.30912333307031,23.48347601937197,0.51,1.67,35.9,0.03,2.87,3.0701278234985114
63.0,118.12710293078135,5.94,14.01,32.30912333307031,23.48347601937197,0.41,3.95,24.78,0.04,3.61,3.0701278234985114
98.73,118.12710293078135,5.93,23.05,32.30912333307031,23.48347601937197,0.48,3.64,15.54,0.03,3.57,3.0701278234985114
100.65,118.12710293078135,5.89,18.39,32.30912333307031,23.48347601937197,0.49,3.28,19.89,0.03,3.48,3.0701278234985114
81.12,118.12710293078135,14.88,22.85,32.30912333307031,23.48347601937197,0.27,0.49,10.44,0.04,3.89,3.0701278234985114
119.27,118.12710293078135,5.99,10.09,32.30912333307031,23.48347601937197,0.5,3.26,31.31,0.03,2.79,3.0701278234985114
62.93,118.12710293078135,5.95,10.1,32.30912333307031,23.48347601937197,0.49,3.65,20.32,0.02,1.91,3.0701278234985114
110.09,118.12710293078135,5.95,10.18,32.30912333307031,23.48347601937197,0.48,3.98,16.7,0.03,3.01,3.0701278234985114
65.39,118.12710293078135,1.34,12.08,32.30912333307031,23.48347601937197,2.71,21.82,23.56,0.03,3.26,3.0701278234985114
397.25,118.12710293078135,14.48,21.52,32.30912333307031,23.48347601937197,0.14,1.73,8.25,0.0,0.0,3.0701278234985114
124.17,118.12710293078135,2.32,28.84,32.30912333307031,23.48347601937197,0.95,3.73,38.82,0.0,0.0,3.0701278234985114
111.01,118.12710293078135,3.89,25.0,32.30912333307031,23.48347601937197,0.94,6.73,39.49,0.0,0.0,3.0701278234985114
111.01,118.12710293078135,3.86,24.98,32.30912333307031,23.48347601937197,0.94,6.78,50.84,0.0,0.0,3.0701278234985114
33.26,118.12710293078135,17.52,26.35,32.30912333307031,23.48347601937197,0.91,14.9,18.97,0.03,2.77,3.0701278234985114
95.69,118.12710293078135,2.17,25.88,32.30912333307031,23.48347601937197,1.12,4.72,14.26,0.03,3.25,3.0701278234985114
105.73,118.12710293078135,0.23,22.07,32.30912333307031,23.48347601937197,0.86,3.78,9.41,0.04,4.46,3.0701278234985114
100.85,118.12710293078135,0.34,21.97,32.30912333307031,23.48347601937197,0.99,4.46,16.84,0.04,4.46,3.0701278234985114
102.27,118.12710293078135,2.69,20.74,22.96,23.48347601937197,0.87,5.11,12.34,0.03,4.45,3.0701278234985114
83.13,118.12710293078135,3.0,21.09,32.30912333307031,23.48347601937197,0.93,4.4,15.93,0.04,4.38,3.0701278234985114
112.11,118.12710293078135,2.27,21.3,32.30912333307031,23.48347601937197,1.01,5.22,31.03,0.04,4.45,3.0701278234985114
113.12,118.12710293078135,3.38,21.61,24.43,23.48347601937197,1.0,4.29,28.09,0.04,4.44,3.0701278234985114
93.61,118.12710293078135,2.47,21.9,24.99,23.48347601937197,0.99,5.28,25.6,0.04,4.41,3.0701278234985114
90.59,118.12710293078135,3.21,19.46,23.75,23.48347601937197,0.69,6.33,30.07,0.03,4.42,3.0701278234985114
107.62,118.12710293078135,7.4,28.9,32.30912333307031,23.48347601937197,1.88,7.52,32.26,0.04,4.39,3.0701278234985114
111.21,118.12710293078135,6.63,30.12,32.30912333307031,23.48347601937197,1.26,10.77,26.67,0.04,4.38,3.0701278234985114
132.57,118.12710293078135,6.69,30.39,23.17,23.48347601937197,2.06,9.9,25.37,0.04,4.39,3.0701278234985114
113.66,118.12710293078135,17.51,27.45,32.89,23.48347601937197,1.4,14.15,27.37,1.1,5.62,3.0701278234985114
93.33,118.12710293078135,9.46,18.98,12.63,23.48347601937197,1.92,6.66,25.39,1.12,1.8,3.0701278234985114
103.25,118.12710293078135,10.19,19.38,0.0,23.48347601937197,2.28,7.68,32.23,1.09,1.78,3.0701278234985114
85.9,118.12710293078135,24.26,16.58,0.0,23.48347601937197,1.49,4.67,19.68,1.48,2.16,3.0701278234985114
96.19,118.12710293078135,13.16,17.72,0.0,23.48347601937197,1.82,4.37,22.45,1.59,2.27,3.0701278234985114
100.22,118.12710293078135,10.54,21.88,0.0,23.48347601937197,1.75,3.87,28.07,1.49,2.17,3.0701278234985114
93.97,118.12710293078135,10.66,22.53,0.0,23.48347601937197,1.58,5.07,29.34,1.45,2.13,3.0701278234985114
119.93,118.12710293078135,9.78,22.59,0.0,23.48347601937197,2.18,8.16,33.28,1.66,2.34,3.0701278234985114
93.73,118.12710293078135,10.17,20.54,0.0,23.48347601937197,1.18,4.23,42.28,1.68,2.36,3.0701278234985114
84.4,200.5,15.4,23.32,25.59,23.48347601937197,1.49,8.21,41.55,1.72,4.4,3.0701278234985114
204.16,342.67,31.44,24.21,42.45,23.48347601937197,1.46,7.14,25.9,1.58,4.26,3.0701278234985114
100.78,118.12710293078135,15.76,30.89,36.93,23.48347601937197,1.45,6.84,31.66,3.280840304500585,8.700972080037227,3.0701278234985114
108.46,118.12710293078135,29.5,23.21,44.92,23.48347601937197,1.72,8.14,26.22,0.99,2.68,3.0701278234985114
123.09,118.12710293078135,30.11,19.98,42.1,23.48347601937197,1.69,7.58,15.29,1.75,4.43,3.0701278234985114
148.06,118.12710293078135,35.95,21.07,48.77,23.48347601937197,1.71,7.61,14.25,1.74,4.43,3.0701278234985114
138.5,286.09,18.17,24.49,34.35,23.48347601937197,1.63,7.26,26.68,3.280840304500585,8.700972080037227,3.0701278234985114
116.74,247.25,28.41,22.73,43.2,23.48347601937197,1.48,7.93,26.56,3.280840304500585,8.700972080037227,3.0701278234985114
125.94,276.56,21.47,22.13,36.43,23.48347601937197,1.44,8.47,33.25,3.280840304500585,8.700972080037227,3.0701278234985114
138.97,287.61,59.49,14.39,67.21,23.48347601937197,1.51,9.21,17.54,3.280840304500585,8.700972080037227,3.0701278234985114
122.79,245.86,60.01,13.9,67.64,23.48347601937197,1.58,10.53,19.19,3.280840304500585,8.700972080037227,3.0701278234985114
91.94,157.27,65.1,18.77,67.45,23.48347601937197,1.51,9.75,22.96,3.280840304500585,8.700972080037227,3.0701278234985114
106.08,123.5,11.5,40.25,26.86,23.48347601937197,0.88,1.71,57.6,3.280840304500585,8.700972080037227,3.0701278234985114
3.42,28.85,7.27,60.78,14.71,23.48347601937197,0.16,14.53197725590996,96.25,3.280840304500585,8.700972080037227,3.0701278234985114
109.26,216.02,19.62,43.22,38.51,23.48347601937197,1.18,14.53197725590996,73.74,3.280840304500585,8.700972080037227,3.0701278234985114
102.12,167.04,16.01,49.83,41.11,23.48347601937197,1.25,14.53197725590996,88.2,3.280840304500585,8.700972080037227,3.0701278234985114
93.67,166.32,13.82,45.8,38.18,23.48347601937197,1.18,14.53197725590996,78.94,3.280840304500585,8.700972080037227,3.0701278234985114
75.85,160.73,17.13,41.31,37.47,23.48347601937197,1.16,14.53197725590996,68.28,3.280840304500585,8.700972080037227,3.0701278234985114
109.0,191.52,17.25,46.58,39.96,23.48347601937197,1.18,14.53197725590996,83.67,3.280840304500585,8.700972080037227,3.0701278234985114
75.25,173.32,26.5,45.01,44.0,23.48347601937197,1.15,14.53197725590996,82.93,3.280840304500585,8.700972080037227,3.0701278234985114
78.71,153.74,11.23,50.49,38.99,23.48347601937197,0.74,14.53197725590996,82.7,3.280840304500585,8.700972080037227,3.0701278234985114
92.37,206.58,23.4,37.25,42.08,23.48347601937197,0.0,14.53197725590996,50.95,3.280840304500585,8.700972080037227,3.0701278234985114
94.97,237.63,36.03,19.05,35.97,23.48347601937197,1.66,14.53197725590996,14.95,3.280840304500585,8.700972080037227,3.0701278234985114
100.59,161.19,31.51,19.5,33.96,23.48347601937197,2.53,14.53197725590996,14.64,3.280840304500585,8.700972080037227,3.0701278234985114
97.55,211.96,35.92,19.24,35.87,23.48347601937197,1.61,14.53197725590996,15.85,3.280840304500585,8.700972080037227,3.0701278234985114
119.78,264.98,30.36,20.31,33.29,23.48347601937197,1.6,14.53197725590996,17.55,3.280840304500585,8.700972080037227,3.0701278234985114
73.01,179.57,30.8,20.93,34.08,23.48347601937197,1.33,14.53197725590996,17.84,3.280840304500585,8.700972080037227,3.0701278234985114
125.49,185.32,35.74,18.12,35.72,23.48347601937197,2.89,14.53197725590996,12.71,3.280840304500585,8.700972080037227,3.0701278234985114
110.32,233.09,13.15,17.81,24.4,23.48347601937197,0.29,14.53197725590996,18.77,142.0,8.700972080037227,3.0701278234985114
94.7,150.69,11.44,17.43,21.63,23.48347601937197,0.16,14.53197725590996,25.42,4.34,8.700972080037227,3.0701278234985114
146.92,298.27,16.23,23.26,31.79,23.48347601937197,0.4,14.53197725590996,27.12,2.06,8.700972080037227,3.0701278234985114
143.86,201.51,20.66,23.83,32.8,23.48347601937197,0.35,14.53197725590996,30.11,0.75,8.700972080037227,3.0701278234985114
141.26,280.83,15.53,27.83,30.91,23.48347601937197,0.39,14.53197725590996,28.44,0.69,8.700972080037227,3.0701278234985114
108.65,224.03,14.49,27.5,25.29,23.48347601937197,0.24,14.53197725590996,33.79,1.27,8.700972080037227,3.0701278234985114
125.5,188.75,18.36,29.13,36.24,23.48347601937197,0.52,14.53197725590996,19.13,1.27,8.700972080037227,3.0701278234985114
163.89,386.66,8.88,27.3,20.65,23.48347601937197,0.13,14.53197725590996,47.92,2.65,8.700972080037227,3.0701278234985114
110.31,183.75,15.37,37.96,44.35,23.48347601937197,0.75,2.62,22.34,1.85,8.700972080037227,3.0701278234985114
154.28,175.09,28.59,38.3,50.94,23.48347601937197,0.66,2.37,19.37,0.82,8.700972080037227,3.0701278234985114
130.49,224.05,10.41,30.64,28.45,23.48347601937197,0.48,1.67,41.57,2.53,8.700972080037227,3.0701278234985114
115.04,210.3,13.93,28.38,35.11,23.48347601937197,0.69,1.14,37.31,0.19,8.700972080037227,3.0701278234985114
98.26,169.52,14.85,31.75,38.16,23.48347601937197,0.8,1.47,27.83,0.57,8.700972080037227,3.0701278234985114
110.07,228.87,14.69,27.94,33.6,23.48347601937197,0.81,1.19,40.98,0.45,8.700972080037227,3.0701278234985114
75.9,145.61,14.59,27.59,33.13,23.48347601937197,0.75,0.87,47.83,0.08,8.700972080037227,3.0701278234985114
252.23,118.12710293078135,9.86,25.31,24.1,23.48347601937197,0.08,1.26,22.91,0.23,8.700972080037227,3.0701278234985114
84.28,118.12710293078135,8.55,21.91,22.7,23.48347601937197,0.66,5.81,40.94,0.26,8.700972080037227,3.0701278234985114
121.95,118.12710293078135,8.69,21.85,22.77,23.48347601937197,0.83,6.9,29.65,0.11,8.700972080037227,3.0701278234985114
77.99,118.12710293078135,8.71,22.0,22.87,23.48347601937197,0.78,7.59,20.82,0.0,8.700972080037227,3.0701278234985114
113.08,118.12710293078135,8.39,21.29,22.24,23.48347601937197,0.85,4.59,36.0,0.51,8.700972080037227,3.0701278234985114
126.74,118.12710293078135,8.69,25.24,22.46,23.48347601937197,0.55,6.17,17.7,0.22,8.700972080037227,3.0701278234985114
69.07,118.12710293078135,8.78,24.97,22.4,23.48347601937197,0.51,5.87,25.39,0.58,8.700972080037227,3.0701278234985114
122.28,118.12710293078135,84.91,31.23,83.88,23.48347601937197,0.52,7.96,17.28,3.85,8.700972080037227,3.0701278234985114
81.18,210.02,19.59,22.71,32.88,23.48347601937197,0.72,3.57,36.9,0.99,8.700972080037227,3.0701278234985114
109.59,196.31,48.64,17.15,33.63,23.48347601937197,1.05,6.63,40.47,3.48,8.700972080037227,3.0701278234985114
157.04,261.61,47.53,16.88,31.71,23.48347601937197,1.51,10.76,54.69,4.11,8.700972080037227,3.0701278234985114
109.68,258.34,46.91,16.92,34.05,23.48347601937197,0.81,14.16,46.08,2.93,8.700972080037227,3.0701278234985114
139.15,309.92,33.51,34.39,48.43,23.48347601937197,1.02,7.41,52.99,2.48,8.700972080037227,3.0701278234985114
96.1,186.32,13.37,57.05,46.78,23.48347601937197,0.99,7.52,50.92,2.61,8.700972080037227,3.0701278234985114
110.19,196.54,9.56,55.87,32.21,23.48347601937197,0.8,5.18,33.5,2.77,8.700972080037227,3.0701278234985114
134.13,164.1,11.78,52.45,42.69,23.48347601937197,0.97,6.96,39.27,2.47,8.700972080037227,3.0701278234985114
133.97,242.65,18.27,44.26,51.07,23.48347601937197,1.03,8.38,43.81,2.89,8.700972080037227,3.0701278234985114
134.47,224.57,12.72,47.0,49.09,23.48347601937197,0.93,6.27,44.61,1.66,8.700972080037227,3.0701278234985114
121.49,278.45,7.39,56.2,56.83,23.48347601937197,1.34,8.42,47.56,2.64,8.700972080037227,3.0701278234985114
112.43,265.07,4.85,54.17,56.72,23.48347601937197,1.48,14.53197725590996,46.87,3.280840304500585,8.700972080037227,3.0701278234985114
112.17,177.09,29.12,14.74,38.22,23.48347601937197,0.63,9.21,55.2,1.49,2.04,3.0701278234985114
122.69,229.87,37.39,29.92,49.35,23.48347601937197,1.0,9.13,45.72,2.67,5.46,3.0701278234985114
99.24,155.21,28.51,29.47,43.01,23.48347601937197,0.95,7.72,21.79,2.61,9.0,3.0701278234985114
134.26,227.26,24.03,20.84,34.49,23.48347601937197,0.88,7.99,29.97,2.26,5.84,3.0701278234985114
123.66,218.88,37.35,30.37,50.81,23.48347601937197,0.91,10.88,27.47,2.76,8.83,3.0701278234985114
124.15,200.83,79.49,37.57,87.59,23.48347601937197,0.86,11.68,22.4,4.06,15.22,3.0701278234985114
147.1,261.71,26.71,22.95,38.99,23.48347601937197,0.88,12.94,42.72,2.27,6.41,3.0701278234985114
96.86,192.94,38.68,18.94,43.31,23.48347601937197,0.61,9.07,38.44,1.91,5.11,3.0701278234985114
125.26,239.99,72.64,32.79,88.16,23.48347601937197,0.41,12.57,45.71,2.45,5.09,3.0701278234985114
133.58,235.22,67.08,30.8,79.18,23.48347601937197,1.04,11.85,38.0,0.0,0.0,3.0701278234985114
148.85,303.5,62.96,26.66,73.56,23.48347601937197,0.65,11.76,39.95,0.0,0.0,3.0701278234985114
140.45,318.04,47.34,26.11,61.8,23.48347601937197,0.71,9.9,37.26,0.0,0.0,3.0701278234985114
119.25,255.28,70.22,26.8,80.82,23.48347601937197,0.81,12.73,36.36,0.0,0.0,3.0701278234985114
113.31,212.23,81.22,26.46,88.34,23.48347601937197,0.65,13.5,42.6,0.0,0.0,3.0701278234985114
147.68,247.54,89.61,26.8,95.95,23.48347601937197,1.0,20.13,40.43,0.0,0.0,3.0701278234985114
161.45,345.6,93.83,25.46,98.12,23.48347601937197,0.96,13.18,18.39,0.0,0.0,3.0701278234985114
178.2,348.94,52.9,35.31,71.81,23.48347601937197,0.65,9.3,23.87,0.0,0.0,3.0701278234985114
87.31,166.85,11.18,32.39,31.62,23.48347601937197,0.68,9.14,23.86,0.0,0.0,3.0701278234985114
102.5,271.67,19.36,34.88,37.27,23.48347601937197,0.46,8.79,30.65,0.0,0.0,3.0701278234985114
105.02,256.6,49.07,47.71,69.79,23.48347601937197,0.4,14.62,30.66,0.0,0.0,3.0701278234985114
133.58,265.0,124.65,80.65,123.06,23.48347601937197,0.45,11.98,31.04,0.0,0.0,3.0701278234985114
112.7,430.89,110.23,79.05,129.67,23.48347601937197,0.49,11.16,32.6,0.0,0.0,3.0701278234985114
101.21,118.12710293078135,179.36,125.64,209.47,23.48347601937197,0.5,10.23,27.73,0.0,0.0,3.0701278234985114
128.34,118.12710293078135,118.37,87.78,140.63,23.48347601937197,0.48,9.3,34.89,0.0,0.0,3.0701278234985114
127.98,242.82,16.41,20.86,28.2,23.48347601937197,0.97,17.6,20.97,0.0,0.0,3.0701278234985114
100.59,204.36,12.37,19.23,24.48,23.48347601937197,0.76,18.62,38.85,0.0,0.0,3.0701278234985114
91.83,193.45,40.29,30.28,52.99,23.48347601937197,0.87,15.92,33.12,0.0,0.0,3.0701278234985114
69.18,131.77,11.92,18.2,21.76,23.48347601937197,1.18,15.57,43.53,0.0,0.0,3.0701278234985114
163.92,302.49,117.84,63.23,131.36,23.48347601937197,1.48,10.28,33.66,0.0,0.0,3.0701278234985114
101.19,138.97,22.94,27.17,37.75,23.48347601937197,2.23,5.22,36.04,0.0,0.0,3.0701278234985114
114.82,194.17,20.8,23.48,31.22,23.48347601937197,2.31,6.31,28.39,0.0,0.0,3.0701278234985114
97.78,181.3,9.49,17.93,19.59,23.48347601937197,1.95,4.63,43.9,0.0,0.0,3.0701278234985114
97.11,151.06,21.68,34.71,31.22,23.48347601937197,1.81,5.6,53.27,0.0,0.0,3.0701278234985114
125.78,249.16,59.44,54.93,80.21,23.48347601937197,2.68,4.37,31.88,0.0,0.0,3.0701278234985114
121.31,223.06,24.69,31.17,38.57,23.48347601937197,2.47,2.64,41.25,0.0,0.0,3.0701278234985114
79.97,176.06,18.18,18.6,27.53,23.48347601937197,2.63,4.0,28.49,0.0,0.0,3.0701278234985114
90.9,175.62,47.21,29.19,57.66,23.48347601937197,2.86,4.27,29.86,0.0,0.0,3.0701278234985114
112.5,158.77,21.7,11.78,26.71,23.48347601937197,3.5,3.28,40.67,0.0,0.0,3.0701278234985114
98.51,192.74,18.87,95.41,70.74,23.48347601937197,0.46,3.27,33.39,0.0,0.0,3.0701278234985114
73.53,165.85,12.36,24.17,23.55,23.48347601937197,0.46,6.56,19.49,0.0,0.0,3.0701278234985114
93.38,217.93,16.62,8.36,18.49,23.48347601937197,0.37,0.83,22.05,0.0,0.0,3.0701278234985114
114.87,257.72,19.07,12.36,18.4,23.48347601937197,0.53,28.72,38.21,0.0,0.0,3.0701278234985114
98.42,257.46,7.9,8.79,10.49,23.48347601937197,0.59,18.22,29.86,0.0,0.0,3.0701278234985114
104.25,128.15,12.71,9.91,8.47,23.48347601937197,0.24,20.08,28.7,0.0,0.0,3.0701278234985114
120.41,260.63,11.6,8.96,13.47,23.48347601937197,0.68,4.02,37.04,0.0,0.0,3.0701278234985114
106.43,315.63,48.74,7.84,53.25,23.48347601937197,0.36,1.99,47.1,0.0,0.0,3.0701278234985114
92.34,212.31,46.99,8.57,48.55,23.48347601937197,0.35,7.55,37.7,0.0,0.0,3.0701278234985114
99.71,248.24,67.53,9.29,69.82,23.48347601937197,0.31,7.72,33.75,0.0,0.0,3.0701278234985114
79.95,245.17,32.12,8.38,32.35,23.48347601937197,0.34,2.7,34.02,0.0,0.0,3.0701278234985114
98.06,201.19,23.92,28.75,23.74,23.48347601937197,0.51,3.39,28.01,0.0,0.0,3.0701278234985114
94.78,269.76,26.02,26.72,40.01,23.48347601937197,1.2,0.61,40.31,0.0,0.0,3.0701278234985114
98.54,308.24,17.9,22.09,30.4,23.48347601937197,0.71,3.36,33.78,0.0,0.0,3.0701278234985114
104.05,334.26,16.36,18.63,31.2,23.48347601937197,0.81,2.4,54.63,0.0,0.0,3.0701278234985114
93.68,286.92,14.36,17.98,25.85,23.48347601937197,0.68,3.35,41.76,0.0,0.0,3.0701278234985114
95.22,392.91,14.29,18.44,26.53,23.48347601937197,0.55,3.4,38.66,0.0,0.0,3.0701278234985114
106.0,118.12710293078135,15.91,16.42,25.31,23.48347601937197,0.51,4.35,43.09,0.0,0.0,3.0701278234985114
111.49,281.57,14.23,16.91,24.14,23.48347601937197,0.66,5.08,36.38,0.0,0.0,3.0701278234985114
120.11,293.7,16.77,18.57,28.34,23.48347601937197,0.65,5.94,40.79,0.51,3.04,3.0701278234985114
62.53,148.15,17.73,17.47,28.1,23.48347601937197,0.55,3.76,53.69,0.0,0.0,3.0701278234985114
98.84,244.22,20.41,22.18,37.59,23.48347601937197,0.68,14.87,47.74,0.0,0.0,3.0701278234985114
111.45,254.27,18.26,20.54,31.8,23.48347601937197,0.61,8.12,43.13,0.0,0.0,3.0701278234985114
142.31,334.06,20.31,22.13,36.41,23.48347601937197,0.64,7.84,31.28,0.0,0.0,3.0701278234985114
107.3,299.61,18.44,17.82,29.2,23.48347601937197,0.57,27.8,50.92,0.0,0.0,3.0701278234985114
94.42,234.31,26.94,21.48,41.11,23.48347601937197,0.53,11.12,36.83,0.0,0.0,3.0701278234985114
103.4,185.48,19.84,19.3,32.06,23.48347601937197,0.64,6.33,43.56,0.0,0.0,3.0701278234985114
123.0,238.38,58.67,44.09,73.17,23.48347601937197,0.51,12.97,54.46,0.0,0.0,3.0701278234985114
124.14,118.12710293078135,34.62,44.72,58.0,23.48347601937197,0.3,11.34,61.49,0.0,0.0,3.0701278234985114
92.63,118.12710293078135,12.48,41.29,15.48,23.48347601937197,0.39,8.51,121.6,0.0,0.0,3.0701278234985114
102.4,118.12710293078135,7.64,32.04,10.02,23.48347601937197,0.4,8.31,127.57,0.0,0.0,3.0701278234985114
82.26,118.12710293078135,5.96,40.61,14.23,23.48347601937197,0.3,5.53,123.48,0.0,0.0,3.0701278234985114
97.05,118.12710293078135,15.66,36.79,28.04,23.48347601937197,0.37,8.6,98.07,0.0,0.0,3.0701278234985114
111.57,118.12710293078135,21.04,31.9,28.76,23.48347601937197,0.34,11.42,91.53,0.0,0.0,3.0701278234985114
74.03,118.12710293078135,5.41,32.51,14.6,23.48347601937197,0.32,2.86,112.5,0.0,0.0,3.0701278234985114
77.37,118.12710293078135,10.63,33.05,16.22,23.48347601937197,0.36,6.26,98.28,0.0,0.0,3.0701278234985114
116.43,118.12710293078135,49.0,35.37,53.54,23.48347601937197,0.28,9.1,75.74,0.0,0.0,3.0701278234985114
119.32,118.12710293078135,27.69,48.79,43.44,23.48347601937197,0.36,11.73,73.24,0.0,0.0,3.0701278234985114
58.55,199.07,7.78,9.43,2.89,23.48347601937197,0.84,12.93,59.95,0.0,0.0,3.0701278234985114
85.29,294.66,16.42,26.61,28.16,23.48347601937197,0.5,8.28,46.52,2.0,6.01,3.0701278234985114
101.83,327.81,9.25,9.77,11.87,23.48347601937197,0.49,7.17,27.49,2.0,6.01,3.0701278234985114
92.47,196.26,9.42,9.28,11.27,23.48347601937197,0.51,8.86,23.85,2.0,5.98,3.0701278234985114
102.26,210.65,40.51,45.65,62.29,23.48347601937197,2.65,4.75,45.54,1.98,6.01,3.0701278234985114
109.04,205.28,40.22,51.69,63.28,23.48347601937197,2.58,3.16,47.62,2.0,5.99,3.0701278234985114
137.78,261.97,12.97,47.39,39.22,23.48347601937197,2.27,1.9,50.6,2.0,5.98,3.0701278234985114
114.03,217.06,6.17,28.53,24.31,23.48347601937197,2.26,3.07,52.32,2.0,5.97,3.0701278234985114
107.55,197.17,4.92,22.28,20.37,23.48347601937197,2.38,3.5,48.88,2.0,5.98,3.0701278234985114
92.64,180.87,8.99,32.44,29.83,23.48347601937197,2.01,2.92,40.47,2.0,6.01,3.0701278234985114
109.34,205.75,6.46,33.32,27.61,23.48347601937197,2.1,2.1,42.63,2.0,6.01,3.0701278234985114
92.44,190.02,14.18,39.74,38.73,23.48347601937197,1.59,2.13,38.25,2.01,6.01,3.0701278234985114
108.48,229.29,29.55,43.84,54.55,23.48347601937197,0.85,4.29,37.95,2.0,6.01,3.0701278234985114
151.69,249.81,69.24,59.89,94.15,23.48347601937197,1.81,35.59,47.8,2.01,6.0,3.0701278234985114
118.89,212.16,14.87,39.52,36.03,23.48347601937197,0.89,11.3,44.97,1.58,4.56,3.0701278234985114
93.32,158.87,27.64,40.46,47.21,23.48347601937197,0.66,17.05,32.48,2.0,5.99,3.0701278234985114
160.41,279.95,10.19,45.65,37.34,23.48347601937197,0.77,8.58,19.44,1.99,6.0,3.0701278234985114
157.5,256.26,5.42,33.07,25.61,23.48347601937197,0.77,11.01,30.41,2.0,5.99,3.0701278234985114
69.43,124.7,5.39,33.71,27.27,23.48347601937197,0.53,31.52,35.4,2.0,6.01,3.0701278234985114
118.97,193.65,90.48,55.23,107.64,23.48347601937197,1.38,40.95,44.37,2.0,5.99,3.0701278234985114
105.21,178.86,4.21,35.04,26.04,23.48347601937197,0.71,21.78,47.76,2.0,6.01,3.0701278234985114
102.12,177.95,33.61,54.7,62.12,23.48347601937197,1.23,21.4,35.98,2.0,6.0,3.0701278234985114
99.75,189.47,46.51,54.34,72.72,23.48347601937197,1.09,12.02,30.19,1.99,6.01,3.0701278234985114
112.58,198.47,11.95,54.1,43.75,23.48347601937197,0.97,4.56,38.16,2.0,5.97,3.0701278234985114
125.0,212.55,55.95,59.0,81.51,23.48347601937197,1.35,6.87,38.59,1.99,5.98,3.0701278234985114
65.04,92.12,6.09,40.18,26.85,23.48347601937197,1.14,25.3,22.46,2.0,6.0,3.0701278234985114
168.88,285.04,49.39,35.26,62.44,23.48347601937197,2.11,64.78,28.39,2.01,6.0,3.0701278234985114
99.82,183.92,5.38,29.66,22.55,23.48347601937197,1.48,14.78,23.49,2.0,5.99,3.0701278234985114
113.74,220.82,10.76,28.13,26.68,23.48347601937197,1.49,14.82,26.71,1.99,5.99,3.0701278234985114
152.56,332.22,13.7,27.14,28.02,23.48347601937197,1.53,17.07,23.43,2.0,5.98,3.0701278234985114
89.97,140.0,9.69,36.67,29.54,23.48347601937197,1.52,7.0,19.03,2.01,6.0,3.0701278234985114
108.44,179.38,10.64,37.59,33.37,23.48347601937197,1.78,6.35,32.18,1.99,5.98,3.0701278234985114
75.89,119.57,6.56,26.1,22.02,23.48347601937197,1.4,7.33,18.3,2.01,6.0,3.0701278234985114
117.82,188.91,13.15,26.9,34.0,23.48347601937197,1.44,7.02,10.41,2.0,5.99,3.0701278234985114
79.88,127.02,13.77,23.97,30.27,23.48347601937197,1.38,8.26,15.35,2.0,6.01,3.0701278234985114
92.62,159.19,4.47,22.03,16.57,23.48347601937197,1.16,7.12,39.73,2.0,6.01,3.0701278234985114
131.03,222.54,32.28,31.26,44.61,23.48347601937197,1.65,7.22,30.6,1.99,6.0,3.0701278234985114
132.02,232.16,55.58,35.27,68.45,23.48347601937197,2.29,7.79,28.19,1.98,6.0,3.0701278234985114
117.46,200.66,50.41,43.56,67.28,23.48347601937197,1.89,7.24,18.13,2.0,6.02,3.0701278234985114
93.01,164.64,5.44,36.2,24.89,23.48347601937197,1.35,7.97,17.76,2.0,6.02,3.0701278234985114
100.75,181.95,60.96,34.16,68.71,23.48347601937197,2.33,8.7,26.02,2.0,6.01,3.0701278234985114
118.41,228.69,34.62,28.99,44.67,23.48347601937197,2.39,8.26,39.12,2.01,6.01,3.0701278234985114
120.12,230.34,54.43,32.6,63.61,23.48347601937197,2.33,9.26,43.74,1.98,5.97,3.0701278234985114
104.96,210.84,10.6,26.63,24.38,23.48347601937197,1.6,8.15,52.62,2.0,6.0,3.0701278234985114
105.04,199.79,14.33,27.22,27.19,23.48347601937197,1.71,8.6,50.82,2.0,6.01,3.0701278234985114
130.89,256.86,35.54,27.42,45.28,23.48347601937197,2.2,9.13,45.46,2.0,6.01,3.0701278234985114
105.65,228.3,36.3,26.62,45.01,23.48347601937197,2.34,11.63,25.93,1.99,6.0,3.0701278234985114
108.36,231.82,45.69,28.0,53.33,23.48347601937197,1.53,10.37,33.78,1.97,5.97,3.0701278234985114
86.84,158.92,8.94,31.91,26.6,23.48347601937197,1.17,8.51,33.45,2.0,6.01,3.0701278234985114
69.14,111.56,43.42,44.32,59.52,14.61,0.85,11.87,89.44,6.09,3.27,2.27
75.32,257.56,3.45,16.27,10.08,24.53,0.88,3.91,73.51,4.51,2.38,1.45
141.8,243.91,58.55,21.87,119.49,23.72,1.52,23.99,32.2,3.88,8.700972080037227,3.0701278234985114
69.9,114.89,12.51,10.49,31.77,23.12,0.54,18.96,21.58,1.33,8.700972080037227,3.0701278234985114
94.29,173.04,47.75,17.65,97.08,28.03,1.11,16.71,16.98,2.93,8.700972080037227,3.0701278234985114
106.89,199.74,50.2,18.6,102.36,18.98,1.26,21.78,29.67,3.54,8.700972080037227,3.0701278234985114
97.6,185.68,42.72,15.4,86.63,21.65,0.92,16.91,30.05,7.08,8.700972080037227,3.0701278234985114
104.14,177.76,44.55,21.06,95.72,24.09,1.19,19.3,24.21,4.46,8.700972080037227,3.0701278234985114
116.75,206.29,49.98,21.55,105.15,23.52,1.19,18.87,18.93,4.07,8.700972080037227,3.0701278234985114
124.94,213.84,33.84,17.73,74.55,23.91,1.31,23.78,37.83,3.21,8.700972080037227,3.0701278234985114
100.41,187.83,14.3,21.98,47.03,19.71,1.03,21.27,47.36,2.2,8.700972080037227,3.0701278234985114
105.33,191.58,13.36,24.87,48.6,24.28,1.12,21.56,34.22,3.42,8.700972080037227,3.0701278234985114
118.05,236.55,39.03,26.61,92.58,18.56,1.21,25.51,47.1,2.59,8.700972080037227,3.0701278234985114
114.47,203.18,44.78,29.01,104.59,25.66,1.26,23.39,34.37,3.22,8.700972080037227,3.0701278234985114
140.62,225.28,23.24,23.92,63.81,25.77,1.26,34.54,26.71,3.34,8.700972080037227,3.0701278234985114
48.63,64.89,3.37,11.86,18.25,23.15,0.5,19.19,45.26,0.91,8.700972080037227,3.0701278234985114
96.66,168.91,38.54,31.38,96.88,14.22,1.15,17.29,21.58,2.37,8.700972080037227,3.0701278234985114
88.27,149.31,29.86,35.39,86.91,15.11,0.92,16.88,26.83,0.0,8.700972080037227,3.0701278234985114
18.92,626.63,3.27,12.52,18.78,5.01,0.55,15.47,39.05,0.23,8.700972080037227,3.0701278234985114
49.04,427.84,3.14,8.59,14.37,6.84,0.36,11.27,15.7,1.99,8.700972080037227,3.0701278234985114
16.54,190.86,3.32,6.67,12.59,6.53,0.39,11.41,16.02,38.35,8.700972080037227,3.0701278234985114
91.53,152.07,29.91,21.77,72.42,6.43,1.0,15.95,20.89,0.0,8.700972080037227,3.0701278234985114
105.95,172.29,36.23,19.81,80.68,7.72,1.16,10.48,21.94,2.45,8.700972080037227,3.0701278234985114
101.7,155.67,35.92,15.08,75.16,10.07,1.13,10.58,19.53,2.46,8.700972080037227,3.0701278234985114
98.28,167.22,56.2,13.48,106.7,11.77,1.14,11.07,18.22,2.12,8.700972080037227,3.0701278234985114
77.08,125.23,27.69,10.73,56.97,11.89,0.83,10.76,18.23,1.48,8.700972080037227,3.0701278234985114
86.47,160.39,45.25,11.36,86.45,13.4,1.03,11.34,18.03,1.81,8.700972080037227,3.0701278234985114
101.34,166.41,45.18,11.39,86.36,12.71,1.05,11.38,18.01,2.07,8.700972080037227,3.0701278234985114
112.06,191.09,65.43,14.22,122.65,14.79,1.31,11.98,18.18,2.12,8.700972080037227,3.0701278234985114
149.21,212.45,45.12,11.83,86.76,19.7,1.35,12.23,18.4,2.46,8.700972080037227,3.0701278234985114
124.58,162.11,23.79,9.56,49.3,19.26,1.18,12.22,18.35,2.37,8.700972080037227,3.0701278234985114
112.56,162.85,45.54,11.41,86.99,17.7,1.11,12.4,18.33,1.94,8.700972080037227,3.0701278234985114
103.64,155.46,29.58,11.09,60.43,18.22,0.94,11.54,18.96,1.48,8.700972080037227,3.0701278234985114
122.34,183.08,35.05,12.46,70.88,18.06,1.08,11.94,18.21,1.54,8.700972080037227,3.0701278234985114
107.19,154.52,9.04,9.17,24.67,16.26,0.94,11.23,18.59,0.81,8.700972080037227,3.0701278234985114
117.3,172.33,12.52,9.15,30.35,16.21,1.03,11.49,18.22,0.86,8.700972080037227,3.0701278234985114
159.75,223.93,21.66,8.9,45.11,15.68,1.38,11.4,18.1,1.6,8.700972080037227,3.0701278234985114
129.61,177.9,31.0,11.46,63.16,15.03,1.26,11.93,19.71,1.01,8.700972080037227,3.0701278234985114
104.14,146.43,45.48,9.51,84.85,15.76,1.38,12.32,17.93,0.83,8.700972080037227,3.0701278234985114
79.32,120.4,6.5,8.74,20.04,17.68,0.6,12.49,20.98,0.17,8.700972080037227,3.0701278234985114
67.45057794890306,317.84,80.74,17.88,151.75,18.21,1.94,13.7,18.14,0.0,8.700972080037227,3.0701278234985114
192.26,334.8,80.42,21.97,155.58,20.06,1.97,13.95,20.02,5.32,8.700972080037227,3.0701278234985114
123.8,184.52,28.23,10.06,57.12,18.14,1.21,13.22,18.75,0.69,8.700972080037227,3.0701278234985114
103.18,170.35,47.53,14.67,93.74,18.48,1.23,13.48,19.14,0.75,8.700972080037227,3.0701278234985114
121.97,199.91,61.88,22.49,125.68,15.9,1.06,13.92,23.02,1.05,8.700972080037227,3.0701278234985114
101.22,209.1,51.82,19.55,106.02,18.24,0.99,13.03,18.35,0.57,8.700972080037227,3.0701278234985114
111.71,225.78,80.45,23.03,156.74,18.56,1.23,13.56,18.35,0.82,8.700972080037227,3.0701278234985114
119.47,225.18,84.67,24.27,165.0,19.25,1.19,13.81,18.35,0.95,8.700972080037227,3.0701278234985114
90.78,123.99,14.73,13.21,38.34,24.13,0.56,13.38,18.83,0.28,8.700972080037227,3.0701278234985114
131.83,193.45,51.04,17.04,102.03,25.27,1.25,13.91,18.51,0.65,8.700972080037227,3.0701278234985114
111.05,177.35,42.25,17.71,88.33,22.11,1.14,14.03,18.58,0.66,8.700972080037227,3.0701278234985114
93.14,157.53,32.95,18.84,74.27,16.1,0.89,13.81,19.06,0.56,8.700972080037227,3.0701278234985114
131.31,198.43,64.74,30.85,139.31,16.28,0.92,13.62,19.12,0.72,8.700972080037227,3.0701278234985114
95.07,191.86,40.05,28.98,96.79,16.51,0.95,13.43,18.97,0.89,8.700972080037227,3.0701278234985114
95.35,219.23,35.68,30.51,41.47,17.38,0.77,13.68,19.01,0.42,8.700972080037227,3.0701278234985114
96.15,212.49,28.27,23.49,32.53,15.1,0.88,13.68,19.41,0.52,8.700972080037227,3.0701278234985114
65.69,171.03,20.2,18.99,24.32,11.72,0.59,13.49,20.08,0.34,8.700972080037227,3.0701278234985114
101.22,211.78,54.75,43.42,61.98,14.17,0.76,13.57,19.68,0.64,8.700972080037227,3.0701278234985114
106.89,227.07,41.98,40.3,50.95,16.17,0.89,13.76,21.2,0.53,8.700972080037227,3.0701278234985114
104.24,200.94,20.99,27.59,29.1,20.73,0.8,14.32,24.2,0.35,8.700972080037227,3.0701278234985114
105.13,166.05,23.6,26.82,30.67,19.14,0.71,14.72,19.28,0.27,8.700972080037227,3.0701278234985114
107.87,152.63,13.16,18.11,18.64,17.4,0.71,14.58,18.81,0.31,8.700972080037227,3.0701278234985114
79.39,115.42,35.59,17.48,35.07,18.06,0.59,14.87,18.84,0.34,8.700972080037227,3.0701278234985114
101.46,139.7,16.73,23.28,23.82,18.2,0.62,15.53,19.6,0.41,8.700972080037227,3.0701278234985114
118.7,165.09,15.07,23.58,22.74,20.0,0.7,15.54,19.58,0.24,8.700972080037227,3.0701278234985114
105.32,224.36,9.92,14.9,14.66,19.07,0.67,15.69,20.08,0.25,8.700972080037227,3.0701278234985114
130.68,232.55,19.56,30.83,29.6,15.72,0.92,16.06,35.47,0.37,8.700972080037227,3.0701278234985114
103.88,220.49,3.81,14.11,9.72,14.09,0.47,15.39,42.49,0.17,8.700972080037227,3.0701278234985114
81.92,148.29,8.05,20.73,16.11,12.91,0.49,16.18,34.97,0.22,8.700972080037227,3.0701278234985114
103.94,152.8,14.94,10.97,16.49,38.13,1.03,21.14,32.97,18.85,8.700972080037227,3.0701278234985114
93.12,122.65,15.35,10.71,16.57,38.23,0.83,20.06,22.35,9.89,8.700972080037227,3.0701278234985114
89.62,118.12710293078135,40.11,29.62,69.42,23.48347601937197,1.41,13.38,38.94,3.280840304500585,8.700972080037227,3.0701278234985114
49.54,118.12710293078135,8.47,14.49,22.35,23.48347601937197,0.88,9.06,42.6,3.280840304500585,8.700972080037227,3.0701278234985114
107.98,118.12710293078135,6.5,12.71,18.75,23.48347601937197,0.75,6.7,21.14,0.94,4.87,0.02
51.0,118.12710293078135,13.59,16.72,29.91,23.48347601937197,0.74,6.99,15.04,0.87,4.08,0.04
102.47,118.12710293078135,12.32,21.15,32.51,23.48347601937197,0.72,7.24,15.27,0.84,3.54,0.03
96.48,118.12710293078135,6.53,13.47,19.72,23.48347601937197,0.78,6.37,26.75,1.02,6.04,0.03
161.72,118.12710293078135,6.38,14.42,20.5,23.48347601937197,0.85,7.42,27.06,0.96,6.55,0.02
59.42,64.55,4.38,22.56,20.73,23.48347601937197,0.93,5.71,26.32,1.62,8.57,0.93
105.12,118.12710293078135,23.8,17.08,40.83,23.48347601937197,0.54,0.96,12.98,0.77,4.13,0.05
86.36,118.12710293078135,3.16,12.23,14.97,23.48347601937197,0.37,1.13,16.22,0.86,3.98,0.06
110.77,118.12710293078135,3.01,16.17,19.02,23.48347601937197,0.45,1.38,18.29,0.62,4.27,0.06
64.93,118.12710293078135,2.27,9.84,11.76,23.48347601937197,0.33,2.61,24.23,0.95,7.14,0.09
158.15,118.12710293078135,1.85,8.66,10.29,23.48347601937197,0.41,1.39,20.48,0.93,6.44,0.04
136.45,108.82,6.29,11.76,16.37,8.62,0.66,7.34,32.21,1.66,12.17,2.69
150.93,110.33,6.76,6.52,12.53,7.44,0.8,11.05,35.73,1.61,12.13,1.91
116.24,110.09,7.72,7.43,14.66,11.73,0.71,10.16,35.25,1.4,9.4,0.56
69.24,81.48,1.28,2.3,3.01,7.43,1.09,6.55,33.97,1.01,6.45,0.23
192.41,104.9,4.89,3.91,8.09,7.41,1.31,9.92,40.38,2.16,14.66,2.29
118.66,116.1,1.44,1.87,2.75,7.46,0.87,7.59,35.3,1.41,8.12,0.69
155.84,112.22,1.31,1.17,1.92,7.42,0.78,5.37,33.41,1.12,6.56,1.03
59.6,107.16,1.22,0.95,1.58,7.44,0.61,5.61,33.85,1.31,7.3,1.04
84.18,113.0,3.68,3.3,5.79,11.18,1.25,7.79,30.27,1.75,11.76,2.28
103.01,102.9,3.03,0.74,2.58,11.17,0.86,5.43,51.97,1.15,5.33,0.58
95.22,101.17,3.0,0.74,2.57,11.18,0.84,7.46,48.38,1.01,5.72,1.97
122.14,114.7,3.02,0.73,2.57,11.15,1.34,5.66,49.97,1.15,7.58,2.22
81.18,97.96,2.98,0.67,2.5,11.17,1.28,5.4,44.62,1.14,5.91,0.52
252.47,64.38,3.09,0.64,2.54,11.16,1.08,6.0,31.4,1.08,4.53,0.49
86.87,105.81,8.71,14.84,21.55,11.96,0.93,11.36,32.53,1.47,11.41,0.75
88.14,106.33,11.57,19.56,29.93,11.91,0.61,12.92,34.67,1.31,6.17,0.66
177.62,98.01,28.46,25.5,52.22,10.46,1.73,14.74,25.9,2.33,13.33,2.05
71.44,111.72,8.97,16.6,23.98,10.46,1.15,8.39,38.01,1.48,8.14,0.95
80.83,113.23,9.04,16.65,24.06,10.55,1.21,8.87,34.37,1.57,9.39,0.97
109.82,105.67,15.06,19.71,33.18,10.53,1.33,8.84,35.03,1.56,8.24,1.48
97.2,108.77,21.79,20.69,40.86,10.47,1.26,8.82,46.2,1.47,7.94,1.22
129.67,103.49,18.62,22.42,39.3,10.33,1.39,7.62,49.16,1.79,10.55,2.19
103.44,99.88,21.74,21.93,42.02,10.43,1.22,10.39,53.34,1.48,10.55,1.65
60.76,98.54,6.32,13.38,17.95,10.44,0.91,7.1,69.54,1.11,5.88,0.67
65.95,107.3,3.32,10.53,12.46,10.46,0.82,7.15,43.44,1.08,5.04,1.14
41.17,118.12710293078135,9.13,8.3,17.43,23.48347601937197,0.59,8.95,28.2,0.13,0.92,0.09
21.64,118.12710293078135,6.62,7.53,14.15,23.48347601937197,1.05,7.03,8.83,0.11,0.62,0.11
30.92,118.12710293078135,6.72,9.64,16.36,23.48347601937197,0.66,8.62,9.4,0.09,0.61,0.1
14.36,118.12710293078135,5.8,7.94,13.74,23.48347601937197,1.32,8.28,15.34,0.14,0.94,0.1
20.6,118.12710293078135,15.03,15.87,30.9,23.48347601937197,8.83,6.15,9.17,0.36,2.77,0.37
16.93,118.12710293078135,7.2,12.04,19.24,23.48347601937197,8.34,5.98,8.35,0.21,1.84,0.19
21.67,118.12710293078135,7.51,10.55,18.06,23.48347601937197,7.72,6.37,7.72,0.25,1.61,0.18
10.64,118.12710293078135,7.4,8.5,15.9,23.48347601937197,6.46,6.25,6.46,0.12,0.81,0.11
10.24,118.12710293078135,7.58,8.01,15.59,23.48347601937197,6.08,6.15,6.08,0.1,0.68,0.09
6.01,118.12710293078135,7.4,7.35,14.74,23.48347601937197,7.25,6.7,7.25,0.08,0.56,0.06
4.83,118.12710293078135,3.84,7.3,11.14,23.48347601937197,5.32,5.05,7.0,0.08,0.57,0.08
116.03,197.89,12.2,58.2,12.48,26.16,0.15,37.31,56.42,0.04,0.99,0.65
96.21,162.27,10.97,57.6,13.18,36.67,0.0,25.88,45.66,0.06,1.2,0.53
115.47,212.64,11.78,55.94,13.1,30.92,0.0,55.61,51.68,0.08,1.87,1.46
108.41,166.25,10.43,49.01,11.51,26.15,0.0,16.8,43.54,0.06,0.94,0.08
78.69,112.82,7.65,20.04,3.38,11.43,0.06,2.02,84.66,0.2,0.87,0.07
25.23,76.9,4.53,26.6,32.30912333307031,16.96,0.45,8.44,112.46,0.0,0.0,3.0701278234985114
80.91,132.15,20.64,57.12,32.30912333307031,87.01,0.27,7.13,1.33,0.0,0.63,3.0701278234985114
112.8,167.67,12.03,47.37,35.86,64.8,0.29,8.64,0.24,0.0,0.58,3.0701278234985114
89.21,137.5,12.21,50.37,37.68,67.66,0.31,8.54,0.87,0.0,0.76,3.0701278234985114
101.04,148.16,15.94,32.03,31.06,56.05,0.3,17.57,1.75,0.0,0.57,3.0701278234985114
99.52,163.82,14.68,18.55,27.22,38.2,0.31,8.68,2.18,0.0,0.65,3.0701278234985114
108.16,185.03,17.1,21.24,33.94,43.96,0.58,11.28,6.46,0.0,0.69,3.0701278234985114
105.56,203.48,18.42,22.34,40.95,42.12,0.8,9.12,24.99,0.04,0.84,3.0701278234985114
104.08,177.3,31.78,25.56,66.35,35.78,0.83,10.99,29.4,0.11,0.63,3.0701278234985114
79.51,183.07,29.19,15.79,90.36,24.51,0.91,7.49,30.87,0.16,1.4,3.0701278234985114
87.06,199.42,24.83,49.67,72.9,31.18,0.68,8.08,51.28,4.9,9.08,3.0701278234985114
98.97,209.76,8.81,35.33,37.33,32.79,0.6,9.22,66.34,3.15,8.58,3.0701278234985114
75.56,185.42,7.61,29.65,31.03,23.48,0.62,15.18,74.41,4.54,9.54,3.0701278234985114
133.05,242.1,17.01,22.99,34.68,27.17,0.78,14.82,37.96,3.63,7.01,3.0701278234985114
126.59,220.78,18.92,26.3,39.87,28.19,0.65,9.82,49.77,3.85,8.04,3.0701278234985114
71.63,164.83,15.55,30.26,46.75,26.41,0.52,6.54,31.04,3.27,9.57,3.0701278234985114
121.26,241.74,31.07,36.99,60.91,30.4,1.02,8.3,60.92,5.46,12.42,3.0701278234985114
124.18,233.76,15.9,26.0,38.37,23.22,0.9,8.39,113.08,5.51,13.81,3.0701278234985114
96.68,191.48,30.54,25.3,47.29,28.25,1.25,8.38,74.38,6.97,15.89,3.0701278234985114
88.72,179.77,32.02,33.57,66.65,36.73,0.94,9.91,42.78,6.28,18.15,3.0701278234985114
110.96,199.97,37.92,52.65,48.24,31.9,0.98,6.4,81.74,4.62,14.63,3.0701278234985114
109.77,191.69,100.51,60.14,90.2,53.7,1.16,5.88,43.61,7.0,18.51,3.0701278234985114
75.66,149.72,56.51,65.02,112.11,51.83,0.73,6.15,44.14,4.23,17.2,3.0701278234985114
107.35,208.45,7.6,34.61,28.03,26.11,0.64,5.85,118.39,2.73,14.16,3.0701278234985114
104.86,179.0,32.94,32.01,41.78,20.93,0.65,3.2,100.07,2.97,14.36,3.0701278234985114
102.63,184.37,51.23,64.42,90.88,30.81,0.89,3.97,89.91,4.35,17.96,3.0701278234985114
122.13,235.07,53.88,84.94,92.25,35.99,1.19,4.2,58.88,8.13,25.61,3.0701278234985114
97.73,206.93,45.38,62.27,80.23,31.34,1.35,4.19,59.78,8.12,25.26,3.0701278234985114
95.4,202.82,56.12,64.47,107.75,44.81,1.34,5.87,57.94,8.67,22.89,3.0701278234985114
124.91,245.62,32.53,81.3,93.27,52.68,1.0,5.28,83.0,6.84,20.08,3.0701278234985114
119.13,245.38,26.3,72.86,85.19,47.41,0.98,6.1,98.66,6.66,24.82,3.0701278234985114
173.72,221.93,37.51,64.07,94.28,48.5,1.15,4.92,83.03,6.54,24.29,3.0701278234985114
102.37,176.02,2.44,22.1,21.08,15.28,0.48,6.3,81.71,1.95,4.45,3.0701278234985114
152.82,189.76,2.46,25.8,25.35,17.67,0.64,10.65,62.68,2.02,1.88,3.0701278234985114
90.89,143.58,2.39,25.34,25.1,17.21,0.55,10.75,54.05,2.16,1.4,3.0701278234985114
247.89,220.31,2.52,25.3,26.36,20.74,0.81,10.38,72.81,2.75,0.59,3.0701278234985114
70.12,124.92,2.88,27.79,23.93,19.01,0.53,7.17,55.8,1.74,2.3,3.0701278234985114
112.71,208.73,57.13,94.41,102.15,23.57,0.13,11.85,37.61,6.89,8.79,3.0701278234985114
120.58,224.97,38.44,117.03,101.31,35.65,0.31,10.92,35.21,8.43,14.11,3.0701278234985114
102.04,198.49,80.68,103.82,125.28,37.39,0.0,7.73,54.08,7.46,15.11,3.0701278234985114
116.2,226.64,57.83,108.17,107.63,34.77,0.0,8.99,51.65,8.95,21.26,3.0701278234985114
106.23,223.61,38.97,95.01,98.2,25.21,0.0,10.28,64.74,5.68,11.84,3.0701278234985114
98.1,176.81,27.9,85.5,76.07,22.96,0.0,8.25,119.81,2.4,8.57,3.0701278234985114
101.06,171.25,30.36,70.26,68.91,21.93,0.0,7.7,87.04,3.34,5.59,3.0701278234985114
119.08,196.77,18.38,62.8,64.01,24.0,0.0,8.55,66.54,5.94,9.08,3.0701278234985114
136.16,170.11,18.1,42.43,44.14,34.5,0.0,9.56,90.16,2.23,2.51,3.0701278234985114
89.75,154.46,7.3,27.2,29.58,20.59,0.0,10.63,78.4,2.3,1.26,3.0701278234985114
154.11,179.15,53.78,52.75,18.38,49.34,0.0,9.15,45.58,5.93,5.8,3.0701278234985114
102.64,173.48,25.97,37.42,31.67,7.12,0.0,7.65,38.57,7.7,11.64,3.0701278234985114
82.33,178.65,9.33,43.34,30.68,23.53,0.0,9.85,48.42,4.87,4.52,3.0701278234985114
89.98,206.62,16.88,43.11,30.26,27.08,0.0,12.7,48.92,3.84,5.3,3.0701278234985114
106.38,246.82,53.83,84.12,55.09,43.26,0.0,12.06,28.61,7.8,13.34,3.0701278234985114
80.07,184.38,32.78,70.61,45.46,34.61,0.0,12.22,34.35,5.61,7.31,3.0701278234985114
95.36,188.25,20.53,70.75,51.15,24.31,0.0,10.3,33.02,7.01,14.72,3.0701278234985114
94.76,201.64,41.21,85.95,73.06,34.2,0.0,14.62,42.16,6.07,15.98,3.0701278234985114
88.44,192.72,44.32,102.56,74.17,33.45,0.0,19.33,43.99,4.64,10.51,3.0701278234985114
105.77,225.04,79.4,81.74,95.22,59.68,0.0,15.6,30.72,4.92,19.86,3.0701278234985114
94.69,171.49,7.76,17.15,31.71,29.4,0.0,12.27,70.72,1.39,0.91,3.0701278234985114
95.31,165.34,43.3,47.69,57.18,38.66,0.5,10.99,43.38,2.2,4.1,3.0701278234985114
99.61,255.39,38.71,42.64,67.01,35.15,1.36,17.4,40.81,2.69,7.15,3.0701278234985114
69.6,194.82,29.36,34.65,50.6,23.28,1.18,13.34,50.29,1.66,1.99,3.0701278234985114
130.52,125.18,15.71,21.3,26.28,19.11,1.1,17.89,54.31,1.08,2.57,3.0701278234985114
53.61,133.57,16.79,25.11,31.33,18.18,0.89,12.54,69.47,1.01,2.53,3.0701278234985114
77.44,153.69,10.81,14.99,17.21,12.94,0.48,11.92,102.21,0.6,1.37,3.0701278234985114
107.82,195.09,34.5,44.05,78.06,19.8,1.65,14.71,38.36,1.89,25.16,3.0701278234985114
103.08,206.35,16.87,39.2,55.76,22.7,0.71,9.36,60.49,0.68,21.63,3.0701278234985114
105.11,191.24,33.99,60.04,86.83,35.53,1.55,10.72,38.47,1.66,4.07,3.0701278234985114
116.61,218.51,36.02,48.54,77.43,44.82,1.43,10.53,39.8,2.06,5.17,3.0701278234985114
79.58,283.19,11.43,38.54,42.25,25.2,0.85,9.92,45.52,0.3,10.92,3.0701278234985114
96.38,295.96,12.76,29.69,39.54,20.09,0.96,7.31,90.6,0.66,10.51,3.0701278234985114
83.35,266.9,7.27,24.54,27.02,11.79,1.77,10.47,70.44,1.03,7.12,3.0701278234985114
78.39,202.16,8.56,27.49,30.82,9.0,2.1,10.55,56.62,0.89,5.64,3.0701278234985114
69.06,219.89,8.63,19.95,23.85,12.8,0.61,10.85,52.37,0.36,1.36,3.0701278234985114
79.41,225.77,7.9,12.82,18.46,14.82,0.74,9.03,70.1,0.69,1.55,3.0701278234985114
83.02,256.32,8.39,19.03,23.36,16.57,0.81,8.28,35.54,0.93,2.36,3.0701278234985114
84.79,361.08,15.57,18.75,24.92,22.76,0.56,9.3,38.38,0.24,2.24,3.0701278234985114
92.4,324.0,10.17,15.67,22.25,20.29,0.4,6.74,47.67,0.29,2.04,3.0701278234985114
70.52,216.17,9.22,19.28,24.29,24.1,0.54,9.06,50.32,0.34,2.39,3.0701278234985114
92.86,172.78,19.73,56.12,63.9,28.68,1.63,11.43,59.07,1.84,1.68,3.0701278234985114
80.37,168.18,22.04,54.2,62.39,24.58,1.62,11.32,48.61,2.12,3.21,3.0701278234985114
60.99,192.07,17.36,50.16,59.68,22.85,1.43,9.62,102.73,2.03,3.04,3.0701278234985114
106.88,228.55,33.54,29.13,53.74,14.73,1.96,27.32,41.57,1.96,1.98,3.0701278234985114
108.86,256.31,62.22,34.38,87.8,21.6,2.74,14.94,41.49,2.89,2.16,3.0701278234985114
99.02,243.42,50.0,44.37,82.3,17.78,2.65,12.17,43.69,3.15,2.19,3.0701278234985114
73.57,193.07,83.87,64.22,118.02,19.49,2.46,11.52,21.63,3.14,6.63,3.0701278234985114
87.76,180.6,15.07,60.76,64.28,17.31,1.4,10.46,41.94,1.56,2.25,3.0701278234985114
72.61,144.07,8.89,41.72,39.46,11.04,0.99,12.48,73.92,1.35,7.87,3.0701278234985114
92.15,193.58,74.39,41.7,99.17,23.81,1.71,11.59,32.84,2.77,11.24,3.0701278234985114
86.29,188.66,96.56,52.17,130.73,21.22,1.95,11.88,28.96,3.07,9.77,3.0701278234985114
110.36,192.65,89.82,46.93,131.34,22.31,2.17,10.81,30.54,3.49,10.54,3.0701278234985114
65.08,142.72,25.48,44.77,61.55,18.88,1.18,9.44,41.4,1.58,8.65,3.0701278234985114
96.51,160.86,60.48,37.01,80.07,21.47,1.24,16.97,26.57,2.11,8.91,3.0701278234985114
87.99,150.5,42.03,40.43,68.26,21.78,1.32,19.57,27.74,1.76,6.04,3.0701278234985114
90.45,175.54,52.53,45.19,84.93,28.43,1.92,12.89,26.59,2.4,7.51,3.0701278234985114
98.76,173.96,60.72,38.6,92.12,29.55,1.63,13.73,32.67,2.23,8.89,3.0701278234985114
135.19,184.89,67.39,44.47,105.68,33.27,2.0,14.5,28.89,3.24,10.17,3.0701278234985114
113.17,212.37,70.73,47.56,103.19,30.17,1.84,16.89,36.04,2.97,11.38,3.0701278234985114
98.19,167.25,26.38,45.85,56.9,24.2,1.12,19.49,30.52,1.7,7.58,3.0701278234985114
65.04,140.16,18.83,38.01,44.36,21.58,1.06,22.65,37.85,1.63,7.68,3.0701278234985114
93.52,204.21,29.64,24.58,54.21,33.43,1.66,18.23,34.68,2.83,12.09,3.0701278234985114
72.04,368.18,12.45,26.9,31.91,21.96,0.97,13.88,72.74,0.7,4.68,3.0701278234985114
92.16,249.34,13.19,24.98,32.23,23.1,0.7,9.94,42.76,0.38,3.83,3.0701278234985114
72.52,263.62,9.32,23.53,28.2,21.5,0.71,11.87,65.43,0.37,3.98,3.0701278234985114
67.16,142.43,20.4,61.32,68.66,62.9,0.96,16.04,45.68,4.05,12.42,3.0701278234985114
90.16,177.57,7.93,36.65,36.27,36.09,0.93,12.85,45.06,2.36,6.83,3.0701278234985114
83.04,144.05,5.47,35.61,33.51,37.13,0.77,10.93,62.47,1.92,8.47,3.0701278234985114
92.89,171.8,5.68,41.03,37.62,35.26,0.96,10.18,70.64,2.59,10.37,3.0701278234985114
127.34,213.07,8.79,50.46,49.62,53.67,1.22,14.53,64.0,3.65,12.16,3.0701278234985114
131.2,229.9,6.03,44.48,42.32,52.68,1.1,10.81,68.85,3.96,13.23,3.0701278234985114
72.25,136.96,11.23,34.85,37.29,27.58,0.81,12.16,47.29,3.57,7.85,3.0701278234985114
67.45057794890306,312.48,8.22,12.64,32.30912333307031,23.48347601937197,0.31,52.54,24.6,3.280840304500585,8.700972080037227,3.0701278234985114
67.45057794890306,261.1,8.02,11.34,32.30912333307031,23.48347601937197,0.32,70.8,24.12,3.280840304500585,8.700972080037227,3.0701278234985114
67.45057794890306,279.45,13.59,12.92,32.30912333307031,6.99,0.3,79.37,27.15,3.280840304500585,8.700972080037227,3.0701278234985114
67.45057794890306,295.04,9.72,12.83,32.30912333307031,6.88,0.31,55.08,20.76,3.280840304500585,8.700972080037227,3.0701278234985114
67.45057794890306,237.11,10.14,12.43,32.30912333307031,7.03,0.35,96.93,16.64,3.280840304500585,8.700972080037227,3.0701278234985114
67.45057794890306,225.9,10.89,11.8,32.30912333307031,6.99,0.33,95.57,15.67,3.280840304500585,8.700972080037227,3.0701278234985114
67.45057794890306,315.27,10.25,10.93,32.30912333307031,6.96,0.3,87.95,15.69,3.280840304500585,8.700972080037227,3.0701278234985114
67.45057794890306,211.45,8.97,9.38,32.30912333307031,6.95,0.3,49.97,16.24,3.280840304500585,8.700972080037227,3.0701278234985114
67.45057794890306,273.86,9.54,10.26,32.30912333307031,6.99,0.26,54.32,17.2,3.280840304500585,8.700972080037227,3.0701278234985114
67.45057794890306,99.2,9.34,9.42,32.30912333307031,7.04,0.26,47.19,165.48,3.280840304500585,8.700972080037227,3.0701278234985114
67.45057794890306,255.57,12.79,12.41,32.30912333307031,6.8,0.3,125.48,22.65,3.280840304500585,8.700972080037227,3.0701278234985114
67.45057794890306,361.07,15.75,12.83,32.30912333307031,6.98,0.38,145.88,24.94,3.280840304500585,8.700972080037227,3.0701278234985114
67.45057794890306,301.27,9.63,10.69,32.30912333307031,6.82,0.33,125.55,21.34,3.280840304500585,8.700972080037227,3.0701278234985114
67.45057794890306,85.73,7.31,7.68,32.30912333307031,6.56,0.65,63.24,102.19,3.280840304500585,8.700972080037227,3.0701278234985114
67.45057794890306,305.39,7.09,7.45,32.30912333307031,6.54,0.0,14.53197725590996,22.61,3.280840304500585,8.700972080037227,3.0701278234985114
67.45057794890306,342.4,7.13,7.69,32.30912333307031,6.53,0.0,14.53197725590996,21.55,3.280840304500585,8.700972080037227,3.0701278234985114
67.45057794890306,315.84,7.02,7.52,32.30912333307031,6.54,0.0,14.53197725590996,24.05,3.280840304500585,8.700972080037227,3.0701278234985114
67.45057794890306,310.64,6.56,7.69,32.30912333307031,6.44,0.0,14.53197725590996,17.34,3.280840304500585,8.700972080037227,3.0701278234985114
67.45057794890306,286.64,6.79,7.28,32.30912333307031,6.55,0.0,14.53197725590996,35.78,3.280840304500585,8.700972080037227,3.0701278234985114
67.45057794890306,293.44,7.13,7.18,32.30912333307031,6.61,0.0,14.53197725590996,26.8,3.280840304500585,8.700972080037227,3.0701278234985114
67.45057794890306,283.64,7.23,6.95,32.30912333307031,6.61,0.0,14.53197725590996,30.43,3.280840304500585,8.700972080037227,3.0701278234985114
67.45057794890306,222.86,6.92,6.97,32.30912333307031,6.58,0.0,14.53197725590996,29.82,3.280840304500585,8.700972080037227,3.0701278234985114
67.45057794890306,292.8,6.97,7.12,32.30912333307031,6.57,0.0,14.53197725590996,27.09,3.280840304500585,8.700972080037227,3.0701278234985114
67.45057794890306,262.56,6.99,6.95,32.30912333307031,6.6,0.0,14.53197725590996,31.32,3.280840304500585,8.700972080037227,3.0701278234985114
67.45057794890306,258.84,6.87,7.19,32.30912333307031,6.68,0.0,14.53197725590996,29.8,3.280840304500585,8.700972080037227,3.0701278234985114
67.45057794890306,299.21,6.86,7.42,32.30912333307031,6.6,0.0,14.53197725590996,31.37,3.280840304500585,8.700972080037227,3.0701278234985114
67.45057794890306,267.77,7.28,7.27,32.30912333307031,6.64,0.0,14.53197725590996,22.19,3.280840304500585,8.700972080037227,3.0701278234985114
67.45057794890306,254.9,7.09,7.19,32.30912333307031,6.59,0.0,14.53197725590996,25.82,3.280840304500585,8.700972080037227,3.0701278234985114
67.45057794890306,278.32,7.14,7.21,32.30912333307031,6.65,0.0,14.53197725590996,23.14,3.280840304500585,8.700972080037227,3.0701278234985114
67.45057794890306,295.6,7.69,7.27,32.30912333307031,6.63,0.0,14.53197725590996,30.67,3.280840304500585,8.700972080037227,3.0701278234985114
67.45057794890306,300.9,7.91,6.98,32.30912333307031,6.71,0.0,14.53197725590996,11.88,3.280840304500585,8.700972080037227,3.0701278234985114
67.45057794890306,338.4,7.98,7.22,32.30912333307031,6.72,0.0,14.53197725590996,13.32,3.280840304500585,8.700972080037227,3.0701278234985114
67.45057794890306,314.2,7.71,7.43,32.30912333307031,6.66,0.0,14.53197725590996,18.83,3.280840304500585,8.700972080037227,3.0701278234985114
67.45057794890306,365.35,7.44,7.1,32.30912333307031,6.7,0.0,14.53197725590996,26.92,3.280840304500585,8.700972080037227,3.0701278234985114
67.45057794890306,336.19,6.99,6.91,32.30912333307031,6.67,0.0,14.53197725590996,21.73,3.280840304500585,8.700972080037227,3.0701278234985114
67.45057794890306,322.36,6.92,7.16,32.30912333307031,6.56,0.0,87.14,23.21,3.280840304500585,8.700972080037227,3.0701278234985114
67.45057794890306,397.89,6.98,7.46,32.30912333307031,6.63,0.0,73.35,19.47,3.280840304500585,8.700972080037227,3.0701278234985114
67.45057794890306,389.15,7.32,7.43,32.30912333307031,6.64,0.0,55.6,24.87,3.280840304500585,8.700972080037227,3.0701278234985114
67.45057794890306,410.45,7.15,6.88,32.30912333307031,6.66,0.0,71.8,98.28,3.280840304500585,8.700972080037227,3.0701278234985114
67.45057794890306,343.44,7.12,7.31,32.30912333307031,6.67,2.2485982090856145,76.67,15.25,3.280840304500585,8.700972080037227,3.0701278234985114
67.45057794890306,266.98,6.75,7.4,32.30912333307031,6.61,2.2485982090856145,49.26,9.67,3.280840304500585,8.700972080037227,3.0701278234985114
67.45057794890306,296.7,6.96,7.08,32.30912333307031,6.71,2.2485982090856145,51.28,20.19,3.280840304500585,8.700972080037227,3.0701278234985114
67.45057794890306,357.16,7.21,7.88,32.30912333307031,6.67,2.2485982090856145,121.29,22.13,3.280840304500585,8.700972080037227,3.0701278234985114
67.45057794890306,362.09,7.05,7.34,32.30912333307031,6.72,2.2485982090856145,66.35,16.12,3.280840304500585,8.700972080037227,3.0701278234985114
217.13,278.74,9.85,10.9,32.30912333307031,6.27,0.0,63.8,117.3,3.280840304500585,8.700972080037227,3.0701278234985114
140.03,200.64,10.29,10.91,32.30912333307031,6.3,2.2485982090856145,53.83,31.68,3.280840304500585,8.700972080037227,3.0701278234985114
97.48,156.89,9.72,10.82,32.30912333307031,6.23,2.2485982090856145,49.13,117.83,3.280840304500585,8.700972080037227,3.0701278234985114
105.12,175.15,10.03,10.57,32.30912333307031,6.37,2.2485982090856145,53.84,55.36,3.280840304500585,8.700972080037227,3.0701278234985114
120.37,199.94,9.99,10.67,32.30912333307031,6.37,2.2485982090856145,75.24,40.67,3.280840304500585,8.700972080037227,3.0701278234985114
115.44,204.44,9.92,10.38,32.30912333307031,6.27,2.2485982090856145,68.45,90.95,3.280840304500585,8.700972080037227,3.0701278234985114
126.81,222.39,9.82,10.65,32.30912333307031,6.3,2.2485982090856145,77.2,43.08,3.280840304500585,8.700972080037227,3.0701278234985114
113.6,218.59,10.16,10.63,32.30912333307031,6.35,2.2485982090856145,73.2,51.84,3.280840304500585,8.700972080037227,3.0701278234985114
121.03,218.6,9.51,10.31,32.30912333307031,6.29,0.0,87.95,42.44,3.280840304500585,8.700972080037227,3.0701278234985114
101.74,191.07,9.54,10.19,32.30912333307031,6.35,0.0,104.06,30.29,3.280840304500585,8.700972080037227,3.0701278234985114
104.28,180.63,9.44,10.23,32.30912333307031,6.34,2.2485982090856145,68.96,16.73,3.280840304500585,8.700972080037227,3.0701278234985114
74.06,113.37,9.67,10.02,32.30912333307031,6.32,2.2485982090856145,41.02,32.81,3.280840304500585,8.700972080037227,3.0701278234985114
128.32,234.17,10.15,10.35,32.30912333307031,6.33,2.2485982090856145,84.29,29.38,3.280840304500585,8.700972080037227,3.0701278234985114
91.4,184.04,9.58,10.27,32.30912333307031,6.34,2.2485982090856145,82.05,14.27,3.280840304500585,8.700972080037227,3.0701278234985114
100.41,203.47,9.73,10.08,32.30912333307031,6.39,0.0,100.81,14.29,3.280840304500585,8.700972080037227,3.0701278234985114
96.46,181.49,9.56,9.96,32.30912333307031,6.33,2.2485982090856145,95.05,16.01,3.280840304500585,8.700972080037227,3.0701278234985114
99.72,174.35,9.13,9.98,32.30912333307031,6.33,2.2485982090856145,94.12,17.84,3.280840304500585,8.700972080037227,3.0701278234985114
96.14,189.46,9.51,10.13,32.30912333307031,6.31,2.2485982090856145,87.35,15.47,3.280840304500585,8.700972080037227,3.0701278234985114
120.88,243.09,9.59,10.31,32.30912333307031,6.29,2.2485982090856145,145.94,14.8,3.280840304500585,8.700972080037227,3.0701278234985114
120.88,211.96,9.6,10.56,32.30912333307031,6.28,2.2485982090856145,130.0,16.21,3.280840304500585,8.700972080037227,3.0701278234985114
64.5,116.84,9.27,10.22,32.30912333307031,6.26,2.2485982090856145,14.53197725590996,26.43,3.280840304500585,8.700972080037227,3.0701278234985114
108.85,188.76,9.41,10.27,32.30912333307031,6.29,0.0,94.98,15.23,3.280840304500585,8.700972080037227,3.0701278234985114
101.31,184.48,9.61,10.08,32.30912333307031,6.34,0.0,68.06,16.05,3.280840304500585,8.700972080037227,3.0701278234985114
90.96,162.28,9.2,9.86,32.30912333307031,6.31,0.0,10.98,14.95,3.280840304500585,8.700972080037227,3.0701278234985114
91.77,184.17,9.6,10.13,32.30912333307031,6.28,0.0,14.53197725590996,21.46,3.280840304500585,8.700972080037227,3.0701278234985114
117.15,231.32,10.04,10.03,32.30912333307031,6.31,0.0,14.53197725590996,20.79,3.280840304500585,8.700972080037227,3.0701278234985114
74.2,138.7,9.3,9.59,32.30912333307031,6.32,0.0,14.53197725590996,71.76,3.280840304500585,8.700972080037227,3.0701278234985114
48.98,86.86,9.64,9.49,32.30912333307031,6.35,0.0,8.2,120.56,3.280840304500585,8.700972080037227,3.0701278234985114
85.43,159.49,9.34,9.72,32.30912333307031,6.32,0.0,13.16,19.92,3.280840304500585,8.700972080037227,3.0701278234985114
113.48,228.18,10.07,9.94,32.30912333307031,6.38,0.0,16.12,18.35,3.280840304500585,8.700972080037227,3.0701278234985114
69.31,129.63,9.16,10.02,32.30912333307031,6.33,0.0,7.95,23.27,3.280840304500585,8.700972080037227,3.0701278234985114
79.9,255.49,8.95,9.42,32.30912333307031,6.27,2.2485982090856145,7.75,132.95,3.280840304500585,8.700972080037227,3.0701278234985114
67.45057794890306,71.57,7.68,7.72,32.30912333307031,6.54,1.66,7.69,149.33,3.280840304500585,8.700972080037227,3.0701278234985114
50.2,65.3,8.75,9.16,32.30912333307031,6.29,2.2485982090856145,5.27,130.43,3.280840304500585,8.700972080037227,3.0701278234985114
82.13,115.11,8.81,9.66,32.30912333307031,6.28,2.2485982090856145,6.06,94.89,3.280840304500585,8.700972080037227,3.0701278234985114
90.81,168.74,8.74,9.31,32.30912333307031,6.33,2.2485982090856145,22.07,59.11,3.280840304500585,8.700972080037227,3.0701278234985114
95.43,176.42,8.75,9.45,32.30912333307031,6.29,2.2485982090856145,27.3,66.81,3.280840304500585,8.700972080037227,3.0701278234985114
100.62,183.67,9.09,9.72,32.30912333307031,6.31,2.2485982090856145,30.17,54.08,3.280840304500585,8.700972080037227,3.0701278234985114
150.71,205.88,8.78,9.51,32.30912333307031,6.27,2.2485982090856145,28.52,49.86,3.280840304500585,8.700972080037227,3.0701278234985114
141.93,230.44,8.96,9.81,32.30912333307031,6.32,2.2485982090856145,29.1,65.72,3.280840304500585,8.700972080037227,3.0701278234985114
101.64,207.3,8.49,9.42,32.30912333307031,6.31,2.2485982090856145,26.13,58.13,3.280840304500585,8.700972080037227,3.0701278234985114
86.49,188.06,8.61,8.98,32.30912333307031,6.32,2.2485982090856145,26.89,47.32,3.280840304500585,8.700972080037227,3.0701278234985114
91.95,185.9,8.66,9.45,32.30912333307031,6.29,2.2485982090856145,27.46,61.97,3.280840304500585,8.700972080037227,3.0701278234985114
97.29,200.99,9.08,9.7,32.30912333307031,6.35,2.2485982090856145,31.83,43.36,3.280840304500585,8.700972080037227,3.0701278234985114
97.86,249.96,9.31,9.52,32.30912333307031,6.38,2.2485982090856145,25.48,21.29,3.280840304500585,8.700972080037227,3.0701278234985114
104.32,241.05,8.5,9.32,32.30912333307031,6.34,2.2485982090856145,34.57,28.96,3.280840304500585,8.700972080037227,3.0701278234985114
91.18,211.02,8.58,9.5,32.30912333307031,6.36,2.2485982090856145,37.91,65.31,3.280840304500585,8.700972080037227,3.0701278234985114
96.83,220.76,8.68,9.42,32.30912333307031,6.39,2.2485982090856145,29.06,30.85,3.280840304500585,8.700972080037227,3.0701278234985114
105.64,233.43,8.59,9.53,32.30912333307031,6.35,2.2485982090856145,31.05,74.7,3.280840304500585,8.700972080037227,3.0701278234985114
114.61,245.4,8.54,9.57,32.30912333307031,6.35,2.2485982090856145,37.55,75.4,3.280840304500585,8.700972080037227,3.0701278234985114
140.04,256.39,8.57,9.66,32.30912333307031,6.35,2.2485982090856145,36.83,58.09,3.280840304500585,8.700972080037227,3.0701278234985114
96.73,182.45,8.5,9.53,32.30912333307031,6.34,2.2485982090856145,25.75,42.72,3.280840304500585,8.700972080037227,3.0701278234985114
79.29,169.59,8.6,8.89,32.30912333307031,6.39,2.2485982090856145,29.42,48.0,3.280840304500585,8.700972080037227,3.0701278234985114
93.46,297.5,8.6,9.47,32.30912333307031,6.38,2.2485982090856145,26.14,45.6,3.280840304500585,8.700972080037227,3.0701278234985114
84.61,264.4,8.51,9.48,32.30912333307031,6.41,2.2485982090856145,29.38,33.35,3.280840304500585,8.700972080037227,3.0701278234985114
74.47,240.28,8.51,9.31,32.30912333307031,6.43,2.2485982090856145,23.93,41.89,3.280840304500585,8.700972080037227,3.0701278234985114
79.43,178.65,10.53,9.49,32.30912333307031,6.44,2.2485982090856145,23.2,48.02,3.280840304500585,8.700972080037227,3.0701278234985114
84.12,263.8,8.96,9.42,32.30912333307031,6.47,2.2485982090856145,31.24,73.05,3.280840304500585,8.700972080037227,3.0701278234985114
66.1,179.78,8.8,8.87,32.30912333307031,6.5,2.2485982090856145,29.7,156.05,3.280840304500585,8.700972080037227,3.0701278234985114
47.62,129.94,8.64,8.49,32.30912333307031,6.49,2.2485982090856145,23.44,125.94,3.280840304500585,8.700972080037227,3.0701278234985114
72.55,288.08,8.95,9.42,32.30912333307031,6.43,2.2485982090856145,42.93,54.33,3.280840304500585,8.700972080037227,3.0701278234985114
75.36,269.38,8.72,9.05,32.30912333307031,6.45,2.2485982090856145,29.71,52.86,3.280840304500585,8.700972080037227,3.0701278234985114
77.89,215.07,7.69,6.2,32.30912333307031,6.76,2.2485982090856145,28.56,42.15,3.280840304500585,8.700972080037227,3.0701278234985114
82.96,151.91,24.29,11.93,32.30912333307031,8.34,2.2485982090856145,22.22,38.16,3.280840304500585,8.700972080037227,3.0701278234985114
86.25,263.41,24.3,11.62,32.30912333307031,8.91,2.2485982090856145,29.16,30.43,3.280840304500585,8.700972080037227,3.0701278234985114
85.23,178.91,22.62,9.83,32.30912333307031,9.24,2.2485982090856145,30.97,53.2,3.280840304500585,8.700972080037227,3.0701278234985114
99.05,303.64,23.51,10.93,32.30912333307031,8.66,2.2485982090856145,43.92,41.44,3.280840304500585,8.700972080037227,3.0701278234985114
117.17,292.12,24.13,11.44,32.30912333307031,8.88,2.2485982090856145,41.98,126.98,3.280840304500585,8.700972080037227,3.0701278234985114
94.88,245.78,24.5,11.6,32.30912333307031,9.34,2.2485982090856145,43.59,77.15,3.280840304500585,8.700972080037227,3.0701278234985114
101.24,202.98,24.5,11.19,32.30912333307031,8.98,2.2485982090856145,31.13,59.73,3.280840304500585,8.700972080037227,3.0701278234985114
97.24,197.27,24.83,10.2,32.30912333307031,9.39,2.2485982090856145,40.11,38.66,3.280840304500585,8.700972080037227,3.0701278234985114
96.88,185.34,25.65,10.71,32.30912333307031,9.32,2.2485982090856145,37.23,36.73,3.280840304500585,8.700972080037227,3.0701278234985114
97.87,276.26,24.4,10.33,32.30912333307031,9.08,2.2485982090856145,38.72,39.38,3.280840304500585,8.700972080037227,3.0701278234985114
49.33,97.73,23.96,10.68,32.30912333307031,8.81,1.2,28.17,127.98,3.280840304500585,8.700972080037227,3.0701278234985114
23.9,155.42,25.4,11.24,32.30912333307031,9.11,0.53,23.8,142.2,3.280840304500585,8.700972080037227,3.0701278234985114
67.45057794890306,69.49,24.39,10.17,32.30912333307031,9.22,2.14,19.47,111.93,3.280840304500585,8.700972080037227,3.0701278234985114
67.45057794890306,73.41,23.88,11.32,32.30912333307031,8.77,1.73,25.84,87.92,3.280840304500585,8.700972080037227,3.0701278234985114
143.85,201.76,48.81,26.94,52.08,2.88,1.57,23.25,15.5,3.280840304500585,0.0,3.0701278234985114
21.07,31.87,270.09,6.36,218.54,7.0,0.8,23.47,1.42,3.280840304500585,0.0,3.0701278234985114
99.65,161.16,78.93,51.44,127.37,14.98,2.75,5.52,29.99,8.62,10.83,3.0701278234985114
101.69,161.62,94.74,49.66,144.4,11.16,3.04,9.67,30.2,10.14,10.78,3.0701278234985114
102.72,169.29,92.72,61.66,152.52,13.55,2.75,8.21,38.19,5.4,7.46,3.0701278234985114
100.26,152.59,93.02,50.1,130.12,9.38,2.07,10.67,33.6,4.83,8.7,3.0701278234985114
97.88,151.9,57.8,47.26,103.51,9.82,1.7,7.2,33.48,4.88,10.87,3.0701278234985114
101.08,155.61,79.6,67.04,146.25,14.11,1.76,11.16,31.51,5.08,8.73,3.0701278234985114
107.64,173.2,92.07,82.33,171.65,15.53,2.04,10.1,36.96,5.94,9.13,3.0701278234985114
100.85,164.83,30.44,83.39,113.83,18.14,1.59,12.96,30.75,5.7,8.67,3.0701278234985114
91.93,150.75,121.46,78.92,168.54,14.0,1.49,8.4,35.76,5.42,8.45,3.0701278234985114
123.38,203.94,149.44,87.93,236.88,17.84,1.9,11.68,32.06,13.52,12.2,3.0701278234985114
106.58,165.18,127.22,70.18,196.43,19.28,1.68,6.92,30.92,7.05,12.76,3.0701278234985114
83.47,140.86,57.37,59.14,115.96,21.67,1.23,7.87,36.02,5.08,10.35,3.0701278234985114
143.84,262.32,104.26,41.08,138.99,56.28,1.45,17.98,24.66,9.57,18.71,3.0701278234985114
131.5,237.02,33.2,82.9,116.07,47.97,1.61,17.05,57.08,8.3,22.28,3.0701278234985114
130.82,217.97,56.77,76.65,130.46,42.28,1.42,9.88,56.14,15.37,25.21,3.0701278234985114
99.56,175.44,83.37,56.48,138.81,38.8,1.01,6.29,32.22,17.22,22.71,3.0701278234985114
98.39,161.2,103.73,51.04,154.33,39.93,1.05,6.56,28.56,18.93,29.55,3.0701278234985114
105.53,176.31,134.88,42.3,176.65,45.72,1.19,7.1,26.44,21.6,31.81,3.0701278234985114
116.97,218.42,85.43,63.38,146.49,44.97,1.09,10.51,30.05,21.92,31.33,3.0701278234985114
130.09,225.36,30.36,66.2,96.56,40.07,0.76,15.1,43.76,10.91,17.38,3.0701278234985114
133.61,228.39,28.85,75.68,104.53,38.0,0.71,19.18,39.71,10.36,15.62,3.0701278234985114
121.38,219.86,22.3,65.61,87.91,35.79,0.6,18.46,40.94,7.24,11.74,3.0701278234985114
116.95,187.51,9.02,54.68,63.69,41.99,0.6,10.33,29.16,5.47,10.55,3.0701278234985114
122.11,198.5,91.72,65.74,154.02,39.93,0.84,10.48,31.29,8.19,17.41,3.0701278234985114
126.08,203.17,39.14,88.24,127.36,30.14,0.77,11.32,26.47,2.26,2.46,3.0701278234985114
112.94,188.34,23.6,91.61,115.22,28.35,0.72,16.05,20.07,1.28,1.16,3.0701278234985114
112.49,180.14,17.94,78.76,96.7,26.23,0.68,13.26,21.45,0.76,0.92,3.0701278234985114
97.05,175.72,33.82,83.43,113.39,23.96,0.75,11.3,29.48,0.59,0.9,3.0701278234985114
103.58,181.31,37.98,95.34,120.43,21.48,0.76,16.51,27.14,0.42,0.72,3.0701278234985114
153.89,270.09,90.12,94.2,168.14,22.98,1.34,17.51,27.95,0.74,0.58,3.0701278234985114
113.11,167.61,3.03,50.87,53.9,34.76,0.79,11.0,46.31,1.81,5.22,3.0701278234985114
125.98,212.8,62.07,110.25,161.49,29.97,1.02,15.6,30.7,3.31,6.95,3.0701278234985114
130.91,254.19,78.61,120.07,182.41,32.89,1.34,23.16,32.22,3.6,8.39,3.0701278234985114
96.52,160.84,19.6,86.76,106.35,48.23,0.85,13.68,33.05,1.59,4.66,3.0701278234985114
113.34,183.53,43.93,103.33,144.71,48.66,1.0,12.89,37.06,2.93,8.69,3.0701278234985114
152.16,245.83,68.47,115.61,170.14,56.64,1.15,17.81,36.19,5.63,11.24,3.0701278234985114
95.73,159.86,19.29,68.68,87.32,55.99,0.91,12.49,33.69,2.2,6.98,3.0701278234985114
157.09,272.5,65.58,108.51,168.78,54.45,1.26,20.43,32.41,4.96,9.94,3.0701278234985114
94.94,158.75,17.21,78.13,93.64,50.78,0.83,25.43,25.74,2.41,6.58,3.0701278234985114
106.79,193.57,38.4,96.13,116.67,60.9,1.1,16.1,31.98,4.21,10.16,3.0701278234985114
114.95,221.88,33.15,81.62,107.33,64.72,0.86,13.3,41.71,5.11,9.27,3.0701278234985114
81.45,131.38,7.75,78.12,85.86,46.3,0.79,8.47,27.38,3.33,6.57,3.0701278234985114
114.86,202.87,81.89,118.46,184.71,53.32,1.45,16.2,32.47,14.5,19.06,3.0701278234985114
97.47,170.15,5.3,71.62,76.91,43.07,0.89,9.85,26.06,7.94,11.99,3.0701278234985114
89.06,167.12,31.13,74.58,105.76,41.93,1.0,11.84,32.06,7.48,17.79,3.0701278234985114
88.46,155.33,9.15,85.21,94.18,29.01,0.83,13.91,37.35,7.65,10.35,3.0701278234985114
100.22,210.26,62.22,110.56,171.26,35.33,1.04,16.5,39.48,14.46,18.89,3.0701278234985114
82.49,174.78,4.46,51.51,55.92,29.64,0.63,7.53,44.18,4.73,8.94,3.0701278234985114
129.59,180.39,10.55,30.93,41.48,13.41,0.57,11.25,30.33,16.07,27.94,2.07
120.12,177.4,18.92,36.38,55.32,12.98,0.74,9.68,27.19,18.62,30.77,2.52
102.54,171.02,25.42,40.53,65.82,14.44,0.93,8.75,30.65,22.83,35.16,3.27
106.31,200.92,32.12,50.3,82.35,17.03,1.22,8.71,35.61,25.03,37.09,4.56
101.59,211.21,49.12,54.98,104.08,17.99,1.33,9.44,40.02,21.35,30.9,5.29
118.34,221.56,34.21,56.85,88.37,16.67,1.39,11.49,42.73,20.65,31.27,4.4
141.21,244.81,15.85,52.13,67.98,18.07,1.3,9.59,49.62,8.93,14.28,2.72
88.07,180.18,24.96,56.32,81.19,19.12,0.95,11.24,41.41,25.94,37.94,3.85
93.94,204.82,61.28,61.02,117.62,29.31,1.37,12.42,36.07,25.66,49.78,6.41
91.89,178.88,67.3,53.58,119.98,27.14,1.31,13.74,34.36,29.2,54.82,4.76
106.34,203.72,75.24,62.51,131.48,24.74,1.55,14.33,36.15,26.26,45.72,5.58
94.08,208.28,61.33,63.25,123.02,27.35,1.38,13.49,41.82,34.12,52.12,6.12
93.97,195.42,99.92,67.53,162.54,30.5,1.57,11.74,39.23,32.3,45.24,6.59
90.03,183.8,51.29,57.15,105.16,31.22,1.14,11.62,42.51,29.77,42.25,4.94
110.7,222.67,54.7,69.34,123.61,31.07,1.36,18.3,41.56,30.02,44.8,5.23
132.43,258.0,75.4,66.27,139.23,30.21,1.45,11.68,39.64,32.78,50.04,5.71
117.23,233.93,70.09,63.55,127.99,28.58,1.52,9.97,42.48,26.91,36.68,4.87
117.32,229.43,98.2,65.19,145.73,29.69,1.93,7.12,35.96,38.16,44.74,6.56
114.92,232.5,63.4,55.04,115.33,27.83,1.47,8.3,41.27,33.49,43.63,5.91
74.28,156.41,45.84,47.44,92.95,24.42,1.13,8.09,35.04,35.92,44.37,5.88
83.26,170.19,74.96,50.73,120.73,25.1,1.48,9.25,33.83,34.55,44.62,7.85
107.68,224.99,96.3,54.42,142.7,25.16,1.83,14.33,32.56,39.26,53.86,9.44
92.93,192.04,80.54,44.48,121.36,22.43,1.36,9.74,33.74,34.29,49.48,5.99
95.06,202.55,70.95,56.41,120.88,28.27,1.22,12.92,36.38,31.55,42.19,5.27
101.36,203.24,56.03,53.02,105.46,29.08,1.22,15.09,36.22,30.29,43.2,5.07
85.69,173.56,34.51,50.15,84.09,26.58,1.06,13.24,35.88,30.27,38.15,3.36
76.4,163.09,69.99,53.73,121.73,29.94,1.13,16.61,25.83,28.49,40.12,5.14
121.48,228.18,37.12,51.04,88.08,22.81,1.29,14.43,41.67,36.25,44.0,3.46
96.64,186.46,25.75,41.49,67.17,23.7,0.96,11.96,39.54,27.38,36.39,2.68
121.14,248.22,46.48,54.57,101.01,27.78,1.38,13.41,32.14,33.28,45.32,2.95
109.38,220.65,17.01,45.09,62.02,24.24,1.29,8.08,28.06,28.35,36.79,1.49
120.65,234.99,13.73,48.48,62.12,26.28,1.19,10.05,37.72,25.93,33.59,1.58
123.92,262.53,49.47,56.67,96.2,29.43,1.75,13.56,34.37,34.25,42.39,2.67
104.65,231.11,97.36,69.8,165.9,31.69,2.09,11.59,33.36,46.36,56.84,4.49
107.72,217.34,44.27,54.49,98.47,28.97,1.56,11.57,26.93,29.76,37.45,2.97
118.6,212.65,12.86,42.52,55.28,24.3,1.44,16.25,28.33,32.13,39.63,1.86
95.05,177.8,21.78,46.23,67.98,25.24,1.22,16.33,34.9,28.37,34.72,1.84
114.01,220.29,60.36,54.24,103.29,30.36,1.59,18.39,27.94,36.97,43.82,3.05
128.67,235.51,88.57,64.68,143.92,34.42,2.04,18.82,26.28,36.66,48.76,5.43
128.62,247.05,84.98,64.93,149.92,34.09,2.09,19.89,26.8,41.65,55.06,5.08
114.73,220.19,43.1,55.96,98.99,31.09,1.62,18.57,25.11,36.16,43.23,3.63
54.29,100.05,19.14,36.5,55.61,30.4,0.84,12.35,14.97,26.75,32.95,2.27
94.41,179.61,85.61,47.39,132.87,31.25,1.66,12.34,24.44,34.21,41.75,4.56
101.15,197.16,24.72,43.52,68.32,27.7,1.24,14.61,32.44,29.55,36.6,2.73
107.83,220.72,61.19,46.0,107.26,30.95,1.2,12.53,30.36,40.68,50.93,4.17
146.7,269.95,159.22,79.75,214.54,35.36,2.15,15.48,31.08,56.76,70.23,8.79
111.02,211.36,109.92,67.76,171.93,35.51,1.48,13.02,34.49,44.01,47.53,6.08
82.65,167.5,78.57,64.95,140.68,27.53,1.22,17.28,31.83,31.32,46.49,3.82
102.79,200.55,88.75,70.22,149.82,27.56,1.14,13.87,38.81,33.93,46.14,4.94
118.1,211.3,28.64,59.79,88.68,20.97,1.04,14.76,35.86,31.03,38.97,3.75
84.27,164.39,50.67,58.79,109.03,21.23,0.93,15.39,38.16,29.23,35.12,3.42
106.39,197.16,86.73,67.07,146.25,25.26,1.21,13.82,44.09,33.39,39.34,5.06
107.8,216.85,60.88,68.55,123.03,26.97,1.23,12.15,40.5,22.26,28.74,3.44
115.41,221.71,45.17,62.58,100.08,28.54,0.96,14.29,50.09,24.36,28.49,3.15
101.36,203.72,46.16,67.53,113.86,27.79,0.95,27.0,47.61,22.97,32.33,3.43
110.11,225.37,18.23,59.59,77.9,21.25,0.91,19.06,16.94,23.64,26.37,2.41
89.17,174.34,22.96,52.41,75.49,20.03,0.77,13.76,36.55,19.44,21.84,1.63
106.37,210.54,98.81,76.36,162.32,24.81,1.23,14.93,42.54,25.11,38.79,4.45
101.11,203.59,126.15,85.22,192.55,26.78,1.44,14.79,44.09,28.41,44.07,4.94
99.03,204.3,76.98,79.66,148.11,25.53,1.11,13.39,40.69,25.61,36.32,4.31
106.87,217.18,79.9,80.75,153.8,33.36,1.12,19.36,44.77,28.03,34.51,5.62
100.15,211.64,59.42,71.03,126.21,33.1,0.97,15.38,45.41,13.42,22.79,3.96
101.37,207.97,48.81,70.05,118.95,33.49,0.96,13.14,45.61,13.41,23.0,3.94
92.52,190.61,32.88,54.74,88.24,35.44,0.82,12.79,44.8,11.52,20.69,3.02
84.06,157.66,14.88,42.4,56.58,39.24,0.53,29.47,44.52,8.42,14.1,1.6
107.24,208.66,49.64,66.31,115.93,28.94,1.0,15.01,48.21,16.41,29.85,3.98
94.78,189.57,33.97,53.2,86.54,30.88,0.78,11.4,39.25,11.44,17.9,2.95
106.36,205.48,52.73,59.18,111.64,36.52,0.97,12.99,26.89,14.8,21.77,3.65
82.03,136.88,24.71,53.5,78.26,35.78,0.75,8.34,16.49,13.44,21.46,2.75
97.45,183.82,45.4,54.31,99.7,27.63,1.09,14.25,41.92,11.31,18.57,3.5
86.38,149.16,19.93,45.5,65.46,22.38,0.83,15.41,61.26,10.84,18.66,2.66
77.49,118.12710293078135,2.32,11.71,4.22,23.48347601937197,2.93,15.39,43.72,2.71,2.49,3.0701278234985114
78.15,118.12710293078135,7.2,11.42,6.24,23.48347601937197,2.99,11.68,41.26,2.14,1.95,3.0701278234985114
52.4,118.12710293078135,2.04,11.27,4.13,23.48347601937197,3.33,10.6,42.61,1.75,1.61,3.0701278234985114
97.19,118.12710293078135,1.0,14.6,2.21,23.48347601937197,3.3,9.43,54.35,0.09,0.18,3.0701278234985114
95.8,118.12710293078135,1.84,13.26,3.48,23.48347601937197,3.9,9.41,56.31,0.09,0.18,3.0701278234985114
38.13,118.12710293078135,1.71,8.89,3.78,23.48347601937197,11.69,10.35,56.98,0.11,0.21,3.0701278234985114
18.85,118.12710293078135,2.31,8.53,4.22,23.48347601937197,7.36,13.94,26.08,0.14,0.27,3.0701278234985114
37.85,118.12710293078135,9.59,8.59,4.98,23.48347601937197,6.37,10.0,26.84,0.1,0.2,3.0701278234985114
68.23,118.12710293078135,4.89,9.36,4.3,23.48347601937197,2.47,8.66,11.04,0.14,0.2,3.0701278234985114
47.21,118.12710293078135,1.41,8.34,2.21,23.48347601937197,5.68,2.26,36.79,0.2,0.14,3.0701278234985114
47.78,118.12710293078135,1.2,9.97,2.21,23.48347601937197,18.45,2.72,40.12,0.25,0.16,3.0701278234985114
60.88,118.12710293078135,15.66,14.19,4.66,23.48347601937197,3.44,3.67,36.79,0.33,0.22,3.0701278234985114
57.76,118.12710293078135,9.86,24.06,4.22,23.48347601937197,18.63,7.64,45.53,5.89,5.84,3.0701278234985114
82.39,118.12710293078135,3.09,3.77,4.22,23.48347601937197,7.73,6.83,46.97,0.39,0.31,3.0701278234985114
112.56,118.12710293078135,4.97,3.45,3.77,23.48347601937197,1.61,2.73,52.04,3.280840304500585,8.700972080037227,3.0701278234985114
133.81,118.12710293078135,3.01,4.48,3.16,23.48347601937197,1.59,3.49,71.97,3.280840304500585,8.700972080037227,3.0701278234985114
133.94,118.12710293078135,2.55,7.6,4.22,23.48347601937197,2.51,3.81,67.42,3.77,3.26,3.0701278234985114
120.87,118.12710293078135,16.85,24.63,4.05,23.48347601937197,1.62,6.16,54.26,3.280840304500585,8.700972080037227,3.0701278234985114
143.47,118.12710293078135,22.4,32.0,4.22,23.48347601937197,2.85,9.47,45.57,3.280840304500585,8.700972080037227,3.0701278234985114
247.11,118.12710293078135,23.01,31.56,4.22,23.48347601937197,2.32,8.86,44.27,3.280840304500585,8.700972080037227,3.0701278234985114
60.54,118.12710293078135,9.9,63.58,5.06,23.48347601937197,1.86,3.76,20.36,3.280840304500585,8.700972080037227,3.0701278234985114
196.55,118.12710293078135,4.82,33.38,4.22,23.48347601937197,1.52,3.57,45.18,3.280840304500585,8.700972080037227,3.0701278234985114
130.02,118.12710293078135,31.42,9.73,4.22,23.48347601937197,2.56,4.85,53.82,0.43,1.33,3.0701278234985114
143.01,118.12710293078135,16.43,12.78,7.22,23.48347601937197,5.09,7.73,54.57,0.42,1.27,3.0701278234985114
120.45,118.12710293078135,3.05,12.88,2.38,23.48347601937197,2.31,6.93,51.24,45.09,45.09,3.0701278234985114
115.55,118.12710293078135,4.52,14.03,4.3,23.48347601937197,2.58,5.24,59.45,3.280840304500585,8.700972080037227,3.0701278234985114
105.53,118.12710293078135,5.16,16.33,4.22,23.48347601937197,1.27,4.95,54.73,1.46,1.33,3.0701278234985114
109.4,118.12710293078135,14.9,27.77,3.72,23.48347601937197,1.36,4.91,46.03,1.29,0.96,3.0701278234985114
86.47,118.12710293078135,3.75,41.05,2.21,23.48347601937197,1.09,3.53,46.49,0.82,0.31,3.0701278234985114
79.23,118.12710293078135,7.04,15.65,4.22,23.48347601937197,1.35,4.45,54.03,0.72,4.33,3.0701278234985114
106.54,118.12710293078135,6.35,12.33,4.22,23.48347601937197,1.22,5.24,73.34,0.55,3.01,3.0701278234985114
87.27,118.12710293078135,6.89,24.98,4.22,23.48347601937197,1.31,6.1,82.64,0.59,2.22,3.0701278234985114
110.24,118.12710293078135,5.17,46.44,4.22,23.48347601937197,1.45,6.24,75.53,0.93,2.86,3.0701278234985114
85.74,118.12710293078135,6.04,39.66,5.75,23.48347601937197,1.28,5.13,47.69,0.47,2.24,3.0701278234985114
89.05,118.12710293078135,11.94,24.13,4.22,23.48347601937197,3.21,6.68,46.87,0.32,2.17,3.0701278234985114
84.62,118.12710293078135,38.05,35.94,4.22,23.48347601937197,1.44,7.85,92.24,1.56,3.28,3.0701278234985114
97.75,118.12710293078135,12.76,49.13,4.39,23.48347601937197,1.57,7.96,95.29,0.91,3.39,3.0701278234985114
73.09,118.12710293078135,15.45,51.44,4.22,23.48347601937197,1.53,8.07,78.65,0.77,1.82,3.0701278234985114
117.04,118.12710293078135,20.91,57.12,4.22,23.48347601937197,1.48,7.63,50.74,0.27,0.53,3.0701278234985114
99.19,118.12710293078135,12.07,46.52,4.53,23.48347601937197,1.49,7.84,59.81,0.29,0.28,3.0701278234985114
82.81,118.12710293078135,14.48,54.52,13.68,23.48347601937197,1.47,8.56,49.26,0.3,0.21,3.0701278234985114
103.59,118.12710293078135,5.84,52.17,4.56,23.48347601937197,1.17,8.8,68.46,0.83,0.27,3.0701278234985114
111.2,118.12710293078135,8.08,53.1,4.22,23.48347601937197,1.31,5.2,69.38,0.26,0.16,3.0701278234985114
119.16,118.12710293078135,9.45,49.47,4.22,23.48347601937197,1.36,6.84,78.2,0.35,0.37,3.0701278234985114
110.04,118.12710293078135,6.11,49.29,4.14,23.48347601937197,1.35,5.24,83.56,1.3,2.03,3.0701278234985114
109.97,118.12710293078135,10.17,64.66,4.14,23.48347601937197,1.38,5.86,64.14,1.34,5.09,3.0701278234985114
139.58,118.12710293078135,6.32,54.43,4.22,23.48347601937197,1.38,6.99,75.74,0.64,0.71,3.0701278234985114
105.97,118.12710293078135,21.5,74.75,4.14,23.48347601937197,1.99,5.6,52.02,2.42,3.43,3.0701278234985114
90.36,118.12710293078135,8.88,58.03,4.3,23.48347601937197,1.8,5.47,68.63,1.73,3.54,3.0701278234985114
98.82,118.12710293078135,3.8,42.45,4.22,23.48347601937197,1.33,6.2,73.3,0.79,0.67,3.0701278234985114
108.68,118.12710293078135,3.49,44.97,4.22,23.48347601937197,2.86,5.67,78.77,0.82,0.74,3.0701278234985114
73.52,118.12710293078135,3.76,46.08,4.22,23.48347601937197,1.36,4.32,94.18,1.34,0.96,3.0701278234985114
99.92,118.12710293078135,5.89,49.62,4.22,23.48347601937197,3.74,5.51,75.72,1.1,0.96,3.0701278234985114
86.41,118.12710293078135,17.98,84.12,9.56,23.48347601937197,1.61,4.59,74.05,2.34,2.36,3.0701278234985114
98.31,118.12710293078135,10.04,77.6,12.02,23.48347601937197,1.97,9.35,70.92,2.46,4.24,3.0701278234985114
95.0,118.12710293078135,9.63,76.07,4.22,23.48347601937197,1.52,9.31,59.39,3.86,5.05,3.0701278234985114
126.96,118.12710293078135,22.24,105.8,4.22,23.48347601937197,1.95,6.85,53.71,3.98,5.95,3.0701278234985114
101.39,118.12710293078135,5.08,74.63,4.22,23.48347601937197,1.51,8.97,80.96,1.89,4.37,3.0701278234985114
99.74,118.12710293078135,5.41,82.57,4.22,23.48347601937197,1.52,9.24,82.62,1.89,4.5,3.0701278234985114
94.7,118.12710293078135,6.45,44.48,4.22,23.48347601937197,1.36,6.08,42.27,1.53,3.0,3.0701278234985114
81.73,118.12710293078135,0.72,39.84,6.24,23.48347601937197,1.23,9.14,91.33,3.67,4.8,3.0701278234985114
118.85,118.12710293078135,9.83,46.4,4.22,23.48347601937197,1.68,7.31,42.15,2.62,1.15,3.0701278234985114
77.29,118.12710293078135,13.97,52.8,4.22,23.48347601937197,2.37,8.54,30.08,1.7,3.02,3.0701278234985114
138.37,118.12710293078135,9.84,27.15,3.72,23.48347601937197,1.55,6.91,37.68,2.09,2.03,3.0701278234985114
59.89,118.12710293078135,7.11,29.41,4.22,23.48347601937197,1.09,4.81,32.57,0.66,0.94,3.0701278234985114
151.3,118.12710293078135,5.61,37.76,5.82,23.48347601937197,1.12,4.28,12.49,0.3,0.87,3.0701278234985114
119.04,118.12710293078135,2.65,8.68,32.30912333307031,23.48347601937197,2.35,6.12,43.86,0.26,0.18,3.0701278234985114
192.52,118.12710293078135,20.39,31.96,32.30912333307031,23.48347601937197,2.27,7.5,23.4,0.47,0.15,3.0701278234985114
111.37,118.12710293078135,3.19,42.49,32.30912333307031,23.48347601937197,1.43,5.8,23.73,0.53,3.65,3.0701278234985114
108.06,118.12710293078135,6.33,57.39,32.30912333307031,23.48347601937197,1.63,6.88,33.27,1.16,2.66,3.0701278234985114
113.77,118.12710293078135,25.62,67.74,32.30912333307031,23.48347601937197,2.02,8.49,33.33,1.0,2.62,3.0701278234985114
85.04,118.12710293078135,25.84,52.25,6.24,23.48347601937197,1.74,7.3,24.0,1.08,3.01,3.0701278234985114
130.7,118.12710293078135,13.52,67.37,6.24,23.48347601937197,1.89,21.12,32.71,1.36,4.11,3.0701278234985114
152.95,118.12710293078135,89.05,65.56,6.24,23.48347601937197,2.51,9.66,16.92,1.72,3.97,3.0701278234985114
159.87,118.12710293078135,34.06,68.85,32.30912333307031,23.48347601937197,2.33,10.59,28.57,2.27,3.95,3.0701278234985114
116.66,118.12710293078135,38.08,69.78,6.24,23.48347601937197,3.22,2.98,49.91,2.26,5.56,3.0701278234985114
128.79,118.12710293078135,99.32,80.58,6.24,23.48347601937197,2.87,4.91,51.18,2.28,6.04,3.0701278234985114
154.3,118.12710293078135,48.75,35.61,32.30912333307031,23.48347601937197,1.9,8.11,21.68,4.05,8.92,3.0701278234985114
109.72,118.12710293078135,10.64,43.28,32.30912333307031,23.48347601937197,1.6,7.96,53.13,1.59,6.13,3.0701278234985114
143.2,118.12710293078135,14.65,50.02,32.30912333307031,23.48347601937197,1.82,9.34,58.58,1.78,7.54,3.0701278234985114
70.65,118.12710293078135,22.23,30.22,32.30912333307031,23.48347601937197,1.92,7.84,59.01,1.11,7.26,3.0701278234985114
116.04,118.12710293078135,26.36,36.55,32.30912333307031,23.48347601937197,1.96,9.07,36.78,2.15,7.24,3.0701278234985114
89.37,118.12710293078135,35.91,47.91,32.30912333307031,23.48347601937197,2.16,8.25,72.01,3.67,8.38,3.0701278234985114
108.07,118.12710293078135,16.63,44.83,32.30912333307031,23.48347601937197,1.78,8.4,66.52,3.5,9.21,3.0701278234985114
88.79,118.12710293078135,8.14,17.18,32.30912333307031,23.48347601937197,1.54,5.07,93.16,2.38,4.8,3.0701278234985114
118.4,118.12710293078135,8.42,31.12,32.30912333307031,23.48347601937197,1.62,9.14,97.45,1.45,3.68,3.0701278234985114
112.25,118.12710293078135,9.36,31.71,32.30912333307031,23.48347601937197,1.67,7.84,102.19,1.4,4.71,3.0701278234985114
153.45,118.12710293078135,40.59,41.02,32.30912333307031,23.48347601937197,2.26,9.81,98.26,1.81,5.88,3.0701278234985114
102.52,118.12710293078135,9.2,27.71,32.30912333307031,23.48347601937197,1.49,6.72,104.83,2.84,6.88,3.0701278234985114
93.39,118.12710293078135,9.07,26.39,32.30912333307031,23.48347601937197,1.36,7.65,122.82,2.58,6.79,3.0701278234985114
81.25,118.12710293078135,8.78,25.61,32.30912333307031,23.48347601937197,1.29,9.07,134.37,2.59,7.35,3.0701278234985114
88.87,118.12710293078135,9.51,30.81,32.30912333307031,23.48347601937197,1.32,9.3,96.73,2.72,6.68,3.0701278234985114
94.81,118.12710293078135,9.74,30.64,32.30912333307031,23.48347601937197,1.38,9.08,64.91,2.68,8.47,3.0701278234985114
96.22,118.12710293078135,9.28,30.62,32.30912333307031,23.48347601937197,1.56,6.71,63.28,3.06,9.97,3.0701278234985114
116.96,118.12710293078135,12.73,40.06,32.30912333307031,23.48347601937197,1.68,6.76,60.93,2.94,11.64,3.0701278234985114
96.8,118.12710293078135,8.73,26.56,32.30912333307031,23.48347601937197,1.61,5.13,60.5,2.54,6.33,3.0701278234985114
89.16,118.12710293078135,9.63,29.14,32.30912333307031,23.48347601937197,1.43,6.16,63.27,2.02,4.8,3.0701278234985114
108.32,118.12710293078135,22.89,43.83,32.30912333307031,23.48347601937197,1.81,7.05,52.0,1.46,6.46,3.0701278234985114
51.28,118.12710293078135,8.28,23.45,32.30912333307031,23.48347601937197,1.47,4.03,54.51,1.14,3.08,3.0701278234985114
105.21,118.12710293078135,14.48,37.09,32.30912333307031,23.48347601937197,1.58,5.19,62.64,1.34,3.65,3.0701278234985114
79.46,118.12710293078135,16.86,32.9,32.30912333307031,23.48347601937197,6.05,5.09,66.67,1.21,3.42,3.0701278234985114
113.28,118.12710293078135,14.98,48.87,32.30912333307031,23.48347601937197,1.79,6.38,67.65,1.97,7.95,3.0701278234985114
106.88,118.12710293078135,11.73,41.73,32.30912333307031,23.48347601937197,1.44,6.5,57.34,4.12,9.04,3.0701278234985114
110.31,118.12710293078135,9.29,35.25,32.30912333307031,23.48347601937197,1.5,6.81,81.12,2.73,8.37,3.0701278234985114
96.39,118.12710293078135,8.61,31.85,32.30912333307031,23.48347601937197,1.25,9.46,79.85,2.68,6.45,3.0701278234985114
122.3,118.12710293078135,9.78,37.1,32.30912333307031,23.48347601937197,1.56,8.05,92.53,3.01,8.71,3.0701278234985114
133.84,118.12710293078135,13.31,40.63,32.30912333307031,23.48347601937197,1.43,7.6,71.47,2.93,9.49,3.0701278234985114
92.48,118.12710293078135,8.29,32.52,32.30912333307031,23.48347601937197,1.34,7.76,74.08,2.52,6.68,3.0701278234985114
88.72,118.12710293078135,12.76,39.43,32.30912333307031,23.48347601937197,2.56,7.73,71.64,2.79,8.39,3.0701278234985114
103.43,118.12710293078135,10.72,39.06,32.30912333307031,23.48347601937197,2.54,7.64,74.3,2.79,7.21,3.0701278234985114
107.18,118.12710293078135,8.45,27.98,32.30912333307031,23.48347601937197,1.77,5.73,93.6,2.28,6.28,3.0701278234985114
119.46,118.12710293078135,7.61,25.03,32.30912333307031,23.48347601937197,1.42,6.29,96.31,2.18,7.78,3.0701278234985114
102.6,118.12710293078135,7.74,25.85,32.30912333307031,23.48347601937197,1.34,8.2,119.65,3.83,7.22,3.0701278234985114
77.6,118.12710293078135,9.12,36.26,32.30912333307031,23.48347601937197,1.39,7.52,112.79,2.5,7.8,3.0701278234985114
70.96,118.12710293078135,8.79,41.23,32.30912333307031,23.48347601937197,1.54,8.71,109.3,2.69,11.79,3.0701278234985114
123.91,118.12710293078135,15.04,58.3,32.30912333307031,23.48347601937197,1.64,9.4,98.05,3.38,9.07,3.0701278234985114
80.27,118.12710293078135,8.98,29.7,32.30912333307031,23.48347601937197,1.44,7.97,118.79,2.36,5.39,3.0701278234985114
122.86,118.12710293078135,8.32,27.02,32.30912333307031,23.48347601937197,1.36,5.09,113.56,2.33,5.87,3.0701278234985114
79.89,118.12710293078135,10.22,13.74,32.30912333307031,23.48347601937197,1.33,4.23,107.34,2.2,5.62,3.0701278234985114
112.19,118.12710293078135,11.6,11.9,32.30912333307031,23.48347601937197,1.42,5.68,84.75,2.3,6.86,3.0701278234985114
122.7,118.12710293078135,9.11,22.56,32.30912333307031,23.48347601937197,2.13,4.16,69.35,1.51,3.78,3.0701278234985114
122.53,118.12710293078135,11.28,35.52,32.30912333307031,23.48347601937197,1.88,5.19,94.63,1.67,3.67,3.0701278234985114
143.97,118.12710293078135,8.65,38.64,32.30912333307031,23.48347601937197,2.4,6.33,97.46,1.46,3.8,3.0701278234985114
100.51,118.12710293078135,8.38,31.68,32.30912333307031,23.48347601937197,1.2,6.05,103.57,1.35,3.33,3.0701278234985114
124.07,118.12710293078135,18.11,57.45,32.30912333307031,23.48347601937197,1.64,7.71,96.8,2.0,5.18,3.0701278234985114
95.31,118.12710293078135,9.46,45.99,32.30912333307031,23.48347601937197,1.27,5.05,108.83,2.0,5.18,3.0701278234985114
113.81,118.12710293078135,25.75,59.07,32.30912333307031,23.48347601937197,1.97,6.03,96.07,2.0,5.18,3.0701278234985114
71.84,118.12710293078135,7.42,25.41,6.24,23.48347601937197,1.09,3.51,108.01,1.35,2.73,3.0701278234985114
99.51,118.12710293078135,7.38,38.81,6.24,23.48347601937197,1.33,3.7,70.2,2.91,4.82,3.0701278234985114
98.49,118.12710293078135,6.94,38.54,6.24,23.48347601937197,1.3,4.29,57.11,2.68,4.38,3.0701278234985114
117.21,118.12710293078135,9.86,24.15,6.24,23.48347601937197,4.29,4.79,7.59,2.24,3.33,3.0701278234985114
79.81,118.12710293078135,6.46,8.75,6.24,23.48347601937197,1.2,2.24,7.08,1.15,1.46,3.0701278234985114
143.66,118.12710293078135,9.48,34.67,6.24,23.48347601937197,1.27,3.59,13.5,2.38,3.66,3.0701278234985114
139.19,118.12710293078135,7.81,23.7,6.24,23.48347601937197,1.21,2.38,14.86,1.87,2.07,3.0701278234985114
65.4,118.12710293078135,5.64,7.83,6.24,23.48347601937197,1.6,4.69,60.87,0.54,0.51,3.0701278234985114
54.14,118.12710293078135,3.65,13.17,6.24,23.48347601937197,1.18,4.66,9.41,2.73,4.17,3.0701278234985114
99.83,118.12710293078135,5.37,18.44,6.24,23.48347601937197,4.39,4.58,35.01,3.08,3.71,3.0701278234985114
111.82,118.12710293078135,5.45,21.52,7.15,23.48347601937197,1.19,5.26,54.38,3.01,4.96,3.0701278234985114
144.61,118.12710293078135,9.21,40.14,12.7,23.48347601937197,1.57,4.21,33.68,2.98,5.0,3.0701278234985114
100.7,118.12710293078135,14.66,34.8,41.09,7.19,1.11,8.1,22.94,1.46,1.86,3.0701278234985114
140.41,118.12710293078135,32.53,62.28,46.9,6.28,1.0,5.6,21.43,2.25,2.6,3.0701278234985114
130.42,118.12710293078135,9.04,30.05,25.23,40.06,1.22,15.55,17.32,2.23,2.31,3.0701278234985114
136.84,118.12710293078135,39.08,61.21,62.96,17.79,0.87,10.32,45.65,0.54,2.08,3.0701278234985114
119.57,118.12710293078135,12.51,53.18,38.04,47.28,0.6,13.25,51.29,1.86,4.26,3.0701278234985114
150.31,118.12710293078135,15.04,56.93,42.28,50.09,1.05,10.49,37.52,1.93,1.7,3.0701278234985114
151.75,118.12710293078135,11.85,26.38,21.7,54.0,0.98,8.44,71.36,1.0,5.67,3.0701278234985114
169.06,118.12710293078135,10.91,36.42,27.34,53.47,0.81,12.08,42.86,0.49,0.8,3.0701278234985114
137.16,118.12710293078135,10.14,34.68,26.29,53.26,0.95,14.02,40.36,0.52,0.75,3.0701278234985114
123.17,118.12710293078135,18.07,38.79,34.48,51.39,1.12,13.01,32.64,0.86,1.04,3.0701278234985114
125.92,118.12710293078135,37.72,56.72,55.4,51.52,1.49,13.29,17.54,2.1,2.25,3.0701278234985114
124.69,118.12710293078135,12.11,37.19,29.17,63.55,1.09,12.54,22.29,0.68,1.14,3.0701278234985114
115.87,118.12710293078135,11.67,33.81,26.82,63.85,1.14,12.22,23.1,0.63,1.52,3.0701278234985114
120.76,118.12710293078135,12.45,24.51,20.07,57.59,0.65,10.56,25.01,0.23,0.13,3.0701278234985114
107.99,118.12710293078135,8.49,28.14,36.52,47.4,0.85,13.53,98.61,0.62,1.77,3.0701278234985114
114.94,118.12710293078135,10.86,26.97,34.48,45.88,0.78,12.12,94.98,0.52,0.33,3.0701278234985114
111.57,118.12710293078135,8.91,21.7,29.24,44.09,0.89,13.04,98.26,0.42,0.18,3.0701278234985114
94.86,118.12710293078135,10.91,20.46,28.02,44.07,0.68,12.7,88.2,0.22,0.13,3.0701278234985114
96.12,118.12710293078135,13.14,25.72,33.09,43.18,0.73,11.9,77.14,0.52,0.35,3.0701278234985114
141.46,118.12710293078135,8.84,21.47,27.32,44.73,0.63,12.26,61.54,0.17,0.08,3.0701278234985114
133.8,118.12710293078135,11.19,28.95,33.73,43.72,0.72,13.33,61.47,0.37,0.25,3.0701278234985114
140.81,118.12710293078135,13.76,33.39,41.19,42.61,0.73,15.73,40.57,0.73,0.5,3.0701278234985114
118.16,118.12710293078135,9.53,26.41,31.44,43.44,0.63,14.59,38.13,0.37,0.2,3.0701278234985114
133.03,118.12710293078135,10.28,28.51,32.65,43.47,0.69,18.02,30.69,0.36,0.23,3.0701278234985114
133.07,118.12710293078135,11.36,29.11,34.97,43.39,1.05,15.34,36.22,0.52,0.31,3.0701278234985114
102.13,118.12710293078135,15.6,31.03,36.52,44.14,0.68,15.46,34.42,0.52,0.35,3.0701278234985114
115.27,118.12710293078135,10.59,32.71,28.47,44.54,0.39,15.59,36.08,0.4,0.27,3.0701278234985114
84.82,118.12710293078135,10.09,33.09,29.87,37.1,0.3,13.7,38.68,0.28,0.19,3.0701278234985114
96.72,118.12710293078135,11.53,35.27,31.04,30.42,0.49,10.77,39.03,0.44,0.24,3.0701278234985114
115.04,118.12710293078135,28.28,56.86,50.38,30.25,0.58,13.27,24.86,1.58,1.27,3.0701278234985114
112.45,118.12710293078135,15.33,36.65,34.95,30.32,0.4,10.09,32.86,0.91,0.59,3.0701278234985114
101.79,118.12710293078135,9.55,28.72,26.68,30.3,0.34,10.34,46.94,0.27,0.12,3.0701278234985114
106.91,118.12710293078135,38.15,54.89,63.85,30.14,0.6,13.93,33.71,1.61,1.15,3.0701278234985114
130.56,118.12710293078135,28.96,42.21,52.1,30.1,0.43,13.36,37.69,1.34,0.99,3.0701278234985114
143.54,118.12710293078135,21.95,49.41,45.75,30.13,0.4,11.53,34.3,0.69,0.62,3.0701278234985114
54.5,118.12710293078135,12.88,47.7,30.89,30.15,0.28,10.29,37.38,0.0,0.0,3.0701278234985114
100.47,118.12710293078135,36.52,46.42,48.47,29.9,0.52,11.45,29.27,0.0,0.0,3.0701278234985114
158.72,118.12710293078135,37.18,82.93,64.6,30.06,0.54,12.52,29.04,0.0,0.0,3.0701278234985114
83.45,118.12710293078135,16.5,51.18,36.46,30.21,0.5,9.71,36.67,0.59,0.52,3.0701278234985114
120.71,118.12710293078135,21.96,59.62,51.87,30.22,0.43,12.56,36.52,0.0,0.0,3.0701278234985114
87.72,118.12710293078135,10.7,36.82,30.43,30.16,0.29,10.39,38.64,0.0,0.0,3.0701278234985114
116.85,118.12710293078135,42.73,59.83,62.57,30.22,0.51,11.88,25.02,0.0,0.0,3.0701278234985114
76.52,118.12710293078135,12.07,33.34,29.7,30.27,0.3,9.43,36.23,0.0,0.0,3.0701278234985114
127.39,118.12710293078135,60.82,75.06,80.39,30.07,0.6,14.96,39.88,0.0,0.0,3.0701278234985114
135.49,118.12710293078135,16.72,58.11,37.19,27.09,0.36,12.84,41.64,0.0,0.0,3.0701278234985114
90.87,118.12710293078135,19.83,54.16,28.77,23.0,0.37,10.43,42.34,0.0,0.0,3.0701278234985114
111.99,118.12710293078135,27.74,55.62,40.14,23.02,0.51,10.68,48.53,0.0,0.0,3.0701278234985114
106.67,118.12710293078135,23.44,49.09,28.47,23.05,0.33,8.27,52.12,0.0,0.0,3.0701278234985114
121.81,118.12710293078135,10.22,64.0,35.09,36.26,0.58,10.52,35.11,0.0,0.0,3.0701278234985114
112.66,118.12710293078135,9.8,52.96,30.8,36.16,0.57,11.03,39.78,0.0,0.0,3.0701278234985114
133.45,118.12710293078135,9.16,48.42,28.54,36.24,0.4,10.19,52.35,0.06,0.05,3.0701278234985114
107.17,118.12710293078135,11.44,48.21,27.68,36.15,0.6,10.76,39.26,0.0,0.0,3.0701278234985114
225.11,118.12710293078135,10.13,40.81,25.63,36.22,0.6,8.21,19.04,0.0,0.0,3.0701278234985114
102.37,118.12710293078135,11.88,31.65,32.67,36.22,0.5,8.63,36.92,0.0,0.0,3.0701278234985114
125.89,118.12710293078135,34.37,51.6,56.48,35.74,0.66,9.37,74.57,0.0,0.0,3.0701278234985114
125.34,118.12710293078135,9.0,41.14,31.7,34.31,0.53,7.56,49.39,0.0,0.0,3.0701278234985114
104.31,118.12710293078135,7.21,36.21,28.06,34.19,0.53,7.09,124.7,0.0,0.0,3.0701278234985114
92.65,118.12710293078135,6.01,33.23,22.9,34.27,0.35,7.03,135.66,0.0,0.0,3.0701278234985114
84.9,118.12710293078135,7.4,45.48,29.11,34.3,0.21,6.64,34.49143047551845,0.0,0.0,3.0701278234985114
117.76,118.12710293078135,4.28,29.4,22.07,34.29,0.58,7.28,9.83,0.0,0.0,3.0701278234985114
96.54,118.12710293078135,4.19,28.77,21.61,34.0,0.58,8.05,13.17,0.0,0.0,3.0701278234985114
124.13,118.12710293078135,8.67,28.86,22.02,40.93,1.11,9.1,14.06,1.09,1.86,3.0701278234985114
127.74,118.12710293078135,9.8,31.83,24.63,41.19,0.87,8.72,15.71,0.64,0.95,3.0701278234985114
107.2,118.12710293078135,9.48,37.4,26.64,41.24,0.93,11.23,21.68,1.07,1.24,3.0701278234985114
86.56,118.12710293078135,10.78,28.77,21.66,41.11,0.82,9.06,25.46,1.03,1.19,3.0701278234985114
140.01,118.12710293078135,9.97,27.02,21.0,39.46,0.84,7.89,30.78,0.48,1.1,3.0701278234985114
133.47,118.12710293078135,18.02,26.51,24.32,23.05,1.01,5.78,10.78,0.15,0.47,3.0701278234985114
92.95,118.12710293078135,19.71,27.86,25.92,24.06,0.81,6.1,12.7,0.21,0.39,3.0701278234985114
106.14,118.12710293078135,7.27,34.36,23.71,32.75,1.14,4.61,27.64,0.42,0.35,3.0701278234985114
104.4,118.12710293078135,10.28,35.35,22.99,37.12,1.17,4.99,35.07,0.23,0.41,3.0701278234985114
116.81,118.12710293078135,18.92,43.65,38.03,37.39,1.42,4.93,17.01,0.22,0.56,3.0701278234985114
97.28,118.12710293078135,15.53,40.02,33.49,37.65,1.04,5.1,20.68,0.2,0.41,3.0701278234985114
123.5,118.12710293078135,18.05,45.87,38.52,37.36,1.11,6.17,29.63,0.2,0.48,3.0701278234985114
133.77,118.12710293078135,12.53,42.11,31.8,37.01,0.95,5.93,29.79,0.69,0.4,3.0701278234985114
106.14,118.12710293078135,21.02,48.29,41.67,37.08,1.16,6.38,30.61,0.82,0.41,3.0701278234985114
89.92,118.12710293078135,10.32,40.53,29.3,37.53,1.04,6.41,37.14,0.45,0.4,3.0701278234985114
124.48,118.12710293078135,8.72,34.22,24.85,37.51,0.86,6.66,33.67,0.38,0.29,3.0701278234985114
114.24,118.12710293078135,7.96,31.93,22.91,37.62,0.85,7.08,33.75,0.31,0.25,3.0701278234985114
105.49,118.12710293078135,8.21,44.6,28.72,49.08,1.1,6.72,41.59,0.25,0.25,3.0701278234985114
121.24,118.12710293078135,16.77,50.16,39.62,49.25,1.26,7.0,32.5,0.28,0.36,3.0701278234985114
125.01,118.12710293078135,27.57,49.83,48.84,49.16,1.58,6.08,37.67,0.41,0.57,3.0701278234985114
123.98,118.12710293078135,23.5,51.55,46.77,49.25,1.31,4.73,28.91,0.41,0.54,3.0701278234985114
112.69,118.12710293078135,23.35,47.79,40.75,49.31,1.28,5.45,31.21,0.39,0.42,3.0701278234985114
116.62,118.12710293078135,15.52,54.88,42.75,49.22,1.3,5.22,30.31,0.4,0.48,3.0701278234985114
123.77,118.12710293078135,15.99,41.35,34.18,49.32,1.19,6.6,31.92,0.29,0.35,3.0701278234985114
129.95,118.12710293078135,10.34,53.21,35.55,49.3,1.15,10.34,30.71,0.26,0.44,3.0701278234985114
113.48,118.12710293078135,10.9,39.64,29.36,28.99,1.19,6.89,47.1,0.67,1.76,3.0701278234985114
110.37,118.12710293078135,13.23,30.61,25.77,34.97,1.98,7.51,42.7,0.16,0.59,3.0701278234985114
155.14,118.12710293078135,9.46,41.79,29.4,32.21,2.74,9.33,47.15,0.19,2.1,3.0701278234985114
153.5,118.12710293078135,30.49,59.19,54.6,58.91,1.5,9.07,26.0,1.08,1.15,3.0701278234985114
104.92,118.12710293078135,11.3,38.27,28.84,23.02,1.69,7.06,20.41,0.09,0.29,3.0701278234985114
103.65,118.12710293078135,10.98,39.05,28.82,28.27,1.74,6.9,22.84,0.09,0.33,3.0701278234985114
127.74,118.12710293078135,41.75,49.22,58.93,48.66,2.21,7.59,23.53,0.75,0.99,3.0701278234985114
91.92,118.12710293078135,27.44,34.94,40.1,35.87,1.06,7.8,21.14,0.05,0.62,3.0701278234985114
100.13,118.12710293078135,11.32,35.23,27.47,29.36,0.91,5.87,25.19,0.04,0.27,3.0701278234985114
113.44,118.12710293078135,8.26,35.21,25.04,27.3,0.92,6.76,30.25,0.03,0.29,3.0701278234985114
123.15,118.12710293078135,34.17,45.12,52.2,32.95,1.1,8.18,35.39,0.05,1.35,3.0701278234985114
117.88,118.12710293078135,55.18,42.98,66.82,48.76,1.45,9.77,19.5,0.07,0.43,3.0701278234985114
58.65,118.12710293078135,13.4,22.82,22.42,28.83,1.14,6.41,15.62,0.03,0.17,3.0701278234985114
98.43,118.12710293078135,10.66,28.08,21.36,27.88,1.0,7.05,27.44,0.06,0.11,3.0701278234985114
103.41,118.12710293078135,11.53,28.06,20.76,28.24,1.05,7.75,30.81,0.07,0.13,3.0701278234985114
130.59,118.12710293078135,30.56,39.6,43.25,36.93,0.96,8.53,24.29,0.05,0.09,3.0701278234985114
133.58,118.12710293078135,6.42,36.58,23.33,25.71,1.13,6.89,19.64,0.07,0.15,3.0701278234985114
173.33,118.12710293078135,35.74,57.52,58.32,38.6,1.25,8.62,19.34,0.07,0.35,3.0701278234985114
70.36,118.12710293078135,7.24,33.02,23.15,30.06,1.01,7.33,14.14,0.05,0.25,3.0701278234985114
81.51,118.12710293078135,7.51,27.17,22.39,27.48,0.75,6.73,26.11,0.07,0.1,3.0701278234985114
129.67,118.12710293078135,38.2,60.47,64.09,45.36,1.38,10.07,25.59,0.06,0.37,3.0701278234985114
119.84,118.12710293078135,31.16,45.19,48.2,50.89,1.28,7.62,25.7,0.35,1.19,3.0701278234985114
102.76,118.12710293078135,32.56,51.08,52.14,55.23,1.16,8.61,20.83,0.11,1.18,3.0701278234985114
135.37,118.12710293078135,17.09,38.45,33.72,42.76,1.07,7.48,27.55,0.14,0.98,3.0701278234985114
105.19,118.12710293078135,6.3,54.95,32.18,15.82,1.33,7.86,34.13,0.17,0.37,3.0701278234985114
150.97,118.12710293078135,12.13,58.75,40.0,7.06,1.6,9.54,29.87,0.24,1.46,3.0701278234985114
95.72,118.12710293078135,6.74,25.97,21.91,33.83,1.32,8.17,22.58,0.25,1.26,3.0701278234985114
94.8,118.12710293078135,8.24,30.31,26.53,24.4,1.1,9.53,27.63,0.34,1.47,3.0701278234985114
107.74,118.12710293078135,16.81,34.56,37.61,9.25,1.29,8.87,35.45,0.46,4.53,3.0701278234985114
134.05,118.12710293078135,10.09,40.62,34.04,12.66,1.2,9.7,28.26,0.47,7.2,3.0701278234985114
95.73,118.12710293078135,8.29,39.4,34.44,13.67,1.01,10.92,24.54,0.28,1.61,3.0701278234985114
114.03,118.12710293078135,14.21,51.18,44.46,14.53,1.59,11.57,33.53,0.36,1.73,3.0701278234985114
119.49,118.12710293078135,9.55,50.69,39.86,22.07,1.25,12.22,37.18,0.34,2.59,3.0701278234985114
95.71,118.12710293078135,7.89,48.46,37.06,12.2,1.14,12.57,37.47,0.38,2.24,3.0701278234985114
111.27,118.12710293078135,9.58,44.45,34.49,15.68,1.63,11.09,33.1,0.3,1.88,3.0701278234985114
77.39,118.12710293078135,5.23,38.8,27.92,12.61,1.0,9.74,39.39,1.33,19.15,3.0701278234985114
107.51,118.12710293078135,5.67,29.06,24.64,9.31,1.19,11.73,44.76,1.69,17.94,3.0701278234985114
99.81,118.12710293078135,4.76,31.67,24.73,10.09,1.29,11.56,44.18,0.79,10.08,3.0701278234985114
110.71,118.12710293078135,10.26,49.06,38.24,12.74,2.04,10.38,40.83,0.32,3.53,3.0701278234985114
114.58,118.12710293078135,6.94,34.14,28.14,9.44,1.51,8.01,44.33,0.31,1.5,3.0701278234985114
77.36,118.12710293078135,8.44,39.58,26.67,3.63,1.12,8.7,29.4,1.1,7.96,3.0701278234985114
109.08,118.12710293078135,14.37,54.82,39.57,5.37,1.37,10.35,34.49,1.48,4.43,3.0701278234985114
86.06,118.12710293078135,12.99,105.89,59.62,24.74,1.29,8.89,35.92,0.52,2.28,3.0701278234985114
107.33,118.12710293078135,8.68,106.43,45.79,23.48347601937197,1.5,9.21,38.18,1.17,3.08,3.0701278234985114
136.13,118.12710293078135,11.21,55.58,35.46,3.7,1.97,10.67,44.11,1.36,4.77,3.0701278234985114
109.96,118.12710293078135,9.08,31.29,23.68,27.33,1.6,8.04,33.79,0.82,2.16,3.0701278234985114
129.92,118.12710293078135,10.18,37.55,26.89,19.2,1.87,8.25,34.46,0.3,1.94,3.0701278234985114
96.67,118.12710293078135,6.79,43.17,27.87,16.57,1.14,7.44,37.47,0.22,1.62,3.0701278234985114
107.92,118.12710293078135,8.42,36.21,25.53,16.8,1.48,7.82,46.26,0.22,0.79,3.0701278234985114
140.88,118.12710293078135,10.15,49.29,33.57,17.93,1.62,9.92,46.37,0.25,1.14,3.0701278234985114
86.39,118.12710293078135,6.84,36.59,24.4,18.62,1.24,7.71,46.65,0.26,1.1,3.0701278234985114
121.98,118.12710293078135,9.95,38.49,28.16,18.28,1.54,10.23,47.59,0.27,1.06,3.0701278234985114
126.11,118.12710293078135,10.79,38.0,27.8,19.53,1.45,10.62,37.25,0.24,1.48,3.0701278234985114
148.62,118.12710293078135,6.07,22.33,16.51,9.63,0.88,8.43,39.02,0.19,0.88,3.0701278234985114
145.0,118.12710293078135,6.15,21.97,16.1,8.16,0.96,8.2,38.15,0.29,1.42,3.0701278234985114
138.55,118.12710293078135,7.66,30.78,22.21,10.49,1.33,8.28,37.53,0.29,1.51,3.0701278234985114
151.26,118.12710293078135,19.24,50.61,41.53,27.55,1.7,11.83,44.06,0.44,1.76,3.0701278234985114
93.19,118.12710293078135,7.11,29.42,20.91,15.3,1.31,7.74,34.24,0.44,1.15,3.0701278234985114
91.98,118.12710293078135,7.76,25.98,19.78,21.82,1.15,7.77,39.75,1.46,132.47,3.0701278234985114
82.16,118.12710293078135,7.72,32.83,23.28,16.54,1.61,9.18,31.5,1.18,88.46,3.0701278234985114
86.79,118.12710293078135,7.1,18.63,12.29,13.91,1.26,6.56,42.82,0.47,6.92,3.0701278234985114
90.35,118.12710293078135,9.41,22.26,17.16,20.24,1.47,8.52,38.63,0.77,2.98,3.0701278234985114
86.09,118.12710293078135,10.39,26.58,15.67,28.01,1.67,6.61,40.29,0.79,3.1,3.0701278234985114
111.94,118.12710293078135,9.28,26.13,19.33,27.99,1.24,5.95,40.37,0.9,3.12,3.0701278234985114
92.22,118.12710293078135,7.37,23.99,18.52,28.0,0.92,4.23,50.75,0.87,2.98,3.0701278234985114
102.45,118.12710293078135,7.91,20.87,17.23,28.0,0.9,5.1,50.88,0.86,2.84,3.0701278234985114
75.84,118.12710293078135,6.55,20.54,18.87,29.99,0.93,3.64,34.76,0.63,3.3,3.0701278234985114
115.06,118.12710293078135,5.7,23.81,20.24,29.98,0.84,6.06,50.72,0.7,5.38,3.0701278234985114
82.08,118.12710293078135,6.51,25.72,19.69,27.14,1.04,4.48,35.87,0.8,4.04,3.0701278234985114
108.96,118.12710293078135,14.11,26.17,25.04,15.11,1.23,4.7,33.39,1.85,9.01,3.0701278234985114
87.76,118.12710293078135,13.05,21.59,21.73,14.03,1.17,4.72,42.98,0.77,2.67,3.0701278234985114
92.1,118.12710293078135,20.04,35.65,34.97,38.21,1.1,5.75,35.88,3.13,15.69,3.0701278234985114
100.53,118.12710293078135,22.35,32.92,34.63,44.14,1.32,4.86,36.99,2.55,7.41,3.0701278234985114
97.48,118.12710293078135,20.19,38.47,36.01,45.85,1.36,4.22,27.79,2.78,9.42,3.0701278234985114
100.9,118.12710293078135,20.73,45.03,40.52,43.12,1.37,5.17,26.61,2.25,10.88,3.0701278234985114
132.03,118.12710293078135,11.25,36.05,28.1,42.82,1.36,5.37,23.94,2.95,19.35,3.0701278234985114
132.12,118.12710293078135,39.25,48.15,46.27,47.67,1.19,6.85,28.34,3.67,11.82,3.0701278234985114
136.04,118.12710293078135,36.51,56.8,58.92,29.83,1.19,6.27,26.49,3.19,15.0,3.0701278234985114
119.54,118.12710293078135,26.38,58.47,48.22,30.03,1.24,5.88,26.03,1.52,6.22,3.0701278234985114
92.62,118.12710293078135,9.07,38.17,26.1,30.86,1.02,6.15,32.01,2.29,7.25,3.0701278234985114
105.68,118.12710293078135,22.75,44.77,42.04,29.81,1.53,7.82,26.51,2.46,7.92,3.0701278234985114
137.17,118.12710293078135,9.48,39.5,28.59,11.61,1.63,8.25,39.84,2.34,13.19,3.0701278234985114
104.57,118.12710293078135,24.41,45.35,40.72,26.29,0.89,9.9,41.61,2.07,6.67,3.0701278234985114
110.45,118.12710293078135,21.65,54.57,46.52,26.34,1.56,12.68,39.72,2.31,9.54,3.0701278234985114
160.93,118.12710293078135,14.97,46.02,36.42,26.4,1.54,11.39,51.19,2.67,9.99,3.0701278234985114
118.61,118.12710293078135,14.21,42.33,32.58,24.44,0.79,8.64,43.71,2.29,15.34,3.0701278234985114
157.04,118.12710293078135,13.09,63.58,39.9,20.29,1.13,10.04,47.0,2.28,9.12,3.0701278234985114
73.1,118.12710293078135,23.39,34.38,36.72,21.75,1.15,10.41,35.63,2.84,7.01,3.0701278234985114
97.5,118.12710293078135,10.32,32.7,25.65,30.13,1.22,6.17,45.73,3.11,2.66,3.0701278234985114
107.21,118.12710293078135,13.97,38.19,31.56,30.12,1.42,7.81,49.6,2.93,6.32,3.0701278234985114
134.98,118.12710293078135,12.56,39.7,31.19,30.12,1.82,6.73,56.45,3.04,4.06,3.0701278234985114
153.91,118.12710293078135,37.45,56.83,60.23,30.11,2.1,8.96,46.86,4.23,6.71,3.0701278234985114
139.59,118.12710293078135,10.0,19.67,16.88,1.18,1.35,11.74,13.58,3.04,7.28,3.0701278234985114
109.44,118.12710293078135,23.24,76.78,57.73,31.48,1.9,11.96,20.27,3.13,11.06,3.0701278234985114
99.13,118.12710293078135,13.04,67.26,46.25,31.03,1.52,9.43,19.38,1.55,15.93,3.0701278234985114
135.19,118.12710293078135,40.05,70.42,69.59,31.18,2.35,15.94,19.15,1.97,27.11,3.0701278234985114
100.5,118.12710293078135,18.41,50.72,39.14,40.71,1.15,9.52,28.78,2.91,4.32,3.0701278234985114
179.95,118.12710293078135,43.94,79.2,66.13,40.51,1.52,12.16,30.66,2.76,26.69,3.0701278234985114
103.3,118.12710293078135,9.15,49.16,30.77,34.82,1.59,6.44,30.7,1.32,4.61,3.0701278234985114
139.53,118.12710293078135,60.79,81.18,80.41,14.85,1.32,11.34,23.55,3.74,17.24,3.0701278234985114
91.35,118.12710293078135,12.53,45.54,34.1,5.77,1.07,10.29,28.89,1.9,7.05,3.0701278234985114
132.72,118.12710293078135,24.44,77.48,64.83,5.5,1.68,11.22,28.27,3.98,8.78,3.0701278234985114
111.69,118.12710293078135,9.79,47.88,30.33,16.46,2.29,8.9,24.82,1.76,5.1,3.0701278234985114
102.35,118.12710293078135,11.66,41.78,30.67,20.38,1.62,8.33,26.28,1.4,4.68,3.0701278234985114
126.7,118.12710293078135,21.77,54.62,46.46,22.34,1.75,9.01,23.89,2.25,8.32,3.0701278234985114
126.3,118.12710293078135,9.41,42.87,30.36,22.44,1.67,9.27,26.77,2.14,4.78,3.0701278234985114
117.93,118.12710293078135,23.45,44.36,42.4,0.1,1.71,7.83,25.75,1.53,4.0,3.0701278234985114
127.6,118.12710293078135,20.0,53.58,44.47,19.08,1.33,7.71,26.75,1.65,3.91,3.0701278234985114
135.9,118.12710293078135,24.68,77.57,60.7,6.17,1.41,7.32,26.62,1.94,5.77,3.0701278234985114
128.8,118.12710293078135,20.91,69.99,52.76,10.26,1.29,6.96,28.12,1.58,3.42,3.0701278234985114
125.22,118.12710293078135,25.5,65.86,55.47,11.12,1.53,9.3,27.96,1.57,5.13,3.0701278234985114
117.26,118.12710293078135,25.03,55.38,49.52,9.13,1.1,10.3,29.97,1.16,3.03,3.0701278234985114
105.78,118.12710293078135,25.4,47.2,45.13,11.8,1.02,8.81,24.55,1.03,2.65,3.0701278234985114
78.38,118.12710293078135,18.8,37.93,35.28,3.24,1.03,9.76,23.03,0.78,4.54,3.0701278234985114
118.46,118.12710293078135,20.87,53.08,44.98,6.78,1.18,8.15,24.11,1.26,5.7,3.0701278234985114
131.9,118.12710293078135,19.29,47.02,40.52,5.3,1.14,7.32,25.15,1.35,3.32,3.0701278234985114
94.18,118.12710293078135,14.65,38.99,32.47,2.11,0.96,8.1,39.35,0.87,4.13,3.0701278234985114
109.26,118.12710293078135,33.16,64.63,60.97,9.8,1.25,11.26,40.48,1.16,6.89,3.0701278234985114
110.53,118.12710293078135,10.82,36.81,25.81,23.48347601937197,0.82,7.15,55.78,0.67,1.14,3.0701278234985114
100.96,118.12710293078135,13.42,35.17,29.39,1.8,1.36,6.47,26.32,0.2,22.46,3.0701278234985114
115.54,118.12710293078135,29.1,40.02,44.61,20.46,1.13,7.88,44.36,22.32,54.62,3.0701278234985114
80.01,118.12710293078135,17.01,23.66,26.71,21.94,1.03,5.51,38.06,27.17,27.41,3.0701278234985114
100.15,118.12710293078135,11.93,16.12,17.97,28.31,1.07,4.6,34.65,38.68,9.06,3.0701278234985114
88.32,118.12710293078135,9.75,13.21,14.18,32.24,0.99,4.89,31.82,46.0,9.04,3.0701278234985114
79.72,118.12710293078135,5.3,25.3,19.69,5.43,0.99,10.04,19.8,18.92,17.28,3.0701278234985114
101.41,118.12710293078135,8.94,15.03,15.16,9.58,0.81,10.59,28.45,28.63,11.58,3.0701278234985114
107.05,118.12710293078135,6.48,14.3,13.41,13.64,1.18,6.03,37.29,12.95,9.28,3.0701278234985114
130.47,276.46,75.54,67.3,142.85,23.48347601937197,2.81,40.57,48.41,3.27,8.700972080037227,3.0701278234985114
96.74,221.61,68.31,60.1,128.11,23.48347601937197,2.75,17.33,58.67,2.14,8.700972080037227,3.0701278234985114
88.48,203.0,70.22,37.83,107.87,23.48347601937197,2.72,22.33,60.08,1.88,8.700972080037227,3.0701278234985114
103.76,295.76,83.94,58.71,142.66,23.48347601937197,3.65,25.44,68.37,4.09,8.700972080037227,3.0701278234985114
84.61,250.62,80.09,59.75,139.85,23.48347601937197,3.5,23.0,68.82,3.37,8.700972080037227,3.0701278234985114
85.51,240.04,77.9,47.07,124.97,23.48347601937197,3.32,32.67,71.31,3.09,8.700972080037227,3.0701278234985114
93.45,285.55,79.17,26.93,106.1,23.48347601937197,3.34,35.52,33.76,3.13,8.700972080037227,3.0701278234985114
66.26,217.26,54.58,17.9,72.48,23.48347601937197,3.25,22.36,56.12,3.16,8.700972080037227,3.0701278234985114
101.67,261.7,39.3,34.5,73.67,23.48347601937197,3.17,25.97,69.16,2.93,8.700972080037227,3.0701278234985114
94.74,221.18,95.62,45.67,141.28,23.48347601937197,3.27,24.49,55.38,3.13,8.700972080037227,3.0701278234985114
91.86,171.91,29.09,51.64,80.72,19.47,1.22,10.92,33.38,7.07,8.700972080037227,3.0701278234985114
92.37,167.92,23.58,49.5,73.07,20.64,1.16,11.59,29.5,5.79,8.700972080037227,3.0701278234985114
87.03,163.02,22.99,47.1,70.08,19.7,1.07,17.75,31.78,6.81,8.700972080037227,3.0701278234985114
94.89,168.1,34.82,40.69,75.49,18.47,1.27,16.74,27.11,8.78,8.700972080037227,3.0701278234985114
82.73,147.34,20.08,42.56,60.95,18.14,1.14,12.12,37.94,6.93,8.700972080037227,3.0701278234985114
95.21,169.26,39.47,41.68,79.89,19.77,1.32,16.04,31.95,10.42,8.700972080037227,3.0701278234985114
72.43,132.97,19.79,39.02,57.49,17.73,1.02,14.48,32.43,10.2,8.700972080037227,3.0701278234985114
94.04,174.95,43.51,45.96,88.32,18.72,1.25,10.79,27.67,7.85,8.700972080037227,3.0701278234985114
94.72,171.39,32.75,41.58,72.93,19.23,1.21,11.57,26.98,7.44,8.700972080037227,3.0701278234985114
94.33,167.3,35.31,37.77,72.19,20.09,1.18,13.41,30.36,7.41,8.700972080037227,3.0701278234985114
122.89,205.91,30.94,46.54,77.07,23.81,1.28,11.52,41.44,8.72,8.700972080037227,3.0701278234985114
134.32,215.78,24.85,44.73,69.58,23.2,1.26,10.77,28.58,8.11,8.700972080037227,3.0701278234985114
87.5,152.83,24.13,34.22,58.34,21.21,0.98,10.49,29.76,7.32,8.700972080037227,3.0701278234985114
107.87,171.73,14.73,41.14,55.87,16.86,1.02,8.03,48.34,6.89,8.700972080037227,3.0701278234985114
93.64,157.8,18.77,40.42,59.18,15.47,0.97,7.94,48.31,6.12,8.700972080037227,3.0701278234985114
94.05,158.44,13.92,39.68,53.59,15.1,0.96,6.66,49.76,5.86,8.700972080037227,3.0701278234985114
91.04,162.68,28.01,39.93,67.61,16.3,1.1,7.9,39.59,3.51,8.700972080037227,3.0701278234985114
98.12,194.66,57.3,38.02,92.98,26.77,1.47,10.84,33.46,8.98,8.700972080037227,3.0701278234985114
96.1,195.03,48.56,48.29,93.9,20.81,1.12,8.28,35.96,5.51,8.700972080037227,3.0701278234985114
89.26,181.54,49.49,47.23,93.54,22.7,1.3,10.52,41.83,5.53,8.700972080037227,3.0701278234985114
96.99,207.73,65.0,44.95,104.64,23.11,1.58,10.32,37.38,9.97,8.700972080037227,3.0701278234985114
103.35,210.51,47.34,43.92,88.43,22.89,1.4,13.46,39.74,4.32,8.700972080037227,3.0701278234985114
102.48,212.49,40.65,54.75,95.3,21.74,1.3,9.46,54.43,8.23,8.700972080037227,3.0701278234985114
88.15,201.4,40.77,61.16,101.97,23.17,1.25,12.09,51.79,11.52,8.700972080037227,3.0701278234985114
92.5,212.28,52.42,59.13,110.76,30.49,1.32,14.81,47.26,14.4,8.700972080037227,3.0701278234985114
99.12,118.12710293078135,51.83,27.6,79.26,23.48347601937197,1.63,4.48,6.12,0.32,2.04,0.82
107.03,118.12710293078135,50.8,22.55,72.95,23.48347601937197,1.52,5.45,8.45,0.3,1.81,0.7
111.0,118.12710293078135,47.1,26.21,73.08,23.48347601937197,1.56,5.5,11.09,0.29,1.83,0.66
107.48,118.12710293078135,61.42,24.39,86.33,23.48347601937197,1.83,5.54,11.14,0.33,2.2,0.82
121.5,118.12710293078135,50.94,23.53,74.48,23.48347601937197,1.18,5.66,10.04,0.29,2.11,0.68
170.0,118.12710293078135,161.43,24.45,185.88,23.48347601937197,2.26,5.73,9.8,0.58,3.34,1.72
98.72,118.12710293078135,42.19,27.44,69.41,23.48347601937197,1.63,4.49,10.97,0.29,1.89,0.7
128.72,118.12710293078135,43.23,30.24,73.24,23.48347601937197,1.81,5.69,10.81,0.29,2.06,0.71
119.64,118.12710293078135,39.43,38.79,78.22,23.48347601937197,1.58,4.45,12.09,0.29,1.81,0.63
125.35,118.12710293078135,59.75,34.67,94.09,23.48347601937197,1.92,5.38,10.22,0.35,1.83,0.82
114.42,118.12710293078135,74.17,29.37,103.6,23.48347601937197,2.2,7.21,8.04,0.37,2.04,1.02
124.45,118.12710293078135,33.08,26.49,59.63,23.48347601937197,1.42,7.6,7.97,0.29,1.56,0.61
148.58,118.12710293078135,24.33,35.0,59.35,23.48347601937197,1.29,6.55,18.3,0.29,0.8,0.56
94.58,118.12710293078135,16.67,23.0,39.67,23.48347601937197,1.11,7.06,20.75,0.21,0.64,0.39
122.07,118.12710293078135,25.64,23.36,49.01,23.48347601937197,1.33,7.48,12.88,0.31,0.95,0.66
113.99,118.12710293078135,45.56,21.68,65.86,23.48347601937197,1.41,7.49,11.01,0.36,1.19,0.83
127.13,118.12710293078135,42.28,21.58,59.62,23.48347601937197,2.43,2.93,12.13,0.37,1.3,1.01
94.47,118.12710293078135,33.58,23.43,57.0,23.48347601937197,1.05,6.81,19.85,0.2,0.86,0.38
73.38,118.12710293078135,5.27,28.03,19.69,23.48347601937197,1.55,10.45,18.68,0.17,0.68,0.32
102.93,118.12710293078135,22.84,2.32,15.92,23.48347601937197,1.38,6.78,15.77,0.21,0.84,0.5
104.17,118.12710293078135,12.81,19.89,22.09,23.48347601937197,1.17,6.99,29.6,0.15,0.62,0.25
66.5,118.12710293078135,9.43,26.08,35.51,23.48347601937197,1.6,2.86,32.94,0.28,1.1,0.87
116.43,118.12710293078135,7.65,10.42,18.07,23.48347601937197,1.48,4.24,17.44,0.2,0.74,0.4
95.61,118.12710293078135,5.29,12.95,18.23,23.48347601937197,1.15,3.06,19.09,0.24,0.82,0.54
56.0,118.12710293078135,3.95,13.99,17.94,23.48347601937197,1.06,2.86,23.46,0.21,0.84,0.6
119.91,118.12710293078135,32.38,5.79,38.18,23.48347601937197,1.47,10.54,23.13,0.2,0.77,0.45
66.73,118.12710293078135,24.13,9.13,33.27,23.48347601937197,1.14,5.84,16.18,0.2,0.78,0.6
64.0,118.12710293078135,49.53,12.33,61.88,23.48347601937197,0.55,1.42,19.45,0.12,0.6,0.2
139.0,118.12710293078135,10.21,0.86,9.19,23.48347601937197,2.35,15.96,23.29,0.36,1.21,0.9
112.71,118.12710293078135,5.75,3.32,9.06,23.48347601937197,1.23,5.15,27.84,0.23,0.86,0.54
107.22,118.12710293078135,5.68,3.32,9.0,23.48347601937197,2.44,18.6,25.43,0.3,1.07,0.82
94.3,118.12710293078135,5.69,3.34,9.03,23.48347601937197,2.7,15.5,34.04,0.27,1.01,0.78
105.17,118.12710293078135,6.04,3.28,9.32,23.48347601937197,1.26,7.06,20.66,0.18,0.72,0.47
118.74,118.12710293078135,5.88,3.11,8.99,23.48347601937197,1.64,7.4,23.7,0.27,0.92,0.64
74.61,118.12710293078135,5.92,3.34,9.26,23.48347601937197,1.28,5.76,28.58,0.19,0.73,0.44
98.17,118.12710293078135,5.89,3.15,9.04,23.48347601937197,1.1,6.33,37.08,0.17,0.7,0.34
115.88,118.12710293078135,76.48,15.26,91.75,23.48347601937197,3.03,16.05,27.06,0.2,0.78,0.48
62.22,118.12710293078135,14.56,26.51,41.05,23.48347601937197,1.32,7.01,27.76,0.17,0.74,0.5
91.96,118.12710293078135,18.26,18.01,36.28,23.48347601937197,1.28,5.57,19.9,0.16,0.75,0.41
110.88,118.12710293078135,19.43,26.51,45.94,23.48347601937197,1.48,6.34,24.77,0.2,0.87,0.54
150.08,118.12710293078135,13.66,21.16,32.87,23.48347601937197,1.19,2.16,23.53,0.19,0.75,0.46
66.17,118.12710293078135,16.76,21.01,37.77,23.48347601937197,1.34,2.41,23.73,0.17,0.74,0.39
169.52,118.12710293078135,22.7,24.6,45.14,23.48347601937197,1.73,3.39,20.01,0.23,0.8,0.49
66.58,118.12710293078135,15.86,21.86,37.72,23.48347601937197,1.32,6.61,21.45,0.18,0.74,0.43
95.61,118.12710293078135,18.95,22.83,41.79,23.48347601937197,1.44,9.38,19.87,0.17,0.78,0.43
96.77,118.12710293078135,17.02,17.54,34.56,23.48347601937197,1.26,6.12,12.45,0.15,0.61,0.34
83.29,118.12710293078135,15.28,20.03,34.99,23.48347601937197,0.9,2.06,11.55,0.17,0.68,0.44
191.41,118.12710293078135,27.07,15.6,41.97,23.48347601937197,1.09,2.34,6.91,0.16,0.76,0.49
30.09,118.12710293078135,40.33,13.29,52.93,23.48347601937197,2.11,21.48,7.66,0.14,0.67,0.37
99.07,118.12710293078135,42.21,20.45,62.66,23.48347601937197,1.88,20.72,10.95,0.21,1.02,0.66
97.21,118.12710293078135,27.86,21.84,49.64,23.48347601937197,1.13,2.95,8.46,0.19,0.92,0.54
91.08,118.12710293078135,20.86,16.8,37.66,23.48347601937197,1.22,2.86,10.47,0.14,0.78,0.28
105.85,118.12710293078135,29.97,16.8,46.78,23.48347601937197,1.41,6.96,9.91,0.14,0.53,0.31
91.71,118.12710293078135,31.3,26.71,58.02,23.48347601937197,1.61,9.15,11.65,0.2,0.76,0.49
115.54,118.12710293078135,32.5,21.09,53.63,23.48347601937197,1.86,15.48,10.73,0.19,0.66,0.4
69.0,118.12710293078135,44.41,24.43,68.87,23.48347601937197,2.43,36.16,11.68,0.2,0.79,0.54
133.66,118.12710293078135,11.96,21.0,32.97,23.48347601937197,1.33,6.62,26.4,0.13,0.41,0.15
67.45057794890306,118.12710293078135,17.574729662029362,28.560659061126955,32.30912333307031,23.48347601937197,0.86,1.37,36.58,0.14,0.64,0.28
112.42,118.12710293078135,12.25,26.08,38.34,23.48347601937197,1.27,6.62,26.28,0.15,0.46,0.21
112.0,118.12710293078135,9.56,21.45,31.01,23.48347601937197,1.22,5.6,25.57,0.14,0.38,0.15
116.23,118.12710293078135,11.17,20.81,30.07,23.48347601937197,1.27,5.24,26.54,0.15,0.4,0.17
131.05,118.12710293078135,10.99,25.59,36.58,23.48347601937197,1.45,6.2,26.35,0.17,0.48,0.23
61.92,118.12710293078135,41.66,45.71,87.37,23.48347601937197,1.26,2.73,9.89,0.1,0.55,0.17
89.54,118.12710293078135,103.4,106.38,209.79,23.48347601937197,1.54,2.23,14.1,0.13,0.6,0.33
161.0,118.12710293078135,102.9,92.34,186.37,23.48347601937197,1.78,10.43,15.29,0.15,0.59,0.34
80.47,118.12710293078135,34.65,115.06,149.72,23.48347601937197,1.1,2.19,29.04,0.12,0.55,0.3
71.61,118.12710293078135,83.4,70.52,153.92,23.48347601937197,1.5,2.46,12.99,0.13,0.57,0.36
115.38,118.12710293078135,44.41,83.11,127.52,23.48347601937197,1.66,2.33,28.39,0.11,0.37,0.12
125.96,118.12710293078135,4.66,4.7,10.43,23.48347601937197,2.47,14.53197725590996,18.72,0.21,0.75,0.56
127.63,118.12710293078135,0.7,0.66,1.36,23.48347601937197,1.42,14.53197725590996,15.86,0.15,0.53,0.26
113.14,118.12710293078135,5.95,8.56,10.51,23.48347601937197,1.17,14.53197725590996,23.76,0.15,0.68,0.45
116.57,118.12710293078135,6.59,6.8,9.39,23.48347601937197,1.6,1.96,9.53,0.14,0.62,0.36
90.88,118.12710293078135,2.05,3.0,5.04,23.48347601937197,1.05,3.75,10.04,0.14,0.99,0.39
91.26,118.12710293078135,2.03,2.98,5.02,23.48347601937197,1.0,4.57,13.69,0.11,0.71,0.24
105.55,118.12710293078135,4.8,10.09,14.9,23.48347601937197,1.3,4.58,16.12,0.09,0.52,0.12
98.16,118.12710293078135,1.92,3.11,5.03,23.48347601937197,1.0,3.91,15.91,0.08,0.55,0.13
114.5,118.12710293078135,1.86,3.19,5.05,23.48347601937197,1.33,4.01,15.59,0.11,0.51,0.18
84.86,118.12710293078135,1.8,3.25,5.05,23.48347601937197,1.04,4.21,18.49,0.1,0.47,0.19
93.16,118.12710293078135,4.39,10.65,15.04,23.48347601937197,1.46,4.13,15.6,0.09,0.53,0.15
105.5,118.12710293078135,1.67,3.2,4.87,23.48347601937197,0.89,4.14,3.31,0.1,0.66,0.17
106.25,118.12710293078135,6.59,20.17,26.76,23.48347601937197,1.68,4.95,19.66,0.07,0.49,0.09
138.54,118.12710293078135,48.93,52.44,69.64,23.48347601937197,0.43,3.32,12.98,0.1,0.68,0.2
111.81,118.12710293078135,131.31,163.2,122.4,23.48347601937197,1.98,18.5,19.87,0.75,5.0,0.68
115.11,118.12710293078135,81.14,137.49,84.83,23.48347601937197,1.56,20.26,22.99,0.67,5.26,0.6
112.84,118.12710293078135,45.89,136.02,63.09,23.48347601937197,1.18,21.96,26.04,0.58,4.62,0.46
147.55,118.12710293078135,35.54,143.99,58.85,23.48347601937197,1.22,19.8,32.51,0.51,4.43,0.42
109.71,118.12710293078135,36.38,108.12,50.08,23.48347601937197,1.06,21.61,54.34,0.58,4.7,2.39
110.19,118.12710293078135,68.93,130.19,75.54,23.48347601937197,1.42,22.51,51.18,0.57,5.03,2.36
114.39,118.12710293078135,36.34,64.21,39.44,23.48347601937197,2.81,47.9,21.83,0.7,3.02,1.72
114.95,118.12710293078135,7.18,22.0,10.36,23.48347601937197,1.19,50.08,55.99,0.35,2.76,1.27
110.07,118.12710293078135,6.89,9.39,6.68,23.48347601937197,1.28,48.81,46.98,0.36,2.74,0.8
141.28,118.12710293078135,40.04,45.47,38.14,23.48347601937197,2.35,45.88,42.99,0.45,2.94,1.55
80.12,118.12710293078135,11.01,51.45,20.35,23.48347601937197,1.71,34.57,54.63,0.4,3.07,1.28
128.95,118.12710293078135,4.55,28.87,10.46,23.48347601937197,1.16,36.33,67.38,0.35,2.97,0.85
110.05,118.12710293078135,4.07,25.44,9.28,23.48347601937197,1.1,28.47,74.06,0.35,2.52,0.84
100.56,118.12710293078135,3.91,24.45,8.94,23.48347601937197,1.12,37.08,92.29,0.33,2.7,0.77
118.69,118.12710293078135,4.06,21.58,8.22,23.48347601937197,1.19,39.86,78.34,0.33,2.63,0.71
137.62,118.12710293078135,6.76,22.42,10.1,23.48347601937197,1.1,33.92,37.98,0.35,2.71,0.87
81.29,118.12710293078135,3.13,12.22,5.18,23.48347601937197,1.2,39.98,112.75,0.08,2.56,0.36
106.56,118.12710293078135,5.4,12.81,6.73,23.48347601937197,1.47,35.41,79.78,0.31,3.05,0.69
76.62,118.12710293078135,4.62,12.89,6.29,23.48347601937197,1.36,36.22,99.76,0.29,2.89,0.62
118.69,118.12710293078135,8.13,15.37,9.06,23.48347601937197,1.77,37.06,61.54,0.35,3.39,0.98
113.77,118.12710293078135,6.82,15.68,8.36,23.48347601937197,1.73,42.15,86.63,0.35,3.36,0.84
114.23,118.12710293078135,4.65,10.91,5.79,23.48347601937197,1.44,38.04,110.22,0.35,2.71,0.7
94.19,118.12710293078135,6.01,11.26,6.7,23.48347601937197,1.58,34.89,76.86,0.29,3.2,0.64
137.74,118.12710293078135,22.56,64.69,32.2,23.48347601937197,1.78,37.91,67.31,0.35,3.07,0.85
87.24,118.12710293078135,8.46,35.51,14.63,23.48347601937197,1.42,48.51,70.38,0.34,2.76,0.79
94.42,118.12710293078135,6.1,26.89,10.85,23.48347601937197,1.42,51.35,75.87,0.34,3.48,0.66
106.67,118.12710293078135,23.28,59.86,37.33,23.48347601937197,1.44,50.18,74.08,0.31,3.11,0.81
124.32,118.12710293078135,12.95,57.93,23.1,23.48347601937197,1.58,49.53,65.87,0.35,2.95,0.93
95.73,118.12710293078135,5.78,13.32,7.04,23.48347601937197,1.33,47.24,34.49143047551845,0.33,2.98,0.91
106.14,118.12710293078135,5.99,13.55,7.23,23.48347601937197,1.23,48.42,34.49143047551845,0.34,3.88,0.83
108.97,118.12710293078135,8.02,19.36,10.05,23.48347601937197,1.4,45.13,34.49143047551845,0.33,3.11,0.89
135.34,118.12710293078135,11.29,16.42,11.28,23.48347601937197,2.25,54.47,34.49143047551845,0.4,3.09,1.24
85.81,118.12710293078135,6.18,28.06,11.21,23.48347601937197,1.11,52.52,108.76,0.34,2.69,1.02
88.22,118.12710293078135,6.25,15.41,7.96,23.48347601937197,0.93,53.89,71.69,0.15,2.47,1.69
90.41,118.12710293078135,7.13,12.71,7.62,23.48347601937197,0.97,50.31,69.45,0.34,2.65,1.0
82.39,118.12710293078135,13.36,17.19,12.78,23.48347601937197,1.18,47.52,50.36,0.35,3.77,0.98
117.04,118.12710293078135,11.68,26.93,14.25,23.48347601937197,1.57,42.86,65.65,0.35,3.42,1.18
97.65,118.12710293078135,8.23,17.9,9.82,23.48347601937197,1.38,46.85,81.41,0.31,3.15,0.85
94.45,118.12710293078135,10.19,12.72,9.66,23.48347601937197,1.41,48.2,70.62,0.34,3.05,1.14
97.51,118.12710293078135,9.15,11.83,8.61,23.48347601937197,1.26,55.42,73.88,0.31,3.04,1.08
93.83,118.12710293078135,7.9,10.9,7.61,23.48347601937197,1.11,53.16,77.74,0.35,3.11,0.99
146.99,118.12710293078135,6.68,7.72,6.21,23.48347601937197,1.14,49.72,77.55,0.24,2.69,0.81
91.41,118.12710293078135,10.35,9.21,8.67,23.48347601937197,1.06,51.38,63.48,0.27,3.22,1.0
98.02,118.12710293078135,17.25,83.89,32.8,23.48347601937197,1.47,45.99,59.66,12.34,88.71,31.29
98.15,118.12710293078135,21.05,87.59,36.08,23.48347601937197,1.61,41.82,51.39,11.56,80.23,38.93
82.42,118.12710293078135,27.1,89.41,40.0,23.48347601937197,1.57,41.89,68.92,7.43,63.17,33.38
91.04,118.12710293078135,21.51,87.17,35.82,23.48347601937197,1.56,38.75,85.58,7.25,60.86,32.03
41.9,118.12710293078135,4.46,12.41,6.01,23.48347601937197,1.05,48.95,131.27,5.09,53.58,21.73
86.62,118.12710293078135,4.51,7.69,4.83,23.48347601937197,1.1,42.66,47.42,6.56,62.01,25.77
72.7,118.12710293078135,11.45,72.08,26.04,23.48347601937197,1.03,32.15,92.27,6.1,54.0,23.05
45.31,118.12710293078135,12.89,78.7,28.84,23.48347601937197,0.94,39.18,115.02,5.05,61.54,22.49
98.06,118.12710293078135,29.96,28.560659061126955,32.30912333307031,23.48347601937197,0.78,26.85,52.9,6.39,53.39,32.98
82.94,118.12710293078135,3.39,80.91,22.55,23.48347601937197,0.9,33.13,69.93,5.37,51.64,25.77
80.58,118.12710293078135,30.0,74.02,37.35,23.48347601937197,1.35,27.3,56.66,3.72,35.65,17.18
103.11,118.12710293078135,5.49,29.69,11.02,23.48347601937197,1.39,22.79,94.43,2.76,28.42,9.21
96.92,118.12710293078135,6.0,28.71,11.07,23.48347601937197,1.53,22.34,101.69,3.17,30.14,11.24
88.59,118.12710293078135,6.29,20.9,9.23,23.48347601937197,1.14,25.22,101.09,2.67,34.4,7.71
107.44,118.12710293078135,11.43,25.1,13.44,23.48347601937197,1.66,27.25,102.12,3.28,35.68,10.06
124.3,118.12710293078135,16.12,29.34,17.39,23.48347601937197,2.13,27.01,93.41,3.93,36.52,14.79
97.3,118.12710293078135,18.64,42.25,22.25,23.48347601937197,1.48,27.51,78.98,3.72,31.96,15.34
104.86,118.12710293078135,8.62,45.56,17.04,23.48347601937197,1.29,26.54,70.04,2.47,28.87,7.67
110.89,118.12710293078135,5.51,36.99,12.93,23.48347601937197,1.44,26.05,77.0,2.53,28.56,7.28
112.96,118.12710293078135,12.36,59.61,34.3,23.48347601937197,1.89,28.72,64.34,3.21,30.42,10.19
107.26,118.12710293078135,23.19,63.53,30.52,23.48347601937197,2.0,29.65,58.09,3.23,34.9,12.58
120.85,118.12710293078135,7.74,33.76,13.44,23.48347601937197,1.5,32.91,53.14,3.12,30.35,9.21
112.07,118.12710293078135,18.98,20.31,16.77,23.48347601937197,1.66,25.76,41.1,3.49,31.57,14.97
103.19,118.12710293078135,21.81,16.93,17.61,23.48347601937197,2.0,24.95,56.73,3.43,30.44,16.14
133.04,118.12710293078135,57.97,122.91,67.0,23.48347601937197,1.24,46.97,22.17,2.67,22.77,10.23
98.08,118.12710293078135,8.21,32.66,13.44,23.48347601937197,0.84,43.78,42.17,2.05,21.15,8.37
103.89,118.12710293078135,5.43,28.28,10.62,23.48347601937197,0.66,42.61,72.53,1.88,17.85,6.87
135.71,118.12710293078135,9.29,27.06,12.64,23.48347601937197,1.16,43.42,78.81,2.09,18.39,7.12
94.6,118.12710293078135,25.85,50.29,32.42,23.48347601937197,1.25,40.83,38.41,1.69,17.1,6.05
101.83,118.12710293078135,18.66,96.51,36.31,23.48347601937197,1.2,43.17,73.56,1.67,18.97,5.5
121.26,118.12710293078135,22.73,96.35,38.74,23.48347601937197,1.56,43.02,47.5,2.2,20.17,7.23
134.59,118.12710293078135,52.38,110.55,60.4,23.48347601937197,1.73,41.18,49.37,2.23,18.67,7.39
83.53,118.12710293078135,9.05,17.02,9.9,23.48347601937197,0.71,44.13,33.41,1.77,20.64,6.27
106.34,118.12710293078135,24.49,58.79,30.08,23.48347601937197,0.96,43.8,64.25,1.53,15.32,4.57
84.65,118.12710293078135,6.53,17.73,8.55,23.48347601937197,0.89,29.54,75.03,1.68,19.7,6.06
104.8,118.12710293078135,15.17,17.95,13.85,23.48347601937197,2.01,29.99,76.7,1.98,19.13,8.12
81.31,118.12710293078135,28.22,43.82,27.72,23.48347601937197,1.13,32.44,69.4,2.33,19.1,10.87
127.84,118.12710293078135,40.44,113.35,53.89,23.48347601937197,1.88,37.21,67.93,2.1,19.09,7.8
98.66,118.12710293078135,9.39,49.31,18.47,23.48347601937197,1.27,38.55,54.8,1.59,19.55,5.39
99.65,118.12710293078135,9.99,25.52,12.67,23.48347601937197,1.49,38.3,53.49,1.82,19.4,6.79
108.14,118.12710293078135,12.53,10.13,10.14,23.48347601937197,2.0,38.17,82.4,1.73,17.67,5.85
96.84,118.12710293078135,11.42,29.18,21.25,23.48347601937197,1.43,34.38,75.13,1.64,16.48,5.9
105.04,118.12710293078135,11.56,20.79,12.4,23.48347601937197,1.85,39.54,61.59,2.0,18.09,6.65
86.69,118.12710293078135,7.01,12.84,7.58,23.48347601937197,1.44,39.52,79.7,1.8,18.35,6.48
70.48,118.12710293078135,13.48,108.16,36.19,23.48347601937197,0.91,39.63,112.34,1.33,17.13,3.79
86.48,118.12710293078135,16.98,120.75,41.57,23.48347601937197,1.45,39.62,93.17,1.51,15.84,4.76
87.83,118.12710293078135,23.58,114.06,50.58,23.48347601937197,1.5,48.14,48.6,2.34,22.87,7.05
58.35,118.12710293078135,4.61,57.65,17.55,23.48347601937197,1.33,43.16,115.5,1.35,15.44,4.3
46.72,118.12710293078135,4.24,55.77,16.53,23.48347601937197,1.28,41.28,112.19,1.2,17.59,3.18
82.12,118.12710293078135,13.51,10.2,10.82,23.48347601937197,2.5,45.72,72.07,1.92,16.98,7.61
81.53,118.12710293078135,33.94,40.16,37.11,23.48347601937197,2.87,43.57,66.48,2.29,17.78,9.31
91.88,118.12710293078135,15.15,32.58,17.6,23.48347601937197,1.95,45.19,95.38,2.43,18.89,9.64
46.48,118.12710293078135,43.52,99.97,58.5,23.48347601937197,1.83,44.6,111.35,1.22,14.17,4.79
62.99,118.12710293078135,9.98,61.02,21.86,23.48347601937197,1.37,43.39,108.7,1.7,14.77,6.36
79.01,118.12710293078135,11.78,11.51,10.13,23.48347601937197,1.43,43.9,72.09,1.77,15.36,6.39
75.52,118.12710293078135,26.69,31.84,38.22,23.48347601937197,1.78,44.01,69.09,1.84,15.1,7.04
81.05,118.12710293078135,18.5,13.49,14.72,23.48347601937197,2.66,44.18,67.37,2.37,17.65,8.91
70.44,118.12710293078135,8.16,17.9,9.58,23.48347601937197,1.56,32.82,73.6,1.32,14.03,3.65
53.43,118.12710293078135,6.42,5.63,5.36,23.48347601937197,1.31,42.73,119.7,1.43,14.04,5.63
34.67,118.12710293078135,4.63,3.2,3.58,23.48347601937197,0.83,41.63,114.95,0.83,12.33,2.79
57.49,118.12710293078135,9.55,5.96,6.62,23.48347601937197,1.88,44.89,85.22,1.53,13.57,4.68
31.34,118.12710293078135,10.54,13.94,11.58,23.48347601937197,0.99,39.09,125.18,1.2,13.63,4.79
69.96,118.12710293078135,10.95,42.51,17.65,23.48347601937197,1.6,38.17,87.72,1.98,9.91,6.9
107.92,118.12710293078135,26.33,24.57,22.33,23.48347601937197,3.29,58.25,31.98,3.280840304500585,8.700972080037227,3.0701278234985114
130.74,118.12710293078135,16.0,24.34,16.01,23.48347601937197,2.88,60.34,39.02,28.55,123.36,170.37
75.27,118.12710293078135,7.45,21.08,9.97,23.48347601937197,1.25,72.53,57.61,12.14,42.41,38.5
144.86,118.12710293078135,5.12,14.51,6.67,23.48347601937197,1.19,69.45,64.78,10.71,31.7,24.54
101.6,118.12710293078135,49.57,99.05,55.73,23.48347601937197,1.35,55.44,53.98,8.19,31.14,32.14
129.03,118.12710293078135,25.06,95.33,39.18,23.48347601937197,0.86,62.79,86.13,7.09,21.75,17.4
123.41,165.55,19.81,22.25,39.17,45.5,1.2,8.66,17.65,2.68,1.24,3.45
124.26,161.09,18.73,34.37,49.02,39.66,1.13,7.04,16.89,2.19,1.02,2.52
164.46,209.11,19.61,32.19,49.18,32.82,1.38,7.62,11.68,3.89,0.98,3.33
79.29,102.93,48.39,25.79,73.4,29.47,1.62,8.45,9.87,2.69,1.24,4.59
106.68,120.41,36.27,27.17,62.86,28.47,1.31,7.87,19.29,3.14,0.93,3.75
85.02,104.32,38.4,26.64,64.39,30.55,1.79,7.98,12.28,1.53,0.86,3.48
107.55,123.53,43.62,29.37,71.96,32.08,2.64,7.34,17.59,2.06,0.94,3.55
149.01,130.51,64.44,33.01,91.2,19.65,3.65,11.17,11.03,3.05,1.11,4.42
135.89,210.83,31.14,39.22,69.02,26.91,2.07,11.24,18.16,0.83,1.99,1.69
86.75,118.72,54.16,24.39,75.21,30.57,0.95,10.92,10.38,3.86,4.42,3.98
85.47,109.46,57.96,23.75,81.16,21.25,0.76,11.8,25.7,2.11,11.35,4.12
123.6,163.55,107.88,42.38,141.74,22.38,1.49,10.71,10.29,0.73,8.62,2.42
124.14,173.56,74.61,48.03,115.78,21.43,1.56,9.72,13.53,1.41,7.86,3.09
108.88,162.94,55.55,47.62,99.05,20.99,1.26,9.09,19.67,0.95,6.5,2.32
112.8,171.75,79.2,43.86,119.9,28.37,1.2,10.42,15.22,1.17,6.9,2.14
140.13,208.29,92.9,39.57,130.35,30.78,1.43,10.33,15.56,1.49,7.2,1.99
132.55,208.53,62.27,37.57,96.2,35.33,1.18,10.48,19.53,1.22,10.04,2.18
152.02,221.91,34.98,33.1,70.53,39.18,1.47,11.1,8.52,1.39,9.71,2.55
62.05,108.79,51.93,40.28,90.82,31.98,0.82,10.31,14.83,0.72,7.22,1.82
84.7,156.88,41.1,45.34,84.26,33.67,1.03,10.53,16.57,1.28,7.65,2.17
121.49,222.97,114.81,48.55,161.95,17.92,1.74,10.2,12.52,3.69,7.31,2.2
104.57,177.15,69.35,49.02,117.13,36.09,1.3,10.78,16.94,2.26,7.8,2.21
90.22,181.63,105.41,57.85,163.1,28.41,1.3,10.54,12.6,2.2,6.6,2.05
94.78,205.57,132.03,65.46,197.71,21.12,1.52,8.7,11.2,4.06,7.7,2.98
94.66,182.56,109.82,60.31,165.36,25.3,1.37,9.63,12.42,3.03,9.31,3.12
97.57,182.11,70.73,60.09,126.92,23.44,1.47,8.57,13.82,2.21,7.46,2.14
97.02,177.26,63.82,53.96,115.49,30.99,1.36,9.59,14.1,2.37,9.49,3.86
124.61,188.68,57.4,57.63,102.79,26.71,1.25,8.98,16.81,2.58,8.46,4.07
90.54,189.23,25.07,56.97,64.03,29.13,1.0,7.51,11.65,2.22,9.02,2.37
102.24,203.79,51.42,54.59,103.98,40.76,1.26,7.07,19.95,3.0,12.38,2.93
101.55,209.41,67.53,48.16,113.68,45.26,1.36,6.74,14.65,3.37,13.6,3.35
112.06,216.1,69.4,62.39,127.25,36.62,1.2,7.06,21.87,3.86,7.46,3.94
118.06,207.93,30.38,35.76,61.08,36.32,0.96,7.34,22.95,4.11,9.37,2.0
64.65,113.93,34.41,40.41,72.16,35.29,1.01,8.72,15.53,3.18,3.17,1.93
81.48,215.29,126.93,47.86,98.58,35.94,1.54,8.66,21.95,4.3,9.36,4.44
95.29,216.9,65.98,50.6,96.2,25.75,1.19,8.18,23.25,2.63,6.29,0.78
98.86,171.34,41.1,46.42,80.49,24.17,0.9,7.35,33.13,1.91,6.49,0.73
124.48,221.48,29.94,56.39,64.66,23.24,1.32,10.61,25.55,3.04,5.04,0.28
107.69,228.3,79.46,60.87,79.79,20.08,1.88,12.85,19.37,5.26,6.62,3.38
79.23,121.08,61.67,47.26,66.81,18.29,1.54,12.21,22.38,2.59,6.97,0.79
38.4,202.95,60.17,12.11,54.28,7.16,0.56,9.06,54.37,2.57,3.4,2.49
52.11,276.34,56.99,34.71,91.79,9.53,0.76,16.97,47.84,3.6,20.34,4.04
73.52,209.94,12.42,17.65,29.99,10.55,0.58,51.74,14.69,0.0,0.0,3.0701278234985114
145.63,280.32,28.61,32.76,61.35,8.53,1.3,54.35,23.31,0.0,0.0,3.0701278234985114
111.63,241.12,50.46,27.81,67.24,24.24,1.46,53.04,28.35,0.0,0.0,3.0701278234985114
179.03,312.37,67.8,36.17,88.72,23.86,1.97,40.02,36.28,0.0,0.0,3.0701278234985114
108.45,251.27,33.45,20.49,38.95,18.29,2.07,22.95,40.37,0.0,0.0,3.0701278234985114
90.03,210.68,15.03,19.34,22.1,7.36,1.9,31.73,40.66,0.0,0.0,3.0701278234985114
155.14,352.21,58.77,22.58,75.12,10.83,2.74,56.31,25.25,0.0,0.0,3.0701278234985114
61.01,146.11,32.36,29.3,44.85,13.12,1.61,50.21,26.21,0.0,0.0,3.0701278234985114
108.11,166.64,62.94,15.7,59.86,21.67,5.23,78.88,39.53,0.0,0.0,3.0701278234985114
59.36,135.68,35.21,33.14,49.46,34.95,1.71,72.84,29.51,0.0,0.0,3.0701278234985114
132.55,206.24,17.22,8.09,16.1,13.43,2.35,48.31,16.25,0.0,0.0,3.0701278234985114
85.22,268.83,268.03,14.57,172.36,48.64,3.25,24.95,12.27,3.280840304500585,8.700972080037227,3.0701278234985114
94.21,362.21,9.45,6.37,13.19,5.99,0.0,35.87,12.94,3.280840304500585,8.700972080037227,3.0701278234985114
83.94,298.36,14.91,4.61,16.96,6.36,0.43,24.15,13.56,3.280840304500585,8.700972080037227,3.0701278234985114
89.94,341.24,15.83,2.34,17.61,6.49,1.42,18.36,14.99,3.280840304500585,8.700972080037227,3.0701278234985114
119.7,346.87,29.5,28.560659061126955,25.82,7.32,2.68,27.2,8.15,3.280840304500585,8.700972080037227,3.0701278234985114
106.01,299.94,31.19,28.560659061126955,26.72,7.42,2.34,19.55,8.72,3.280840304500585,8.700972080037227,3.0701278234985114
101.5,308.53,32.34,28.560659061126955,27.38,7.47,2.47,19.01,7.6,3.280840304500585,8.700972080037227,3.0701278234985114
94.41,239.24,52.82,28.560659061126955,37.14,13.25,2.58,21.66,6.64,3.280840304500585,8.700972080037227,3.0701278234985114
115.23,306.3,23.94,0.2,22.75,7.02,2.28,19.83,7.17,3.280840304500585,8.700972080037227,3.0701278234985114
99.88,280.93,22.05,1.02,21.71,6.89,2.17,17.16,6.08,3.280840304500585,8.700972080037227,3.0701278234985114
92.54,282.66,21.94,0.96,21.65,6.89,1.87,14.11,5.94,3.280840304500585,8.700972080037227,3.0701278234985114
110.56,301.76,23.1,0.82,22.29,6.94,2.87,16.98,8.1,3.280840304500585,8.700972080037227,3.0701278234985114
112.0,319.79,22.26,0.9,21.79,6.91,2.9,16.37,7.77,3.280840304500585,8.700972080037227,3.0701278234985114
89.1,227.65,21.84,0.97,21.56,6.88,2.54,13.65,9.12,3.280840304500585,8.700972080037227,3.0701278234985114
95.97,214.94,27.81,7.19,23.3,6.82,3.71,17.09,6.58,3.280840304500585,8.700972080037227,3.0701278234985114
111.33,289.08,8.3,6.8,12.66,5.92,3.52,15.37,6.85,3.280840304500585,8.700972080037227,3.0701278234985114
107.57,295.5,9.23,6.76,12.62,5.92,3.3,12.71,7.3,3.280840304500585,8.700972080037227,3.0701278234985114
77.2,291.2,9.13,6.64,12.82,5.94,3.04,11.44,5.69,3.280840304500585,8.700972080037227,3.0701278234985114
101.04,322.56,7.96,6.02,13.61,6.01,3.63,14.6,5.78,3.280840304500585,8.700972080037227,3.0701278234985114
72.57,239.2,8.33,5.73,13.98,6.05,3.2,17.37,4.75,3.280840304500585,8.700972080037227,3.0701278234985114
109.37,316.19,8.8,6.47,13.03,5.96,3.73,24.76,9.42,3.280840304500585,8.700972080037227,3.0701278234985114
105.66,272.38,14.16,5.44,17.25,6.39,3.55,22.34,6.15,0.0,8.700972080037227,3.0701278234985114
122.14,366.32,11.72,5.93,15.27,6.19,3.51,27.72,5.99,0.0,8.700972080037227,3.0701278234985114
81.01,291.71,24.13,0.07,22.83,7.03,1.81,28.6,6.54,0.0,8.700972080037227,3.0701278234985114
66.58,242.91,25.3,0.25,23.53,7.08,1.7,21.85,5.78,0.0,8.700972080037227,3.0701278234985114
78.87,339.23,26.28,28.560659061126955,24.03,7.14,2.53,23.48,9.33,0.0,8.700972080037227,3.0701278234985114
60.24,291.43,29.13,28.560659061126955,25.61,7.31,1.84,10.2,4.44,0.0,8.700972080037227,3.0701278234985114
51.07,256.14,32.89,28.560659061126955,27.68,7.52,2.0,10.26,5.03,0.0,8.700972080037227,3.0701278234985114
61.86,320.44,33.84,28.560659061126955,28.18,7.57,2.36,14.28,8.25,0.0,8.700972080037227,3.0701278234985114
63.48,330.54,34.59,28.560659061126955,28.62,7.61,2.2,11.08,9.31,0.0,8.700972080037227,3.0701278234985114
71.75,311.87,60.64,28.560659061126955,48.25,12.38,2.86,15.08,6.38,0.06,8.700972080037227,3.0701278234985114
59.61,233.28,46.57,28.560659061126955,35.24,27.86,3.28,13.57,4.86,0.34,8.700972080037227,3.0701278234985114
75.49,324.06,39.08,28.560659061126955,42.93,10.49,3.06,9.87,8.68,0.0,8.700972080037227,3.0701278234985114
39.16,187.19,41.1,28.560659061126955,32.84,8.77,2.39,2.73,5.59,0.0,8.700972080037227,3.0701278234985114
33.19,185.36,31.87,28.560659061126955,27.11,7.47,2.81,29.28,6.04,0.0,8.700972080037227,3.0701278234985114
67.33,379.94,47.47,28.560659061126955,39.96,9.36,3.13,29.44,7.3,0.0,8.700972080037227,3.0701278234985114
60.74,326.64,23.92,8.06,31.98,7.51,1.25,30.49,6.93,0.0,8.700972080037227,3.0701278234985114
53.41,248.96,25.66,7.28,32.94,7.61,0.99,30.33,8.34,0.0,8.700972080037227,3.0701278234985114
58.86,220.16,27.03,6.68,33.71,7.68,1.02,28.31,15.11,0.0,8.700972080037227,3.0701278234985114
57.94,269.22,11.42,15.44,22.0,6.45,1.56,25.61,10.9,0.0,8.700972080037227,3.0701278234985114
37.33,76.58,36.81,2.05,38.86,8.19,1.15,35.36,12.01,0.0,8.700972080037227,3.0701278234985114
84.41,254.07,6.99,9.1,16.09,5.65,2.33,38.63,13.39,2.41,8.700972080037227,3.0701278234985114
62.46,242.65,8.44,8.44,16.88,5.72,1.95,39.07,12.57,0.0,8.700972080037227,3.0701278234985114
92.45,285.51,7.77,8.74,16.51,5.7,2.11,40.03,12.55,0.0,8.700972080037227,3.0701278234985114
102.67,257.45,12.01,7.84,18.86,5.94,2.54,40.32,13.17,0.0,8.700972080037227,3.0701278234985114
67.45057794890306,118.12710293078135,17.574729662029362,28.560659061126955,32.30912333307031,23.48347601937197,2.2485982090856145,14.53197725590996,34.49143047551845,3.280840304500585,8.700972080037227,3.0701278234985114
127.94,369.84,117.8,13.73,71.58,11.12,1.96,28.06,14.53,1.06,8.700972080037227,3.0701278234985114
83.18,263.04,215.42,33.72,195.69,38.13,1.02,44.8,23.0,0.0,8.700972080037227,3.0701278234985114
103.15,257.83,196.8,39.88,207.65,45.47,1.57,30.74,20.63,0.0,8.700972080037227,3.0701278234985114
79.58,294.98,11.74,33.74,43.47,23.48347601937197,2.66,27.41,16.11,0.0,8.700972080037227,3.0701278234985114
87.21,290.81,11.19,33.91,43.24,23.48347601937197,2.66,23.24,18.23,0.0,8.700972080037227,3.0701278234985114
82.46,266.72,10.86,33.73,43.42,23.48347601937197,2.67,21.72,5.02,0.0,8.700972080037227,3.0701278234985114
86.08,280.65,10.3,34.67,42.17,23.48347601937197,2.66,19.28,13.41,0.0,8.700972080037227,3.0701278234985114
79.14,247.47,9.73,35.33,41.27,23.48347601937197,2.43,18.4,12.23,0.0,8.700972080037227,3.0701278234985114
88.37,292.02,9.72,35.01,41.7,23.48347601937197,2.67,18.33,13.45,0.0,8.700972080037227,3.0701278234985114
83.05,251.29,9.19,35.25,41.45,23.48347601937197,2.52,16.62,8.59,0.0,8.700972080037227,3.0701278234985114
103.21,310.81,14.05,32.18,46.18,23.48347601937197,1.9,26.9,24.26,0.0,8.700972080037227,3.0701278234985114
112.48,151.85,24.04,30.37,50.14,45.94,0.17,8.5,23.39,0.0,8.700972080037227,3.0701278234985114
110.38,118.12710293078135,11.35,33.19,44.54,23.48347601937197,0.67,17.18,13.94,0.0,8.700972080037227,3.0701278234985114
131.05,256.85,17.574729662029362,23.34,10.36,2.16,1.92,21.48,17.62,0.0,8.700972080037227,3.0701278234985114
117.61,218.87,0.44,21.55,12.71,2.39,1.46,2.5,21.65,0.0,8.700972080037227,3.0701278234985114
104.0,231.32,2.47,22.36,11.59,2.27,1.71,1.67,15.92,0.0,8.700972080037227,3.0701278234985114
130.4,279.67,1.59,22.18,11.8,2.31,2.01,2.37,26.85,0.0,8.700972080037227,3.0701278234985114
230.16,324.92,11.55,8.67,20.2,1.84,1.35,10.61,21.4,0.0,8.700972080037227,3.0701278234985114
354.44,347.58,17.18,4.56,16.38,1.82,1.71,16.28,23.18,0.0,8.700972080037227,3.0701278234985114
129.79,216.27,8.89,4.68,13.57,1.41,1.37,11.08,16.01,0.0,8.700972080037227,3.0701278234985114
103.46,172.5,10.15,4.13,14.29,1.48,1.57,10.85,21.19,0.0,8.700972080037227,3.0701278234985114
122.08,203.94,9.04,5.44,12.55,1.31,1.68,10.63,22.94,0.0,8.700972080037227,3.0701278234985114
105.22,175.39,27.94,6.24,23.08,2.35,0.19,11.21,25.48,0.0,8.700972080037227,3.0701278234985114
100.88,168.13,7.17,5.44,12.55,1.31,0.08,10.53,31.51,0.0,8.700972080037227,3.0701278234985114
137.0,228.33,6.5,6.26,11.86,1.22,2.04,33.52,31.38,0.0,8.700972080037227,3.0701278234985114
101.43,169.06,13.66,4.94,16.04,1.62,2.09,51.95,23.68,0.0,8.700972080037227,3.0701278234985114
88.11,138.07,43.82,17.45,29.73,12.36,2.21,14.81,73.52,0.0,8.700972080037227,3.0701278234985114
80.06,102.32,1.98,10.95,7.43,5.5,1.33,3.84,7.78,3.280840304500585,8.700972080037227,3.0701278234985114
88.14,118.82,1.93,12.51,8.2,10.24,1.48,7.23,83.6,3.280840304500585,8.700972080037227,3.0701278234985114
82.74,115.19,2.95,5.58,5.2,3.66,2.11,4.18,56.52,3.280840304500585,8.700972080037227,3.0701278234985114
98.87,134.53,8.71,23.62,19.62,19.45,1.29,10.76,52.3,3.280840304500585,8.700972080037227,3.0701278234985114
80.65,120.43,4.27,33.64,20.69,17.02,1.21,12.21,153.23,0.0,0.0,0.0
95.17,154.56,20.56,40.05,34.62,13.6,1.26,11.5,42.12,9.36,18.77,5.95
93.11,149.8,18.12,41.89,36.92,12.94,1.36,9.69,39.06,10.62,12.36,5.19
96.96,170.32,36.16,44.16,52.84,12.37,1.87,20.63,32.07,9.81,18.91,6.84
98.42,191.04,21.82,53.95,44.32,12.88,1.09,17.72,37.53,10.17,20.58,6.82
90.31,159.65,14.53,50.7,36.97,13.9,1.31,11.52,34.48,15.97,17.2,2.91
108.49,191.72,23.48,51.15,46.26,13.4,1.1,14.45,40.81,0.0,0.0,0.0
90.15,158.52,11.15,50.13,35.73,12.76,0.95,10.94,32.96,0.0,0.0,0.0
103.57,205.91,44.55,67.56,72.12,14.22,1.74,31.92,40.03,8.81,15.57,4.77
98.32,184.65,19.59,55.94,45.6,13.31,1.23,9.07,81.64,4.31,6.63,1.87
101.28,178.5,18.76,55.34,44.64,13.61,1.3,10.87,77.64,4.56,7.69,2.23
92.11,181.98,23.36,56.71,49.16,14.04,1.26,14.12,52.25,4.39,7.63,2.4
113.04,195.51,27.63,61.96,55.38,16.66,1.47,40.38,48.63,4.99,8.59,3.09
117.2,183.31,19.69,45.4,40.0,16.56,1.32,13.44,65.61,4.23,6.44,2.09
115.56,168.7,6.88,39.23,26.44,16.31,1.21,8.55,82.6,3.6,4.26,1.2
123.9,202.38,16.37,60.49,45.4,17.16,1.45,15.18,66.62,4.47,6.7,2.26
101.93,176.88,15.87,55.93,42.58,14.37,1.2,16.39,69.82,3.76,6.4,1.72
88.29,195.79,28.26,60.83,55.3,11.48,1.28,16.54,57.78,4.7,7.63,2.68
112.67,234.51,66.29,83.29,98.05,21.58,1.95,34.16,35.0,3.17,6.12,2.4
89.89,183.69,42.93,59.18,66.2,14.24,1.5,11.99,57.98,4.57,7.79,3.35
106.06,218.15,63.93,75.76,92.21,13.74,1.78,12.97,49.1,5.24,9.12,3.95
92.74,200.4,51.53,70.87,79.46,15.97,1.6,14.41,54.14,5.0,8.18,3.5
100.71,196.05,25.73,60.68,52.99,15.67,1.19,12.79,68.59,5.72,6.42,2.42
123.81,289.19,33.55,70.69,64.86,19.8,1.52,15.06,60.26,6.32,7.06,2.61
117.2,210.61,13.04,52.2,38.32,22.54,1.19,16.11,33.98,4.21,8.39,1.74
123.38,233.26,12.64,53.99,38.84,20.14,1.48,17.97,52.2,4.36,5.93,1.77
104.12,200.75,13.68,50.03,37.54,17.26,1.39,12.76,39.92,4.37,5.94,1.84
103.95,249.97,36.89,60.86,62.16,16.32,1.52,14.32,49.83,4.1,6.25,2.66
90.25,199.35,34.06,58.21,58.52,18.07,1.48,11.72,52.56,3.84,5.57,2.03
108.47,262.9,59.45,87.42,94.82,19.17,1.7,13.74,31.71,4.89,7.16,3.01
95.29,202.2,31.84,68.01,62.06,16.09,1.24,21.3,52.07,7.86,14.99,6.39
92.94,187.71,17.43,65.32,48.88,16.16,1.15,11.28,61.19,7.66,21.31,3.84
61.99,250.5,83.36,66.23,102.86,19.18,1.11,24.09,35.85,9.57,17.78,8.39
93.98,157.14,8.91,52.36,35.1,14.86,0.91,11.91,51.39,6.68,16.1,3.0
107.88,250.11,11.74,57.23,39.99,16.5,0.79,14.24,85.98,5.76,12.14,4.12
111.32,249.15,20.04,78.4,58.0,16.3,0.97,15.35,59.59,7.05,14.93,5.88
90.26,226.33,19.84,63.2,49.75,13.67,1.04,22.56,51.64,7.08,15.38,5.26
90.03,157.27,4.08,32.85,20.8,13.39,0.92,12.25,113.48,4.84,8.58,2.41
96.08,154.93,3.87,21.61,14.65,13.38,0.89,4.41,130.61,4.82,8.48,2.19
105.85,118.12710293078135,3.89,20.12,13.87,13.78,0.85,5.66,119.86,5.23,11.07,1.13
114.86,180.89,4.31,24.2,16.37,14.97,0.84,8.94,155.27,4.37,8.62,3.06
86.25,155.66,4.12,32.87,20.84,12.86,0.65,8.1,161.93,4.46,8.43,2.39
74.06,141.28,4.14,35.65,22.34,11.33,0.83,6.01,162.33,4.69,9.1,3.38
104.71,197.54,18.6,78.37,56.81,12.92,0.91,14.53197725590996,113.42,5.25,11.94,3.91
118.3,193.27,32.54,93.1,75.97,12.4,1.08,7.03,116.49,5.83,11.01,5.12
111.24,195.18,31.43,79.61,67.9,13.77,0.92,19.05,119.87,5.19,9.34,4.13
100.63,179.35,10.12,58.23,39.29,14.99,0.73,12.57,115.35,4.04,8.29,2.4
77.43,137.85,3.76,40.68,24.69,14.13,0.65,17.41,104.11,3.44,5.75,1.69
131.6,278.71,24.58,103.42,74.99,12.25,1.26,31.0,61.02,6.26,10.18,5.23
132.69,265.78,16.21,92.32,62.29,14.25,1.28,28.06,91.78,5.31,8.93,3.89
116.68,170.85,3.06,40.15,23.83,15.5,0.95,13.47,146.19,3.06,4.47,1.29
136.86,297.86,41.81,130.26,103.28,15.5,1.51,41.63,72.8,7.45,10.71,4.8
106.66,161.56,3.3,33.85,20.69,15.22,0.86,11.83,113.11,2.64,4.01,1.12
115.8,203.73,17.74,56.99,44.71,13.85,1.0,17.47,90.12,3.8,6.65,2.31
120.2,206.55,14.84,57.3,42.55,11.64,1.02,15.43,96.41,4.65,7.12,2.59
76.5,269.04,18.07,63.35,48.39,10.91,1.24,31.62,64.29,5.73,9.25,4.0
67.45057794890306,185.07,2.43,17.39,11.22,10.75,0.88,12.0,153.41,2.47,2.87,0.61
126.4,253.02,16.19,58.08,44.05,11.49,1.12,20.4,109.19,4.08,6.33,1.86
115.56,233.08,32.41,47.81,51.88,15.06,1.16,25.46,27.6,6.25,10.66,4.62
100.56,198.95,52.11,41.78,64.6,12.75,1.1,19.65,7.36,7.45,13.25,6.46
99.81,212.2,36.94,71.07,67.85,15.66,1.19,11.1,52.71,5.81,8.12,3.69
85.53,245.56,28.37,65.16,57.72,13.92,1.06,9.32,60.92,4.75,6.65,2.85
111.01,243.2,40.38,74.52,72.46,16.53,1.32,10.17,49.65,5.4,6.39,2.48
113.48,275.41,53.82,91.99,92.68,19.22,1.43,29.5,40.99,5.47,8.19,3.23
118.36,278.92,58.1,85.31,92.62,22.25,1.57,28.7,53.62,5.47,9.11,2.66
98.9,221.69,41.61,63.54,67.63,21.33,1.15,18.3,28.17,3.53,5.86,1.72
40.46,61.36,6.39,22.82,17.3,2.55,0.58,20.81,28.22,2.73,6.2,1.17
144.72,259.91,11.94,47.03,34.74,23.41,1.13,21.69,55.81,6.3,15.98,3.05
114.41,252.29,25.48,66.87,56.28,17.58,1.25,23.79,47.37,7.57,21.39,4.47
116.67,183.4,11.14,54.7,38.15,15.05,1.18,24.78,60.65,7.16,17.16,3.39
97.75,153.08,6.25,49.32,31.31,12.77,0.95,31.16,63.15,5.23,11.69,2.42
93.79,148.19,2.69,30.06,18.13,11.64,0.92,7.95,91.45,4.68,9.62,1.18
81.26,118.12710293078135,9.55,42.48,30.37,9.64,1.26,7.8,75.76,6.87,11.71,2.95
89.81,180.44,20.01,50.12,42.92,11.56,1.26,6.53,34.36,5.8,9.92,3.41
