PM2.5,PM10,NO,NO2,NOx,NH3,CO,SO2,O3,Benzene,Toluene,Xylene
48.17,118.12710293078135,0.65,8.0,8.55,23.48347601937197,0.65,18.99,7.97,1.23,4.74,0.12
33.56,118.12710293078135,0.72,7.89,8.56,23.48347601937197,0.72,11.28,10.18,0.61,3.85,0.08
31.3,118.12710293078135,0.55,8.1,8.49,23.48347601937197,0.55,10.29,7.44,0.52,2.31,0.06
57.11,118.12710293078135,0.55,8.28,8.42,23.48347601937197,0.55,14.58,2.6,2.81,14.53,1.87
34.72,118.12710293078135,0.1,9.73,7.88,23.48347601937197,0.1,13.62,4.87,1.44,5.22,0.38
29.79,118.12710293078135,0.14,8.64,7.97,23.48347601937197,0.14,15.11,5.34,0.36,1.05,0.14
59.95,118.12710293078135,0.18,8.78,8.16,23.48347601937197,0.18,11.52,2.79,0.52,1.23,0.22
19.2,118.12710293078135,1.52,9.45,9.74,23.48347601937197,1.52,11.23,4.61,1.29,3.29,0.15
36.47,118.12710293078135,0.98,37.13,22.38,23.48347601937197,0.98,19.01,34.49143047551845,0.0,0.0,0.0
40.9,118.12710293078135,4.09,36.77,24.99,23.48347601937197,4.09,17.01,34.49143047551845,0.0,0.0,0.0
30.47,118.12710293078135,1.64,38.78,36.5,23.48347601937197,1.64,15.8,34.49143047551845,0.0,0.01,0.0
51.72,118.12710293078135,17.574729662029362,28.560659061126955,34.62,23.48347601937197,2.2485982090856145,14.53197725590996,24.71,5.35,10.47,0.92
30.18,74.99,3.06,34.81,19.26,23.48347601937197,0.45,25.09,39.0,8.52,51.18,6.71
18.77,61.54,2.81,23.01,13.01,23.48347601937197,0.39,26.86,47.88,3.41,25.88,2.56
31.16,72.09,3.22,25.9,14.73,23.48347601937197,0.37,21.85,43.35,4.75,31.33,3.61
23.69,64.81,2.28,17.18,10.04,23.48347601937197,0.43,23.5,44.04,2.14,29.17,1.67
38.65,81.47,3.7,26.76,14.75,23.48347601937197,0.36,22.03,54.24,5.84,34.58,3.22
30.8,76.25,4.22,25.97,12.68,23.48347601937197,0.36,18.03,37.28,3.22,22.59,1.83
30.69,107.31,3.43,22.57,11.7,23.48347601937197,0.41,36.24,39.3,3.89,31.0,2.45
21.27,65.12,3.66,13.93,9.31,23.48347601937197,0.36,21.0,40.56,1.67,14.29,0.95
29.84,77.98,3.91,15.77,10.58,23.48347601937197,0.34,25.22,38.31,2.27,15.74,1.02
27.81,73.99,3.41,16.32,10.46,23.48347601937197,0.39,19.16,38.23,2.33,17.57,1.5
28.25,70.48,4.83,13.88,10.25,23.48347601937197,0.38,16.51,41.74,1.17,9.32,0.56
30.72,88.9,3.76,33.6,19.08,23.48347601937197,0.63,14.73,4.08,7.45,43.04,2.98
33.19,65.77,3.91,39.76,22.28,23.48347601937197,0.71,14.4,40.28,8.11,25.23,3.18
20.67,69.5,5.19,34.11,20.48,23.48347601937197,0.82,13.05,36.32,6.71,20.69,3.63
22.92,70.97,4.88,28.47,17.52,23.48347601937197,0.57,11.6,30.16,7.93,20.35,3.84
21.17,81.73,5.23,25.68,16.39,23.48347601937197,0.86,12.69,39.69,4.48,18.91,3.27
20.4,66.21,5.3,26.94,17.05,23.48347601937197,0.68,18.41,37.38,8.21,38.36,7.98
21.72,62.28,3.93,28.15,16.62,23.48347601937197,1.18,17.51,30.53,7.01,30.2,8.68
24.1,87.14,3.16,27.53,15.77,23.48347601937197,0.86,20.82,35.29,6.89,28.99,6.74
21.21,92.72,4.03,31.93,18.56,23.48347601937197,0.85,19.3,33.59,21.69,44.29,6.77
31.49,94.09,6.95,24.73,17.23,23.48347601937197,0.85,11.26,38.44,7.54,45.98,3.36
14.79,11.5,4.88,19.65,13.18,23.48347601937197,0.81,9.4,18.2,4.6,49.52,3.04
19.02,98.37,4.48,16.76,11.49,23.48347601937197,0.52,13.32,45.85,3.33,53.61,2.67
22.2,88.99,7.13,15.67,12.2,23.48347601937197,0.51,13.0,64.75,3.18,60.9,2.46
30.29,118.12710293078135,13.07,25.92,21.72,23.48347601937197,0.75,11.99,43.31,1.95,55.13,1.19
32.56,142.43,8.29,24.83,18.21,23.48347601937197,0.65,11.73,40.54,0.98,51.94,1.22
36.48,150.65,8.96,30.78,20.8,23.48347601937197,0.59,10.41,44.47,1.76,49.31,1.72
62.12,118.67,9.18,56.35,19.86,23.48347601937197,0.49,12.44,68.05,1.32,37.76,1.62
31.57,118.12710293078135,6.37,23.99,16.4,23.48347601937197,0.52,11.01,26.34,1.37,49.58,1.34
29.75,127.98,9.06,25.15,18.92,23.48347601937197,0.67,12.1,34.99,1.39,60.21,0.79
40.02,121.1,7.09,58.92,33.41,23.48347601937197,0.73,16.39,41.64,1.21,44.1,1.35
31.21,38.66,7.2,1.27,10.65,25.63,0.56,4.22,2.81,0.01,0.08,3.0701278234985114
38.39,46.68,7.19,0.91,10.37,29.16,0.57,4.46,0.18,0.0,0.0,3.0701278234985114
43.23,50.83,7.14,1.07,10.48,28.95,0.57,4.53,0.41,0.0,0.0,3.0701278234985114
33.82,41.03,7.09,0.36,9.73,28.41,0.48,4.63,0.3,0.0,0.0,3.0701278234985114
27.14,35.04,5.63,2.32,8.09,23.98,0.5,4.71,13.02,0.13,0.68,3.0701278234985114
31.76,41.51,3.0,1.48,5.24,23.42,0.47,5.04,8.76,0.24,1.19,3.0701278234985114
43.8,53.59,2.97,1.31,4.97,23.41,0.48,5.3,9.96,0.26,1.11,3.0701278234985114
35.48,44.02,3.01,0.83,4.64,24.85,0.49,5.32,6.43,0.27,1.15,3.0701278234985114
51.27,60.05,3.01,0.88,4.62,24.44,0.49,5.63,8.62,49.66,50.11,3.0701278234985114
33.24,40.33,2.93,0.13,3.65,18.55,0.37,5.41,5.64,13.07,13.69,3.0701278234985114
35.34,41.55,2.98,0.16,3.71,20.24,0.32,5.63,5.73,62.93,62.45,3.0701278234985114
47.34,56.65,2.96,0.14,3.66,20.21,0.37,6.17,5.59,0.33,0.33,3.0701278234985114
53.64,62.86,2.96,0.17,3.77,25.43,0.44,6.75,6.44,0.23,0.84,3.0701278234985114
54.9,62.7,2.96,0.13,3.69,25.48,0.42,6.8,5.87,0.25,0.92,3.0701278234985114
44.64,53.86,2.94,0.11,3.59,28.26,0.4,7.34,6.42,0.22,0.82,3.0701278234985114
51.33,60.03,2.92,0.35,3.89,29.89,0.44,7.69,8.76,0.23,0.66,3.0701278234985114
34.54,41.95,2.93,0.13,3.64,28.47,0.36,7.8,7.99,0.19,0.6,3.0701278234985114
39.47,48.07,2.93,0.24,3.79,29.05,0.42,7.67,7.4,0.19,0.73,3.0701278234985114
27.27,33.9,2.95,0.25,3.8,30.99,0.4,7.9,6.74,0.18,0.8,3.0701278234985114
38.6,49.19,2.98,0.26,3.94,32.95,0.45,8.11,6.12,36.6,37.17,3.0701278234985114
36.22,48.66,2.93,0.25,3.86,32.94,0.4,8.36,9.24,0.15,0.55,3.0701278234985114
30.35,39.84,2.9,0.21,3.75,23.37,0.29,8.25,10.87,0.08,0.47,3.0701278234985114
33.19,42.17,2.92,0.3,3.85,22.71,0.3,8.78,13.38,0.12,0.38,3.0701278234985114
39.15,45.79,3.32,0.31,4.47,22.95,0.39,7.81,7.66,6.27,6.66,3.0701278234985114
38.01,45.39,4.41,0.13,5.7,27.97,0.41,4.52,5.62,0.16,0.7,3.0701278234985114
30.06,35.53,4.37,0.17,5.74,30.0,0.37,4.77,6.71,0.15,0.71,3.0701278234985114
46.26,49.81,10.26,0.45,14.04,31.28,0.47,5.66,2.97,29.29,29.74,3.0701278234985114
40.72,48.87,11.4,0.51,15.65,30.38,0.42,5.71,0.72,1.55,2.05,3.0701278234985114
50.56,116.89,6.93,37.27,25.44,11.05,0.97,5.25,23.36,0.08,2.3,0.1
26.22,62.82,2.24,20.1,12.54,12.32,0.61,8.25,23.74,0.07,3.07,0.12
31.83,66.74,2.76,16.83,11.14,11.9,0.61,5.87,24.72,0.05,2.64,0.11
42.71,80.24,15.9,17.35,22.25,24.68,0.49,9.53,30.68,0.1,3.09,0.12
54.73,94.12,3.49,12.79,9.73,22.79,0.58,8.21,30.21,0.08,2.23,0.15
50.91,99.84,4.55,16.33,12.39,23.18,0.64,10.34,26.24,0.1,2.51,0.1
38.5,106.7,4.5,16.82,12.69,19.54,0.58,11.02,26.62,0.1,2.68,0.11
34.31,107.74,9.19,20.85,18.66,15.88,2.2485982090856145,13.97,16.28,0.1,2.44,0.12
38.1,97.0,7.1,22.21,17.68,19.27,0.79,13.89,22.73,0.06,2.12,0.11
33.08,83.16,5.37,18.83,14.38,14.52,0.72,8.98,23.63,0.05,2.04,0.1
29.7,77.45,4.45,17.33,13.01,12.72,0.65,9.71,29.26,0.05,1.85,0.1
38.67,82.67,4.45,22.81,15.74,12.41,0.66,12.63,22.9,0.06,2.18,0.11
30.04,83.07,11.58,24.74,22.65,12.52,0.78,8.98,17.81,0.05,1.91,0.21
39.72,103.81,19.66,26.29,30.06,14.03,0.81,9.68,17.53,0.11,2.46,0.17
38.21,78.95,5.71,19.03,14.85,14.15,0.75,8.03,22.81,0.05,2.19,0.1
41.67,80.09,2.74,13.08,9.19,13.51,0.78,8.35,30.38,0.11,2.08,0.1
32.44,75.3,6.01,19.07,15.02,12.65,0.68,7.75,21.52,0.09,2.72,0.15
26.43,80.85,10.73,20.82,19.8,11.64,0.72,9.43,16.52,0.08,2.24,0.13
25.08,60.67,7.17,15.22,13.94,14.1,0.56,8.63,13.8,0.05,2.19,0.12
26.09,63.05,4.9,10.42,9.51,10.74,0.58,11.33,21.38,0.02,1.26,0.1
16.62,39.94,4.9,8.18,8.43,11.53,0.58,6.37,12.68,0.01,1.52,3.0701278234985114
49.58,82.95,4.98,19.05,14.27,13.47,0.7,12.47,20.32,0.09,2.18,0.22
43.52,80.01,6.41,20.43,16.16,13.75,0.8,10.57,23.36,0.12,2.6,0.29
39.83,76.09,4.63,14.37,11.5,13.34,0.7,8.89,23.13,0.09,2.71,0.1
36.89,76.61,6.62,18.83,15.39,13.96,0.57,7.04,13.58,0.06,2.88,0.1
52.69,94.25,4.69,14.44,11.58,15.35,0.59,16.81,19.03,0.01,1.48,0.1
46.48,95.41,4.35,14.79,11.5,15.02,0.6,15.55,21.04,0.03,1.62,0.16
44.22,77.62,3.56,8.53,7.52,14.58,0.73,9.61,23.87,0.02,1.28,0.1
35.91,71.26,2.94,6.99,6.19,13.53,0.67,3.69,27.58,0.01,1.69,3.0701278234985114
39.05,81.51,3.43,9.86,8.11,10.94,0.68,7.26,23.74,0.05,2.2,0.13
30.21,67.22,5.11,11.29,10.25,11.24,0.58,13.19,20.89,0.01,1.96,0.1
31.14,60.35,4.25,10.36,9.05,11.8,0.83,14.42,20.99,0.02,1.69,0.1
26.82,52.51,3.63,7.68,7.14,11.54,0.69,13.63,23.6,0.0,1.27,3.0701278234985114
26.34,52.07,3.49,8.43,7.41,9.3,0.57,18.83,23.6,0.0,1.38,3.0701278234985114
28.48,55.8,3.06,6.86,6.23,10.49,0.64,12.97,24.19,0.0,1.42,3.0701278234985114
21.83,52.92,2.69,5.28,5.09,7.53,0.55,8.3,23.34,0.0,1.43,3.0701278234985114
24.23,52.06,4.32,14.33,11.23,8.17,0.56,9.95,23.86,0.04,1.38,0.1
22.29,55.96,4.38,11.27,9.64,10.88,0.67,8.08,19.63,0.03,1.85,0.1
25.28,54.59,4.93,9.65,9.24,12.44,0.72,8.7,19.64,0.01,1.5,0.1
19.68,45.57,2.06,6.63,5.2,8.44,0.69,5.86,14.34,0.0,1.43,3.0701278234985114
24.4,70.25,5.01,10.84,9.84,10.27,0.74,7.4,13.13,0.0,1.11,0.1
20.05,79.5,4.17,13.54,10.69,9.77,0.65,10.35,34.29,0.02,1.12,3.0701278234985114
23.72,55.74,4.18,8.86,8.18,10.54,0.81,6.71,19.29,0.0,0.99,0.1
26.12,56.77,4.8,11.71,10.14,9.83,0.5,6.88,14.32,0.0,1.14,0.12
19.78,49.86,3.0,4.9,5.14,6.3,0.66,7.64,23.67,0.0,0.7,3.0701278234985114
18.48,62.52,3.36,12.71,9.5,6.68,0.76,7.38,17.57,0.0,0.87,3.0701278234985114
9.74,33.83,3.94,4.84,5.87,5.66,0.66,7.51,12.65,0.0,0.83,3.0701278234985114
10.35,30.98,3.51,5.55,5.81,4.43,1.01,5.38,7.55,0.0,0.86,3.0701278234985114
22.81,53.85,3.12,6.96,6.33,5.76,0.8,7.09,34.26,0.0,0.22,3.0701278234985114
28.54,56.36,4.29,22.75,15.68,8.96,0.85,7.28,32.62,3.280840304500585,8.700972080037227,3.0701278234985114
18.46,39.45,3.59,14.17,10.55,12.76,0.49,6.37,30.3,3.280840304500585,8.700972080037227,3.0701278234985114
14.42,36.29,3.41,6.9,6.44,7.77,0.43,9.19,35.44,0.08,2.85,3.0701278234985114
12.42,36.29,4.47,10.28,9.11,4.63,0.51,5.82,36.88,0.03,0.21,0.15
16.78,42.22,2.87,5.94,5.57,7.82,0.4,7.31,50.24,0.21,0.74,3.0701278234985114
19.77,62.11,3.66,10.0,8.38,9.3,1.03,12.02,43.79,0.57,0.0,3.0701278234985114
22.63,54.13,2.87,14.93,10.28,9.67,0.26,9.43,41.32,0.81,0.0,3.0701278234985114
16.44,54.42,2.37,7.26,5.79,9.16,2.2485982090856145,8.06,40.47,0.95,0.0,0.1
13.23,41.25,2.51,5.4,4.92,9.37,2.2485982090856145,6.55,29.12,0.23,0.04,1.3
25.62,56.44,4.28,13.88,10.97,11.52,0.48,7.3,44.62,0.44,0.34,8.45
40.32,66.25,4.36,11.3,9.65,10.61,0.5,7.57,24.35,39.22,4.47,8.46
13.07,37.35,3.8,8.59,7.75,9.78,0.46,6.09,29.05,28.37,5.06,4.02
32.33,55.74,3.37,18.42,12.62,13.99,0.51,6.22,44.58,1.84,76.32,3.0701278234985114
19.29,31.22,2.93,13.9,9.86,17.3,0.42,5.87,65.87,3.280840304500585,8.700972080037227,3.0701278234985114
17.99,29.24,2.8,10.45,7.92,14.89,0.32,6.37,63.95,3.280840304500585,8.700972080037227,3.0701278234985114
12.72,24.79,2.33,9.03,6.78,10.79,0.4,5.82,72.26,3.280840304500585,8.700972080037227,3.0701278234985114
13.65,35.39,1.9,6.11,4.79,9.14,0.46,7.1,60.03,3.280840304500585,8.700972080037227,3.0701278234985114
17.64,47.81,3.95,10.06,8.65,9.74,0.49,5.81,46.41,3.280840304500585,8.700972080037227,3.0701278234985114
23.43,57.11,5.5,13.82,11.83,10.29,0.79,6.68,46.96,3.280840304500585,8.700972080037227,3.0701278234985114
25.92,68.27,4.85,15.08,11.96,9.72,0.61,6.36,36.27,3.280840304500585,8.700972080037227,3.0701278234985114
32.7,103.88,3.83,11.83,9.5,11.4,0.55,8.41,47.71,3.280840304500585,8.700972080037227,3.0701278234985114
24.23,78.11,3.0,8.32,6.95,10.85,0.98,9.0,59.68,3.280840304500585,8.700972080037227,3.0701278234985114
17.92,68.72,3.53,7.85,7.13,10.72,0.46,6.66,52.83,3.280840304500585,8.700972080037227,3.0701278234985114
17.38,55.59,4.73,9.13,8.79,9.36,0.84,6.18,54.36,3.280840304500585,8.700972080037227,3.0701278234985114
19.06,59.46,4.75,11.31,9.96,10.32,1.02,5.43,62.58,3.280840304500585,8.700972080037227,3.0701278234985114
18.81,55.66,3.91,11.7,9.49,11.32,1.01,5.53,62.72,0.23,0.26,0.1
17.85,43.47,3.35,11.42,8.88,11.67,1.05,6.86,63.17,0.41,0.24,3.0701278234985114
18.09,45.11,3.0,7.26,6.39,9.25,1.0,6.14,64.6,0.4,0.24,0.1
18.93,60.89,3.85,7.4,7.15,10.94,0.55,6.76,50.27,0.43,0.26,3.0701278234985114
16.86,48.26,2.98,8.54,6.96,10.01,0.52,7.12,50.39,0.36,0.22,0.1
16.85,54.97,5.26,10.6,10.0,11.26,0.57,7.55,43.4,0.38,0.25,3.0701278234985114
16.46,33.5,5.95,17.41,14.19,11.74,0.61,4.72,40.44,0.48,0.5,0.3
18.4,49.43,4.29,13.66,10.85,13.37,0.38,5.51,48.0,0.4,0.28,0.1
20.31,49.14,3.84,12.76,9.99,12.81,0.41,7.54,61.59,0.39,0.25,0.1
23.99,46.59,3.45,16.64,11.74,15.06,0.51,5.01,46.14,0.34,0.32,0.13
20.36,41.99,4.47,15.53,11.98,13.73,0.52,6.62,53.13,0.32,0.27,0.11
15.08,38.79,5.11,13.96,11.66,10.28,0.4,4.9,44.36,0.32,0.25,0.11
19.42,69.33,5.64,13.23,11.71,10.96,0.41,5.6,47.28,0.29,0.25,0.1
13.93,48.97,5.11,10.72,9.94,11.11,0.33,6.52,44.77,0.3,0.25,0.1
18.29,41.01,6.12,17.63,14.44,13.21,0.63,6.53,37.35,0.32,0.29,0.13
17.25,32.02,2.58,6.82,5.82,11.04,0.37,4.65,65.23,0.29,0.2,0.2
13.43,26.94,2.11,5.31,4.54,9.79,0.46,5.17,54.03,0.26,0.2,3.0701278234985114
16.83,38.25,3.04,7.43,6.51,9.56,0.37,5.69,61.43,0.28,0.21,3.0701278234985114
18.16,38.17,3.03,6.81,6.17,10.87,0.36,5.36,53.27,0.24,0.21,3.0701278234985114
16.89,30.98,2.61,6.37,5.51,10.19,0.39,6.75,54.84,0.35,0.87,4.88
15.95,25.24,7.52,7.16,10.56,16.27,0.64,8.77,37.76,0.28,0.12,0.1
17.96,47.61,5.68,14.95,12.66,14.75,0.69,6.51,32.73,0.19,0.12,0.15
16.87,50.6,2.22,7.8,5.94,14.92,0.38,12.46,31.82,0.18,0.06,3.0701278234985114
17.42,56.44,5.71,16.26,13.39,15.6,0.47,11.83,28.85,0.21,0.11,0.1
17.79,68.97,7.15,16.25,14.55,14.24,0.62,10.42,26.08,0.16,0.08,0.2
18.75,82.27,4.66,15.45,12.1,16.15,0.55,9.13,27.44,0.16,0.1,3.0701278234985114
11.92,46.76,3.33,7.75,6.92,16.19,0.57,10.97,29.93,0.13,0.05,3.0701278234985114
17.74,80.26,10.41,20.1,19.29,18.23,0.49,10.98,27.33,0.2,0.19,0.1
21.78,76.32,5.21,20.63,15.21,18.8,0.44,9.64,25.7,0.16,0.18,0.1
28.31,98.01,9.45,24.83,20.98,18.71,0.54,6.69,31.12,0.13,0.12,0.1
20.21,91.71,4.66,16.41,12.61,18.05,0.34,6.74,29.91,0.12,0.08,0.1
18.52,51.48,6.99,18.33,15.52,20.07,0.43,12.46,28.73,0.13,0.1,0.1
25.59,70.1,10.33,21.95,20.17,21.89,0.5,8.64,26.4,0.13,0.14,0.12
21.79,75.21,4.79,15.65,12.3,19.74,0.38,11.1,30.57,0.12,0.08,0.2
24.0,80.0,1.4,28.8,16.4,35.2,0.95,2.9,17.6,0.2,0.1,3.0701278234985114
9.28,16.42,5.01,7.85,8.31,14.27,0.92,8.12,12.29,0.04,0.03,0.1
7.45,20.5,3.99,8.92,8.08,14.63,0.88,8.35,16.01,0.05,0.04,0.1
15.32,45.04,3.13,10.48,8.12,15.07,0.88,8.93,14.12,0.1,0.06,0.1
8.84,23.71,3.77,6.74,6.74,18.92,0.95,8.39,21.01,0.1,0.02,3.0701278234985114
11.39,24.61,3.02,7.96,6.77,13.6,0.96,11.82,26.34,0.1,0.02,0.1
12.51,32.52,2.71,6.6,5.8,14.61,0.86,9.47,28.28,0.1,0.02,0.1
8.71,14.17,1.36,6.04,4.31,20.04,1.03,8.12,22.3,0.1,0.01,0.1
7.0,7.8,1.7,7.66,5.45,17.12,1.08,8.39,17.77,0.09,0.0,0.1
15.76,40.74,4.78,19.03,14.1,16.38,1.36,9.46,23.34,0.1,0.09,0.15
18.79,60.26,5.2,20.45,15.18,18.52,1.1,10.01,22.54,0.1,0.07,0.1
15.05,43.47,3.3,14.59,10.44,19.91,0.95,10.12,22.85,0.1,0.04,3.0701278234985114
10.1,23.92,4.73,13.33,11.02,19.26,0.87,9.24,20.67,0.1,0.08,0.1
14.43,43.47,6.66,16.04,14.03,17.73,0.95,9.76,24.54,0.09,0.06,0.13
22.65,57.46,4.52,16.8,12.7,19.88,1.18,8.89,29.44,0.1,0.08,0.1
28.45,81.89,6.68,19.36,15.81,20.7,1.39,9.78,29.76,0.1,0.07,0.1
24.94,69.22,3.56,19.99,13.29,20.42,1.4,11.98,28.1,0.04,0.06,0.1
26.24,62.75,4.63,21.34,15.23,24.55,1.68,11.17,27.98,0.07,0.12,0.1
30.6,76.16,7.16,24.63,18.91,22.37,1.71,11.64,24.36,0.11,0.18,0.12
21.81,78.68,12.19,23.75,22.67,21.76,1.64,11.8,29.05,0.09,0.07,3.0701278234985114
24.22,86.08,9.81,26.49,22.16,21.11,1.68,11.54,26.93,0.09,0.1,0.1
25.11,81.43,6.01,21.87,16.61,16.71,1.57,11.73,31.81,0.09,0.08,3.0701278234985114
31.3,101.05,9.49,25.22,21.23,18.06,1.48,11.06,35.61,0.08,0.16,0.1
67.45057794890306,118.12710293078135,17.574729662029362,28.560659061126955,32.30912333307031,23.48347601937197,2.2485982090856145,14.53197725590996,34.49143047551845,3.280840304500585,8.700972080037227,3.0701278234985114
33.28,75.5,10.44,32.4,25.96,23.03,1.11,8.91,30.15,0.07,0.07,0.1
40.56,66.97,2.56,17.56,11.42,22.66,0.62,11.29,37.87,0.07,0.11,0.1
37.93,67.4,3.85,20.86,14.32,19.44,0.78,8.91,34.81,0.07,0.17,0.14
31.64,69.39,2.6,18.65,11.86,24.14,0.66,9.58,39.56,0.06,0.07,0.1
22.12,34.83,3.73,16.1,11.69,18.14,1.34,10.48,41.51,0.01,0.02,3.0701278234985114
29.25,52.84,4.16,17.41,12.79,17.82,0.81,11.24,42.2,0.0,0.03,3.0701278234985114
38.32,80.97,3.61,26.27,16.89,18.04,0.65,13.38,25.95,0.05,0.18,3.0701278234985114
35.02,71.42,2.84,21.04,13.5,19.86,0.74,6.28,41.37,0.02,0.03,0.1
24.29,50.33,3.45,13.45,10.13,18.22,0.97,14.1,47.86,0.03,0.07,0.1
19.69,50.18,3.1,12.18,9.0,16.71,0.43,12.28,27.91,0.0,0.02,3.0701278234985114
18.81,50.51,6.24,14.01,12.61,15.48,0.92,14.67,20.67,0.01,0.02,3.0701278234985114
26.13,60.44,8.3,22.94,19.06,19.43,0.82,27.0,30.84,0.03,7.96,12.4
24.08,45.81,8.17,27.49,21.37,18.56,0.84,13.47,27.49,0.03,0.07,0.12
21.81,37.31,6.87,28.22,20.75,19.6,0.62,17.33,25.36,0.02,0.13,3.0701278234985114
14.58,41.04,15.55,15.29,20.86,15.78,0.85,14.92,20.11,0.03,0.06,3.0701278234985114
67.45057794890306,42.61,10.61,14.9,16.55,16.9,0.84,11.9,25.72,0.01,0.06,3.0701278234985114
25.88,56.44,6.94,17.79,15.2,15.01,0.84,12.41,27.48,0.04,0.21,0.1
49.7,109.35,8.38,25.91,20.65,17.96,0.76,14.31,46.63,0.05,0.16,0.1
36.86,76.61,8.26,27.36,21.36,20.86,1.09,9.33,21.11,0.02,0.12,0.14
34.41,72.03,10.35,25.38,22.0,19.19,1.07,10.8,21.99,0.02,0.19,0.28
22.05,48.93,6.04,18.92,15.15,19.77,0.94,10.51,26.78,0.0,0.02,3.0701278234985114
33.33,65.58,1.24,19.63,11.45,12.35,0.88,10.4,32.06,0.04,0.15,3.0701278234985114
12.7,38.49,4.68,30.66,20.22,1.62,0.89,8.59,23.45,0.0,0.05,3.0701278234985114
21.58,68.71,20.4,39.44,37.67,3.41,0.73,10.43,19.42,0.0,0.07,0.1
23.22,64.84,20.42,39.56,37.74,2.15,0.89,10.33,21.33,0.01,0.11,0.1
28.39,71.27,11.5,45.23,33.61,0.3,1.04,10.36,35.14,0.01,0.05,3.0701278234985114
16.21,48.0,13.93,43.42,34.5,8.82,0.87,7.51,17.51,0.01,0.07,3.0701278234985114
19.48,46.57,14.56,35.92,30.95,10.76,0.84,7.49,15.47,0.01,0.07,0.1
26.8,66.67,5.44,38.81,25.15,9.87,1.03,9.65,22.63,0.0,0.04,3.0701278234985114
48.35,100.01,3.87,38.27,23.58,10.18,1.07,12.15,35.86,0.0,0.04,3.0701278234985114
19.26,22.54,2.0,30.38,17.79,21.15,0.7,10.94,18.91,0.0,0.0,3.0701278234985114
48.88,84.99,6.61,63.12,38.95,19.24,0.94,29.45,23.97,0.06,0.16,0.11
55.24,81.9,3.65,55.65,32.57,17.93,1.17,13.62,27.34,0.07,0.15,0.1
34.51,63.23,3.87,38.2,23.52,21.38,0.72,12.19,17.24,0.02,0.01,3.0701278234985114
15.12,40.61,2.65,22.75,14.26,22.92,0.38,8.37,19.39,0.0,0.02,3.0701278234985114
51.67,70.71,5.29,55.79,34.06,17.58,1.28,15.66,20.15,0.06,0.12,0.11
54.24,87.78,5.5,56.1,34.39,17.76,0.98,27.99,25.38,0.04,0.05,0.1
33.9,64.61,2.59,15.97,10.54,14.52,0.55,7.78,32.91,0.0,0.01,3.0701278234985114
31.75,58.96,1.38,13.31,8.16,12.92,0.54,13.52,27.85,0.0,0.01,3.0701278234985114
34.8,72.77,7.55,17.35,15.37,10.31,0.59,12.99,24.83,0.0,0.0,3.0701278234985114
32.07,63.36,8.59,17.16,16.19,11.98,0.72,10.51,19.85,0.0,0.0,3.0701278234985114
30.32,66.4,7.19,15.26,14.04,9.84,0.58,10.5,24.21,0.0,0.01,3.0701278234985114
38.35,95.79,18.66,21.18,26.51,9.69,0.72,8.3,27.25,0.0,0.04,0.15
36.92,106.73,26.53,25.18,35.05,10.43,0.64,14.78,30.4,0.0,0.04,0.1
33.88,80.8,3.59,18.86,13.05,14.69,0.51,13.5,30.89,0.0,0.01,0.1
22.47,52.83,3.89,12.56,9.93,11.9,0.46,11.27,19.85,0.0,0.0,3.0701278234985114
14.78,39.26,2.82,8.15,6.69,9.17,0.4,10.43,23.58,0.0,0.01,3.0701278234985114
20.92,49.94,3.23,13.32,9.81,9.1,0.56,15.85,25.36,0.0,0.01,0.1
23.72,51.79,2.9,8.11,6.76,10.79,0.44,8.55,27.48,0.0,0.0,3.0701278234985114
22.49,54.86,5.46,12.0,10.75,11.3,0.43,5.49,23.63,0.0,0.0,3.0701278234985114
21.59,52.32,2.9,10.62,8.02,11.85,0.41,11.52,19.77,0.0,0.0,3.0701278234985114
34.44,76.9,3.11,13.02,9.5,12.13,0.5,14.74,33.17,0.0,0.01,3.0701278234985114
16.39,53.9,2.15,8.68,6.38,11.34,0.62,10.98,31.2,1.7,4.48,0.42
12.88,59.01,2.82,9.92,7.57,11.03,0.69,12.43,29.66,1.38,5.33,0.54
10.66,47.74,4.02,8.02,7.5,9.45,0.35,12.07,22.33,1.05,4.23,0.34
12.77,50.79,2.6,8.45,6.56,8.86,0.53,14.06,22.67,0.95,3.31,0.29
27.0,90.58,5.03,15.67,12.51,9.74,0.41,13.33,27.15,1.01,6.81,0.67
32.79,104.04,4.4,17.4,12.91,11.1,0.4,9.21,31.25,0.86,4.9,0.37
40.08,93.9,6.5,14.86,12.92,11.63,0.58,7.89,28.04,1.74,9.37,0.68
22.09,53.31,2.18,9.6,6.94,6.44,0.68,9.51,29.78,1.87,3.29,0.26
25.39,49.43,2.04,7.75,5.44,7.63,0.7,9.14,32.42,4.88,2.68,2.27
21.71,43.12,1.13,6.24,4.23,7.09,0.5,7.63,36.81,1.7,2.82,0.13
23.56,53.08,2.86,12.03,8.56,5.6,0.53,10.27,29.46,1.18,3.57,0.28
23.68,64.65,9.37,14.63,15.49,5.75,0.53,8.61,29.24,1.4,4.5,0.38
17.99,48.09,2.41,8.02,5.87,6.06,0.47,9.11,29.02,1.46,3.2,0.2
20.58,51.83,3.09,9.93,7.87,5.76,0.49,10.38,21.95,1.2,3.07,0.21
24.0,60.54,2.23,10.84,7.69,7.15,0.54,12.07,32.91,1.09,3.83,0.24
27.44,70.3,3.41,12.49,9.43,6.62,0.54,12.69,28.07,1.18,3.54,0.3
24.11,65.16,2.56,9.81,7.4,6.81,0.45,8.19,30.44,1.08,2.73,0.21
28.43,60.07,1.74,9.49,6.53,8.36,0.56,17.06,42.66,1.26,2.14,0.18
33.0,72.26,1.11,9.26,5.64,7.66,0.58,16.56,34.64,0.69,3.43,0.22
30.05,62.5,1.54,8.62,5.72,6.27,0.71,14.7,31.67,1.13,2.43,0.22
20.75,45.07,1.4,5.59,4.08,6.03,0.48,9.15,25.97,1.09,1.72,0.15
13.97,39.04,3.77,7.21,6.99,5.55,0.64,10.24,20.32,1.33,2.13,0.23
18.72,50.84,3.12,6.06,5.7,5.8,0.67,13.03,28.03,1.06,2.11,0.15
22.07,63.47,2.2,5.25,3.94,6.21,0.62,12.96,40.3,0.51,2.03,0.16
13.49,34.05,1.45,4.2,3.38,4.21,0.57,12.69,22.15,0.69,1.25,0.13
20.68,38.77,1.56,4.48,3.53,4.22,0.63,10.9,26.79,0.71,1.43,0.12
15.91,33.28,0.46,2.04,0.86,3.7,0.4,13.09,33.05,0.63,1.54,0.12
17.24,43.11,2.53,5.32,4.04,3.95,0.58,14.02,30.87,0.78,2.17,0.16
25.87,89.0,2.4,9.61,6.54,3.98,0.39,11.84,46.66,0.67,2.74,0.25
15.77,50.12,1.12,6.04,4.03,3.86,0.36,14.45,28.78,0.62,1.37,0.14
23.75,68.9,1.94,11.38,7.46,3.49,0.64,18.42,19.94,0.33,2.13,0.18
25.36,81.59,2.19,20.61,12.25,4.81,0.65,22.54,20.53,0.67,2.07,0.21
32.7,91.22,2.19,17.13,10.91,7.6,0.54,15.71,25.28,0.52,2.02,0.18
20.21,57.8,2.65,13.78,9.52,6.54,0.51,10.6,26.51,0.16,3.11,0.14
11.55,37.66,3.35,13.27,9.6,7.05,0.59,12.58,26.46,0.19,2.64,0.12
21.38,75.6,2.29,19.85,11.65,4.32,0.48,23.3,39.42,0.39,2.28,0.23
17.58,59.05,2.68,18.08,11.89,4.04,0.48,12.66,27.14,0.25,2.73,0.21
28.05,84.5,4.67,18.74,13.85,6.85,0.48,12.78,25.81,0.24,1.43,0.13
27.98,79.71,2.79,18.31,12.1,8.01,0.51,8.71,34.54,0.19,1.79,0.13
23.32,70.68,1.97,16.88,10.58,5.65,0.66,16.4,34.16,0.38,1.13,0.11
15.52,46.14,2.16,15.11,9.79,4.67,0.42,13.67,23.72,0.11,1.33,0.18
19.03,60.71,1.99,19.23,11.85,4.84,0.4,13.57,35.2,0.05,1.84,0.18
27.18,93.8,2.87,23.54,14.82,3.53,0.64,26.8,38.05,0.45,2.85,0.27
41.62,95.91,1.93,20.32,12.54,4.91,0.53,21.47,43.36,0.23,2.08,0.12
43.1,96.34,2.0,21.71,13.26,5.96,0.67,24.72,42.13,0.31,1.77,0.16
35.3,89.42,0.8,17.33,9.84,4.32,0.47,17.09,44.47,0.06,1.16,0.11
40.35,94.6,0.91,18.93,10.8,4.17,0.53,23.95,45.97,0.06,1.32,0.11
24.95,74.2,1.86,20.68,12.51,3.36,0.49,16.73,19.84,0.1,1.17,0.14
30.42,76.95,1.27,16.96,10.05,3.25,0.72,13.67,30.35,0.21,1.02,0.11
36.5,84.57,1.5,17.83,10.77,3.8,0.63,14.71,37.15,0.17,1.46,0.11
40.51,99.45,0.71,16.93,9.55,3.35,0.51,14.62,54.63,0.14,1.55,0.14
36.31,77.21,1.47,18.03,10.88,4.47,0.52,17.79,42.23,0.14,1.09,0.11
38.7,82.24,1.45,16.29,9.94,4.22,0.48,15.76,42.04,0.14,1.06,0.11
33.52,79.78,2.11,26.44,15.85,3.85,0.57,19.96,45.17,0.23,2.96,0.15
36.8,75.96,0.97,17.39,10.05,4.06,0.51,14.55,48.97,0.03,1.06,0.12
31.52,73.42,1.39,20.17,11.91,4.0,0.45,18.1,43.53,0.13,1.09,0.13
36.24,84.55,0.66,19.93,10.94,4.56,0.46,21.35,54.64,0.06,1.09,0.11
24.16,59.22,1.81,26.79,9.83,12.18,0.53,26.62,41.27,0.28,1.46,0.16
23.12,57.48,1.52,24.2,13.97,5.86,0.52,23.46,56.71,0.15,1.38,0.12
31.95,71.15,2.87,26.2,16.27,7.52,0.58,17.18,55.48,0.03,1.32,0.14
26.02,66.47,0.73,20.95,11.65,5.5,0.52,15.99,75.1,0.07,1.06,0.12
22.19,63.59,2.62,25.07,15.42,5.06,0.5,18.35,62.52,0.13,1.19,0.18
13.91,48.33,3.61,24.16,15.86,4.78,0.37,14.02,44.59,0.08,1.26,0.12
17.42,69.93,1.53,18.88,11.36,3.49,0.38,14.79,38.49,0.08,0.96,0.2
19.25,71.73,0.8,18.26,10.36,2.01,0.31,9.68,47.37,0.22,1.39,0.1
23.99,66.09,3.71,28.19,18.1,4.94,0.49,14.94,30.27,0.18,3.67,0.18
23.62,68.06,7.98,36.52,26.01,2.85,0.46,13.66,30.54,0.27,3.55,0.44
21.28,72.04,2.87,27.95,16.23,4.57,0.44,18.83,38.25,0.27,3.08,0.19
14.03,40.6,3.87,25.45,16.74,4.45,0.45,18.94,34.87,0.28,1.73,0.14
15.93,32.7,1.43,20.53,12.15,5.4,0.43,16.53,42.92,0.11,1.04,0.11
19.8,34.77,2.36,30.66,18.32,4.41,0.76,14.36,38.26,0.08,2.31,0.28
21.45,38.36,4.83,36.24,23.3,4.23,0.73,17.88,24.68,0.08,2.16,0.31
12.45,30.36,3.08,26.62,16.74,3.09,0.53,17.43,27.85,0.1,1.04,0.17
12.05,24.42,6.49,29.88,21.26,2.4,0.59,13.78,23.41,0.07,0.72,0.12
14.54,32.83,7.23,30.62,22.26,2.68,0.61,12.6,27.29,0.09,0.67,0.1
8.4,21.46,11.11,30.36,25.27,2.7,0.57,14.32,26.69,0.27,0.83,0.16
10.31,22.14,8.27,25.22,20.23,2.46,0.62,16.24,22.99,0.23,1.38,0.59
13.91,38.67,2.55,18.0,11.62,3.43,0.58,18.86,26.64,0.21,0.49,0.16
13.03,29.59,5.45,25.64,18.15,2.13,0.51,20.09,32.1,0.15,1.14,0.11
11.65,27.15,5.28,22.68,16.42,2.06,0.56,22.58,25.94,0.15,2.15,0.18
21.86,56.69,4.74,19.35,14.24,5.9,0.45,19.19,31.87,0.44,16.07,0.39
16.18,39.97,3.29,16.01,11.13,5.05,0.43,12.93,35.8,0.18,2.28,0.21
12.52,30.89,1.4,3.94,2.89,3.12,0.55,14.14,22.33,0.13,0.94,0.16
10.89,26.77,5.81,11.39,9.53,2.47,0.56,21.15,19.61,0.1,0.84,0.15
6.85,13.3,1.61,1.52,1.86,2.44,0.46,13.29,18.07,0.04,0.26,0.1
7.35,18.12,3.22,6.38,6.1,6.23,0.46,11.57,21.64,0.22,0.5,0.1
13.49,37.83,2.45,7.57,6.12,7.17,0.5,19.01,27.18,0.29,0.78,0.28
16.6,47.35,2.07,6.74,5.37,6.66,0.6,15.64,31.28,0.28,0.94,0.14
24.56,47.61,2.23,9.16,6.49,14.56,0.58,18.9,33.97,0.19,1.87,0.52
15.8,44.75,3.71,12.43,9.71,14.64,0.62,11.3,36.47,0.12,0.95,0.23
27.63,44.01,3.3,11.48,8.92,17.92,0.89,18.89,31.23,0.15,1.48,0.26
7.09,24.44,2.65,7.41,6.2,10.75,0.65,13.87,29.37,0.14,1.13,0.27
9.79,26.48,3.35,11.9,9.14,8.4,0.65,14.02,30.06,0.08,1.85,0.39
32.29,56.07,2.67,12.02,8.66,12.43,0.72,15.53,47.76,0.37,4.97,0.46
40.0,67.65,3.08,13.18,9.6,12.31,0.64,15.3,51.95,0.34,4.49,0.32
19.31,36.71,5.32,13.02,11.34,10.32,0.52,11.22,28.81,0.26,4.8,0.42
8.12,21.82,1.93,7.85,5.75,8.66,0.53,11.39,34.36,0.08,2.0,0.18
9.99,25.65,3.25,12.56,9.33,8.36,0.72,8.72,29.54,0.2,3.97,0.22
11.75,23.54,3.84,13.51,10.4,8.03,0.72,10.68,23.48,0.15,1.74,0.16
11.82,27.75,3.59,11.1,8.92,7.35,0.72,9.54,24.82,0.2,3.1,0.22
38.32,53.68,3.85,9.76,8.42,7.89,0.55,18.55,30.26,0.24,2.71,0.17
12.95,35.12,6.0,13.44,12.11,6.68,0.58,12.65,31.2,0.17,2.21,0.2
42.98,74.55,5.08,15.53,12.48,9.29,0.67,12.3,45.78,0.31,2.35,0.18
56.76,101.39,4.62,20.7,14.85,10.74,0.68,17.89,41.87,0.44,5.99,0.21
39.26,68.41,2.81,16.23,10.92,10.87,0.67,10.97,39.44,0.33,2.9,0.11
37.5,69.2,4.33,20.42,14.47,10.74,0.91,11.84,34.42,0.22,2.58,0.16
45.41,76.67,2.6,14.75,10.05,10.82,0.64,13.6,50.03,0.26,4.34,0.1
60.86,97.67,2.41,13.27,9.11,10.84,0.8,15.36,60.81,0.28,3.78,0.11
42.45,72.25,2.7,14.32,9.89,10.74,0.81,15.71,37.44,0.16,2.7,0.14
62.31,89.89,2.51,14.9,10.06,12.77,1.0,16.91,49.95,0.22,1.34,0.18
53.15,87.02,2.74,15.54,10.58,9.58,0.65,7.74,55.76,0.6,12.8,0.11
63.39,100.23,2.4,15.36,10.21,11.13,0.71,12.64,48.1,0.63,6.28,0.17
35.69,63.76,2.11,14.42,9.39,9.11,0.67,14.59,43.35,0.49,8.64,0.14
55.2,86.24,2.55,12.3,8.72,11.27,0.81,18.46,44.15,0.21,4.76,0.1
65.14,106.58,2.68,16.03,10.7,15.72,0.95,9.83,43.92,0.15,2.41,3.0701278234985114
55.72,86.96,2.85,13.9,9.8,14.4,0.7,10.3,42.3,0.21,1.95,0.1
63.99,97.97,2.93,14.49,10.18,17.28,0.72,14.19,43.47,0.28,2.0,0.1
36.75,63.62,2.46,12.29,8.54,11.52,0.56,12.2,42.28,0.18,2.81,3.0701278234985114
24.96,49.69,4.02,15.4,11.55,10.42,0.52,13.35,37.78,0.24,7.47,3.0701278234985114
39.12,69.06,5.93,24.73,17.97,14.14,0.77,10.8,34.82,0.71,8.37,0.13
51.44,82.17,4.9,22.53,15.96,13.61,0.68,12.58,36.02,0.76,4.92,0.16
38.89,66.08,3.95,18.7,13.15,13.46,0.62,10.22,36.73,0.88,12.73,0.15
35.8,62.14,3.3,16.11,11.24,16.42,0.62,12.83,39.73,0.49,4.63,0.12
39.06,63.53,2.22,13.1,8.77,14.38,0.55,13.87,41.66,0.44,12.72,0.1
47.53,79.0,2.62,17.58,11.48,13.85,0.65,17.05,41.13,0.66,10.29,0.19
46.6,78.44,4.18,17.93,12.93,14.81,0.62,18.96,43.5,0.59,6.47,0.18
67.15,107.1,4.36,25.62,17.18,19.74,0.84,12.22,47.84,1.2,9.82,0.25
41.79,73.58,3.48,17.65,12.21,13.75,0.63,14.1,29.21,0.74,2.45,0.13
57.09,88.15,2.19,15.8,10.17,15.74,0.78,9.56,35.44,0.92,2.46,0.12
49.5,80.8,1.67,12.64,8.05,14.44,0.64,17.14,64.8,0.7,1.44,0.11
59.64,88.85,1.67,12.12,7.81,14.99,0.77,17.53,57.26,0.89,3.38,0.12
42.46,65.39,1.72,12.17,7.87,14.75,0.73,17.09,55.17,0.79,2.12,0.11
39.07,62.93,1.81,13.53,8.67,14.43,0.69,22.14,43.7,0.77,3.4,0.17
37.81,56.66,1.73,12.98,8.31,20.69,0.63,14.68,36.53,0.6,1.94,0.14
38.82,61.4,1.9,11.64,7.75,21.22,0.65,18.74,48.53,0.58,1.28,0.11
37.23,62.09,1.83,13.23,8.52,15.63,0.53,13.54,46.31,0.5,0.92,0.11
51.22,84.62,3.18,21.49,14.02,17.07,0.67,20.19,36.26,0.85,4.41,0.21
45.81,66.69,2.1,11.52,7.83,15.1,0.66,15.86,44.3,0.52,1.06,0.1
31.59,51.42,2.23,8.68,6.43,12.88,0.6,12.33,35.43,0.23,0.95,0.1
36.62,58.14,2.01,10.43,7.18,13.99,0.69,16.57,35.86,0.26,0.79,0.1
31.22,57.33,3.69,16.9,11.99,14.42,0.63,14.64,33.25,0.38,1.44,0.14
29.88,55.3,4.31,15.62,11.81,16.82,0.63,14.09,35.92,0.41,1.34,0.14
37.56,65.26,2.86,14.76,10.17,17.54,0.65,14.71,41.22,0.37,1.33,0.11
59.33,93.3,3.08,17.94,12.04,18.24,0.75,18.29,40.9,0.43,1.41,0.15
51.18,76.33,1.67,11.66,7.55,18.53,0.64,18.69,46.21,0.49,0.9,0.1
38.39,63.99,2.48,15.39,10.2,16.55,0.61,20.0,36.83,0.46,1.14,0.15
34.56,62.65,2.89,16.51,11.14,17.89,0.57,19.73,44.57,0.42,0.92,0.13
33.62,60.66,2.5,14.78,9.89,16.7,0.52,20.29,36.88,0.32,0.61,0.12
29.98,51.68,2.24,9.21,6.72,17.48,0.52,12.76,32.35,0.23,0.36,0.11
32.18,60.01,2.65,13.11,9.13,15.9,0.55,15.43,36.9,0.31,0.65,0.1
26.72,53.9,3.71,15.53,11.29,15.51,0.49,19.06,32.28,0.34,0.8,0.12
21.22,43.36,2.75,12.12,8.68,13.05,0.45,18.25,31.33,0.24,0.49,0.12
27.24,49.64,3.19,14.18,10.14,14.24,0.52,16.38,32.33,0.36,0.82,0.17
25.74,46.38,2.92,11.44,8.46,15.08,0.52,19.32,36.58,0.33,0.67,0.13
38.73,63.42,2.15,16.17,10.34,15.89,0.62,17.41,35.62,0.69,2.28,0.17
36.26,56.64,2.36,14.25,9.51,18.78,0.53,17.68,46.43,0.58,1.45,0.12
45.14,73.27,2.37,13.84,9.3,18.61,0.6,18.99,53.62,0.64,1.74,0.14
59.61,94.82,2.4,17.03,11.02,19.76,0.67,21.32,55.77,0.74,3.79,0.13
43.11,76.55,2.24,16.21,10.44,18.22,0.52,23.05,46.64,0.45,1.41,0.13
37.53,64.2,1.97,14.1,9.09,21.98,0.44,15.75,40.59,0.41,1.1,0.14
29.12,54.82,3.8,14.06,10.57,18.64,0.44,19.12,41.62,0.39,1.15,0.14
31.68,62.23,2.77,14.53,9.98,18.14,0.48,20.98,37.94,0.46,1.51,0.18
40.98,69.15,2.22,14.6,9.58,19.11,0.46,18.62,39.9,0.33,0.97,0.14
49.1,74.88,2.17,12.98,8.68,17.4,0.44,17.74,49.28,0.31,0.67,0.14
35.92,61.83,1.79,11.83,7.74,13.53,0.47,16.2,42.11,0.38,1.02,0.16
27.13,54.16,1.78,12.98,8.34,10.6,0.48,20.2,39.74,0.49,6.94,0.13
34.81,62.43,1.99,14.44,9.3,12.6,0.77,13.0,44.47,0.44,2.7,0.15
31.66,53.22,1.94,9.29,6.53,14.42,0.62,15.94,46.68,0.18,1.19,0.12
24.86,47.43,2.38,10.73,7.64,12.94,0.61,16.73,39.9,0.22,0.5,0.12
31.28,59.42,2.46,13.15,8.99,15.78,0.81,19.56,40.48,0.43,1.57,0.18
38.85,67.95,2.65,13.49,9.33,14.82,0.86,22.27,43.97,0.28,1.8,0.16
31.99,57.18,2.22,10.99,7.67,14.0,0.66,23.6,51.47,0.43,1.47,0.11
35.99,59.72,1.87,10.24,6.96,13.49,0.52,18.21,51.81,0.32,0.83,0.12
32.99,56.46,1.68,8.29,5.77,12.67,0.48,19.32,52.32,0.26,0.5,0.13
39.84,62.14,2.35,11.69,8.11,12.86,0.56,24.7,49.09,0.25,0.63,0.17
40.19,64.95,2.55,10.71,7.77,12.84,0.58,22.82,45.68,0.27,0.64,0.14
35.95,59.47,2.76,12.61,8.95,12.21,0.55,17.88,38.71,0.28,0.69,0.12
31.49,49.92,1.93,8.93,6.32,10.09,0.64,19.67,34.5,0.18,0.6,0.1
18.86,35.92,2.32,8.13,6.23,9.31,0.55,19.8,32.35,0.1,0.56,0.1
26.01,50.98,1.54,4.65,3.73,8.62,0.45,24.44,29.73,0.07,0.33,0.1
25.36,50.63,1.51,4.69,3.74,8.2,0.23,21.49,37.28,0.08,0.31,0.1
25.12,52.01,1.52,4.71,3.74,7.88,0.25,22.1,43.19,0.09,0.39,0.15
26.96,53.31,1.29,5.11,3.77,7.91,0.37,19.29,38.57,0.13,0.65,0.1
30.36,60.36,1.45,5.2,3.92,8.01,0.37,22.14,45.51,0.11,0.25,3.0701278234985114
29.86,55.8,1.39,4.52,3.54,8.81,0.28,23.12,44.17,0.08,0.33,0.1
34.77,63.95,1.4,5.03,3.81,9.07,0.25,25.11,40.76,0.11,0.47,0.1
29.77,59.98,1.38,4.32,3.42,8.71,2.2485982090856145,20.53,32.28,0.07,0.29,0.1
30.52,54.56,1.38,4.05,3.27,8.95,2.2485982090856145,29.01,19.3,0.04,0.33,3.0701278234985114
30.58,53.17,1.41,3.65,3.09,8.16,2.2485982090856145,21.14,30.65,0.05,0.2,0.1
23.9,46.95,1.34,3.93,3.18,7.68,2.2485982090856145,19.38,25.31,0.02,0.26,0.18
18.11,38.01,1.51,5.44,4.12,7.74,2.2485982090856145,24.28,43.68,0.15,0.49,0.1
21.17,41.26,1.3,6.54,4.25,6.25,0.0,13.94,36.65,0.32,1.26,0.17
18.62,45.2,1.48,4.5,3.6,6.92,0.0,14.12,30.13,0.06,0.29,0.1
11.9,29.15,1.33,6.18,4.37,5.43,0.0,14.53197725590996,44.57,0.06,0.31,3.0701278234985114
16.45,32.26,1.41,5.66,4.17,7.0,0.0,14.53197725590996,36.76,0.06,0.24,3.0701278234985114
26.8,50.65,1.35,6.22,4.41,7.86,0.0,19.3,39.46,0.08,0.47,3.0701278234985114
28.33,54.31,1.4,4.92,3.75,9.08,2.2485982090856145,14.34,37.13,0.03,0.3,3.0701278234985114
24.11,50.38,1.37,4.1,3.3,9.1,2.2485982090856145,8.61,36.34,0.01,0.22,3.0701278234985114
21.42,54.69,1.45,4.25,3.44,8.33,2.2485982090856145,7.58,31.83,0.01,0.25,3.0701278234985114
22.79,56.2,1.46,4.24,3.44,8.16,2.2485982090856145,7.55,30.11,0.03,0.25,3.0701278234985114
67.45057794890306,11.0,1.12,10.39,4.17,5.07,2.2485982090856145,20.43,13.04,0.02,0.2,3.0701278234985114
18.48,43.55,1.28,4.73,3.54,7.79,2.2485982090856145,7.27,24.81,0.02,0.27,3.0701278234985114
30.46,54.8,5.95,14.07,12.33,7.88,2.2485982090856145,10.08,33.55,0.13,1.07,0.1
34.15,71.94,1.64,15.46,9.56,8.67,2.2485982090856145,10.28,51.22,0.14,1.45,3.0701278234985114
41.46,108.2,1.56,16.97,9.83,9.88,2.2485982090856145,13.83,49.1,0.31,2.08,0.22
21.15,72.04,1.51,4.87,3.81,12.22,0.52,9.79,50.76,0.02,0.24,3.0701278234985114
18.09,60.29,1.41,4.2,3.39,10.29,0.45,8.1,48.0,5.09,0.2,4.95
16.93,57.4,1.42,3.63,3.07,11.22,0.47,7.48,40.43,6.44,0.26,3.0701278234985114
22.01,72.96,1.57,3.89,3.35,11.74,0.49,7.24,48.22,0.42,0.31,3.0701278234985114
24.22,66.04,1.39,4.33,3.44,11.7,0.5,7.19,24.36,4.9,0.42,84.72
25.16,66.12,1.57,5.41,4.15,12.46,0.6,7.99,13.71,0.44,0.38,0.1
20.96,68.44,1.52,5.69,4.27,10.97,0.6,10.85,17.45,0.08,0.49,0.1
22.5,62.08,1.46,6.94,4.87,10.98,0.57,17.09,21.62,0.09,0.67,0.12
19.96,58.07,1.42,5.43,4.05,10.08,0.55,9.11,21.51,0.05,0.34,0.3
9.33,36.04,1.6,8.83,5.99,8.01,0.44,11.48,30.3,0.08,0.47,0.1
12.19,49.5,1.62,10.16,6.72,7.12,0.44,11.95,38.42,0.1,0.7,0.15
10.39,44.35,1.56,10.06,6.61,6.04,0.5,15.46,40.05,0.09,0.76,0.22
10.18,25.24,8.5,15.4,15.51,9.51,0.59,13.75,40.65,0.09,1.21,0.17
5.6,12.17,2.27,14.58,9.6,9.96,0.51,18.82,42.45,0.11,1.63,0.1
16.99,45.43,1.52,9.48,6.27,8.6,0.55,11.19,41.25,0.11,1.29,0.16
15.48,34.84,2.07,9.15,6.55,13.53,0.58,15.88,39.82,0.11,0.8,0.16
14.88,35.33,1.86,10.59,7.15,11.62,0.59,14.04,38.01,0.13,1.03,0.21
20.96,32.56,1.65,9.55,6.43,14.3,0.66,14.79,43.29,0.12,0.69,0.1
21.34,35.16,1.74,10.69,7.1,13.38,0.66,14.58,45.32,0.14,1.42,0.2
22.0,34.0,1.5,9.68,6.4,8.45,0.59,10.88,29.15,0.1,0.5,3.0701278234985114
12.45,13.8,17.44,8.05,32.30912333307031,1.73,0.67,16.06,11.88,3.280840304500585,8.700972080037227,3.0701278234985114
19.7,33.08,9.91,3.13,32.30912333307031,1.15,0.37,14.29,22.22,3.280840304500585,8.700972080037227,3.0701278234985114
22.91,56.19,10.69,4.13,32.30912333307031,1.86,0.47,8.42,26.62,3.280840304500585,8.700972080037227,3.0701278234985114
29.56,44.5,8.95,2.66,32.30912333307031,1.26,0.39,10.95,27.03,3.280840304500585,8.700972080037227,3.0701278234985114
46.13,62.88,9.62,4.89,32.30912333307031,1.99,0.54,30.27,26.3,3.280840304500585,8.700972080037227,3.0701278234985114
44.3,52.12,9.4,5.32,32.30912333307031,2.4,0.36,28.74,20.63,3.280840304500585,8.700972080037227,3.0701278234985114
41.23,52.75,11.18,7.88,32.30912333307031,2.51,0.39,21.4,22.44,3.280840304500585,8.700972080037227,3.0701278234985114
29.88,33.2,10.64,11.66,32.30912333307031,2.31,0.36,4.26,21.11,3.280840304500585,8.700972080037227,3.0701278234985114
37.93,43.69,12.84,15.11,32.30912333307031,2.05,0.2,6.38,25.06,3.280840304500585,8.700972080037227,3.0701278234985114
32.46,50.76,10.93,19.67,32.30912333307031,6.82,0.0,4.71,18.79,3.280840304500585,8.700972080037227,3.0701278234985114
25.65,54.59,12.14,26.15,32.30912333307031,11.73,0.0,8.32,15.64,3.280840304500585,8.700972080037227,3.0701278234985114
41.36,77.43,11.4,25.88,32.30912333307031,11.71,0.0,4.75,20.27,3.280840304500585,8.700972080037227,3.0701278234985114
51.88,86.64,9.24,25.21,32.30912333307031,11.76,0.0,7.72,30.34,3.280840304500585,8.700972080037227,3.0701278234985114
51.59,86.11,10.03,26.05,32.30912333307031,12.33,0.0,9.06,24.63,3.280840304500585,8.700972080037227,3.0701278234985114
45.46,82.73,13.23,26.38,32.30912333307031,12.56,0.0,2.94,19.36,0.0,0.0,0.0
56.39,92.68,10.42,26.26,32.30912333307031,12.67,0.0,2.97,19.83,3.280840304500585,8.700972080037227,3.0701278234985114
55.43,88.17,13.56,28.39,32.30912333307031,13.0,0.0,1.91,13.71,3.280840304500585,8.700972080037227,3.0701278234985114
40.95,77.09,11.86,26.26,32.30912333307031,12.72,0.0,1.03,21.21,3.280840304500585,8.700972080037227,3.0701278234985114
40.99,67.5,9.68,24.95,32.30912333307031,12.41,0.0,0.86,20.82,3.280840304500585,8.700972080037227,3.0701278234985114
57.49,80.09,8.06,23.95,32.30912333307031,11.87,0.0,2.29,24.66,3.280840304500585,8.700972080037227,3.0701278234985114
45.98,72.74,8.94,23.68,32.30912333307031,12.35,0.0,7.96,24.14,3.280840304500585,8.700972080037227,3.0701278234985114
47.2,78.45,12.41,27.32,32.30912333307031,12.16,0.0,3.29,31.95,3.280840304500585,8.700972080037227,3.0701278234985114
58.95,83.09,10.69,30.37,32.30912333307031,12.03,0.0,4.97,33.22,3.280840304500585,8.700972080037227,3.0701278234985114
39.4,66.81,12.1,30.1,32.30912333307031,12.31,0.0,2.04,33.88,3.280840304500585,8.700972080037227,3.0701278234985114
39.47,71.86,11.17,30.88,32.30912333307031,12.66,0.0,3.9,28.11,3.280840304500585,8.700972080037227,3.0701278234985114
52.77,72.49,11.76,31.49,32.30912333307031,13.3,0.0,2.11,26.72,3.280840304500585,8.700972080037227,3.0701278234985114
42.05,88.9,3.55,23.44,32.30912333307031,10.01,0.0,2.61,21.0,3.280840304500585,8.700972080037227,3.0701278234985114
40.64,63.97,8.88,27.46,32.30912333307031,16.51,0.0,2.64,16.77,3.280840304500585,8.700972080037227,3.0701278234985114
31.96,59.43,12.81,30.01,32.30912333307031,19.88,0.0,2.96,18.72,3.280840304500585,8.700972080037227,3.0701278234985114
67.45057794890306,118.12710293078135,17.574729662029362,28.560659061126955,32.30912333307031,23.48347601937197,2.2485982090856145,14.53197725590996,34.49143047551845,3.280840304500585,8.700972080037227,3.0701278234985114
30.05,55.59,14.87,19.08,32.30912333307031,29.24,0.0,3.23,27.2,3.280840304500585,8.700972080037227,3.0701278234985114
41.4,62.53,13.62,21.1,32.30912333307031,29.47,0.0,5.88,22.06,3.280840304500585,8.700972080037227,3.0701278234985114
33.11,58.18,12.64,19.74,32.30912333307031,28.98,0.0,1.1,15.98,3.280840304500585,8.700972080037227,3.0701278234985114
50.72,70.44,12.78,23.29,32.30912333307031,29.37,0.0,7.12,24.73,3.280840304500585,8.700972080037227,3.0701278234985114
25.84,28.59,12.4,21.97,32.30912333307031,29.11,0.0,2.6,28.36,3.280840304500585,8.700972080037227,3.0701278234985114
33.02,45.93,11.88,20.9,32.30912333307031,28.81,0.0,11.78,31.99,3.280840304500585,8.700972080037227,3.0701278234985114
53.08,101.55,13.42,20.53,32.30912333307031,28.7,0.0,7.66,24.0,3.280840304500585,8.700972080037227,3.0701278234985114
27.6,39.29,15.53,22.4,32.30912333307031,28.94,0.0,15.52,19.14,3.280840304500585,8.700972080037227,3.0701278234985114
41.54,124.19,12.43,10.76,32.30912333307031,28.71,0.0,9.99,31.76,3.280840304500585,8.700972080037227,3.0701278234985114
53.42,91.16,14.43,16.67,32.30912333307031,30.45,0.0,11.67,14.19,3.280840304500585,8.700972080037227,3.0701278234985114
41.85,72.79,13.63,15.05,32.30912333307031,28.2,0.0,5.38,15.39,5.22,8.700972080037227,3.0701278234985114
54.1,96.51,11.38,14.9,32.30912333307031,27.91,0.0,12.93,22.22,5.17,8.700972080037227,3.0701278234985114
42.41,99.64,11.97,15.07,32.30912333307031,28.04,0.0,7.06,16.05,5.19,8.700972080037227,3.0701278234985114
45.32,387.65,12.25,15.1,32.30912333307031,28.0,0.0,3.04,14.62,5.53,8.700972080037227,3.0701278234985114
43.97,118.12710293078135,14.05,15.07,32.30912333307031,28.2,0.0,14.11,12.34,6.3,8.700972080037227,3.0701278234985114
36.59,118.12710293078135,13.41,15.23,32.30912333307031,28.17,0.0,7.01,34.49143047551845,5.88,8.700972080037227,3.0701278234985114
30.55,118.12710293078135,12.37,15.35,32.30912333307031,28.1,0.0,10.46,34.49143047551845,5.93,8.700972080037227,3.0701278234985114
192.7,118.12710293078135,11.8,15.19,32.30912333307031,28.02,0.0,6.59,34.49143047551845,6.33,8.700972080037227,3.0701278234985114
29.12,63.49,11.7,14.09,32.30912333307031,27.7,0.0,3.33,11.51,5.17,8.700972080037227,3.0701278234985114
34.99,68.71,15.13,15.07,32.30912333307031,28.28,0.0,6.14,4.84,5.24,8.700972080037227,3.0701278234985114
38.25,76.8,22.61,14.02,32.30912333307031,27.67,0.0,3.1,12.77,3.280840304500585,8.700972080037227,3.0701278234985114
38.93,79.5,21.73,13.56,32.30912333307031,27.69,0.0,5.56,10.26,3.280840304500585,8.700972080037227,3.0701278234985114
44.76,91.2,21.79,13.59,32.30912333307031,27.71,0.0,3.03,10.9,3.280840304500585,8.700972080037227,3.0701278234985114
33.88,53.64,22.01,13.79,32.30912333307031,27.74,0.0,5.84,5.17,3.280840304500585,8.700972080037227,3.0701278234985114
41.62,73.06,22.31,13.84,32.30912333307031,27.81,0.0,6.97,5.62,3.280840304500585,8.700972080037227,3.0701278234985114
36.81,77.01,20.94,13.47,32.30912333307031,27.6,0.0,8.83,19.14,3.280840304500585,8.700972080037227,3.0701278234985114
38.42,82.21,21.61,13.51,32.30912333307031,27.68,0.0,6.29,9.51,3.280840304500585,8.700972080037227,3.0701278234985114
33.06,85.28,22.19,13.66,32.30912333307031,27.75,0.0,6.49,4.88,3.280840304500585,8.700972080037227,3.0701278234985114
34.62,86.44,21.94,13.5,32.30912333307031,27.7,0.0,5.72,5.94,3.280840304500585,8.700972080037227,3.0701278234985114
42.96,90.84,21.77,13.51,32.30912333307031,27.7,0.0,4.89,6.45,3.280840304500585,8.700972080037227,3.0701278234985114
33.69,78.05,21.6,13.01,32.30912333307031,27.57,0.0,3.52,9.16,1.08,4.81,0.58
32.0,71.88,22.15,13.01,32.30912333307031,27.62,0.0,3.59,17.47,0.96,2.72,0.85
37.18,81.62,22.6,13.14,32.30912333307031,27.7,0.0,2.06,14.56,2.05,3.17,0.32
39.66,92.36,21.24,12.88,32.30912333307031,27.55,0.0,3.7,19.71,1.86,2.73,1.53
44.85,106.1,21.08,13.03,32.30912333307031,27.55,0.0,4.38,17.64,2.05,2.94,1.62
41.22,93.15,20.94,12.84,32.30912333307031,27.51,0.0,3.57,16.13,3.280840304500585,8.700972080037227,3.0701278234985114
35.76,75.93,22.21,12.96,32.30912333307031,27.67,0.0,2.97,6.46,1.49,2.34,3.0701278234985114
39.06,70.49,23.34,13.12,32.30912333307031,27.78,0.0,2.38,5.39,2.16,3.65,0.49
30.48,75.21,14.72,12.3,32.30912333307031,17.09,0.0,3.12,17.35,1.99,3.42,0.34
45.34,68.4,41.27,23.33,32.30912333307031,12.22,0.0,3.87,12.36,1.67,2.46,0.44
41.09,102.32,44.43,21.85,32.30912333307031,11.48,0.0,3.29,6.43,1.97,3.35,0.29
36.95,86.58,35.92,22.57,32.30912333307031,11.52,0.0,3.64,9.21,2.34,3.56,0.54
43.04,99.05,39.84,12.64,32.30912333307031,11.55,0.0,3.76,6.62,3.280840304500585,8.700972080037227,3.0701278234985114
49.08,71.1,53.4,6.95,32.30912333307031,11.32,0.0,3.56,5.68,3.280840304500585,8.700972080037227,3.0701278234985114
49.0,87.67,51.78,8.56,32.30912333307031,11.42,0.0,4.13,6.84,2.32,2.93,3.0701278234985114
50.33,95.06,28.17,11.72,32.30912333307031,11.28,0.0,4.03,8.84,3.280840304500585,8.700972080037227,3.0701278234985114
48.58,90.82,34.56,9.42,32.30912333307031,11.15,0.0,3.53,6.22,3.280840304500585,8.700972080037227,3.0701278234985114
46.72,97.67,32.5,10.8,32.30912333307031,11.36,0.0,3.9,7.82,3.280840304500585,8.700972080037227,3.0701278234985114
51.53,96.92,26.7,32.47,32.30912333307031,11.56,0.0,4.26,6.46,1.8,2.49,2.23
52.08,97.63,20.36,28.82,32.30912333307031,12.17,0.0,4.24,10.05,2.25,3.64,0.54
50.9,97.87,24.32,24.44,32.30912333307031,12.72,0.0,3.43,6.79,2.36,3.6,0.44
49.41,101.51,21.41,25.65,32.30912333307031,11.61,0.0,3.47,12.17,3.280840304500585,8.700972080037227,3.0701278234985114
50.64,94.42,28.79,14.4,32.30912333307031,11.5,0.0,6.04,6.09,1.42,0.67,0.1
52.14,104.81,32.85,21.54,32.30912333307031,11.62,0.0,3.64,6.6,2.22,0.99,0.32
47.5,97.7,22.5,16.88,32.30912333307031,12.32,0.0,4.9,7.0,2.56,1.02,0.5
47.06,98.4,22.28,16.72,32.30912333307031,13.81,0.0,2.53,7.66,3.16,1.22,0.17
51.03,109.83,44.87,40.0,32.30912333307031,13.07,0.0,6.02,6.55,1.79,30.21,0.85
36.69,114.7,3.79,14.14,32.30912333307031,11.41,0.78,7.0,8.14,1.63,1.24,20.66
23.58,69.33,11.5,8.85,32.30912333307031,11.29,0.61,8.28,6.93,1.45,0.77,19.06
36.83,96.84,11.48,9.19,32.30912333307031,11.48,0.7,6.76,7.43,4.34,1.05,19.74
31.97,73.55,11.52,8.84,32.30912333307031,11.11,0.66,7.8,7.32,3.8,0.91,21.26
28.94,87.82,10.77,8.4,32.30912333307031,10.79,0.61,5.5,11.8,1.22,0.94,16.37
25.91,67.56,10.58,8.44,32.30912333307031,11.97,0.69,6.48,8.18,2.52,1.09,20.39
29.99,90.31,10.36,8.33,32.30912333307031,11.01,0.7,7.39,10.49,1.9,1.3,20.63
28.77,88.13,10.17,7.76,32.30912333307031,10.73,0.68,6.21,8.66,1.47,1.06,19.23
18.41,56.07,10.6,8.03,32.30912333307031,10.48,0.71,5.59,7.79,1.03,1.18,16.93
25.56,69.8,10.87,8.16,32.30912333307031,10.16,0.86,5.43,9.76,1.19,1.54,18.06
36.13,84.72,10.62,7.73,32.30912333307031,10.15,0.72,5.47,8.4,2.66,1.45,18.17
32.01,57.41,10.85,7.65,32.30912333307031,11.0,0.59,7.43,5.76,2.12,0.78,23.24
27.65,70.89,10.45,12.53,32.30912333307031,10.74,0.7,5.59,7.36,2.55,0.97,17.52
28.76,82.4,10.36,17.58,32.30912333307031,10.72,0.74,3.45,9.65,1.46,1.16,19.17
34.81,93.24,10.36,17.77,32.30912333307031,10.52,0.69,4.37,7.46,1.4,1.44,18.41
30.17,101.82,10.34,16.82,32.30912333307031,10.6,0.75,2.36,9.71,1.74,1.41,18.6
27.56,99.6,10.77,18.53,32.30912333307031,10.76,0.7,7.13,6.47,1.95,1.34,18.18
16.26,52.61,12.77,28.35,40.12,12.94,0.44,2.75,12.28,8.89,6.54,4.98
15.91,50.34,16.37,33.5,48.87,13.41,0.53,2.63,11.79,9.27,6.58,5.08
31.96,94.51,14.59,33.41,47.0,13.14,0.59,2.68,12.86,9.79,7.03,5.37
67.45057794890306,118.12710293078135,17.574729662029362,28.560659061126955,32.30912333307031,23.48347601937197,2.2485982090856145,14.53197725590996,34.49143047551845,3.280840304500585,8.700972080037227,3.0701278234985114
16.77,58.27,14.4,7.56,21.96,10.14,0.62,3.5,17.53,9.62,6.53,4.94
25.72,77.3,16.06,8.99,35.26,10.21,0.65,3.55,17.96,11.16,7.2,5.72
19.79,57.47,16.75,9.64,36.17,9.78,0.74,4.36,18.93,10.36,6.66,5.17
31.52,77.37,12.38,6.09,26.79,8.68,0.71,3.46,23.99,9.89,6.87,5.16
47.8,85.78,10.74,4.86,22.62,7.06,0.63,2.86,25.36,8.82,5.26,3.68
28.63,90.7,12.54,9.03,21.57,7.76,0.69,3.71,26.84,4.03,1.32,0.72
20.92,81.28,15.02,13.74,38.41,9.66,0.78,6.25,40.85,3.52,0.97,0.76
30.1,96.19,13.61,14.15,27.87,9.95,0.76,1.95,37.46,3.8,1.05,0.72
15.44,57.58,13.73,4.94,28.91,5.64,0.86,2.45,29.02,4.28,2.68,1.55
34.87,97.24,17.574729662029362,2.45,32.30912333307031,6.23,0.99,5.9,34.49143047551845,3.280840304500585,8.700972080037227,3.0701278234985114
18.64,55.1,17.574729662029362,4.58,32.30912333307031,8.43,0.94,4.71,34.49143047551845,3.280840304500585,8.700972080037227,3.0701278234985114
28.11,65.25,17.574729662029362,237.27,32.30912333307031,25.24,0.82,4.64,34.49143047551845,3.280840304500585,8.700972080037227,3.0701278234985114
42.29,99.54,17.574729662029362,25.06,32.30912333307031,4.8,0.81,5.11,34.49143047551845,3.280840304500585,8.700972080037227,3.0701278234985114
22.94,70.01,17.574729662029362,16.99,32.30912333307031,9.61,0.92,6.11,34.49143047551845,3.280840304500585,8.700972080037227,3.0701278234985114
35.71,100.19,17.574729662029362,4.89,32.30912333307031,4.14,0.81,5.0,34.49143047551845,3.280840304500585,8.700972080037227,3.0701278234985114
17.8,63.32,17.574729662029362,9.46,32.30912333307031,8.2,0.92,4.99,34.49143047551845,3.280840304500585,8.700972080037227,3.0701278234985114
21.1,77.96,17.574729662029362,8.67,32.30912333307031,8.02,0.62,4.65,34.49143047551845,3.280840304500585,8.700972080037227,3.0701278234985114
23.62,80.1,17.574729662029362,8.81,32.30912333307031,8.01,0.6,4.83,34.49143047551845,3.280840304500585,8.700972080037227,3.0701278234985114
29.8,98.84,17.574729662029362,8.82,32.30912333307031,7.88,0.75,4.28,34.49143047551845,3.280840304500585,8.700972080037227,3.0701278234985114
26.75,83.47,17.574729662029362,8.26,32.30912333307031,5.13,0.62,6.45,34.49143047551845,3.280840304500585,8.700972080037227,3.0701278234985114
31.61,81.6,17.574729662029362,8.21,32.30912333307031,5.13,0.53,5.14,34.49143047551845,3.280840304500585,8.700972080037227,3.0701278234985114
58.47,118.73,17.574729662029362,8.25,32.30912333307031,5.13,0.57,4.77,34.49143047551845,3.280840304500585,8.700972080037227,3.0701278234985114
21.99,46.12,10.88,16.14,27.02,6.09,1.34,12.55,24.31,0.58,1.88,3.26
39.38,89.71,13.26,18.89,32.13,7.34,2.2485982090856145,3.78,39.68,1.23,2.73,5.27
42.91,96.36,13.17,18.79,31.94,7.41,2.2485982090856145,4.23,36.15,1.0,2.28,4.4
29.81,42.27,13.11,18.68,31.77,7.44,2.2485982090856145,9.09,21.49,0.6,2.04,3.6
57.48,49.28,19.18,18.73,34.32,7.33,2.2485982090856145,11.28,20.67,0.65,2.09,3.96
35.43,75.99,4.7,7.37,11.84,4.63,2.2485982090856145,5.02,31.48,0.73,2.21,4.11
41.99,92.76,11.28,9.2,20.48,6.75,0.46,6.03,38.63,0.82,2.2,4.42
43.36,87.53,11.31,9.17,20.48,6.88,0.15,9.03,38.7,0.65,1.98,3.31
52.64,68.71,8.86,10.8,19.66,7.33,0.23,7.33,25.46,0.71,2.1,3.85
28.48,46.52,9.4,10.06,19.46,7.42,0.47,7.25,30.39,0.63,2.06,3.95
16.45,33.03,10.6,9.01,18.3,7.67,2.2485982090856145,11.91,17.04,5.57,2.75,2.14
24.9,53.83,10.48,8.82,14.49,7.69,0.0,3.84,40.09,1.33,0.84,3.01
26.85,65.56,10.29,8.06,18.35,6.96,0.41,9.02,27.54,2.02,1.51,6.09
27.89,60.21,9.6,5.99,15.59,4.69,0.42,6.07,30.64,2.21,1.69,8.48
25.89,27.13,9.36,6.06,15.42,4.71,0.34,3.75,34.04,1.76,1.34,8.49
24.15,48.14,10.29,5.21,10.99,6.2,0.37,3.71,38.48,1.16,0.9,3.58
28.38,51.05,10.73,4.85,14.59,6.7,0.37,3.45,31.95,1.54,1.19,4.75
67.45057794890306,49.86,12.67,6.6,19.3,5.31,0.33,2.04,32.44,2.18,1.69,12.12
67.45057794890306,59.9,12.42,6.63,19.05,5.34,0.3,2.12,36.58,2.19,1.6,7.91
67.45057794890306,63.84,12.7,7.14,19.81,5.77,0.17,2.21,39.25,2.0,1.49,7.34
67.45057794890306,61.34,14.06,8.58,22.66,7.14,0.5,3.89,42.72,1.87,1.36,7.84
67.45057794890306,147.2,14.18,8.94,23.12,7.08,0.23,2.77,30.38,2.08,1.55,11.38
67.45057794890306,83.64,11.48,8.11,19.59,4.03,2.2485982090856145,5.08,33.16,1.85,1.28,8.64
67.45057794890306,47.79,11.72,8.08,19.81,3.92,2.2485982090856145,6.87,34.94,1.76,1.19,7.62
67.45057794890306,47.75,6.32,8.79,14.95,7.22,2.2485982090856145,6.75,29.1,1.88,1.45,8.93
67.45057794890306,28.55,7.22,9.46,16.69,5.66,2.2485982090856145,6.39,39.73,1.89,1.49,11.03
67.45057794890306,39.04,9.14,10.14,19.27,6.17,0.32,5.76,34.69,1.97,1.34,8.03
67.45057794890306,99.16,12.38,11.74,23.74,3.62,0.0,4.98,15.3,5.83,3.35,11.83
67.45057794890306,73.84,11.03,10.68,20.6,4.86,0.0,5.32,20.33,5.38,2.93,7.52
67.45057794890306,86.23,11.92,9.68,16.05,5.98,0.0,5.79,29.21,4.26,3.5,4.19
67.45057794890306,74.16,15.86,18.0,23.87,11.87,0.0,5.43,33.67,4.68,4.88,7.26
67.45057794890306,64.29,12.35,10.75,19.65,5.99,0.0,2.33,32.89,4.92,4.77,4.11
67.45057794890306,82.86,11.14,8.52,19.66,5.36,0.0,2.4,22.94,6.81,7.62,6.87
67.45057794890306,56.13,9.57,7.29,16.86,4.69,0.0,2.74,19.52,6.66,8.47,7.52
67.45057794890306,84.37,14.76,10.91,25.66,9.91,0.0,3.09,19.33,4.03,5.85,8.54
67.45057794890306,44.41,15.63,11.35,26.98,9.42,0.0,2.15,20.13,3.94,5.77,9.74
67.45057794890306,67.86,15.55,11.79,27.34,9.32,0.0,2.03,25.65,4.4,6.25,10.57
67.45057794890306,81.95,15.34,11.69,27.03,9.42,0.0,3.25,25.84,4.58,6.39,10.75
67.45057794890306,88.29,14.89,11.32,26.21,9.68,0.0,2.78,27.92,4.37,6.23,10.58
67.45057794890306,73.77,14.78,11.04,25.82,9.81,0.0,2.57,24.4,4.24,5.97,10.26
67.45057794890306,33.3,15.34,10.85,24.48,9.66,0.0,4.17,18.28,4.0,5.81,9.23
67.45057794890306,84.37,5.0,1.41,6.41,4.17,0.0,6.76,10.35,18.6,1.82,15.71
67.45057794890306,93.59,5.79,4.82,10.6,6.58,0.06,4.37,16.55,17.04,1.13,13.8
67.45057794890306,94.38,10.47,11.77,22.26,12.22,0.0,5.97,19.15,22.43,1.15,15.15
67.45057794890306,43.79,13.44,14.45,27.88,11.18,0.0,6.46,18.06,15.48,0.91,14.48
67.45057794890306,84.29,12.2,14.12,26.33,10.97,0.0,6.29,19.94,16.68,1.6,15.52
67.45057794890306,119.97,10.65,14.79,25.44,11.08,0.0,6.5,20.78,18.14,1.67,15.25
67.45057794890306,65.32,11.02,17.17,28.2,9.51,0.0,6.18,21.78,9.74,0.85,8.32
67.45057794890306,95.99,12.69,15.89,28.58,9.8,0.0,6.16,18.11,14.31,1.29,12.6
67.45057794890306,132.12,15.73,14.43,30.16,16.85,0.0,4.15,17.22,18.53,1.19,10.38
67.45057794890306,85.78,17.65,25.08,43.72,18.52,0.0,6.11,18.43,13.02,1.16,9.03
31.86,90.9,25.7,38.29,63.98,14.88,0.0,14.53197725590996,13.28,11.08,1.32,11.73
45.32,100.78,21.0,33.26,52.26,7.63,0.0,14.53197725590996,8.07,6.6,1.61,9.28
23.84,52.99,35.43,40.65,74.09,10.39,0.01,3.75,15.1,7.13,0.91,8.26
34.41,76.5,32.68,39.35,70.02,9.81,0.01,0.87,14.24,8.47,0.86,7.87
35.39,78.62,35.57,41.28,74.85,10.47,0.0,14.53197725590996,13.71,8.66,0.83,7.89
43.93,100.62,25.34,30.82,44.51,7.94,0.02,6.34,16.43,6.22,0.97,5.19
37.55,84.08,23.99,30.34,47.92,7.68,0.0,14.53197725590996,15.08,5.71,1.17,5.52
34.45,76.48,30.01,32.28,62.28,9.37,0.0,3.49,5.19,6.94,1.74,8.44
28.29,62.82,26.76,29.28,56.04,8.38,0.0,2.33,5.0,7.48,1.6,7.0
14.54,32.35,27.74,31.28,59.01,8.89,0.0,1.61,5.47,7.69,0.76,6.12
24.39,55.75,25.4,27.86,46.04,8.11,0.0,1.83,5.24,6.69,1.05,5.53
27.89,61.97,22.75,25.9,47.27,7.37,0.02,2.92,8.92,6.38,1.26,5.34
37.34,88.8,16.81,21.51,32.36,5.7,0.04,3.2,9.01,5.14,1.19,4.32
45.99,102.22,19.81,25.32,44.54,6.57,0.03,2.85,8.68,6.08,1.8,6.18
27.56,61.73,33.82,36.82,66.33,15.16,0.0,2.83,5.6,7.21,0.76,5.02
28.1,73.28,24.32,28.07,45.63,12.34,0.0,14.53197725590996,7.37,6.41,0.77,3.56
47.88,114.7,25.43,30.98,48.25,12.91,0.0,14.53197725590996,5.09,6.32,1.13,5.08
2.85,11.43,17.77,26.75,41.86,6.53,0.0,14.53197725590996,6.11,7.34,1.47,6.21
15.53,54.85,19.33,26.29,42.17,7.2,0.0,14.53197725590996,5.23,7.84,1.47,5.76
34.14,73.32,13.76,24.26,38.02,6.8,0.0,14.53197725590996,4.84,5.36,3.03,1.0
58.49,104.54,14.92,21.57,36.4,6.01,0.0,14.53197725590996,8.94,5.27,3.41,2.71
56.89,94.19,16.31,22.23,38.57,6.6,0.0,14.53197725590996,5.5,5.39,2.87,3.49
33.66,52.12,16.11,16.6,32.73,5.05,0.0,14.53197725590996,6.87,5.32,2.02,0.38
34.5,50.39,11.47,13.56,24.78,3.98,0.0,14.53197725590996,7.77,5.26,1.24,0.22
40.16,68.34,11.01,15.32,26.34,1.55,0.0,14.53197725590996,4.31,5.3,0.26,0.08
47.96,88.1,15.4,13.39,28.79,2.18,0.0,14.53197725590996,8.42,5.3,0.0,0.0
45.96,60.92,15.23,14.65,29.88,4.11,0.0,14.53197725590996,8.81,4.29,2.25,5.11
30.86,53.32,11.87,12.28,24.14,3.83,0.0,14.53197725590996,18.45,3.52,2.05,3.51
36.56,73.1,12.28,15.88,28.16,4.63,0.0,14.53197725590996,8.52,2.56,1.81,1.52
16.68,45.69,17.87,14.11,31.98,5.34,0.0,14.53197725590996,10.45,3.19,2.44,5.73
34.55,73.44,16.61,13.75,30.37,5.4,0.0,14.53197725590996,20.75,3.19,2.44,5.73
61.25,130.3,14.68,15.41,30.1,5.38,0.0,14.53197725590996,27.31,3.19,2.44,5.73
21.95,46.79,13.04,15.49,28.53,6.76,0.01,10.4,26.48,4.12,1.56,5.21
36.81,81.97,12.33,17.47,28.03,4.93,0.0,14.53197725590996,20.42,5.7,2.0,3.92
44.38,41.67,16.52,16.96,33.48,5.01,0.0,14.53197725590996,14.83,3.51,4.59,2.91
41.11,64.08,15.11,18.64,33.76,5.01,0.0,14.53197725590996,16.15,4.3,5.47,3.33
40.75,90.57,12.45,20.52,32.97,4.98,0.0,14.53197725590996,19.68,4.99,8.43,4.56
36.2,75.43,8.77,15.32,27.56,7.37,0.5,14.53197725590996,27.49,3.24,6.98,3.79
35.6,79.37,6.31,13.73,20.04,8.96,0.36,2.58,23.62,3.62,7.03,3.38
37.12,80.11,6.09,9.66,15.73,8.61,0.86,14.53197725590996,25.86,3.49,6.14,2.54
19.68,52.76,9.33,9.87,19.2,9.03,0.0,14.53197725590996,19.45,4.3,6.12,2.56
44.85,82.82,7.37,7.4,12.9,18.93,0.72,14.53197725590996,21.07,1.05,1.74,4.26
37.6,67.05,56.64,24.41,46.82,36.48,0.6,14.53197725590996,33.0,1.3,1.84,4.39
67.44,106.6,11.1,7.98,19.05,12.04,0.86,14.53197725590996,32.44,2.62,2.15,5.84
37.63,63.42,11.26,10.68,21.68,8.38,0.67,2.35,27.01,2.14,2.1,5.47
37.63,77.26,12.21,11.79,23.62,9.69,0.8,14.53197725590996,32.35,2.7,2.1,7.53
43.24,71.85,11.8,11.91,23.47,11.21,0.57,14.53197725590996,32.28,4.4,2.2,12.65
43.63,68.04,11.74,10.72,22.26,10.45,0.6,14.53197725590996,36.99,4.25,2.19,13.13
30.74,55.69,11.71,16.47,27.48,8.25,0.33,14.53197725590996,26.54,2.97,2.09,7.95
40.85,59.79,12.13,16.42,27.64,8.96,0.5,14.53197725590996,22.98,3.55,2.16,11.45
36.84,66.44,11.88,19.48,30.17,11.02,0.42,14.53197725590996,28.92,3.76,2.15,9.46
54.1,82.51,10.36,16.2,26.41,10.61,0.67,14.53197725590996,19.14,5.12,2.2,12.51
43.03,66.96,10.08,14.85,24.93,9.38,0.61,14.53197725590996,15.38,4.77,2.18,12.22
52.6,85.3,10.05,14.9,24.95,9.26,0.76,14.53197725590996,20.49,5.26,2.16,12.59
66.24,97.35,12.44,15.14,27.57,9.54,0.76,14.53197725590996,23.32,5.35,2.23,10.25
28.25,67.71,11.09,13.03,23.98,10.74,0.42,14.53197725590996,19.17,3.8,2.16,11.82
43.8,95.73,39.15,35.03,44.67,25.8,0.75,14.53197725590996,18.12,4.69,1.96,8.73
34.9,94.52,12.05,22.68,34.11,10.6,0.32,14.53197725590996,15.59,3.76,2.12,7.3
53.68,81.89,16.13,17.4,32.6,11.7,0.94,14.53197725590996,31.66,4.25,2.14,7.71
35.58,83.38,15.88,15.89,31.36,12.46,0.61,14.53197725590996,24.17,3.7,2.13,8.04
33.04,85.15,15.38,17.82,30.08,10.67,0.82,14.53197725590996,20.66,3.86,1.98,6.49
43.46,90.03,17.36,19.46,36.82,12.85,1.11,14.53197725590996,17.91,4.5,2.24,8.05
30.8,54.33,12.33,12.97,23.63,8.87,0.59,14.53197725590996,19.07,2.57,1.97,7.02
31.83,60.62,14.63,16.91,25.02,10.11,0.62,14.53197725590996,23.27,3.07,1.7,7.17
43.3,81.48,17.41,19.0,36.61,12.32,0.93,14.53197725590996,27.6,4.32,2.21,9.54
36.93,76.91,14.29,16.89,30.26,9.5,1.04,14.53197725590996,25.33,3.58,2.09,9.04
38.07,79.67,15.37,13.76,29.13,8.41,0.8,14.53197725590996,30.27,3.33,2.17,11.01
60.35,110.87,15.37,13.76,29.13,8.41,0.78,14.53197725590996,28.28,4.16,2.18,12.91
30.74,80.8,14.47,16.64,31.11,10.42,0.89,62.24,37.59,3.24,2.17,8.21
43.75,100.92,34.72,28.21,57.07,34.44,0.87,36.35,30.69,3.87,2.05,8.83
36.44,63.95,12.05,10.57,22.38,7.22,0.82,4.84,25.14,4.05,2.19,8.65
38.31,96.81,20.38,14.91,34.47,11.92,0.73,16.1,12.17,4.09,2.22,9.45
31.87,61.91,15.01,9.74,24.64,7.88,1.06,20.38,19.92,3.72,2.19,11.06
49.54,105.25,14.5,9.31,23.29,7.51,0.9,22.3,26.86,4.09,2.13,9.87
46.62,98.1,33.16,30.3,54.34,37.7,0.76,23.13,25.32,3.44,1.91,7.14
26.47,62.35,15.67,11.18,23.35,14.65,0.91,17.6,20.92,3.16,1.97,6.72
22.15,55.39,13.77,8.36,21.59,9.65,0.89,16.45,25.08,3.14,2.16,8.45
34.8,75.58,14.26,8.64,22.57,9.16,1.0,17.25,25.44,4.38,2.2,9.71
32.11,71.02,18.58,13.58,30.02,12.53,0.99,15.4,25.75,3.86,1.97,8.95
38.02,79.34,34.12,32.18,53.48,36.31,0.86,25.47,26.91,4.16,1.98,9.36
43.03,101.54,28.09,22.68,42.36,33.68,1.42,24.33,26.36,5.25,2.14,7.03
35.52,68.81,16.51,9.41,20.08,18.25,0.7,22.39,38.58,3.81,1.93,8.94
39.76,97.33,14.99,9.65,21.39,14.95,0.86,19.92,28.88,5.35,2.21,10.58
39.17,86.77,16.07,10.66,19.45,11.16,1.09,20.21,25.17,4.65,1.92,9.68
34.67,95.14,17.29,10.5,20.93,12.81,0.73,21.96,31.75,5.31,1.89,8.38
41.37,96.26,12.73,10.38,13.38,10.57,0.61,35.25,32.36,3.22,1.55,6.45
52.47,124.04,16.64,9.73,16.56,14.85,0.56,5.29,23.74,3.01,1.66,5.28
22.63,78.34,21.12,11.89,22.7,19.54,1.01,13.58,23.74,4.25,2.0,9.01
30.66,93.25,31.34,16.42,33.89,38.17,0.77,13.33,25.78,5.12,2.14,10.41
30.83,111.52,14.72,8.14,19.02,38.58,0.75,12.05,18.98,5.03,1.92,9.24
20.91,79.27,13.98,8.09,17.35,38.81,0.77,9.28,9.78,4.81,1.86,6.2
16.57,50.38,13.54,7.71,19.39,33.5,0.59,6.39,15.03,3.47,2.1,7.87
24.92,72.1,13.23,8.78,19.14,30.49,0.42,5.53,22.65,3.59,1.92,8.02
22.93,102.56,18.58,10.12,20.53,32.47,0.29,11.97,32.73,3.73,1.83,8.68
39.66,110.23,12.71,10.55,20.67,19.73,0.72,12.92,25.16,5.22,2.06,9.38
38.51,95.89,11.8,10.58,21.27,19.43,0.49,12.69,25.22,4.52,2.12,10.62
35.45,85.48,11.67,10.73,21.03,19.23,0.46,7.28,28.92,3.99,2.05,9.95
39.52,101.22,11.6,10.62,17.19,19.09,0.38,6.6,17.15,3.67,1.7,9.08
15.97,45.06,11.65,10.65,17.36,18.97,0.47,5.66,14.08,5.15,1.7,6.22
33.24,67.52,12.19,10.16,19.89,19.88,0.37,6.76,15.75,4.6,2.08,9.27
23.68,49.41,14.59,8.8,18.37,18.25,0.59,2.13,17.59,4.11,1.79,8.63
38.8,110.12,13.85,9.07,15.9,16.02,0.47,5.1,25.15,3.47,1.9,8.07
25.52,67.57,12.78,9.21,10.32,3.77,0.45,1.71,36.79,3.0,1.26,6.12
52.38,135.9,22.33,16.7,25.97,11.78,0.34,7.4,23.79,2.27,0.86,5.37
24.63,44.26,40.95,26.07,35.88,83.09,0.2,4.37,26.3,3.32,0.84,10.17
41.52,67.16,35.12,18.92,32.67,63.6,0.32,5.2,22.48,2.22,0.81,9.36
32.36,55.29,17.81,10.18,25.52,14.76,0.3,7.66,16.87,3.19,1.08,9.33
24.46,48.21,16.32,10.4,25.54,11.47,0.29,8.03,19.29,3.32,1.11,6.4
31.59,62.79,31.8,20.49,41.64,22.79,0.39,5.37,18.33,3.13,1.08,8.1
29.65,57.49,17.25,14.02,26.67,13.26,0.4,4.57,20.27,3.68,1.13,7.96
36.65,64.81,13.68,11.3,21.67,12.08,0.53,8.0,18.76,3.59,1.14,9.62
34.1,60.06,11.67,10.68,20.93,11.57,0.47,17.74,22.13,4.25,1.14,7.74
43.15,76.76,14.02,10.4,17.86,11.33,0.31,11.1,16.24,3.4,1.25,13.71
48.85,74.56,7.77,9.49,17.26,10.22,0.17,12.12,22.14,4.4,1.15,14.56
43.72,69.77,7.82,9.53,17.1,10.2,0.38,15.18,27.31,4.18,1.14,13.14
28.22,53.0,8.29,9.31,16.63,10.16,0.27,12.54,21.49,3.5,1.06,10.07
27.5,48.96,9.94,10.97,18.41,10.72,0.43,15.86,16.11,3.91,1.14,12.61
26.73,47.19,13.19,13.84,21.83,11.87,0.63,16.16,7.2,5.0,1.15,11.83
29.12,48.46,12.49,14.06,20.12,11.88,0.26,14.42,9.09,4.03,1.1,12.32
41.6,63.19,7.75,9.07,16.81,10.07,0.54,5.36,13.28,4.21,1.16,3.18
31.11,54.02,8.11,9.13,15.87,10.09,0.24,4.81,10.51,3.88,1.09,8.74
33.02,56.3,8.78,9.18,17.56,10.12,0.28,5.25,16.48,3.67,1.15,12.32
27.95,50.61,7.85,8.96,16.73,10.06,0.5,5.53,17.22,3.35,1.13,12.05
27.18,64.55,8.85,8.96,16.41,10.13,0.48,2.96,14.03,3.75,1.11,13.8
21.42,44.31,8.6,9.28,17.6,10.27,0.15,5.62,12.0,3.85,1.16,4.09
27.52,52.67,8.47,9.0,16.78,10.12,0.49,4.6,14.89,3.32,1.11,3.37
32.26,59.32,7.63,9.02,16.62,10.05,0.27,7.12,12.27,3.51,1.14,3.88
20.54,44.11,9.32,8.87,18.19,10.08,0.28,6.38,14.61,2.8,1.12,4.31
23.28,50.89,13.5,9.19,22.46,10.72,0.62,5.42,10.12,3.24,1.13,1.98
42.78,75.93,13.3,9.07,22.38,10.76,0.29,6.24,25.9,3.16,1.14,2.0
34.69,70.15,12.91,8.91,21.82,10.92,0.22,6.12,22.01,2.63,1.13,2.0
34.9,72.3,13.1,8.83,21.94,11.05,0.24,9.0,28.31,2.25,1.02,2.0
42.01,80.46,13.17,8.87,22.01,11.03,0.28,5.79,24.41,2.43,1.12,2.0
67.45057794890306,118.12710293078135,17.574729662029362,28.560659061126955,32.30912333307031,23.48347601937197,2.2485982090856145,14.53197725590996,34.49143047551845,3.280840304500585,8.700972080037227,3.0701278234985114
36.3,63.21,14.22,9.14,22.63,11.17,0.55,6.49,18.33,2.49,1.13,2.0
44.57,73.97,13.1,8.95,21.55,11.12,0.18,8.7,19.26,2.76,1.12,1.98
35.47,62.21,14.53,9.47,22.6,11.18,0.3,5.48,20.87,2.2,1.1,1.98
37.27,62.08,22.98,11.54,31.46,12.7,0.47,6.96,18.45,2.12,1.11,2.0
42.27,66.27,21.96,19.49,37.54,11.58,0.61,6.46,19.43,2.34,1.12,2.0
41.31,67.58,13.2,8.82,21.98,11.05,0.38,5.8,17.12,2.5,1.12,2.0
29.85,53.6,13.17,8.92,22.06,11.09,0.57,9.33,15.45,2.21,1.11,2.0
41.67,71.05,13.23,8.81,21.81,11.06,1.49,21.08,29.75,2.45,1.42,1.96
20.82,36.97,13.25,8.81,22.06,11.07,0.68,5.7,21.35,1.72,1.1,2.0
32.17,53.74,13.24,8.81,21.81,11.07,0.94,6.19,13.45,1.79,1.09,1.98
32.83,58.77,13.26,8.77,22.03,11.08,1.0,6.3,13.84,1.97,1.11,2.0
28.54,56.86,16.3,12.06,25.35,11.66,0.84,5.78,14.57,2.03,1.11,2.0
38.61,76.3,22.78,16.01,32.96,12.24,1.17,7.33,17.04,2.06,1.1,1.98
39.22,75.57,14.89,11.7,24.65,9.68,0.94,9.5,14.2,2.08,1.13,2.0
41.36,79.85,13.16,11.2,23.58,9.48,0.3,9.68,15.6,2.04,1.11,2.0
40.96,75.26,13.75,10.7,23.86,9.46,0.86,9.26,19.2,1.9,1.11,2.0
35.44,63.1,13.54,10.91,23.88,9.48,1.13,12.01,29.03,1.74,1.1,2.0
42.86,69.71,16.53,10.58,23.69,9.61,0.67,7.64,22.4,2.07,1.1,1.98
33.95,61.35,18.8,17.21,28.34,10.34,0.47,12.85,24.2,1.92,1.08,1.96
37.32,65.85,15.01,11.66,25.01,9.59,0.09,15.59,28.21,2.02,1.11,2.0
43.51,74.09,13.95,10.94,24.26,9.55,0.35,12.01,26.59,2.04,1.22,2.0
31.24,54.09,14.64,11.3,24.58,9.65,1.37,15.55,23.48,1.78,1.1,2.0
27.76,52.71,14.0,11.15,24.29,9.29,1.29,20.75,24.46,1.85,1.11,2.0
33.91,61.33,13.95,11.05,23.54,9.45,1.42,43.86,21.75,1.93,1.08,1.95
46.92,76.58,13.6,10.93,23.48,9.62,0.69,41.56,36.57,2.25,1.11,2.0
29.63,55.14,13.39,10.91,23.32,9.5,0.51,6.26,32.18,1.83,1.15,1.98
29.2,55.32,13.75,10.56,23.89,9.34,0.6,10.52,27.3,1.96,1.11,2.0
60.23,82.57,13.29,10.91,23.27,9.46,1.17,20.53,25.56,2.18,1.11,2.0
35.0,62.07,13.04,10.44,23.08,9.32,0.81,13.46,11.17,1.94,1.1,1.98
21.75,50.58,13.42,10.49,23.87,9.41,0.68,8.25,11.7,1.81,1.11,2.0
12.58,41.81,12.94,10.51,23.2,9.34,0.57,9.96,14.39,1.68,1.09,1.98
18.15,51.03,13.16,10.58,23.71,9.36,0.62,21.48,15.92,1.72,1.11,2.0
27.76,65.44,13.38,10.66,23.26,9.41,0.82,49.41,18.07,1.88,1.07,1.99
28.07,69.46,12.93,10.32,22.75,9.29,0.58,10.21,21.01,2.58,1.09,2.93
24.0,51.78,13.19,10.56,23.62,9.32,0.09,6.6,15.08,3.58,1.18,2.91
30.18,54.28,12.51,10.3,22.68,8.98,0.21,4.8,27.04,4.02,1.19,2.15
66.88,95.67,11.96,12.09,20.86,30.09,0.32,4.7,39.06,5.13,1.2,1.98
34.53,75.78,10.57,11.41,20.97,30.69,0.23,3.05,36.75,3.45,1.15,2.0
47.82,71.06,27.37,12.56,25.77,37.76,0.33,4.19,32.11,3.2,1.07,2.48
36.76,64.47,10.5,11.64,20.98,30.77,0.31,1.64,42.89,3.24,1.15,2.0
58.05,81.17,12.25,11.65,21.66,30.47,0.47,16.53,34.49143047551845,2.53,3.64,1.95
38.85,74.0,11.12,11.53,20.3,30.37,0.39,11.45,18.75,1.84,2.59,1.88
22.66,54.08,11.13,11.53,21.65,30.36,0.63,9.21,20.6,2.01,3.51,2.0
42.86,107.14,11.16,11.51,21.67,30.36,0.52,7.06,24.61,2.21,3.67,2.0
24.18,61.24,17.21,10.04,27.25,13.03,0.8,10.71,16.33,1.56,1.99,2.0
42.84,81.33,17.28,10.04,27.28,13.0,0.78,9.2,12.92,2.02,2.7,2.0
24.07,59.83,9.5,9.99,19.5,13.0,0.67,8.75,13.37,1.91,2.89,2.0
32.98,88.49,9.5,9.99,19.49,13.01,0.67,10.45,16.72,2.24,3.26,2.0
31.91,46.08,9.51,10.02,19.54,13.0,0.63,14.87,11.14,1.81,2.17,2.0
41.64,69.84,9.6,10.15,19.52,5.02,0.64,8.22,19.66,1.99,2.77,2.0
60.29,99.83,9.54,10.06,19.6,4.93,0.71,8.9,24.19,2.41,3.08,2.0
39.26,47.36,12.76,13.75,21.92,6.29,0.71,7.47,16.45,1.77,2.09,2.0
30.72,38.24,10.88,11.28,20.2,5.37,0.64,6.67,22.0,1.76,2.1,1.96
41.03,51.31,12.58,12.41,21.73,5.8,0.81,5.42,24.54,1.74,1.98,1.98
49.45,64.66,13.29,13.0,21.65,6.2,0.65,5.64,23.2,1.89,1.81,1.98
58.96,85.25,13.08,14.96,21.71,6.77,0.72,6.09,24.27,2.1,2.03,1.98
62.11,84.25,11.19,12.12,20.52,5.7,0.61,5.04,23.21,2.0,2.0,2.0
58.57,84.32,10.44,10.62,20.2,4.87,0.8,6.96,46.13,1.69,1.65,1.96
33.39,47.36,10.21,10.43,20.35,11.87,0.6,6.75,38.56,1.74,1.8,2.0
36.74,46.3,9.75,9.77,19.28,11.99,0.57,7.53,8.63,1.76,1.7,2.0
56.17,80.34,9.68,10.05,19.07,11.94,0.68,20.5,23.77,2.11,1.84,1.92
55.64,80.28,9.37,10.19,19.5,11.99,0.73,10.87,36.72,2.02,2.14,2.0
44.56,73.05,9.55,9.99,18.76,12.1,0.8,17.99,17.71,2.29,2.78,1.94
47.0,61.51,9.67,10.01,19.68,12.06,0.4,6.24,25.62,1.83,2.09,2.0
31.25,83.72,9.17,9.89,17.82,11.99,0.66,6.54,20.19,1.45,1.55,1.86
45.32,81.67,9.43,9.85,19.25,12.0,0.91,7.72,34.49143047551845,2.27,2.14,2.0
37.05,69.74,9.44,10.04,19.14,12.0,0.63,15.16,22.56,1.87,1.92,1.95
21.05,40.05,9.72,10.07,19.58,11.92,0.8,7.78,39.9,1.59,1.84,2.0
27.42,50.66,9.68,10.01,17.86,11.99,0.73,7.05,40.09,1.5,1.54,1.83
43.96,77.9,9.54,9.93,19.14,12.01,0.6,8.46,43.35,1.85,1.82,2.0
61.56,94.0,10.19,10.77,19.76,12.31,0.64,11.17,32.32,2.11,2.12,2.0
42.4,55.89,10.76,10.82,20.45,11.96,0.64,10.61,23.37,1.66,1.67,2.0
20.48,36.13,9.53,10.7,19.55,11.84,0.98,6.87,28.73,1.64,1.87,2.0
27.36,57.69,10.0,10.35,19.39,11.8,0.55,6.8,31.21,1.69,1.81,1.96
55.53,94.4,17.32,12.2,26.8,12.12,0.54,7.43,33.11,1.74,1.7,2.05
16.41,73.67,17.35,11.36,27.52,12.0,0.81,10.72,34.49143047551845,1.5,1.82,2.0
34.54,101.2,28.08,25.44,38.34,16.9,0.68,10.19,34.49143047551845,1.65,2.12,1.88
22.15,83.69,17.9,12.55,27.8,12.16,0.83,21.92,29.65,1.44,1.86,1.98
32.33,97.38,17.54,11.96,27.44,12.02,0.78,9.91,29.66,1.55,1.83,1.98
22.09,74.89,17.71,11.96,28.12,11.84,0.72,14.65,30.07,1.44,1.56,2.0
17.61,61.51,17.42,11.14,26.82,12.0,0.74,11.49,27.23,1.38,1.47,1.98
17.0,61.08,17.79,11.2,27.07,12.16,0.82,8.51,29.45,1.39,1.51,1.98
25.44,77.68,17.05,11.41,26.88,12.1,0.82,11.62,30.24,1.46,1.76,2.0
20.71,72.89,17.35,11.81,26.87,12.14,0.82,6.74,32.77,1.43,1.75,2.0
43.24,115.85,18.82,12.66,28.37,12.29,0.73,9.44,34.08,1.66,2.02,2.0
17.08,70.36,17.22,11.62,26.98,11.8,0.78,8.52,36.31,1.39,1.59,2.0
21.05,70.22,18.49,11.98,28.28,11.71,0.7,12.75,32.14,1.38,1.7,1.98
25.65,83.27,17.4,12.99,27.07,12.15,0.73,21.74,32.95,1.47,1.87,2.0
38.07,106.34,17.57,12.39,27.5,11.97,0.68,9.82,33.3,1.57,1.94,1.98
33.78,100.73,17.69,11.47,27.21,12.03,0.68,23.06,26.71,1.55,2.03,1.98
24.57,77.22,17.13,11.39,26.89,11.98,0.7,19.46,31.11,1.48,2.01,2.0
30.12,85.69,17.86,10.34,27.64,11.93,0.84,9.34,31.26,1.43,1.88,2.0
26.35,75.6,18.2,10.94,27.27,12.09,1.27,7.73,29.78,1.43,1.69,1.98
15.6,61.47,18.43,10.79,27.91,11.96,0.86,6.41,28.07,1.36,1.67,2.0
22.63,72.7,17.79,11.82,27.96,11.84,0.73,7.16,32.26,1.41,1.72,2.0
20.29,60.78,21.42,13.83,29.21,12.79,0.73,6.22,25.63,1.35,1.62,1.94
12.03,54.63,19.93,12.76,30.41,12.33,0.76,6.2,22.84,1.34,1.53,2.01
17.74,63.75,17.36,11.56,27.43,12.19,0.76,6.7,22.1,1.37,1.67,1.98
21.35,68.57,17.8,11.05,26.97,12.07,0.71,7.21,22.14,1.37,1.66,1.98
21.91,70.76,17.8,10.68,27.51,11.97,0.78,6.82,22.14,1.38,1.54,2.0
14.18,60.07,18.48,10.29,27.96,12.1,0.77,6.3,22.14,1.32,1.59,1.98
13.97,63.92,17.69,10.82,27.94,11.74,0.78,6.22,22.14,1.34,1.58,2.01
17.52,61.42,17.88,10.69,26.99,12.16,0.76,6.57,22.14,1.34,1.61,1.98
22.8,50.68,17.62,10.84,27.79,12.01,0.69,7.4,22.14,1.42,1.78,2.0
34.73,68.87,16.81,10.78,25.99,11.93,0.69,8.68,22.14,1.52,1.89,1.94
29.47,59.84,17.65,11.55,27.61,12.12,0.59,9.63,22.14,1.65,1.98,2.0
22.37,50.46,17.34,10.67,23.17,12.09,0.64,6.33,22.14,1.21,1.4,1.79
32.05,75.31,20.86,18.96,28.66,15.16,0.73,6.55,23.62,1.26,1.5,1.83
22.61,48.2,23.03,17.01,33.2,14.86,0.73,7.65,36.07,1.39,1.75,2.0
16.35,56.92,17.86,12.25,28.27,11.95,0.68,9.64,43.02,1.37,1.54,2.0
14.67,59.48,23.49,16.84,33.39,12.8,0.84,8.59,43.02,1.31,1.15,2.0
20.68,78.36,20.44,16.25,32.22,12.53,0.67,8.94,43.02,1.3,1.1,2.0
15.74,67.22,22.04,16.48,30.38,13.38,0.77,17.19,43.02,1.29,1.09,1.98
14.78,54.18,19.74,15.44,29.59,12.11,0.69,11.17,43.02,1.3,1.1,5.05
11.2,42.21,38.1,32.33,46.31,19.36,0.75,6.42,44.12,1.25,1.06,8.48
13.63,52.77,28.22,21.57,37.97,14.54,0.79,7.08,43.57,1.3,1.1,8.81
24.61,86.73,26.75,19.19,36.02,14.53,0.76,9.0,43.57,1.3,1.1,8.72
15.46,65.47,23.93,18.66,35.6,13.06,0.78,7.07,26.82,1.29,1.09,8.72
19.64,72.31,19.2,16.05,28.92,12.8,0.81,8.64,27.11,1.29,1.09,8.67
18.81,74.73,19.59,14.69,29.97,12.13,0.73,7.44,27.1,1.3,1.1,8.72
23.32,76.19,19.26,12.39,28.6,12.35,0.82,10.3,27.11,1.3,1.1,8.72
18.39,48.21,33.61,26.95,39.88,18.62,0.73,8.99,37.82,1.23,1.04,8.23
34.0,83.68,30.38,24.27,39.73,15.15,0.83,10.06,43.77,1.3,1.1,8.81
37.31,87.52,22.45,18.78,31.81,13.86,0.75,10.47,43.73,1.29,1.09,8.72
39.62,91.93,20.3,13.69,30.2,12.41,0.7,10.16,43.77,1.3,1.1,8.82
32.14,70.6,20.67,15.65,30.08,12.66,0.67,7.82,43.77,1.3,1.1,8.72
24.59,49.58,21.79,16.79,30.38,13.27,0.82,9.74,43.77,1.3,1.1,8.82
44.76,86.65,19.55,15.63,30.07,12.96,0.74,9.08,43.77,1.27,1.08,8.63
42.22,78.34,21.56,15.84,32.32,12.57,0.61,9.03,43.77,1.3,1.1,8.81
21.61,43.74,22.88,15.94,32.43,12.76,0.91,9.9,43.77,1.3,1.1,8.72
35.91,69.27,20.01,14.83,29.75,12.49,0.75,9.26,43.77,1.3,1.1,8.81
39.96,77.29,20.35,15.98,30.7,12.66,0.75,11.8,43.77,1.3,1.1,8.81
44.56,76.97,22.31,17.48,27.56,12.49,0.67,26.68,43.77,1.06,0.89,6.88
34.55,59.21,21.5,14.96,30.21,12.55,0.69,22.25,52.91,1.3,1.1,8.81
43.35,68.58,21.26,15.0,30.04,12.84,0.69,11.86,64.78,1.3,1.1,8.72
52.58,81.31,20.08,15.55,30.04,12.53,0.68,10.76,64.78,1.3,1.1,8.82
29.01,55.05,18.64,11.41,26.45,12.15,0.61,19.01,17.0,1.22,1.03,8.26
16.29,72.17,17.69,10.6,27.18,12.27,0.76,17.75,17.0,1.3,1.1,8.82
51.47,90.41,18.07,10.31,27.12,12.29,0.97,34.05,17.0,1.29,1.09,8.63
37.21,66.23,16.63,10.97,26.78,11.95,0.56,14.45,17.0,1.3,1.1,8.81
43.68,108.29,17.75,10.33,27.66,12.14,0.49,10.98,17.0,1.3,1.1,8.72
29.99,77.22,19.41,11.22,28.95,11.92,0.73,12.3,17.0,1.3,1.1,8.72
24.14,51.65,20.17,14.87,31.03,12.57,0.66,6.28,17.0,1.3,1.1,8.82
26.84,152.97,23.06,21.62,34.76,13.99,0.68,17.71,28.48,1.3,1.1,8.81
20.75,29.73,24.69,21.48,34.62,14.25,0.72,10.49,40.04,1.3,1.1,8.82
27.07,59.04,19.32,13.52,27.74,12.57,0.59,8.56,39.64,1.29,1.09,8.63
29.6,84.35,17.94,11.23,25.93,12.1,0.57,12.01,34.49143047551845,1.3,1.1,8.82
28.73,76.37,17.59,10.65,25.98,12.21,0.55,13.47,34.49143047551845,1.3,1.1,8.72
31.56,87.65,16.76,9.4,25.22,11.99,0.72,11.08,34.49143047551845,1.3,1.1,8.82
27.87,96.72,16.68,9.17,24.32,12.01,0.71,12.02,30.79,1.29,1.09,8.53
31.92,96.98,15.92,8.01,23.81,12.06,0.69,10.86,32.52,1.3,1.1,8.72
39.81,95.02,23.84,18.72,32.27,14.43,0.68,4.64,16.48,1.3,1.1,8.72
31.68,57.96,18.0,10.71,25.96,11.94,0.74,5.83,16.48,1.3,1.1,8.82
32.85,151.19,23.35,18.01,31.94,13.71,0.66,4.79,16.48,1.29,1.08,8.54
51.1,118.12710293078135,25.25,20.8,35.75,14.07,0.66,4.55,16.48,1.3,1.1,8.82
45.24,40.0,23.11,17.9,27.47,13.25,0.63,5.22,16.48,1.16,0.98,7.85
41.64,76.49,22.03,15.97,30.6,13.29,0.69,4.67,16.48,1.3,1.1,8.72
57.67,100.99,32.81,15.11,30.2,17.73,0.59,3.48,16.48,1.3,1.1,8.82
48.59,118.12710293078135,3.47,27.0,18.04,28.02,3.89,1.94,52.96,21.33,196.72,3.0701278234985114
30.78,118.12710293078135,2.68,16.23,14.63,26.96,1.46,2.63,49.52,0.14,2.07,3.0701278234985114
38.99,118.12710293078135,2.6,10.97,12.7,27.52,1.79,2.79,47.67,0.14,2.39,3.0701278234985114
31.78,118.12710293078135,2.48,8.14,8.06,22.34,0.55,7.22,54.31,0.18,0.28,3.0701278234985114
37.25,118.12710293078135,2.86,7.14,11.25,17.78,2.3,5.88,60.42,0.2,2.3,3.0701278234985114
25.06,118.12710293078135,3.21,8.72,7.2,29.83,5.82,2.6,42.63,0.13,5.92,3.0701278234985114
17.03,118.12710293078135,2.17,8.53,9.95,34.3,2.23,2.75,39.03,3.280840304500585,2.62,3.0701278234985114
19.73,118.12710293078135,2.26,6.1,6.13,27.48,1.4,4.66,57.7,0.18,1.71,3.0701278234985114
15.12,118.12710293078135,4.35,14.96,12.52,35.77,1.13,5.12,109.66,3.280840304500585,1.27,3.0701278234985114
69.85,118.12710293078135,8.6,14.35,19.55,15.8,1.22,15.91,123.32,3.280840304500585,0.77,3.0701278234985114
32.92,118.12710293078135,7.12,12.95,18.7,11.62,2.31,14.79,57.59,43.78,3.7,3.0701278234985114
44.53,118.12710293078135,7.24,17.71,22.68,11.4,1.34,8.34,27.11,47.26,15.45,3.0701278234985114
39.06,118.12710293078135,3.45,14.31,12.05,6.09,1.59,4.96,26.93,35.9,11.32,3.0701278234985114
62.58,118.12710293078135,5.03,15.2,10.05,14.62,1.32,7.47,17.81,37.56,11.01,3.0701278234985114
40.37,118.12710293078135,9.03,20.7,13.3,5.94,0.0,8.6,36.56,37.07,9.99,3.0701278234985114
41.53,118.12710293078135,5.74,20.41,14.16,15.4,0.5,4.67,31.73,22.24,6.38,3.0701278234985114
40.81,118.12710293078135,6.5,29.77,14.91,14.21,2.57,3.46,32.11,5.2,1.96,3.0701278234985114
36.11,118.12710293078135,6.97,29.38,17.29,15.84,0.3,11.84,14.0,4.94,1.55,3.0701278234985114
28.76,118.12710293078135,8.95,29.1,18.34,15.13,2.2485982090856145,2.96,15.17,4.67,1.66,3.0701278234985114
23.77,118.12710293078135,6.77,33.12,20.16,14.28,1.19,2.83,12.14,4.88,1.84,3.0701278234985114
17.34,118.12710293078135,5.26,22.13,14.1,18.55,2.06,3.08,12.14,5.66,2.25,3.0701278234985114
30.45,118.12710293078135,5.23,32.24,18.53,24.08,1.19,3.9,8.48,4.66,1.45,3.0701278234985114
25.27,118.12710293078135,10.97,31.22,20.24,17.26,1.14,3.92,37.13,4.19,1.16,3.0701278234985114
26.7,118.12710293078135,4.76,32.48,16.97,15.5,1.26,4.24,36.42,4.1,1.1,3.0701278234985114
27.84,118.12710293078135,6.01,17.97,9.15,13.64,1.21,4.38,25.96,4.18,1.19,3.0701278234985114
31.7,118.12710293078135,2.97,11.83,9.27,2.77,4.79,4.02,27.83,3.77,1.05,3.0701278234985114
48.08,118.12710293078135,12.38,41.16,23.43,4.91,1.22,0.96,42.06,3.54,0.86,3.0701278234985114
30.77,118.12710293078135,6.31,22.5,13.99,4.88,1.4,0.92,31.65,5.05,1.34,3.0701278234985114
40.71,118.12710293078135,0.75,6.62,5.01,2.89,2.84,4.24,22.32,5.42,3.15,3.0701278234985114
23.95,118.12710293078135,0.46,9.28,3.25,2.31,1.77,7.93,54.65,4.08,1.68,3.0701278234985114
21.51,118.12710293078135,1.59,19.98,9.87,2.21,1.52,4.44,46.8,4.11,1.39,3.0701278234985114
25.56,118.12710293078135,1.14,6.39,7.52,1.93,1.4,4.47,29.64,3.16,1.3,3.0701278234985114
16.02,118.12710293078135,4.7,30.73,36.51,30.36,1.78,11.64,20.75,3.280840304500585,1.72,3.0701278234985114
12.69,118.12710293078135,4.38,25.18,27.39,28.0,4.45,4.22,19.63,2.71,1.93,3.0701278234985114
12.11,118.12710293078135,6.72,20.8,13.22,25.86,1.4,15.06,20.96,3.13,1.2,3.0701278234985114
13.66,118.12710293078135,3.61,22.16,11.83,21.15,1.96,6.09,24.49,3.13,1.94,3.0701278234985114
14.56,118.12710293078135,3.34,17.32,8.95,20.88,1.54,11.59,15.75,4.79,1.46,3.0701278234985114
14.76,118.12710293078135,3.2,13.35,7.08,5.29,1.89,10.35,20.52,4.35,1.56,3.0701278234985114
12.29,118.12710293078135,2.53,10.75,4.86,7.02,3.21,15.0,19.08,5.46,1.76,3.0701278234985114
15.7,118.12710293078135,6.3,13.12,10.43,8.92,1.56,5.04,34.42,2.43,1.53,3.0701278234985114
19.54,118.12710293078135,2.19,11.09,5.01,7.0,2.0,4.12,13.5,2.96,2.08,3.0701278234985114
21.86,118.12710293078135,3.91,19.0,11.85,8.08,1.54,4.34,11.12,5.67,1.52,3.0701278234985114
18.74,118.12710293078135,3.9,14.48,9.69,7.31,2.89,1.95,8.62,4.36,1.31,3.0701278234985114
14.52,118.12710293078135,1.14,6.1,3.71,7.5,1.75,4.41,13.27,0.1,1.34,3.0701278234985114
23.45,118.12710293078135,5.88,9.83,8.64,10.15,2.11,1.86,9.66,20.87,2.47,3.0701278234985114
26.84,118.12710293078135,6.18,10.76,9.67,9.89,1.62,3.46,8.48,3.280840304500585,1.13,3.0701278234985114
24.44,118.12710293078135,4.63,10.0,8.6,10.06,2.89,15.96,9.61,16.78,2.54,3.0701278234985114
19.04,118.12710293078135,3.67,12.67,9.08,29.6,1.5,4.9,5.82,18.71,2.1,3.0701278234985114
18.18,118.12710293078135,4.06,20.21,11.77,10.3,9.97,2.43,3.38,16.15,3.28,3.0701278234985114
15.85,118.12710293078135,5.74,10.66,8.17,10.75,9.92,2.6,5.24,14.1,1.8,3.0701278234985114
17.94,118.12710293078135,6.02,18.38,13.03,33.49,3.15,5.94,7.21,16.44,1.98,3.0701278234985114
46.86,118.12710293078135,2.62,8.46,5.62,23.31,20.25,3.78,3.98,15.6,1.79,3.0701278234985114
21.02,118.12710293078135,3.65,8.21,6.26,23.95,1.82,5.16,6.23,34.14,162.98,3.0701278234985114
23.26,118.12710293078135,7.05,34.35,21.46,30.68,1.31,3.73,3.41,5.55,4.72,3.0701278234985114
17.9,118.12710293078135,3.31,17.51,11.02,33.06,11.68,6.56,3.44,3.280840304500585,43.3,3.0701278234985114
10.99,118.12710293078135,2.95,15.97,9.93,24.16,1.14,1.07,3.35,3.280840304500585,1.13,3.0701278234985114
12.9,118.12710293078135,2.79,11.64,7.72,23.28,26.54,0.91,3.86,3.280840304500585,26.54,3.0701278234985114
22.29,118.12710293078135,4.0,15.11,10.24,27.77,1.16,1.0,4.72,3.280840304500585,1.13,3.0701278234985114
17.38,118.12710293078135,4.23,12.18,12.33,15.18,1.43,1.1,7.65,3.280840304500585,8.700972080037227,3.0701278234985114
14.67,118.12710293078135,6.76,20.81,14.62,35.39,2.4,1.13,4.84,3.280840304500585,8.700972080037227,3.0701278234985114
18.96,118.12710293078135,3.22,21.16,12.18,26.37,1.96,1.42,4.19,3.280840304500585,8.700972080037227,3.0701278234985114
23.42,118.12710293078135,2.6,6.47,5.25,33.9,5.77,1.24,17.22,3.280840304500585,8.700972080037227,3.0701278234985114
24.9,118.12710293078135,2.58,7.25,5.57,33.29,5.26,1.67,13.62,3.280840304500585,1.79,3.0701278234985114
24.49,118.12710293078135,2.5,12.59,8.41,31.79,1.42,2.49,14.5,3.280840304500585,1.12,3.0701278234985114
26.16,118.12710293078135,3.72,15.89,10.97,37.51,1.76,2.12,10.98,3.280840304500585,1.2,3.0701278234985114
27.38,118.12710293078135,6.79,17.6,14.32,54.9,1.47,2.63,38.49,3.280840304500585,1.53,3.0701278234985114
22.47,118.12710293078135,6.9,10.95,10.3,37.31,1.78,5.6,12.62,3.280840304500585,1.35,3.0701278234985114
29.6,118.12710293078135,6.75,11.14,10.91,36.19,13.22,7.0,5.34,3.280840304500585,1.04,3.0701278234985114
15.21,118.12710293078135,6.53,12.29,11.26,36.3,1.2,3.26,5.01,3.280840304500585,1.2,3.0701278234985114
18.09,118.12710293078135,5.32,13.42,10.92,34.24,3.19,2.85,5.48,3.280840304500585,1.07,3.0701278234985114
11.47,118.12710293078135,3.26,12.06,8.6,24.19,18.66,2.26,14.33,3.280840304500585,18.66,3.0701278234985114
10.93,118.12710293078135,2.64,9.78,6.94,19.64,1.7,1.92,10.45,3.280840304500585,2.95,3.0701278234985114
7.32,118.12710293078135,3.3,9.42,8.69,20.84,1.27,1.74,11.51,3.280840304500585,1.27,3.0701278234985114
16.51,118.12710293078135,3.86,15.32,12.75,36.84,2.15,3.01,15.34,3.280840304500585,2.21,3.0701278234985114
28.38,118.12710293078135,6.09,22.83,18.49,35.72,2.21,2.97,20.63,3.280840304500585,2.3,3.0701278234985114
27.74,118.12710293078135,3.53,27.93,19.01,37.81,2.13,2.32,21.96,3.280840304500585,2.21,3.0701278234985114
29.1,118.12710293078135,3.31,22.47,15.65,34.28,2.39,2.37,16.37,3.280840304500585,2.26,3.0701278234985114
19.98,118.12710293078135,21.66,30.35,31.94,76.12,2.0,1.69,18.48,3.280840304500585,2.31,3.0701278234985114
31.36,118.12710293078135,5.95,33.02,21.34,41.39,2.09,1.72,20.18,3.280840304500585,2.23,3.0701278234985114
22.3,118.12710293078135,3.85,26.84,17.13,26.74,1.82,4.18,34.49143047551845,3.280840304500585,1.82,3.0701278234985114
28.7,118.12710293078135,6.17,23.13,16.54,31.01,1.96,2.64,10.81,3.280840304500585,2.18,3.0701278234985114
35.04,118.12710293078135,6.66,19.67,15.11,24.52,1.7,4.52,15.74,3.280840304500585,1.7,3.0701278234985114
12.14,118.12710293078135,5.05,19.19,13.76,27.54,1.21,8.55,12.96,3.280840304500585,1.23,3.0701278234985114
14.44,118.12710293078135,5.96,20.31,15.2,26.87,1.54,7.68,14.01,3.280840304500585,1.52,3.0701278234985114
17.14,118.12710293078135,7.37,27.34,19.63,32.02,1.72,2.61,8.84,3.280840304500585,1.74,3.0701278234985114
25.65,118.12710293078135,10.14,38.97,27.72,38.88,1.62,2.54,9.81,3.280840304500585,1.67,3.0701278234985114
46.63,118.12710293078135,7.75,71.63,43.26,44.56,1.47,3.74,11.97,3.280840304500585,1.52,3.0701278234985114
49.23,118.12710293078135,13.62,51.64,35.97,42.06,2.12,3.23,11.33,3.280840304500585,1.43,3.0701278234985114
42.02,118.12710293078135,8.97,27.41,19.27,21.37,1.5,2.71,6.43,3.280840304500585,1.33,3.0701278234985114
42.64,118.12710293078135,2.42,21.57,19.75,20.88,1.14,2.14,14.4,3.280840304500585,1.12,3.0701278234985114
55.94,118.12710293078135,1.96,24.25,21.45,33.92,1.31,2.76,33.92,3.280840304500585,1.22,3.0701278234985114
45.13,118.12710293078135,1.73,26.15,22.27,34.86,1.06,2.4,41.37,3.280840304500585,1.06,3.0701278234985114
38.26,118.12710293078135,1.74,20.74,17.48,29.89,2.2485982090856145,2.05,43.11,3.280840304500585,8.700972080037227,3.0701278234985114
47.1,118.12710293078135,3.11,26.73,23.93,37.44,1.19,2.27,32.67,3.280840304500585,1.19,3.0701278234985114
36.44,118.12710293078135,4.58,24.21,24.3,26.15,1.18,1.53,26.35,3.280840304500585,1.19,3.0701278234985114
29.17,118.12710293078135,6.15,22.68,22.27,44.06,1.15,1.37,15.59,3.280840304500585,1.29,3.0701278234985114
28.56,118.12710293078135,6.9,18.2,14.16,23.29,1.36,2.51,12.65,1.95,4.46,3.0701278234985114
31.05,118.12710293078135,8.92,20.58,16.89,34.87,1.34,2.79,11.62,2.14,5.51,3.0701278234985114
43.1,118.12710293078135,4.09,12.07,8.88,27.02,3.56,2.44,19.13,2.67,5.73,3.0701278234985114
30.36,118.12710293078135,8.04,17.33,14.75,61.87,1.24,2.74,10.93,3.94,5.71,3.0701278234985114
37.22,118.12710293078135,3.66,13.89,9.7,32.2,1.21,2.01,8.07,3.02,14.41,3.0701278234985114
31.44,70.46,3.03,15.85,10.27,27.73,1.22,1.94,17.98,2.41,17.84,3.0701278234985114
31.4,118.12710293078135,1.92,15.33,8.96,21.44,2.2485982090856145,1.77,23.72,1.5,7.21,3.0701278234985114
34.92,118.12710293078135,0.87,10.21,5.52,18.46,2.2485982090856145,1.72,32.86,1.28,3.29,3.0701278234985114
12.63,43.64,1.46,6.81,4.75,12.63,1.48,2.05,41.66,1.12,2.07,3.0701278234985114
28.22,153.3,5.8,21.5,21.78,27.79,2.09,2.69,34.32,2.08,4.5,3.0701278234985114
42.23,59.94,2.83,18.86,16.26,23.48347601937197,1.64,2.16,34.8,1.48,3.94,3.0701278234985114
16.03,16.77,3.81,18.34,18.74,23.48347601937197,1.61,2.31,35.48,0.87,1.26,3.0701278234985114
13.89,31.44,6.84,12.14,15.35,23.93,1.72,2.5,4.56,0.74,1.48,3.0701278234985114
16.06,24.35,4.57,13.13,16.2,21.28,0.94,3.12,34.49143047551845,3.280840304500585,1.07,3.0701278234985114
16.97,15.69,3.07,10.57,12.6,13.92,0.83,2.6,34.49143047551845,3.280840304500585,1.06,3.0701278234985114
19.66,36.84,6.47,16.37,20.87,24.04,1.35,2.83,4.09,1.18,2.17,3.0701278234985114
20.35,33.97,7.76,20.64,24.75,26.98,1.36,2.59,7.77,1.02,1.9,3.0701278234985114
43.91,43.65,11.74,29.33,32.78,55.4,1.52,3.44,14.8,1.53,3.59,3.0701278234985114
29.35,75.79,5.72,21.21,21.4,19.08,1.55,4.55,29.03,1.01,1.15,3.0701278234985114
15.34,53.7,8.46,22.22,24.6,21.4,1.13,4.45,8.84,1.11,2.53,3.0701278234985114
14.18,55.71,12.9,25.86,27.06,21.81,1.63,5.14,9.89,0.97,2.15,3.0701278234985114
13.36,33.82,8.24,24.04,17.46,22.0,1.7,11.07,8.15,0.73,1.66,3.0701278234985114
19.86,72.72,11.73,33.56,26.85,37.08,1.47,8.32,9.51,0.98,2.6,3.0701278234985114
29.12,118.12710293078135,2.8,25.17,13.66,41.62,2.2485982090856145,3.1,43.98,0.71,1.17,3.0701278234985114
41.16,85.25,10.04,34.42,23.91,46.07,1.88,5.24,27.26,0.88,1.7,3.0701278234985114
48.01,78.58,16.65,39.78,31.61,46.15,1.84,4.86,6.32,1.16,1.49,3.0701278234985114
35.48,58.04,25.04,35.58,35.53,51.46,1.92,5.27,3.36,0.99,1.46,3.0701278234985114
32.95,79.07,23.41,41.05,36.25,26.38,2.07,5.94,2.3,1.43,1.63,3.0701278234985114
50.19,73.43,18.73,57.62,31.41,20.93,1.78,5.34,2.33,1.29,1.39,3.0701278234985114
34.57,64.09,15.68,42.88,37.39,12.64,1.68,4.79,2.16,0.91,1.07,3.0701278234985114
52.06,56.71,13.51,27.66,21.45,11.98,1.33,4.38,1.87,1.29,1.6,3.0701278234985114
39.67,100.76,5.93,22.28,13.92,14.1,1.44,2.72,1.83,1.18,1.46,3.0701278234985114
50.47,56.41,4.71,37.1,20.85,20.54,1.93,3.65,6.68,1.22,1.47,3.0701278234985114
41.04,62.41,10.15,40.72,26.28,22.39,1.55,5.21,17.03,0.97,1.28,3.0701278234985114
60.44,65.74,17.24,43.97,33.82,26.04,1.44,5.29,20.05,1.17,1.19,3.0701278234985114
49.42,74.68,20.35,55.38,42.2,36.34,1.62,5.47,24.06,1.58,1.24,3.0701278234985114
48.16,74.0,22.45,59.75,44.59,21.42,0.85,6.94,31.0,1.59,1.44,3.0701278234985114
53.69,93.92,26.49,73.09,54.77,16.05,0.76,8.67,34.06,1.88,1.18,3.0701278234985114
51.7,121.42,15.35,51.13,35.03,19.55,1.23,7.78,18.12,0.64,0.84,3.0701278234985114
54.33,76.37,14.67,41.42,32.76,20.6,1.05,8.73,17.6,0.89,0.7,3.0701278234985114
42.58,108.68,9.51,23.5,19.24,27.19,1.51,3.45,31.32,0.68,0.37,3.0701278234985114
36.28,98.29,12.77,41.88,27.18,5.47,0.81,3.09,30.33,0.45,0.2,3.0701278234985114
35.63,115.9,12.59,47.36,24.09,4.09,0.79,3.52,29.08,0.67,0.27,3.0701278234985114
34.83,130.54,6.28,10.21,9.96,26.41,0.94,4.09,48.47,9.6,5.93,3.0701278234985114
37.17,103.22,6.77,16.25,13.99,25.49,0.71,3.39,47.77,5.19,4.95,3.0701278234985114
39.88,68.46,7.67,21.35,16.08,24.94,0.72,3.74,56.94,11.29,6.26,3.0701278234985114
47.42,54.05,20.84,22.55,33.44,18.06,0.6,5.65,39.29,7.21,11.94,3.0701278234985114
48.78,58.28,5.64,23.05,16.42,17.12,0.67,4.34,47.83,8.11,5.52,3.0701278234985114
46.6,59.08,9.97,20.19,21.66,17.48,0.82,4.12,53.75,5.29,3.32,3.0701278234985114
35.86,63.4,4.47,23.12,15.99,16.11,0.49,4.17,74.38,5.35,4.4,3.0701278234985114
39.87,63.61,8.72,28.17,18.17,19.71,0.62,5.62,68.49,5.57,4.86,3.0701278234985114
40.79,63.42,6.61,43.48,25.98,20.1,0.6,4.37,46.14,4.44,7.41,3.0701278234985114
46.0,58.14,13.5,34.28,24.08,17.66,0.66,7.17,40.96,6.79,6.71,3.0701278234985114
23.99,35.12,2.85,19.03,11.43,16.79,1.15,4.1,95.21,1.74,2.88,3.0701278234985114
27.21,44.02,26.89,34.02,34.92,17.82,0.69,3.15,53.32,2.45,5.18,3.0701278234985114
20.46,34.82,6.44,26.1,15.86,16.5,0.6,3.66,58.13,3.77,5.69,3.0701278234985114
32.5,230.2,5.74,20.91,14.43,16.75,0.99,4.01,50.62,2.74,6.69,3.0701278234985114
57.81,50.58,4.39,12.56,8.77,16.13,0.88,3.11,45.59,2.98,6.78,3.0701278234985114
31.19,54.8,7.37,14.44,13.47,19.08,0.67,3.77,54.95,2.79,7.96,3.0701278234985114
34.06,45.82,5.54,10.89,8.46,23.06,0.72,4.08,70.86,3.24,5.73,3.0701278234985114
33.05,52.87,22.08,31.46,28.58,23.48347601937197,0.61,2.78,53.86,3.5,5.65,3.0701278234985114
28.39,46.27,4.27,11.86,9.25,23.48347601937197,0.46,2.94,41.46,2.06,3.53,3.0701278234985114
36.67,42.55,5.28,21.65,15.22,11.28,0.61,3.71,20.18,2.48,4.97,3.0701278234985114
152.94,43.16,1.41,9.86,5.87,9.56,1.08,3.36,27.96,1.99,12.03,3.0701278234985114
28.24,194.62,6.57,15.81,14.49,36.79,0.47,7.48,34.49143047551845,3.280840304500585,0.4,3.0701278234985114
29.83,23.86,5.48,17.61,12.97,32.55,0.33,1.79,31.87,1.57,2.94,3.0701278234985114
18.36,57.25,10.01,19.9,17.76,31.94,2.27,2.18,35.67,0.53,0.53,3.0701278234985114
17.26,42.66,6.0,13.18,13.25,32.42,0.42,1.77,34.49143047551845,3.280840304500585,0.31,3.0701278234985114
67.45057794890306,51.22,7.27,15.69,14.37,28.08,0.46,4.04,34.49143047551845,3.280840304500585,0.31,3.0701278234985114
67.45057794890306,41.88,3.17,11.15,8.45,17.58,1.51,3.46,34.49143047551845,3.280840304500585,9.14,3.0701278234985114
67.45057794890306,39.43,9.54,23.36,17.74,15.33,1.48,2.96,34.49143047551845,3.280840304500585,38.52,3.0701278234985114
67.45057794890306,33.87,13.06,33.33,25.12,23.48347601937197,0.69,2.8,34.49143047551845,3.280840304500585,8.700972080037227,3.0701278234985114
67.45057794890306,42.24,10.92,20.74,17.38,12.73,0.74,1.84,34.49143047551845,3.280840304500585,0.0,3.0701278234985114
218.17,30.53,5.39,10.49,8.64,15.8,2.63,3.62,34.49143047551845,3.280840304500585,15.69,3.0701278234985114
67.45057794890306,56.61,11.65,20.88,17.82,23.48347601937197,0.51,2.31,34.49143047551845,3.280840304500585,8.700972080037227,3.0701278234985114
22.19,46.72,11.37,16.14,15.42,10.82,0.53,1.06,34.49143047551845,3.280840304500585,8.700972080037227,3.0701278234985114
8.74,62.96,9.58,10.3,11.75,13.48,0.47,1.28,34.49143047551845,3.280840304500585,8.700972080037227,3.0701278234985114
17.54,69.17,39.37,30.36,20.54,2.09,0.58,2.44,34.49143047551845,3.280840304500585,8.700972080037227,3.0701278234985114
19.91,77.41,8.17,18.42,14.77,0.68,0.63,1.63,34.49143047551845,3.280840304500585,8.700972080037227,3.0701278234985114
14.66,51.42,6.68,17.36,13.59,0.33,0.45,1.52,34.49143047551845,3.280840304500585,8.700972080037227,3.0701278234985114
101.09,55.19,5.23,12.41,7.33,40.69,0.56,3.03,20.49,3.280840304500585,8.700972080037227,3.0701278234985114
39.14,63.13,4.93,15.46,4.7,40.66,0.52,2.72,21.74,3.280840304500585,8.700972080037227,3.0701278234985114
41.43,18.46,5.95,18.34,1.75,40.69,0.47,2.87,26.26,3.280840304500585,4.08,3.0701278234985114
100.39,13.98,5.88,21.01,1.98,40.31,0.49,3.66,26.14,3.280840304500585,8.700972080037227,3.0701278234985114
56.45,11.73,4.82,17.24,3.35,40.82,0.41,2.72,28.1,3.280840304500585,8.700972080037227,3.0701278234985114
43.43,77.31,4.74,16.31,3.97,40.51,0.38,3.06,25.25,3.280840304500585,8.700972080037227,3.0701278234985114
34.99,73.18,4.35,17.43,2.31,40.31,0.41,3.13,23.74,3.280840304500585,8.700972080037227,3.0701278234985114
15.02,62.79,3.54,18.74,0.59,41.23,0.59,4.94,26.6,3.280840304500585,8.700972080037227,3.0701278234985114
29.31,51.59,4.63,23.2,0.47,40.74,0.39,3.39,25.06,3.280840304500585,8.700972080037227,3.0701278234985114
19.65,66.91,4.85,22.46,2.32,40.27,0.55,3.66,25.17,3.280840304500585,4.16,3.0701278234985114
27.9,33.7,5.05,20.47,5.14,40.42,0.38,3.08,21.22,3.280840304500585,8.700972080037227,3.0701278234985114
37.57,46.28,4.82,22.32,2.61,40.49,0.48,3.72,21.4,3.280840304500585,4.53,3.0701278234985114
23.25,72.41,4.13,21.96,0.67,40.36,0.48,4.45,22.36,3.280840304500585,8.700972080037227,3.0701278234985114
31.08,74.7,4.38,19.42,4.38,40.4,0.51,2.9,24.83,3.280840304500585,8.700972080037227,3.0701278234985114
37.35,59.38,3.16,20.08,1.91,40.42,0.38,2.33,22.29,3.280840304500585,8.700972080037227,3.0701278234985114
22.49,51.96,2.72,25.1,1.07,40.48,0.3,2.78,23.62,3.280840304500585,8.700972080037227,3.0701278234985114
37.14,64.32,4.29,32.8,2.76,40.36,0.43,2.93,22.96,3.280840304500585,1.3,3.0701278234985114
28.89,53.47,3.55,40.9,4.13,40.83,0.53,2.85,24.81,3.280840304500585,8.700972080037227,3.0701278234985114
28.25,65.4,12.9,59.8,2.51,40.73,0.5,2.61,29.82,3.280840304500585,8.700972080037227,3.0701278234985114
67.45057794890306,55.92,8.49,40.18,0.0,23.48347601937197,0.4,3.09,22.77,0.9,0.57,3.0701278234985114
43.95,68.24,4.78,19.99,1.38,104.81,0.57,3.55,28.99,0.95,2.47,3.0701278234985114
24.72,57.37,4.12,21.18,0.0,43.84,0.36,3.77,22.02,0.47,0.26,3.0701278234985114
67.45057794890306,62.86,5.69,16.07,0.0,23.48347601937197,0.36,5.42,31.99,0.99,0.36,3.0701278234985114
23.04,48.92,5.23,12.98,1.43,43.25,0.41,9.3,44.94,0.77,0.17,3.0701278234985114
13.59,45.66,3.62,21.47,2.35,43.42,0.52,2.96,36.66,0.59,0.26,3.0701278234985114
11.1,41.09,8.1,29.29,18.5,39.83,0.97,3.76,39.12,0.56,6.38,3.0701278234985114
32.23,57.94,10.28,32.53,65.31,13.14,0.89,7.68,22.05,0.34,2.14,3.0701278234985114
41.01,79.93,8.32,25.42,5.5,5.14,0.8,4.59,36.26,0.67,0.27,3.0701278234985114
30.9,80.19,7.57,33.55,0.0,23.48347601937197,0.51,4.13,16.27,0.81,0.35,3.0701278234985114
26.31,49.89,4.44,30.0,12.86,24.8,0.25,3.38,19.1,0.82,0.36,3.0701278234985114
32.46,52.66,4.99,23.58,11.01,35.92,0.52,4.53,22.04,1.96,4.97,3.0701278234985114
26.6,103.69,6.32,21.48,8.74,120.07,0.46,5.37,16.37,5.2,1.46,3.0701278234985114
10.22,131.33,5.23,33.14,0.0,23.48347601937197,0.43,4.44,10.45,0.44,1.5,3.0701278234985114
16.88,116.82,4.73,33.42,2.93,49.59,0.71,4.02,13.28,0.66,3.4,3.0701278234985114
17.1,105.03,4.98,30.5,0.0,23.48347601937197,0.64,4.07,14.12,0.68,2.88,3.0701278234985114
46.14,95.12,5.1,26.83,18.81,28.28,1.08,5.66,14.51,0.89,4.03,3.0701278234985114
54.75,81.36,8.6,20.33,7.29,55.42,0.55,10.84,34.49143047551845,3.280840304500585,8.700972080037227,3.0701278234985114
27.31,91.1,10.57,25.65,5.49,38.9,0.56,4.59,23.0,0.33,1.18,3.0701278234985114
13.51,85.18,7.51,27.68,3.9,15.05,1.11,4.26,15.26,0.33,0.93,3.0701278234985114
14.61,70.21,6.43,24.16,5.29,15.11,0.73,3.97,15.67,0.36,1.42,3.0701278234985114
21.3,74.85,9.64,28.0,4.89,15.12,1.08,4.5,15.17,0.6,2.55,3.0701278234985114
24.23,118.12710293078135,9.0,25.35,6.19,15.13,0.51,4.65,13.14,3.280840304500585,1.12,3.0701278234985114
35.18,154.1,18.71,39.16,3.44,15.02,0.2,4.22,21.95,3.280840304500585,1.05,3.0701278234985114
32.41,155.04,20.35,47.09,0.0,23.48347601937197,0.0,7.07,23.11,3.280840304500585,8.700972080037227,3.0701278234985114
56.36,182.16,16.27,38.07,6.79,14.45,0.52,6.24,4.68,3.280840304500585,1.07,3.0701278234985114
44.05,191.47,17.12,35.85,0.0,23.48347601937197,0.0,6.02,41.74,1.57,4.94,3.0701278234985114
62.36,181.92,16.5,38.24,3.31,15.14,0.37,6.46,23.58,2.63,3.25,3.0701278234985114
36.92,95.71,13.39,34.8,6.17,38.42,0.55,4.92,21.69,0.47,1.31,3.0701278234985114
21.2,118.12710293078135,3.94,30.89,4.5,37.58,0.28,5.34,16.2,0.47,1.38,3.0701278234985114
31.26,142.2,16.42,39.54,3.64,36.28,0.42,3.29,26.39,0.93,2.07,3.0701278234985114
34.79,111.6,22.62,41.17,7.45,37.76,1.37,2.49,25.26,0.69,3.73,3.0701278234985114
55.92,118.8,12.26,37.52,14.38,36.05,0.85,4.84,30.68,1.81,3.24,3.0701278234985114
41.23,69.46,2.8,27.4,0.0,27.28,0.7,3.85,37.6,1.9,2.37,3.0701278234985114
43.91,100.27,3.56,31.23,0.0,29.92,0.83,2.83,36.94,1.63,2.44,3.0701278234985114
52.08,109.02,8.9,32.63,6.48,29.57,0.83,6.29,37.14,1.28,2.0,3.0701278234985114
46.94,120.41,7.62,28.38,0.0,28.86,0.62,5.16,46.92,1.16,2.21,3.0701278234985114
38.42,121.18,10.83,38.81,0.0,39.82,0.63,4.93,57.77,0.75,1.49,3.0701278234985114
48.93,118.12710293078135,3.22,26.23,0.0,24.89,0.62,2.78,45.24,1.11,2.47,3.0701278234985114
42.21,118.12710293078135,4.16,38.1,0.0,23.48347601937197,0.46,2.34,49.29,1.09,2.2,3.0701278234985114
18.3,102.86,14.52,30.35,0.0,37.49,0.82,4.06,11.42,2.54,2.86,3.0701278234985114
32.59,128.54,15.8,43.67,0.0,26.6,0.69,5.58,16.42,3.78,2.55,3.0701278234985114
30.37,124.8,7.35,37.24,0.0,24.0,0.46,3.47,6.73,5.57,5.58,3.0701278234985114
28.47,142.64,14.16,37.05,0.0,27.42,1.15,3.72,12.13,1.86,3.39,3.0701278234985114
35.21,130.91,7.48,40.15,0.0,28.81,0.79,4.81,26.23,2.87,5.5,3.0701278234985114
37.8,144.73,8.19,40.9,0.0,20.01,0.73,4.27,25.9,2.82,5.5,3.0701278234985114
19.09,121.19,6.35,35.67,0.0,18.42,0.71,3.75,18.88,2.96,4.76,3.0701278234985114
19.68,99.9,6.17,24.18,0.0,16.41,0.46,4.19,16.53,3.26,4.52,3.0701278234985114
39.64,176.96,7.26,30.67,0.0,17.54,0.28,4.74,28.61,4.78,7.43,3.0701278234985114
43.67,150.64,15.23,72.51,0.0,17.39,0.74,7.81,37.75,9.07,13.98,3.0701278234985114
53.5,111.09,5.22,41.33,0.0,16.9,0.7,7.04,23.74,3.94,3.79,3.0701278234985114
38.53,80.87,2.34,20.7,0.0,17.07,0.2,4.32,17.27,3.16,2.63,3.0701278234985114
44.9,112.78,7.43,30.07,0.0,16.91,0.46,5.6,34.49143047551845,3.280840304500585,8.700972080037227,3.0701278234985114
54.65,134.46,9.58,44.47,0.0,17.46,0.57,5.58,34.49143047551845,3.280840304500585,8.700972080037227,3.0701278234985114
20.13,105.61,7.33,42.34,0.0,23.48347601937197,0.77,4.8,25.9,3.65,2.04,3.0701278234985114
19.61,105.34,8.81,40.94,0.0,17.62,0.68,4.93,29.95,2.35,2.36,3.0701278234985114
26.66,106.4,9.8,49.02,0.0,19.41,0.74,4.95,31.55,4.07,4.61,3.0701278234985114
36.93,118.86,6.9,38.48,0.0,24.85,0.76,4.58,39.09,4.02,3.48,3.0701278234985114
36.09,114.62,7.03,36.01,0.0,25.09,0.63,4.57,35.78,3.12,3.3,3.0701278234985114
41.53,131.53,7.88,39.13,0.0,24.47,0.59,4.32,39.95,3.62,3.19,3.0701278234985114
37.61,124.94,4.72,33.21,0.0,25.52,0.67,4.83,39.25,2.71,2.18,3.0701278234985114
43.11,136.23,8.29,44.61,0.0,24.41,0.86,8.12,38.14,6.53,3.66,3.0701278234985114
31.22,108.09,4.05,26.86,0.0,26.04,0.55,3.67,50.8,2.17,2.0,3.0701278234985114
29.21,118.12710293078135,2.03,13.26,0.0,24.76,0.0,3.29,63.14,1.76,1.48,3.0701278234985114
26.3,118.12710293078135,1.37,11.83,0.0,23.31,0.0,3.07,58.37,1.86,1.21,3.0701278234985114
31.65,128.58,7.04,34.1,0.0,23.82,0.53,5.25,53.3,2.18,1.69,3.0701278234985114
37.02,130.28,9.83,52.33,0.0,23.88,1.3,7.6,34.49143047551845,3.280840304500585,8.700972080037227,3.0701278234985114
31.59,104.2,10.26,42.72,0.0,23.03,1.03,5.81,34.49143047551845,3.280840304500585,8.700972080037227,3.0701278234985114
39.92,116.54,11.78,47.16,0.0,24.05,0.6,5.54,34.49143047551845,3.280840304500585,8.700972080037227,3.0701278234985114
40.34,103.46,16.09,67.51,0.0,23.84,0.61,6.9,34.49143047551845,3.280840304500585,8.700972080037227,3.0701278234985114
67.45057794890306,102.7,17.23,76.4,0.0,23.48347601937197,0.58,7.09,34.49143047551845,3.280840304500585,8.700972080037227,3.0701278234985114
41.55,121.2,8.58,45.39,0.0,23.95,5.28,6.23,51.39,2.05,1.58,3.0701278234985114
37.81,81.51,6.94,40.55,0.0,24.8,1.55,7.85,47.14,1.45,2.19,3.0701278234985114
49.35,82.75,8.73,58.2,0.0,22.26,6.34,5.18,72.53,1.27,1.7,3.0701278234985114
38.04,103.85,6.81,45.51,0.0,21.68,0.58,6.22,12.28,3.56,5.01,3.0701278234985114
36.09,102.51,6.31,41.63,0.0,20.99,0.66,7.38,13.96,3.61,3.64,3.0701278234985114
27.65,81.87,10.35,57.48,0.0,22.83,0.68,5.79,43.53,3.81,4.09,3.0701278234985114
30.98,71.6,9.51,44.34,0.0,23.08,0.5,5.43,34.49143047551845,3.280840304500585,8.700972080037227,3.0701278234985114
34.94,71.16,8.05,49.0,0.0,28.08,0.87,5.9,34.49143047551845,3.280840304500585,8.700972080037227,3.0701278234985114
40.41,78.71,11.32,64.96,0.0,24.68,1.08,8.65,34.49143047551845,3.280840304500585,8.700972080037227,3.0701278234985114
34.8,86.61,11.7,70.5,0.0,23.65,1.25,7.73,34.49143047551845,3.280840304500585,8.700972080037227,3.0701278234985114
47.98,114.34,9.36,70.87,0.0,22.85,1.4,10.26,34.49143047551845,3.280840304500585,8.700972080037227,3.0701278234985114
47.56,99.64,12.85,80.24,0.0,22.95,1.08,9.22,34.49143047551845,3.280840304500585,8.700972080037227,3.0701278234985114
41.4,108.35,17.34,102.78,0.0,22.5,1.13,8.57,34.49143047551845,3.280840304500585,8.700972080037227,3.0701278234985114
53.85,115.91,21.36,95.12,0.0,22.25,1.14,10.75,34.49143047551845,3.280840304500585,0.0,3.0701278234985114
44.09,107.48,13.23,49.76,0.0,22.22,0.38,9.22,45.32,5.63,4.01,3.0701278234985114
42.73,92.91,10.08,47.21,0.0,21.92,0.4,9.04,21.94,3.49,3.12,3.0701278234985114
40.96,86.08,8.08,35.46,0.0,22.93,0.34,7.42,19.64,3.33,2.81,3.0701278234985114
35.66,90.69,7.38,32.39,0.0,24.05,0.39,7.69,34.75,1.69,1.88,3.0701278234985114
37.55,85.57,8.72,38.99,0.0,22.87,0.46,7.0,25.64,1.71,1.67,3.0701278234985114
31.19,87.32,8.91,43.09,0.0,22.97,0.46,6.84,27.08,2.18,1.88,3.0701278234985114
39.98,98.33,28.97,72.79,0.0,107.53,0.36,6.83,32.88,2.42,1.66,3.0701278234985114
36.36,85.55,14.27,51.16,0.0,24.18,0.38,6.54,22.95,4.52,1.77,3.0701278234985114
28.41,75.22,11.64,41.35,0.0,26.53,0.53,8.16,13.85,1.39,1.55,3.0701278234985114
23.15,78.15,5.99,25.6,0.0,27.95,0.39,7.12,20.8,1.67,1.71,3.0701278234985114
26.67,74.17,6.52,29.12,0.0,31.01,0.35,6.61,19.79,1.52,1.67,3.0701278234985114
27.87,81.97,9.75,38.6,0.0,34.12,0.35,5.4,25.64,1.43,1.53,3.0701278234985114
32.53,98.45,7.46,38.79,0.0,35.13,0.35,6.8,16.07,2.28,2.54,3.0701278234985114
29.4,71.8,5.62,22.5,0.0,42.48,0.21,5.47,29.37,1.71,1.42,3.0701278234985114
28.94,76.71,6.79,25.81,0.0,28.2,0.22,5.57,26.56,2.13,1.74,3.0701278234985114
27.07,65.19,7.54,28.21,0.0,26.09,0.13,5.54,30.11,2.31,2.27,3.0701278234985114
42.64,98.52,6.48,26.88,0.0,30.64,0.26,6.36,19.9,2.08,1.72,3.0701278234985114
21.93,70.51,7.72,25.17,0.0,34.32,0.46,3.91,11.13,1.02,1.18,3.0701278234985114
27.59,63.81,11.33,23.73,0.0,26.96,0.21,4.77,28.92,0.97,1.39,3.0701278234985114
39.28,107.17,6.33,30.51,0.0,27.37,0.16,4.14,47.72,2.98,3.49,3.0701278234985114
32.33,87.57,6.96,30.75,0.0,25.99,0.78,7.59,66.57,1.96,2.19,3.0701278234985114
32.31,81.68,4.96,21.08,0.0,25.66,0.2,5.33,57.26,2.21,2.61,3.0701278234985114
38.73,105.25,6.29,29.11,0.0,26.78,0.3,4.51,60.19,2.19,2.05,3.0701278234985114
36.42,95.55,6.75,30.76,0.0,26.49,0.48,5.53,42.51,1.96,1.83,3.0701278234985114
43.96,105.81,6.52,32.28,0.0,23.98,0.55,6.87,36.22,2.42,4.92,3.0701278234985114
44.26,102.04,8.71,41.3,0.0,24.06,0.68,8.28,42.18,2.38,2.57,3.0701278234985114
53.63,116.45,7.44,35.29,0.0,22.33,0.3,12.82,68.34,1.62,1.72,3.0701278234985114
40.42,114.11,5.59,27.16,0.0,22.04,0.13,3.65,45.77,2.63,2.06,3.0701278234985114
55.94,105.81,4.71,30.4,0.0,25.2,0.25,4.77,40.7,3.39,2.75,3.0701278234985114
46.83,69.68,3.32,27.69,0.0,25.74,0.14,2.48,47.33,2.25,2.44,3.0701278234985114
29.5,78.34,3.71,20.83,0.0,27.27,0.44,2.0,69.06,1.78,1.55,3.0701278234985114
31.08,79.87,5.33,24.61,0.0,28.02,0.46,2.65,68.4,2.98,2.25,3.0701278234985114
36.66,103.5,7.3,34.42,0.0,26.68,0.68,2.8,45.04,3.19,2.75,3.0701278234985114
29.29,89.11,7.08,28.32,0.0,25.78,0.48,2.54,37.96,1.78,1.69,3.0701278234985114
43.0,90.64,8.28,34.64,0.0,29.59,0.74,3.03,60.0,1.93,1.41,3.0701278234985114
31.18,92.2,7.17,34.13,0.0,28.14,0.44,2.39,60.0,2.44,1.74,3.0701278234985114
50.84,84.95,6.35,27.24,0.0,23.48347601937197,0.61,9.91,17.79,4.11,2.39,3.0701278234985114
34.86,79.44,5.28,27.93,0.0,31.55,0.44,5.81,83.69,1.32,0.64,3.0701278234985114
38.46,66.4,4.73,24.41,0.0,28.01,0.44,5.07,91.3,2.24,2.3,3.0701278234985114
38.13,84.63,6.11,25.49,0.0,31.93,0.52,4.74,81.46,1.38,1.07,3.0701278234985114
29.75,56.29,5.45,24.78,0.0,28.87,0.43,4.71,47.22,2.53,1.39,3.0701278234985114
21.53,80.41,4.21,24.41,0.0,35.77,0.47,4.71,54.16,1.38,1.14,3.0701278234985114
25.46,62.1,4.85,22.79,0.0,30.19,0.45,4.83,24.41,1.19,1.02,3.0701278234985114
34.85,118.12710293078135,2.65,32.57,0.0,27.52,0.0,3.49,21.33,1.86,1.44,3.0701278234985114
29.88,108.62,3.54,31.4,0.0,28.23,0.19,3.52,27.0,1.53,1.12,3.0701278234985114
33.95,110.88,4.52,42.65,0.0,27.58,0.7,3.86,48.16,1.87,1.7,3.0701278234985114
40.01,100.72,7.39,38.94,0.0,28.45,0.67,5.61,27.84,3.71,2.69,3.0701278234985114
62.07,84.02,4.72,32.77,0.0,27.29,0.49,4.4,61.69,1.52,1.44,3.0701278234985114
13.3,111.3,9.57,45.34,0.0,23.48347601937197,0.46,5.04,22.75,1.62,1.42,3.0701278234985114
20.32,80.58,6.21,31.84,0.0,25.82,0.39,4.82,39.36,0.96,0.75,3.0701278234985114
24.2,78.44,8.2,41.08,0.0,26.1,0.35,4.88,24.89,0.92,0.85,3.0701278234985114
66.24,87.15,10.17,35.96,0.0,28.37,0.48,6.26,34.49143047551845,3.280840304500585,0.0,3.0701278234985114
42.2,90.14,12.03,43.35,0.0,22.96,0.47,5.54,17.45,1.59,1.55,3.0701278234985114
28.27,85.96,8.55,42.47,0.0,31.0,0.62,5.76,6.19,2.33,1.76,3.0701278234985114
40.02,92.31,7.67,37.46,0.0,31.4,0.49,5.88,34.49143047551845,1.54,1.17,3.0701278234985114
30.26,76.29,6.46,29.37,0.0,22.61,0.4,5.31,29.52,2.69,1.0,3.0701278234985114
27.66,57.56,6.67,31.17,0.0,29.12,0.43,4.16,52.55,2.34,1.14,3.0701278234985114
32.01,57.82,4.81,31.86,0.0,30.32,0.23,3.67,33.71,1.6,1.22,3.0701278234985114
28.52,35.51,5.81,39.12,0.0,22.39,0.42,8.55,36.74,1.06,1.26,3.0701278234985114
50.58,62.09,5.9,23.23,0.0,11.61,0.52,15.38,10.9,0.98,1.49,3.0701278234985114
14.94,50.05,5.02,26.57,0.0,18.34,0.52,3.52,38.46,0.84,0.82,3.0701278234985114
19.1,65.84,3.8,29.5,0.0,17.72,0.36,3.83,34.53,1.46,1.27,3.0701278234985114
22.93,65.3,3.62,26.74,0.0,18.17,0.38,3.73,45.09,1.03,0.91,3.0701278234985114
36.58,59.73,4.78,27.92,0.0,15.07,0.66,3.32,13.13,1.06,0.98,3.0701278234985114
20.87,45.38,5.6,32.01,0.0,18.85,0.56,3.49,21.6,1.15,1.25,3.0701278234985114
12.53,50.36,8.01,34.15,0.0,23.65,0.37,3.51,23.31,0.9,0.79,3.0701278234985114
25.83,63.33,8.79,37.11,0.0,24.31,0.41,3.57,20.05,1.28,1.23,3.0701278234985114
19.58,58.26,5.7,30.27,0.0,23.85,0.33,3.77,26.67,1.32,1.43,3.0701278234985114
21.39,59.53,6.42,29.53,0.0,23.75,0.38,3.75,16.72,1.21,1.16,3.0701278234985114
24.85,69.0,6.67,26.78,0.0,23.65,0.41,3.65,11.46,0.68,0.58,3.0701278234985114
22.79,59.56,5.31,31.62,0.0,23.75,0.68,4.57,10.13,0.68,0.58,3.0701278234985114
20.19,60.05,5.35,32.25,0.0,23.66,0.35,3.89,8.69,0.67,0.42,3.0701278234985114
22.93,49.92,4.85,30.17,0.0,23.64,0.85,3.86,7.92,0.93,0.94,3.0701278234985114
20.75,75.64,3.35,25.47,0.0,23.61,0.59,4.56,14.64,0.84,1.07,3.0701278234985114
23.65,82.24,5.32,27.84,0.0,23.79,0.65,4.59,19.12,0.87,0.95,3.0701278234985114
19.78,91.96,7.02,31.35,0.0,23.65,0.61,4.87,19.88,0.6,0.57,3.0701278234985114
16.51,77.75,7.41,30.97,0.0,23.52,0.54,4.72,19.08,0.46,0.39,3.0701278234985114
19.77,95.84,6.27,29.47,0.0,23.66,0.63,4.24,21.06,0.63,0.57,3.0701278234985114
24.56,112.8,7.97,31.52,0.0,23.69,0.87,4.74,20.85,0.7,0.9,3.0701278234985114
24.66,89.59,9.56,31.25,0.0,23.91,0.62,5.71,18.43,1.0,1.93,3.0701278234985114
24.18,87.23,7.17,30.54,0.0,23.92,0.56,4.36,20.06,0.94,1.87,3.0701278234985114
17.82,92.85,3.68,26.38,0.0,23.74,0.63,5.21,9.1,0.72,0.78,3.0701278234985114
24.03,90.54,3.55,25.75,0.0,23.87,0.61,6.85,7.75,1.0,0.85,3.0701278234985114
19.58,110.37,3.13,30.5,0.0,23.87,0.6,7.44,13.04,0.79,0.78,3.0701278234985114
21.05,71.41,3.57,26.66,0.0,23.97,0.62,5.8,8.43,0.92,0.81,3.0701278234985114
24.53,38.64,9.1,30.26,0.0,23.86,0.58,7.02,13.82,0.68,0.54,3.0701278234985114
25.35,123.16,19.79,45.04,0.0,35.99,0.55,6.42,10.04,0.6,0.46,3.0701278234985114
25.16,89.68,17.58,39.31,0.0,31.68,0.56,5.68,7.84,0.58,0.49,3.0701278234985114
37.61,111.77,13.6,38.89,0.0,31.97,0.83,6.63,8.39,0.52,0.43,3.0701278234985114
37.34,97.49,10.09,34.73,0.0,32.02,0.6,6.63,8.99,0.51,0.4,3.0701278234985114
36.44,78.38,12.12,31.89,0.0,32.05,0.42,6.62,9.92,0.54,0.41,3.0701278234985114
35.4,107.39,15.16,33.89,0.0,31.99,0.69,6.63,10.32,0.59,0.44,3.0701278234985114
25.33,129.55,24.27,39.99,0.0,31.77,0.67,7.11,11.34,0.67,0.4,3.0701278234985114
25.82,93.48,43.48,68.34,0.0,104.87,0.69,6.23,10.21,0.76,0.49,3.0701278234985114
67.45057794890306,82.18,20.75,32.27,0.0,23.48347601937197,0.59,5.81,9.67,0.51,0.42,3.0701278234985114
67.45057794890306,87.64,17.99,30.38,0.0,23.48347601937197,0.62,4.7,8.98,0.86,0.75,3.0701278234985114
67.45057794890306,79.21,13.97,27.42,0.0,23.48347601937197,0.52,3.82,9.26,0.9,0.81,3.0701278234985114
29.38,88.16,17.23,29.5,0.0,30.96,0.64,4.09,12.44,0.74,0.63,3.0701278234985114
27.64,76.48,12.48,26.82,0.0,27.05,0.68,5.16,18.42,1.0,1.04,3.0701278234985114
28.97,95.74,16.61,30.58,0.0,27.1,1.53,4.45,24.82,0.81,0.69,3.0701278234985114
22.68,96.47,13.31,30.3,0.0,26.36,0.67,5.41,47.62,0.69,0.54,3.0701278234985114
22.43,112.32,16.15,32.43,0.0,26.88,0.6,7.9,47.14,0.73,0.57,3.0701278234985114
17.2,98.67,13.34,31.1,0.0,26.78,0.52,6.3,23.82,0.59,0.41,3.0701278234985114
21.05,110.36,11.56,30.06,0.0,26.87,0.58,4.72,44.94,0.66,0.42,3.0701278234985114
18.45,82.75,12.68,29.79,0.0,26.88,0.62,4.58,27.09,0.59,0.49,3.0701278234985114
16.44,66.58,18.77,31.75,0.0,27.04,0.68,4.71,30.16,0.59,0.51,3.0701278234985114
31.68,87.62,16.76,31.34,0.0,26.84,0.65,5.1,54.5,0.41,0.38,3.0701278234985114
23.68,105.63,9.88,30.53,0.0,26.72,0.59,4.73,51.12,0.53,0.36,3.0701278234985114
24.49,95.5,10.99,31.02,0.0,27.03,0.59,5.17,55.9,0.76,0.59,3.0701278234985114
22.36,91.72,11.51,29.57,0.0,26.87,1.07,4.67,23.6,0.62,1.27,3.0701278234985114
27.27,90.24,8.0,28.65,0.0,26.22,0.48,5.23,45.36,0.8,0.82,3.0701278234985114
13.74,62.14,10.46,25.64,0.0,24.15,0.63,5.89,25.85,0.8,0.98,3.0701278234985114
22.31,92.2,14.25,29.38,0.0,24.68,0.95,5.12,33.6,1.17,1.19,3.0701278234985114
10.11,71.85,14.03,32.5,0.0,24.42,0.68,4.06,16.65,1.22,1.39,3.0701278234985114
4.69,116.59,16.42,32.78,32.30912333307031,23.48347601937197,1.14,4.6,23.74,1.21,1.11,3.0701278234985114
19.41,115.3,12.81,32.52,0.0,22.95,0.96,4.92,26.54,1.33,1.47,3.0701278234985114
20.88,68.12,14.75,29.7,0.0,24.17,0.64,5.4,7.35,0.84,0.84,3.0701278234985114
17.91,60.6,7.34,24.95,0.0,24.61,1.01,5.43,20.51,1.09,1.18,3.0701278234985114
18.42,78.23,5.51,29.56,0.0,24.71,1.25,4.51,21.86,1.03,0.76,3.0701278234985114
14.92,57.1,7.89,30.9,0.0,24.69,0.61,4.3,21.39,0.91,0.88,3.0701278234985114
18.66,53.12,9.13,27.62,0.0,24.52,0.68,4.7,20.13,0.77,0.66,3.0701278234985114
10.89,61.8,16.11,29.64,0.0,24.3,1.02,4.93,11.17,1.04,0.54,3.0701278234985114
18.87,89.66,11.4,26.93,0.0,24.4,0.89,5.08,20.89,0.68,0.67,3.0701278234985114
18.18,75.76,9.12,26.59,0.0,24.3,0.85,4.21,27.15,0.95,1.01,3.0701278234985114
59.05,66.25,11.58,27.01,0.0,24.49,0.71,4.66,21.84,1.03,1.31,3.0701278234985114
14.19,72.62,9.51,26.25,0.0,25.06,0.97,4.61,19.83,0.61,0.54,3.0701278234985114
16.33,100.74,15.67,28.51,0.0,24.61,1.01,4.79,14.98,0.5,0.57,3.0701278234985114
20.42,90.87,10.24,26.31,0.0,24.58,0.85,4.85,16.33,0.69,0.69,3.0701278234985114
24.96,111.68,7.86,26.74,0.0,24.78,0.77,5.48,24.66,0.92,1.05,3.0701278234985114
39.74,85.24,15.95,30.16,0.0,24.42,0.77,4.65,23.83,1.18,1.56,3.0701278234985114
14.2,98.1,13.44,28.6,0.0,24.44,1.34,5.28,23.99,1.59,1.86,3.0701278234985114
9.57,100.44,14.26,30.93,0.0,24.37,0.7,5.62,12.5,1.37,1.83,3.0701278234985114
32.86,72.73,11.97,30.75,0.0,24.37,0.91,4.7,34.54,1.41,1.81,3.0701278234985114
14.52,93.49,31.66,39.24,0.0,23.48347601937197,0.68,5.96,9.66,0.94,1.27,3.0701278234985114
15.27,115.56,24.71,42.37,0.0,23.48347601937197,0.73,6.18,9.5,1.11,1.03,3.0701278234985114
17.48,104.51,16.21,39.09,0.0,25.28,0.73,5.45,11.3,1.04,1.01,3.0701278234985114
16.5,108.42,12.07,34.8,0.0,24.62,0.67,4.68,12.87,0.96,1.11,3.0701278234985114
14.05,90.68,9.17,29.42,0.0,24.2,0.94,4.4,28.38,0.81,1.22,3.0701278234985114
8.58,71.81,11.34,31.38,0.0,25.08,0.58,4.68,18.53,0.93,1.01,3.0701278234985114
10.21,81.53,6.9,28.47,0.0,24.05,0.47,5.14,25.61,0.5,0.51,3.0701278234985114
12.64,80.51,7.32,28.19,0.0,24.04,0.38,5.16,24.16,0.57,0.6,3.0701278234985114
17.93,80.49,6.28,27.46,0.0,24.05,0.35,4.89,28.96,0.9,0.91,3.0701278234985114
21.62,91.14,10.16,30.95,0.0,24.15,0.4,5.3,41.31,1.65,2.24,3.0701278234985114
23.7,112.5,15.23,35.09,0.0,24.18,0.49,6.04,29.38,1.7,1.99,3.0701278234985114
19.26,53.18,8.88,29.23,0.0,23.77,0.4,5.49,24.14,1.31,1.97,3.0701278234985114
22.47,76.88,8.48,29.13,0.0,23.87,0.48,4.76,27.37,1.17,1.75,3.0701278234985114
28.3,50.86,15.29,38.34,0.0,22.64,0.57,6.16,7.85,1.23,2.04,3.0701278234985114
21.59,90.26,4.57,24.81,0.0,21.83,0.32,4.63,21.6,1.08,1.0,3.0701278234985114
22.36,71.25,7.58,29.64,0.0,23.84,0.5,5.13,8.95,0.85,0.69,3.0701278234985114
30.65,68.52,7.05,26.24,0.0,23.87,0.45,5.74,29.89,1.1,1.08,3.0701278234985114
20.01,57.46,5.63,27.01,1.37,23.86,0.38,4.53,21.92,0.96,0.92,3.0701278234985114
20.5,46.54,38.94,25.68,1.8,23.89,0.52,5.64,34.02,0.88,0.75,3.0701278234985114
22.85,63.75,6.46,25.43,1.81,23.95,0.49,4.49,29.93,0.88,0.83,3.0701278234985114
24.73,55.39,8.58,28.49,17.21,24.05,0.6,5.66,28.31,1.38,1.78,3.0701278234985114
29.16,70.61,9.98,26.77,17.23,25.33,0.58,4.55,21.99,1.16,1.67,3.0701278234985114
26.08,71.87,9.19,25.0,15.19,26.53,1.35,5.2,20.43,2.17,2.84,3.0701278234985114
22.5,62.71,14.24,31.64,17.4,26.24,0.64,4.38,34.99,1.7,2.37,3.0701278234985114
27.29,54.56,10.47,30.86,16.24,26.64,0.57,4.2,22.7,1.65,2.39,3.0701278234985114
24.83,52.24,10.69,30.63,16.58,26.23,0.5,4.49,14.59,1.63,2.33,3.0701278234985114
32.61,44.65,10.09,28.07,15.1,26.16,0.48,4.64,9.9,1.41,2.03,3.0701278234985114
40.34,50.86,14.0,34.04,18.62,26.03,0.46,4.22,13.39,0.93,1.22,3.0701278234985114
21.63,76.61,9.41,29.07,15.09,26.29,0.43,4.05,15.03,2.11,2.24,3.0701278234985114
27.86,118.88,14.4,35.25,21.29,26.83,0.55,4.37,17.23,3.02,3.41,3.0701278234985114
39.39,188.67,18.27,41.73,23.66,26.76,0.62,4.81,27.54,2.92,3.57,3.0701278234985114
44.66,147.94,12.47,32.42,21.72,26.71,0.57,4.39,34.64,1.21,2.2,3.0701278234985114
22.44,118.74,8.29,31.05,14.94,26.26,0.79,5.32,28.1,0.81,1.27,3.0701278234985114
26.85,123.41,9.24,33.32,17.72,26.38,1.08,5.39,33.95,1.18,1.86,3.0701278234985114
42.56,176.27,15.76,44.63,25.27,26.59,1.26,5.62,27.3,1.87,2.58,3.0701278234985114
35.29,134.15,16.44,43.04,26.42,26.4,1.59,4.42,20.57,0.91,1.07,3.0701278234985114
25.49,88.04,17.04,39.14,22.64,26.39,1.22,4.26,12.69,0.54,0.85,3.0701278234985114
26.03,87.11,13.99,36.53,19.54,26.4,1.03,4.26,19.69,0.59,0.81,3.0701278234985114
37.38,91.81,15.78,39.18,22.25,26.62,1.55,4.97,32.07,0.53,0.67,3.0701278234985114
47.47,100.35,15.01,39.01,21.46,26.6,1.08,4.3,36.67,0.0,0.06,3.0701278234985114
26.7,29.28,14.87,29.05,23.52,26.44,0.69,3.33,17.19,0.0,0.0,3.0701278234985114
27.98,42.42,13.12,33.64,25.13,26.82,0.82,3.51,7.02,0.0,0.28,3.0701278234985114
26.89,40.08,13.32,33.43,25.46,26.82,0.86,2.98,13.74,0.0,0.2,3.0701278234985114
25.94,66.25,12.3,37.65,26.42,26.77,0.97,3.26,30.46,0.0,0.21,3.0701278234985114
31.21,51.65,9.12,30.19,20.93,25.71,0.9,2.76,24.08,0.0,0.25,3.0701278234985114
32.87,77.14,10.67,36.09,24.53,26.5,0.99,3.99,30.86,0.0,0.18,3.0701278234985114
26.99,72.0,10.11,36.27,24.2,26.38,0.86,3.85,14.76,0.01,0.0,3.0701278234985114
30.4,57.77,9.61,32.51,22.14,26.54,0.74,3.68,43.16,0.0,0.12,3.0701278234985114
26.94,65.86,8.67,30.57,20.53,26.59,0.91,4.15,37.68,0.01,0.0,3.0701278234985114
30.7,66.28,5.9,27.55,17.34,26.72,0.93,3.88,39.31,0.05,0.12,3.0701278234985114
37.93,78.07,9.59,34.47,23.09,26.88,0.95,4.34,34.31,0.02,0.14,3.0701278234985114
35.72,71.36,5.76,30.34,18.76,26.65,0.89,3.97,37.48,0.0,0.21,3.0701278234985114
34.96,63.17,8.73,36.57,22.57,26.87,0.71,3.59,19.28,0.01,0.09,3.0701278234985114
30.66,59.05,11.02,39.44,25.1,26.56,0.92,3.76,15.11,0.01,0.0,3.0701278234985114
32.21,58.7,10.9,36.61,25.05,26.43,0.91,3.59,17.27,0.01,0.0,3.0701278234985114
25.79,41.37,12.88,34.1,26.66,26.4,0.89,3.83,3.14,0.0,0.0,3.0701278234985114
44.84,46.73,12.04,37.02,28.5,26.84,0.85,3.36,15.6,0.01,0.14,3.0701278234985114
38.07,63.39,11.09,42.75,28.13,27.21,0.98,4.05,28.57,0.0,0.07,3.0701278234985114
17.64,80.23,12.17,46.1,30.94,26.78,0.95,3.89,29.13,0.0,0.07,3.0701278234985114
17.81,81.86,15.43,50.65,34.88,23.48347601937197,0.94,3.81,38.5,0.02,0.0,3.0701278234985114
15.67,69.67,15.31,48.12,33.72,23.48347601937197,0.9,3.75,35.73,0.0,0.0,3.0701278234985114
10.7,57.05,16.9,47.51,34.14,23.48347601937197,0.92,3.82,24.36,0.01,0.0,3.0701278234985114
11.46,65.13,15.56,50.06,34.51,23.48347601937197,0.93,3.95,22.54,0.02,0.0,3.0701278234985114
197.41,64.65,11.01,39.39,26.59,23.48347601937197,0.77,3.99,23.71,0.0,0.0,3.0701278234985114
74.5,36.84,10.38,32.3,22.72,23.48347601937197,0.97,4.12,19.73,0.0,0.0,3.0701278234985114
1.76,19.23,8.52,31.43,21.32,23.48347601937197,0.65,3.23,4.11,0.0,0.0,3.0701278234985114
32.42,69.73,13.43,42.05,29.32,23.48347601937197,0.86,2.16,8.9,0.0,0.02,3.0701278234985114
18.72,71.86,13.35,42.47,30.26,23.48347601937197,0.86,2.58,24.47,0.0,0.0,3.0701278234985114
11.27,63.98,12.38,40.08,25.19,23.48347601937197,0.7,3.02,12.45,0.0,0.0,3.0701278234985114
93.7,92.18,12.0,44.52,28.15,25.89,0.89,4.86,34.49143047551845,0.0,0.43,3.0701278234985114
70.22,77.97,15.06,47.64,31.84,37.81,1.27,4.42,34.49143047551845,3.280840304500585,2.92,3.0701278234985114
67.45057794890306,85.6,7.87,33.87,33.0,54.97,0.57,3.84,34.49143047551845,3.280840304500585,1.31,3.0701278234985114
67.45057794890306,93.92,10.44,39.02,28.17,87.2,0.79,3.72,34.49143047551845,3.280840304500585,1.25,3.0701278234985114
161.35,73.5,16.43,43.69,34.18,56.03,0.94,3.71,34.49143047551845,3.280840304500585,1.18,3.0701278234985114
79.75,69.56,12.25,48.64,31.65,23.48347601937197,0.89,3.56,34.49143047551845,3.280840304500585,1.07,3.0701278234985114
71.71,58.04,11.41,142.35,77.93,37.0,0.95,3.32,34.49143047551845,3.280840304500585,1.17,3.0701278234985114
56.14,60.26,10.11,61.7,37.69,80.1,0.9,3.55,34.49143047551845,3.280840304500585,1.22,3.0701278234985114
48.78,38.57,3.71,31.49,17.8,84.26,0.69,2.29,34.49143047551845,3.280840304500585,1.11,3.0701278234985114
159.52,45.31,4.58,29.62,14.41,72.53,0.71,2.78,34.49143047551845,3.280840304500585,1.22,3.0701278234985114
73.7,87.05,6.4,44.73,26.75,9.77,0.91,3.4,34.49143047551845,0.0,0.97,3.0701278234985114
32.57,74.48,10.82,48.73,27.48,9.6,1.13,3.6,17.18,3.280840304500585,1.2,3.0701278234985114
26.74,70.68,10.05,42.6,24.2,8.98,1.06,3.26,33.48,3.280840304500585,1.16,3.0701278234985114
18.29,59.11,11.9,41.94,24.62,23.48347601937197,1.02,2.95,32.36,3.280840304500585,8.700972080037227,3.0701278234985114
38.06,74.54,9.91,42.23,22.62,23.48347601937197,1.04,3.2,25.89,3.280840304500585,8.700972080037227,3.0701278234985114
35.12,78.63,7.16,41.7,21.46,23.48347601937197,1.0,3.37,24.78,3.280840304500585,8.700972080037227,3.0701278234985114
28.84,69.71,9.57,50.19,25.24,23.48347601937197,1.09,2.8,35.27,3.280840304500585,8.700972080037227,3.0701278234985114
24.57,80.05,6.77,46.14,25.4,23.48347601937197,0.96,3.32,46.62,3.280840304500585,8.700972080037227,3.0701278234985114
24.31,93.29,7.99,52.5,27.28,23.48347601937197,1.04,5.34,51.89,3.280840304500585,8.700972080037227,3.0701278234985114
34.88,77.23,5.06,46.38,24.61,23.48347601937197,0.93,4.26,76.84,3.280840304500585,8.700972080037227,3.0701278234985114
28.74,76.89,6.83,43.41,22.08,23.48347601937197,0.96,16.6,70.18,3.33,23.53,3.0701278234985114
31.37,71.0,6.82,29.81,20.93,45.45,0.89,3.16,54.29,0.0,0.39,3.0701278234985114
54.32,63.45,11.14,45.27,31.34,48.27,0.96,4.91,37.03,0.0,0.32,3.0701278234985114
38.84,100.57,5.56,33.96,20.85,33.68,0.89,3.35,66.4,0.0,0.23,3.0701278234985114
41.35,99.23,7.45,41.68,26.35,36.95,0.92,3.47,59.88,0.0,0.22,3.0701278234985114
46.76,101.11,6.61,37.47,23.5,36.51,0.92,3.58,64.8,0.0,0.29,3.0701278234985114
37.73,103.52,6.75,39.62,24.32,34.11,1.01,3.66,65.34,0.0,0.39,3.0701278234985114
39.03,119.95,3.95,34.14,19.57,50.22,1.14,4.24,77.88,0.0,0.44,3.0701278234985114
39.28,117.17,4.06,32.42,18.82,57.65,0.94,4.24,63.78,0.0,0.39,3.0701278234985114
33.47,114.19,4.67,36.21,20.86,60.91,1.05,4.17,55.34,0.0,0.29,3.0701278234985114
53.56,115.21,4.15,32.79,18.96,70.16,0.99,3.89,56.31,0.0,0.4,3.0701278234985114
33.99,106.5,9.03,49.14,31.0,81.64,1.08,5.01,41.2,0.0,0.41,3.0701278234985114
28.81,104.97,4.62,33.25,19.43,75.86,1.04,6.48,46.48,0.0,0.24,3.0701278234985114
23.31,99.74,4.32,32.25,17.81,60.26,0.93,12.74,42.53,0.01,0.02,3.0701278234985114
29.23,94.58,5.35,32.53,19.56,74.39,0.95,3.37,40.8,0.0,0.18,3.0701278234985114
32.55,98.75,3.97,29.05,17.18,83.02,0.89,3.52,40.51,0.0,0.26,3.0701278234985114
30.93,95.75,5.67,30.04,18.77,89.31,0.94,3.22,25.11,0.0,0.07,3.0701278234985114
35.48,87.19,13.58,45.34,32.12,94.19,1.1,4.2,27.4,0.0,0.25,3.0701278234985114
37.87,96.52,7.72,43.01,26.93,98.39,1.01,4.36,30.91,2.62,2.58,3.0701278234985114
30.34,84.89,8.37,39.51,25.66,90.65,0.99,6.63,25.27,1.74,4.2,3.0701278234985114
28.29,96.63,5.06,23.84,14.77,62.54,0.88,3.42,38.11,0.64,0.92,3.0701278234985114
27.9,88.93,5.34,24.85,15.02,23.48347601937197,0.98,2.99,32.61,0.47,0.89,3.0701278234985114
30.53,55.15,3.37,17.2,12.96,23.48347601937197,1.01,1.84,44.28,0.4,0.91,3.0701278234985114
32.43,68.55,3.69,17.59,13.54,23.48347601937197,0.96,1.61,38.23,0.3,0.8,3.0701278234985114
30.19,59.31,3.96,18.7,15.35,23.48347601937197,0.96,1.47,35.76,0.72,0.96,3.0701278234985114
29.62,53.91,6.66,30.03,22.24,23.48347601937197,0.98,2.79,36.38,0.88,1.17,3.0701278234985114
32.11,70.68,8.19,37.85,23.18,23.48347601937197,1.03,8.54,43.4,1.51,1.91,3.0701278234985114
27.53,64.77,3.13,22.89,15.17,23.48347601937197,0.95,5.69,49.17,0.94,0.91,3.0701278234985114
28.6,62.32,3.48,26.23,17.17,23.48347601937197,1.05,4.22,51.46,0.71,1.06,3.0701278234985114
28.89,66.18,2.78,22.48,16.61,23.48347601937197,1.09,3.15,55.88,0.56,1.02,3.0701278234985114
34.62,79.69,5.45,32.97,20.66,23.48347601937197,0.98,3.36,52.95,0.9,1.12,3.0701278234985114
37.13,64.91,7.04,39.61,26.13,23.48347601937197,0.95,3.19,52.15,0.87,1.19,3.0701278234985114
34.6,71.15,3.84,31.9,19.82,23.48347601937197,0.94,2.94,52.09,0.68,1.04,3.0701278234985114
26.41,56.42,3.63,19.98,15.15,23.48347601937197,0.96,2.35,35.76,0.18,0.83,3.0701278234985114
21.87,33.81,3.17,14.46,13.05,23.48347601937197,0.92,2.34,37.55,0.03,0.69,3.0701278234985114
21.31,25.9,7.96,27.46,23.09,23.48347601937197,1.01,2.61,30.2,0.41,0.9,3.0701278234985114
23.35,30.13,7.4,26.31,20.8,23.48347601937197,0.94,3.87,32.51,0.29,0.78,3.0701278234985114
29.3,56.03,7.13,32.9,25.1,23.48347601937197,1.04,3.4,31.63,0.63,0.99,3.0701278234985114
29.48,99.47,4.8,27.41,20.33,23.48347601937197,0.95,3.09,36.47,0.53,0.92,3.0701278234985114
30.38,116.47,4.88,38.24,21.33,23.48347601937197,0.98,3.53,45.24,0.63,0.98,3.0701278234985114
38.39,121.49,6.26,36.26,26.83,23.48347601937197,1.0,3.14,43.82,0.77,1.17,3.0701278234985114
36.56,128.58,3.02,24.85,31.34,23.48347601937197,1.02,4.2,44.8,0.5,0.91,3.0701278234985114
30.79,94.71,7.78,34.44,39.95,23.48347601937197,1.02,3.71,36.83,0.47,0.93,3.0701278234985114
32.09,109.19,5.78,32.76,29.06,23.48347601937197,0.96,3.85,33.61,0.4,0.93,3.0701278234985114
33.88,114.17,3.4,25.14,19.18,23.48347601937197,0.98,3.83,46.63,0.38,0.75,3.0701278234985114
41.37,125.36,4.18,27.15,19.49,23.48347601937197,1.08,3.66,40.31,0.35,0.7,3.0701278234985114
35.82,105.52,3.16,17.43,16.54,23.48347601937197,1.05,4.01,38.92,0.03,0.25,3.0701278234985114
20.49,63.71,4.21,14.01,13.79,23.48347601937197,1.14,4.08,20.48,0.05,0.58,3.0701278234985114
29.23,85.74,3.6,16.94,15.38,23.48347601937197,1.15,4.17,38.25,0.0,0.77,3.0701278234985114
26.46,54.8,8.41,22.08,17.84,23.48347601937197,1.15,3.95,26.5,0.22,1.07,3.0701278234985114
19.13,33.54,7.07,28.79,15.29,23.48347601937197,1.03,3.88,23.65,0.03,0.76,3.0701278234985114
23.01,33.85,5.6,27.98,22.16,23.48347601937197,1.02,4.27,26.48,0.3,1.22,3.0701278234985114
20.75,33.52,3.76,16.69,25.18,23.48347601937197,1.09,3.39,20.61,0.0,0.57,3.0701278234985114
31.94,57.31,4.22,24.94,28.1,23.48347601937197,0.97,3.33,50.57,0.06,0.53,3.0701278234985114
43.91,70.07,4.42,35.38,34.02,23.48347601937197,1.49,3.26,46.5,0.26,0.85,3.0701278234985114
37.72,141.77,4.06,27.94,28.5,23.48347601937197,0.82,3.61,58.64,0.23,1.14,3.0701278234985114
38.84,113.42,4.49,27.43,47.05,23.48347601937197,1.05,3.59,54.78,0.0,0.77,3.0701278234985114
67.45057794890306,94.3,6.77,35.66,31.84,23.48347601937197,0.67,5.17,34.49143047551845,0.0,0.77,3.0701278234985114
19.85,72.36,7.68,34.2,23.6,23.48347601937197,0.78,6.99,73.5,1.58,1.04,3.0701278234985114
67.45057794890306,100.63,9.49,40.15,49.37,23.48347601937197,1.15,3.91,34.49143047551845,0.0,0.86,3.0701278234985114
67.45057794890306,67.05,5.04,23.57,10.6,23.48347601937197,0.7,3.34,34.49143047551845,0.0,0.72,3.0701278234985114
67.45057794890306,64.13,5.74,26.2,39.18,23.48347601937197,0.9,3.24,34.49143047551845,0.0,0.73,3.0701278234985114
28.96,57.17,5.8,25.44,41.42,23.48347601937197,0.98,3.56,34.49143047551845,0.0,0.69,3.0701278234985114
67.45057794890306,60.06,4.67,22.0,35.53,23.48347601937197,0.96,3.8,34.49143047551845,0.0,0.42,3.0701278234985114
67.45057794890306,57.83,3.99,16.94,17.16,23.48347601937197,0.67,3.42,34.49143047551845,0.0,0.33,3.0701278234985114
30.43,55.0,5.41,19.09,12.56,23.48347601937197,0.69,3.01,34.49143047551845,0.28,0.42,3.0701278234985114
32.38,61.9,7.83,27.27,32.3,23.48347601937197,0.87,2.74,34.49143047551845,0.0,0.28,3.0701278234985114
36.4,69.46,6.2,30.93,35.66,23.48347601937197,0.96,2.73,34.49143047551845,0.0,0.32,3.0701278234985114
47.67,79.33,4.34,27.36,18.62,23.48347601937197,0.91,6.9,34.49143047551845,0.91,1.2,3.0701278234985114
36.52,60.94,8.43,32.2,27.12,23.48347601937197,0.85,2.28,66.22,1.5,1.82,3.0701278234985114
33.4,84.17,7.43,37.81,41.59,23.48347601937197,0.9,2.7,34.49143047551845,1.87,2.19,3.0701278234985114
33.42,75.88,3.64,19.6,23.46,23.48347601937197,0.78,3.94,34.49143047551845,1.86,2.05,3.0701278234985114
41.19,60.47,4.23,19.98,22.84,23.48347601937197,0.8,3.94,90.99,1.72,2.14,3.0701278234985114
42.62,77.31,6.45,29.87,24.4,23.48347601937197,0.82,4.05,55.89,1.75,1.94,3.0701278234985114
42.99,58.32,9.48,53.65,29.28,23.48347601937197,0.98,4.06,49.01,2.7,2.85,3.0701278234985114
49.93,118.12710293078135,3.29,24.84,21.13,23.48347601937197,0.85,5.71,46.4,2.74,2.63,3.0701278234985114
39.22,118.12710293078135,3.52,21.73,31.32,23.48347601937197,0.91,5.54,40.12,0.76,1.24,3.0701278234985114
44.57,118.12710293078135,3.55,28.96,26.98,23.48347601937197,0.69,6.03,45.33,0.85,1.32,3.0701278234985114
187.49,118.12710293078135,3.4,25.4,12.72,23.48347601937197,1.14,5.46,46.3,0.81,1.19,3.0701278234985114
44.58,118.12710293078135,5.02,34.25,31.13,23.48347601937197,0.88,5.83,46.69,0.23,0.47,3.0701278234985114
113.31,118.12710293078135,3.72,26.78,36.23,23.48347601937197,1.16,6.65,45.87,0.28,0.57,3.0701278234985114
79.0,118.12710293078135,3.35,24.55,14.69,23.48347601937197,0.73,5.71,44.38,0.24,0.55,3.0701278234985114
32.46,118.12710293078135,3.82,27.7,19.63,23.48347601937197,0.69,5.64,52.6,0.77,1.19,3.0701278234985114
28.99,118.12710293078135,6.84,27.51,17.75,23.48347601937197,0.81,5.31,41.46,0.71,1.15,3.0701278234985114
27.03,118.12710293078135,7.84,39.99,18.71,23.48347601937197,0.89,5.48,24.19,0.82,1.28,3.0701278234985114
27.01,118.12710293078135,3.38,24.22,13.98,23.48347601937197,0.88,4.33,39.45,0.76,1.22,3.0701278234985114
26.73,118.12710293078135,3.42,26.31,13.73,23.48347601937197,0.86,5.76,46.78,0.72,1.19,3.0701278234985114
33.13,118.12710293078135,5.95,47.07,21.25,23.48347601937197,0.87,7.1,37.5,0.85,1.34,3.0701278234985114
35.64,118.12710293078135,7.74,41.15,18.25,23.48347601937197,0.7,6.35,44.59,0.83,1.29,3.0701278234985114
34.36,118.12710293078135,5.28,34.6,16.48,23.48347601937197,0.82,6.26,29.15,0.79,1.31,3.0701278234985114
39.69,118.12710293078135,3.42,24.0,15.82,23.48347601937197,0.9,5.16,41.75,0.7,1.22,3.0701278234985114
43.05,124.39,13.78,33.14,27.53,23.48347601937197,1.1,4.09,35.22,0.82,1.37,3.0701278234985114
45.09,94.78,17.64,42.69,34.28,23.48347601937197,0.98,4.82,42.52,0.99,1.6,3.0701278234985114
47.83,66.81,3.31,18.67,10.96,23.48347601937197,0.79,4.3,47.98,0.7,1.17,3.0701278234985114
52.64,58.23,8.66,33.17,19.8,23.48347601937197,0.8,4.51,36.12,0.98,1.28,3.0701278234985114
59.24,71.88,5.24,35.39,20.95,23.48347601937197,1.06,3.12,41.2,0.47,1.02,3.0701278234985114
35.4,65.64,6.35,32.53,21.18,23.48347601937197,0.92,4.77,34.78,0.37,1.04,3.0701278234985114
46.14,64.28,7.52,30.05,21.53,23.48347601937197,0.95,4.87,27.78,0.28,1.07,3.0701278234985114
33.64,43.62,13.58,30.58,26.53,23.48347601937197,1.12,3.78,22.59,0.36,0.76,3.0701278234985114
41.73,52.37,11.87,29.69,27.37,23.48347601937197,1.02,3.86,19.04,0.17,0.61,3.0701278234985114
29.29,48.38,6.2,18.87,18.11,23.48347601937197,1.19,4.26,30.76,0.09,0.53,3.0701278234985114
16.92,27.94,6.37,15.29,17.52,23.48347601937197,1.18,3.57,27.82,0.1,1.02,3.0701278234985114
35.67,38.75,6.7,21.27,16.18,23.48347601937197,1.01,3.68,23.37,0.2,1.29,3.0701278234985114
33.16,41.38,7.15,22.99,17.21,23.48347601937197,1.03,3.55,21.01,0.47,2.92,3.0701278234985114
42.07,60.8,8.89,25.48,19.15,23.48347601937197,0.99,3.69,24.28,0.28,1.56,3.0701278234985114
44.47,54.34,10.58,35.43,24.13,23.48347601937197,1.06,6.55,23.96,0.43,2.13,3.0701278234985114
38.79,29.26,7.51,22.36,15.78,23.48347601937197,1.01,4.18,16.46,0.28,1.76,3.0701278234985114
23.35,28.86,8.65,20.58,16.36,23.48347601937197,0.96,4.39,15.51,0.11,0.94,3.0701278234985114
25.5,22.18,8.03,16.5,15.62,23.48347601937197,0.94,6.31,16.54,0.13,1.09,3.0701278234985114
22.77,27.69,7.8,17.25,15.45,23.48347601937197,1.04,7.21,12.58,0.11,1.02,3.0701278234985114
25.27,31.71,9.77,16.84,17.37,23.48347601937197,1.0,5.85,13.22,0.07,0.77,3.0701278234985114
19.32,26.98,9.68,16.01,16.88,23.48347601937197,0.96,5.35,15.82,0.06,0.56,3.0701278234985114
18.93,28.7,13.55,20.85,20.16,23.48347601937197,0.92,5.19,12.71,0.01,0.51,3.0701278234985114
23.76,34.25,10.26,15.51,18.29,23.48347601937197,0.99,4.66,10.74,0.28,0.88,3.0701278234985114
31.79,35.64,10.85,19.26,20.84,23.48347601937197,1.02,2.91,16.41,0.59,1.4,3.0701278234985114
61.43,33.51,9.95,23.54,21.94,54.13,1.01,3.21,18.53,0.85,1.74,3.0701278234985114
17.38,42.66,9.08,15.39,18.77,65.85,1.06,3.83,8.71,0.88,1.8,3.0701278234985114
13.38,100.6,9.51,14.75,19.88,52.88,1.15,4.93,11.02,0.78,1.56,3.0701278234985114
32.62,100.12,8.27,12.51,17.4,39.88,1.06,4.53,14.71,0.64,1.24,3.0701278234985114
13.64,73.69,8.31,14.01,18.08,39.82,1.06,4.83,21.95,0.57,1.2,3.0701278234985114
16.71,76.66,7.76,20.26,20.93,39.87,1.02,5.1,25.83,0.53,1.18,3.0701278234985114
18.94,79.08,10.67,31.69,27.45,40.19,1.02,4.68,26.92,0.53,1.22,3.0701278234985114
23.76,55.83,9.93,23.67,22.5,43.21,1.03,4.7,17.71,0.68,1.45,3.0701278234985114
21.84,73.73,7.93,15.51,18.69,43.75,0.98,4.64,15.09,0.3,0.83,3.0701278234985114
51.82,70.62,6.93,14.77,16.14,39.41,1.01,4.79,14.73,0.36,1.09,3.0701278234985114
32.62,56.97,5.69,13.9,13.51,42.98,0.93,4.78,18.29,0.34,0.86,3.0701278234985114
11.68,42.25,4.95,15.17,12.58,42.71,1.02,4.87,16.43,0.36,0.93,3.0701278234985114
9.23,34.44,6.3,17.93,14.8,42.01,0.99,5.5,15.6,0.5,1.13,3.0701278234985114
11.93,44.86,10.26,17.94,17.54,37.54,0.99,5.95,17.84,0.54,1.32,3.0701278234985114
18.23,65.8,32.78,33.04,38.97,26.36,1.0,6.63,10.67,0.88,2.0,3.0701278234985114
19.15,64.03,24.59,22.68,32.18,26.09,0.89,6.11,11.29,2.3,5.82,3.0701278234985114
16.29,55.13,28.13,27.31,31.9,24.06,0.88,6.9,16.14,0.64,2.13,3.0701278234985114
21.63,62.68,23.02,20.07,28.51,20.48,0.87,7.51,16.04,0.66,3.0,3.0701278234985114
18.55,71.37,17.71,15.35,23.4,22.71,0.79,6.49,14.42,0.58,3.48,3.0701278234985114
20.36,74.52,17.18,17.48,24.0,21.44,0.82,6.47,15.83,0.55,3.5,3.0701278234985114
21.44,58.91,17.06,16.86,23.64,22.71,0.86,6.63,15.59,0.52,3.34,3.0701278234985114
15.56,38.84,13.94,17.49,22.69,22.06,0.76,7.2,18.73,0.5,3.18,3.0701278234985114
22.83,42.49,13.04,14.5,19.14,22.05,0.89,7.09,16.35,0.51,3.42,3.0701278234985114
21.11,56.44,20.04,18.16,27.64,22.46,0.88,7.5,13.71,0.6,3.99,3.0701278234985114
36.65,52.63,19.76,20.32,28.01,20.65,0.87,7.49,14.05,0.51,4.06,3.0701278234985114
20.8,53.13,17.69,16.23,24.79,22.12,0.9,8.27,14.5,0.44,3.75,3.0701278234985114
17.82,51.19,15.33,14.74,20.39,21.33,0.75,8.6,15.79,0.44,3.11,3.0701278234985114
16.63,47.82,12.73,15.78,20.25,23.13,0.78,7.14,18.07,0.42,3.04,3.0701278234985114
18.87,60.54,16.04,15.81,22.41,21.52,0.75,7.47,16.19,0.49,2.98,3.0701278234985114
17.08,63.33,12.09,12.25,16.7,20.98,0.71,6.66,17.01,0.33,2.35,3.0701278234985114
19.93,47.19,19.67,16.2,25.39,21.92,0.8,7.32,13.25,0.45,2.77,3.0701278234985114
16.98,53.45,10.93,15.05,16.7,23.5,0.82,7.56,18.52,0.5,3.37,3.0701278234985114
18.83,56.14,6.08,13.81,11.96,21.62,0.8,7.75,17.83,0.58,3.5,3.0701278234985114
16.82,43.02,6.33,16.04,13.91,20.52,0.86,7.58,18.19,0.61,3.1,3.0701278234985114
15.52,41.94,6.5,16.03,13.27,20.52,0.83,7.49,22.36,0.49,2.74,3.0701278234985114
17.44,52.67,6.02,17.69,13.99,20.49,0.83,7.68,21.97,0.5,3.07,3.0701278234985114
18.63,67.89,5.71,14.94,11.91,20.14,0.85,8.01,21.53,0.36,2.92,3.0701278234985114
19.86,51.56,9.81,18.69,18.1,21.94,0.87,7.9,15.16,0.56,3.55,3.0701278234985114
17.85,50.14,7.46,16.37,15.74,25.82,0.92,7.08,13.77,0.56,3.67,3.0701278234985114
17.62,44.75,8.78,18.57,19.77,23.36,0.94,7.68,12.29,0.73,6.09,3.0701278234985114
20.0,55.87,12.84,28.4,33.72,20.06,0.83,7.55,13.43,0.61,3.7,3.0701278234985114
22.28,64.9,8.27,21.86,22.7,18.75,0.76,7.46,15.22,0.61,3.91,3.0701278234985114
21.05,64.54,6.85,17.94,15.78,18.96,0.77,6.84,16.19,0.38,2.97,3.0701278234985114
20.1,57.53,6.38,15.62,14.34,20.18,0.79,6.51,15.94,0.38,2.79,3.0701278234985114
22.92,65.5,15.82,18.15,23.4,22.04,0.97,7.18,14.61,0.66,3.24,3.0701278234985114
20.96,67.39,16.68,19.01,26.45,22.48,0.75,6.44,15.43,0.48,3.1,3.0701278234985114
20.59,68.6,17.54,22.78,29.88,21.15,0.83,6.0,14.61,0.55,3.09,3.0701278234985114
20.73,68.41,12.55,19.33,24.09,20.75,0.83,6.28,15.23,0.4,2.59,3.0701278234985114
23.34,71.35,17.03,18.78,26.75,20.61,0.9,6.5,12.05,1.27,3.96,3.0701278234985114
27.61,94.02,23.36,18.82,31.52,20.08,0.9,6.8,12.14,0.59,3.09,3.0701278234985114
20.75,81.19,17.45,15.27,23.82,19.42,0.83,7.15,13.44,0.4,2.68,3.0701278234985114
23.63,66.31,18.79,18.0,26.37,19.36,0.78,5.94,14.22,0.53,2.77,3.0701278234985114
18.24,59.59,18.82,18.39,26.63,19.67,0.81,6.18,13.14,0.47,2.71,3.0701278234985114
18.35,43.88,24.08,20.05,31.6,19.55,0.87,6.68,11.18,0.53,3.37,3.0701278234985114
17.33,55.07,21.68,17.68,28.22,20.98,0.83,6.27,13.65,0.56,3.4,3.0701278234985114
18.24,59.31,23.38,16.8,29.13,19.74,0.79,7.52,11.75,0.54,3.42,3.0701278234985114
18.6,46.24,23.61,17.12,28.96,19.86,0.78,6.44,11.75,0.62,3.17,3.0701278234985114
10.61,35.22,16.83,13.53,21.04,18.86,0.77,6.96,12.48,0.6,2.52,3.0701278234985114
11.4,39.72,18.47,15.3,25.47,18.9,0.8,5.96,11.69,0.45,2.52,3.0701278234985114
13.1,31.87,20.8,17.12,30.21,18.01,0.89,6.34,11.02,0.53,2.73,3.0701278234985114
15.35,36.24,17.91,15.93,26.23,19.41,0.85,6.35,11.1,0.46,2.75,3.0701278234985114
12.86,38.58,14.92,16.13,23.99,20.34,0.68,5.58,15.54,0.37,2.17,3.0701278234985114
20.09,65.73,15.73,15.9,24.67,17.14,0.73,6.76,14.37,0.33,2.25,3.0701278234985114
16.78,52.97,13.99,16.35,24.39,16.94,0.69,6.44,15.56,0.35,2.05,3.0701278234985114
24.78,67.41,19.12,18.52,30.67,19.27,0.74,6.65,14.54,0.41,2.12,3.0701278234985114
20.61,77.55,18.5,17.55,29.4,22.57,0.77,5.95,16.38,0.44,1.74,3.0701278234985114
20.75,74.0,19.51,17.29,30.51,21.02,0.78,6.92,16.23,0.38,1.78,3.0701278234985114
17.29,52.66,22.31,17.95,32.44,21.4,0.9,7.32,13.6,0.43,2.12,3.0701278234985114
18.74,60.28,22.92,18.94,34.56,21.91,0.82,7.81,12.61,0.54,2.52,3.0701278234985114
22.36,75.89,24.38,19.62,36.32,25.09,0.92,7.61,12.01,0.5,2.19,3.0701278234985114
18.42,60.03,21.34,18.03,31.57,23.73,0.93,7.07,13.19,0.29,1.83,3.0701278234985114
19.86,64.68,25.62,19.41,36.57,24.91,0.86,7.09,10.61,0.43,2.13,3.0701278234985114
21.93,63.28,20.83,18.83,31.9,22.82,0.81,6.5,12.42,0.3,2.02,3.0701278234985114
20.52,49.08,16.42,18.42,30.96,21.16,0.87,6.94,10.52,0.48,2.93,3.0701278234985114
23.33,66.23,22.69,17.92,32.55,19.65,0.79,7.56,11.59,0.32,2.43,3.0701278234985114
19.74,57.18,24.42,23.85,38.66,24.71,0.83,7.34,12.01,0.33,2.33,3.0701278234985114
23.62,78.59,18.31,18.76,29.17,22.74,0.8,7.25,15.32,0.29,2.03,3.0701278234985114
21.84,69.2,16.09,17.44,26.12,19.52,0.76,8.3,17.84,0.27,2.0,3.0701278234985114
25.06,73.19,24.51,20.87,36.16,18.8,0.87,8.66,16.89,0.33,2.25,3.0701278234985114
32.78,81.02,21.82,26.03,37.81,21.32,0.91,8.63,18.24,0.97,3.29,3.0701278234985114
25.32,77.04,19.25,21.06,31.97,20.18,0.85,7.69,18.23,0.31,2.47,3.0701278234985114
25.21,71.56,20.52,21.41,33.3,19.48,0.8,8.53,17.79,0.31,2.16,3.0701278234985114
27.2,66.34,20.06,20.41,32.1,19.09,0.79,8.27,16.77,0.35,2.18,3.0701278234985114
18.32,47.45,9.29,19.4,23.04,18.31,0.75,7.58,17.16,0.18,1.77,3.0701278234985114
19.07,56.66,9.72,23.74,25.42,19.12,0.82,7.65,23.36,0.23,1.83,3.0701278234985114
28.1,72.52,8.51,29.62,28.16,23.38,0.96,7.71,21.64,0.36,2.42,3.0701278234985114
30.34,79.46,12.1,34.78,35.58,24.82,0.95,6.95,32.98,0.46,3.12,3.0701278234985114
24.47,73.31,16.57,38.97,42.15,22.64,0.96,7.44,33.73,0.39,2.72,3.0701278234985114
29.84,76.26,14.04,38.83,39.47,26.39,0.99,8.27,21.83,0.43,2.93,3.0701278234985114
27.72,76.6,14.95,42.11,42.26,30.61,0.98,7.55,32.17,0.43,2.77,3.0701278234985114
24.1,56.2,15.31,40.13,41.69,26.97,0.95,7.46,25.3,0.35,3.2,3.0701278234985114
24.43,55.34,26.3,35.93,46.22,25.87,0.96,8.26,19.68,0.42,3.32,3.0701278234985114
19.03,49.62,23.91,30.55,41.59,23.55,0.83,7.87,11.82,0.39,2.78,3.0701278234985114
19.86,64.1,17.97,24.34,32.53,23.56,0.76,7.24,13.4,0.41,2.25,3.0701278234985114
20.21,69.15,12.96,23.2,28.88,20.72,0.76,7.82,16.89,0.33,1.75,3.0701278234985114
25.55,74.65,28.53,41.9,54.46,20.6,0.89,7.22,18.67,1.01,3.09,3.0701278234985114
26.75,81.33,15.97,33.38,37.62,21.57,0.8,6.83,19.11,0.56,2.33,3.0701278234985114
24.45,80.93,21.53,30.37,40.33,20.87,0.83,7.24,21.83,0.72,2.77,3.0701278234985114
30.84,75.04,13.19,38.12,39.6,24.26,0.85,7.1,26.8,0.56,2.49,3.0701278234985114
22.6,56.12,16.43,35.0,37.99,22.95,0.93,6.7,29.89,0.71,2.62,3.0701278234985114
26.76,63.24,19.45,40.97,45.05,20.27,0.99,6.79,22.54,1.01,3.04,3.0701278234985114
31.25,76.66,12.51,28.45,32.14,17.5,0.87,6.76,23.35,0.95,2.57,3.0701278234985114
29.24,72.24,13.98,30.94,37.06,14.07,0.94,6.59,20.67,1.03,2.73,3.0701278234985114
26.36,77.69,13.23,27.64,34.42,15.1,0.8,6.14,14.86,0.53,2.04,3.0701278234985114
17.35,64.18,13.34,25.67,33.62,13.5,0.79,6.06,12.5,0.47,1.68,3.0701278234985114
25.28,62.82,13.1,23.56,31.12,15.14,0.81,5.67,16.11,0.4,1.53,3.0701278234985114
21.61,66.61,14.5,25.53,34.21,14.76,0.87,6.59,18.94,0.31,1.44,3.0701278234985114
14.51,51.79,11.08,19.67,26.83,13.69,0.74,6.36,15.9,0.23,1.19,3.0701278234985114
15.17,52.6,12.05,20.76,27.91,13.57,0.76,6.27,16.22,0.18,1.04,3.0701278234985114
21.47,46.9,16.7,21.67,32.94,13.65,0.8,6.52,8.9,0.32,1.3,3.0701278234985114
13.99,40.41,15.24,19.47,29.23,14.61,0.78,6.96,11.69,0.25,1.18,3.0701278234985114
14.0,42.0,14.33,19.84,29.19,12.98,0.78,6.52,10.5,0.32,1.3,3.0701278234985114
20.86,69.05,13.17,23.91,32.48,14.74,0.74,6.73,16.31,0.23,0.81,3.0701278234985114
32.94,96.04,12.11,26.49,34.31,15.77,0.79,6.84,18.26,0.38,1.0,3.0701278234985114
31.82,91.63,14.75,32.27,41.65,14.37,0.85,6.89,22.25,0.94,2.0,3.0701278234985114
40.93,109.21,18.56,34.32,47.59,14.9,0.81,6.48,23.46,2.07,3.07,3.0701278234985114
41.44,88.52,9.88,28.25,31.68,14.07,0.88,6.36,23.25,1.32,3.76,3.0701278234985114
35.37,94.07,10.95,26.88,31.15,12.5,0.74,6.52,19.06,0.31,1.66,3.0701278234985114
19.99,51.83,14.07,22.81,32.79,11.95,0.75,6.56,18.23,0.9,2.12,3.0701278234985114
20.75,61.94,9.89,21.84,27.29,12.0,0.74,6.31,19.64,0.24,1.06,3.0701278234985114
25.61,86.65,10.61,25.93,31.45,11.56,0.75,6.74,27.25,0.15,0.99,3.0701278234985114
36.42,122.86,14.12,30.1,38.3,12.67,0.74,7.29,29.37,0.16,0.95,3.0701278234985114
20.96,66.49,16.9,31.6,37.49,16.25,0.95,7.01,23.72,0.44,1.92,3.0701278234985114
17.57,56.53,12.79,24.14,29.12,16.35,0.96,6.14,16.57,0.36,1.68,3.0701278234985114
21.42,63.23,11.8,24.36,28.45,16.22,1.1,6.46,20.21,0.32,1.66,3.0701278234985114
21.84,77.72,9.14,22.91,25.74,15.52,0.82,6.17,27.03,0.29,1.53,3.0701278234985114
23.98,90.86,11.81,28.89,32.92,15.31,1.03,6.14,21.7,0.39,1.77,3.0701278234985114
57.03,107.56,11.01,31.2,34.22,15.57,1.04,7.8,27.35,0.46,1.85,3.0701278234985114
33.68,98.45,11.58,29.99,32.31,15.66,0.99,5.77,25.02,0.44,1.88,3.0701278234985114
50.36,88.44,14.78,35.38,39.15,17.41,1.05,4.97,29.27,0.76,2.66,3.0701278234985114
25.1,59.99,11.77,28.79,31.59,18.74,1.05,5.06,19.48,0.33,1.9,3.0701278234985114
49.2,96.6,7.31,28.7,28.53,17.03,1.02,5.2,35.62,0.36,1.46,3.0701278234985114
41.2,83.45,9.24,20.87,25.94,16.24,1.01,5.38,26.38,0.21,1.09,3.0701278234985114
19.95,61.66,13.0,22.54,28.63,14.46,1.1,5.57,13.5,0.28,1.36,3.0701278234985114
25.85,67.23,15.66,28.52,35.0,15.63,1.09,5.21,16.08,0.37,1.8,3.0701278234985114
33.31,71.11,11.66,28.34,32.46,16.38,1.02,5.74,21.91,0.3,1.85,3.0701278234985114
17.95,39.52,13.98,24.12,30.52,15.83,1.03,5.89,11.65,0.3,1.81,3.0701278234985114
25.58,50.78,16.08,27.32,34.72,18.03,1.11,5.57,11.55,0.34,1.88,3.0701278234985114
43.16,79.92,10.45,28.44,30.83,20.64,0.89,5.46,47.85,0.61,1.86,3.0701278234985114
40.67,83.54,12.57,31.03,34.43,20.42,0.97,5.49,50.45,0.83,2.38,3.0701278234985114
28.25,68.25,9.29,24.59,27.96,18.89,0.79,6.21,59.89,0.77,1.81,3.0701278234985114
33.56,69.43,11.16,25.62,29.75,18.51,0.8,6.78,43.92,0.8,1.81,3.0701278234985114
25.83,74.27,15.31,26.42,34.03,18.98,0.89,5.86,24.11,0.6,2.02,3.0701278234985114
29.32,81.35,13.52,29.76,33.09,17.66,0.9,6.47,35.15,0.58,2.1,3.0701278234985114
37.49,150.02,16.07,31.25,34.16,17.51,0.93,5.9,33.42,0.61,2.26,3.0701278234985114
47.62,81.06,15.51,35.48,39.72,18.23,0.96,6.24,48.1,0.77,2.16,3.0701278234985114
37.34,86.46,9.1,23.96,25.68,16.35,0.82,4.98,46.25,0.67,2.01,3.0701278234985114
43.13,85.68,10.4,27.87,29.5,15.77,0.85,5.33,41.44,0.75,1.9,3.0701278234985114
38.48,73.19,7.95,26.16,24.72,12.92,0.73,4.12,53.78,0.26,1.13,3.0701278234985114
29.81,62.01,9.41,29.22,28.59,12.84,0.88,4.91,47.64,0.22,0.99,3.0701278234985114
32.91,70.95,9.19,27.77,25.35,13.82,0.82,4.6,49.04,0.4,1.24,3.0701278234985114
37.93,82.59,6.98,29.41,24.42,13.77,0.86,4.54,65.7,0.41,1.23,3.0701278234985114
41.65,78.53,10.0,28.6,26.17,15.25,0.81,4.04,37.69,0.43,1.37,3.0701278234985114
49.32,88.06,8.75,32.05,27.32,14.48,0.82,3.99,49.43,0.44,1.33,3.0701278234985114
47.31,92.86,9.72,34.53,30.98,15.25,0.9,4.75,52.51,0.46,1.1,3.0701278234985114
37.94,84.87,11.4,31.95,32.32,16.68,0.71,4.88,57.75,0.46,1.11,3.0701278234985114
31.49,79.97,9.18,28.91,27.55,15.62,0.85,4.39,40.97,0.43,1.33,3.0701278234985114
36.4,92.9,14.06,35.7,36.91,12.47,0.96,5.06,41.82,0.48,1.57,3.0701278234985114
38.35,101.4,17.28,40.77,44.74,14.54,0.96,5.45,42.98,0.54,1.96,3.0701278234985114
39.45,85.59,3.31,19.09,16.78,14.76,0.81,5.12,47.45,0.92,3.47,3.0701278234985114
34.4,79.55,4.31,21.93,19.58,13.93,0.75,6.11,55.52,0.79,3.12,3.0701278234985114
46.52,105.51,8.2,34.13,30.32,15.64,0.84,7.66,49.93,1.07,4.35,3.0701278234985114
33.28,81.91,10.92,25.0,25.5,15.29,0.88,4.16,34.37,1.17,3.77,3.0701278234985114
31.91,88.8,6.66,24.31,24.52,15.95,0.92,5.41,50.77,1.18,2.57,3.0701278234985114
33.89,81.23,7.43,24.45,25.03,16.03,1.01,4.29,38.96,0.78,2.4,3.0701278234985114
35.93,75.5,6.87,27.67,26.04,16.8,0.89,5.29,51.84,0.85,2.59,3.0701278234985114
26.07,71.31,6.76,25.34,25.38,15.38,0.79,5.0,54.83,0.56,1.99,3.0701278234985114
22.5,49.25,5.26,26.04,23.18,13.51,0.69,3.85,65.11,0.49,1.73,3.0701278234985114
25.77,59.78,8.57,32.49,30.96,16.1,0.94,4.44,60.35,0.78,2.67,3.0701278234985114
38.91,84.93,7.84,25.31,25.24,16.8,0.92,4.07,51.83,0.93,2.9,3.0701278234985114
35.18,77.36,5.72,22.93,22.95,14.98,0.79,3.96,64.17,1.18,1.88,3.0701278234985114
28.95,64.19,9.57,27.09,29.63,13.43,1.04,4.4,52.56,0.81,2.44,3.0701278234985114
44.24,64.72,5.18,18.31,19.6,12.94,0.85,4.39,45.14,0.53,1.45,3.0701278234985114
20.3,42.09,6.5,23.54,24.12,12.08,0.9,4.71,51.34,0.55,1.75,3.0701278234985114
27.33,61.65,9.0,24.48,30.04,11.9,0.79,4.54,40.04,0.41,1.52,3.0701278234985114
28.4,56.09,7.78,23.56,27.22,10.02,0.75,4.73,45.01,0.28,1.27,3.0701278234985114
25.72,51.53,7.47,27.41,27.68,12.3,1.02,4.17,46.31,0.41,1.57,3.0701278234985114
23.54,53.47,6.54,23.49,24.49,14.01,0.81,5.1,54.31,0.16,1.16,3.0701278234985114
16.31,39.84,5.29,17.7,20.29,12.94,0.66,4.02,50.05,0.11,0.77,3.0701278234985114
7.85,25.87,6.28,16.77,21.21,11.79,0.62,4.44,45.0,0.08,0.65,3.0701278234985114
12.8,35.87,6.7,17.93,22.31,13.74,0.61,6.09,30.56,0.43,1.09,3.0701278234985114
22.11,47.2,7.85,18.09,23.77,12.54,0.64,8.44,24.42,1.82,5.73,3.0701278234985114
23.64,54.09,9.57,20.9,24.36,12.52,0.68,8.45,24.61,1.95,7.15,3.0701278234985114
22.01,56.08,6.47,18.54,21.24,12.87,0.62,8.99,25.18,2.19,3.2,3.0701278234985114
25.77,64.03,8.35,21.68,25.92,13.23,0.7,8.36,30.6,1.28,2.92,3.0701278234985114
28.82,64.96,6.09,20.1,22.94,13.94,0.7,6.23,30.67,0.87,2.34,3.0701278234985114
25.41,60.88,7.2,20.9,23.52,12.07,0.78,4.91,29.26,1.03,2.69,3.0701278234985114
24.36,53.32,5.24,18.74,20.57,12.0,0.65,4.96,32.97,0.69,1.97,3.0701278234985114
25.35,56.61,5.8,20.66,22.89,12.55,0.74,5.48,38.03,1.42,2.5,3.0701278234985114
16.58,45.48,4.93,20.04,21.76,12.89,0.69,5.06,38.81,1.31,1.94,3.0701278234985114
14.8,36.43,4.83,20.19,21.5,12.11,0.67,4.46,37.89,0.8,2.26,3.0701278234985114
18.54,44.9,6.3,21.39,22.49,13.29,0.71,4.33,32.56,0.87,2.76,3.0701278234985114
30.39,76.25,6.73,23.04,26.12,13.05,0.76,4.77,30.97,0.97,2.46,3.0701278234985114
34.69,61.12,7.53,21.39,24.94,13.32,0.76,4.15,25.3,1.45,3.01,3.0701278234985114
26.44,65.51,7.51,21.17,24.37,12.55,0.72,4.27,28.6,1.2,1.93,3.0701278234985114
26.98,85.13,7.01,21.09,23.98,7.99,0.68,4.78,33.5,0.94,1.58,3.0701278234985114
25.37,81.98,6.35,24.27,27.38,9.02,0.72,4.7,37.55,0.5,1.39,3.0701278234985114
20.16,63.53,5.14,17.51,19.15,10.04,0.63,3.91,33.55,0.36,1.15,3.0701278234985114
26.89,70.15,6.08,18.8,21.32,9.92,0.71,4.63,35.0,0.39,1.36,3.0701278234985114
20.79,62.01,6.09,19.94,23.04,10.46,0.73,5.37,39.44,0.4,1.33,3.0701278234985114
18.25,60.9,5.89,18.61,21.1,8.4,0.7,4.98,33.59,0.45,1.52,3.0701278234985114
18.92,60.19,6.44,21.98,23.35,8.71,0.79,5.09,27.13,1.16,1.73,3.0701278234985114
20.9,57.46,6.03,19.92,23.66,11.62,0.7,5.03,25.86,0.79,1.6,3.0701278234985114
16.65,51.06,6.2,21.47,25.96,10.2,0.76,5.32,29.0,0.5,1.65,3.0701278234985114
19.38,68.71,5.33,18.38,21.55,8.26,0.75,5.3,32.8,0.85,1.36,3.0701278234985114
17.24,55.7,5.42,16.23,19.26,8.74,0.76,5.8,29.35,0.64,1.42,3.0701278234985114
19.53,46.87,5.88,16.78,20.78,10.19,0.86,5.41,25.43,0.74,1.66,3.0701278234985114
31.67,50.35,6.02,19.9,22.32,11.63,0.78,5.79,30.18,0.86,1.34,3.0701278234985114
23.49,61.32,6.71,24.25,24.61,11.9,0.84,7.22,31.66,0.63,2.06,3.0701278234985114
20.95,62.33,6.06,22.71,23.18,11.9,0.79,7.87,32.12,0.53,1.82,3.0701278234985114
20.39,57.91,5.27,21.27,22.77,11.76,0.75,6.01,32.55,0.44,1.35,3.0701278234985114
19.18,51.48,5.39,20.0,20.69,11.64,0.74,6.77,31.64,0.56,1.24,3.0701278234985114
17.84,47.39,6.14,21.24,21.59,10.92,0.8,5.93,32.19,0.5,1.68,3.0701278234985114
24.91,46.99,6.8,21.88,22.16,12.2,0.8,4.12,25.04,0.55,1.76,3.0701278234985114
26.83,55.0,9.37,24.84,26.64,12.84,0.82,3.9,25.39,0.68,2.44,3.0701278234985114
30.97,62.36,9.88,27.45,28.31,14.47,0.85,4.16,23.45,0.65,2.87,3.0701278234985114
18.98,37.85,6.92,22.61,22.72,13.99,0.67,4.42,22.89,0.51,1.76,3.0701278234985114
19.24,41.46,6.43,23.64,25.39,11.87,0.67,7.96,25.98,0.4,1.03,3.0701278234985114
15.91,41.71,6.7,24.64,26.02,11.03,0.69,6.1,27.44,0.36,1.11,3.0701278234985114
19.14,41.62,6.94,23.99,25.31,11.49,0.75,3.98,24.3,0.4,1.38,3.0701278234985114
20.89,63.75,6.44,23.42,24.67,12.15,0.67,3.69,25.88,0.58,1.19,3.0701278234985114
20.67,53.24,7.12,23.58,24.76,11.97,0.77,3.63,23.94,0.5,1.6,3.0701278234985114
20.33,53.25,6.92,23.49,24.97,11.62,0.73,4.09,21.84,0.44,1.34,3.0701278234985114
23.21,50.99,5.66,20.93,19.66,11.85,0.64,3.87,24.81,0.39,1.36,3.0701278234985114
23.3,49.13,7.2,21.15,22.03,11.46,0.71,5.9,25.68,0.31,1.21,3.0701278234985114
18.61,56.25,5.18,19.89,21.39,11.72,0.68,3.82,25.3,0.32,1.24,3.0701278234985114
23.14,56.4,5.84,21.54,24.17,11.9,0.72,3.95,23.02,0.52,1.47,3.0701278234985114
26.99,47.37,5.7,21.64,21.49,11.74,0.66,3.58,23.67,0.75,1.6,3.0701278234985114
19.87,51.46,5.12,19.76,18.94,11.1,0.69,3.68,23.76,0.56,1.34,3.0701278234985114
18.45,52.16,6.62,22.04,23.57,11.78,0.75,4.34,21.7,0.43,1.39,3.0701278234985114
18.13,46.6,6.99,19.08,20.69,11.18,0.65,4.05,25.31,0.35,1.24,3.0701278234985114
16.26,41.66,9.14,17.21,20.51,10.68,0.69,4.08,23.02,0.49,0.99,3.0701278234985114
15.08,29.63,9.97,18.83,22.65,11.23,0.65,4.26,17.14,0.45,1.54,3.0701278234985114
14.94,32.65,10.1,20.29,25.36,12.83,0.78,4.52,14.32,0.45,1.43,3.0701278234985114
14.31,27.28,9.42,19.56,22.47,12.92,0.67,4.1,14.25,0.72,2.23,3.0701278234985114
15.53,30.16,9.06,21.17,23.29,12.13,0.71,3.44,17.32,0.33,0.93,3.0701278234985114
18.62,46.51,12.49,21.34,26.78,14.07,0.78,4.06,17.11,0.76,2.22,3.0701278234985114
22.1,46.9,12.63,24.49,28.97,14.28,0.93,4.13,18.88,0.48,2.17,3.0701278234985114
26.64,46.08,10.13,22.95,25.42,14.27,0.81,3.5,22.74,0.36,1.54,3.0701278234985114
15.63,38.14,8.64,20.93,21.81,13.18,0.69,2.97,22.46,0.35,1.6,3.0701278234985114
18.63,34.85,8.64,20.7,24.55,13.51,0.76,3.49,16.92,0.47,1.94,3.0701278234985114
20.79,52.0,10.77,24.71,28.58,14.78,0.9,3.7,16.32,0.66,2.03,3.0701278234985114
23.25,47.66,12.4,26.34,29.87,16.35,0.85,3.66,14.77,0.76,2.04,3.0701278234985114
20.73,49.59,12.5,27.88,31.49,16.63,0.88,3.85,17.67,0.52,2.37,3.0701278234985114
18.28,48.73,9.79,24.0,28.57,14.41,0.98,3.8,15.63,0.68,2.63,3.0701278234985114
17.04,45.86,12.94,20.38,27.03,12.61,1.06,4.86,17.45,0.48,1.87,3.0701278234985114
17.3,57.03,9.03,18.74,23.82,12.29,0.83,4.84,16.68,0.49,1.87,3.0701278234985114
15.08,44.78,7.84,18.23,22.24,12.69,0.85,4.64,18.5,0.67,1.93,3.0701278234985114
15.29,63.42,8.07,19.16,23.84,12.39,0.77,4.8,18.52,1.24,1.65,3.0701278234985114
14.98,55.99,5.28,15.48,18.18,11.29,0.58,5.48,20.37,1.55,1.43,3.0701278234985114
14.14,49.29,5.95,17.29,19.29,10.86,0.72,5.42,22.91,1.41,2.42,3.0701278234985114
11.42,47.0,7.18,19.78,23.79,12.1,0.71,7.1,23.6,1.66,2.14,3.0701278234985114
15.3,42.17,6.49,21.27,22.89,11.62,0.63,5.11,22.94,0.9,2.15,3.0701278234985114
15.01,50.6,5.76,17.69,19.78,10.31,0.71,5.01,22.84,1.12,1.61,3.0701278234985114
20.82,65.26,7.24,19.48,22.6,10.46,0.79,4.89,21.78,0.9,1.53,3.0701278234985114
17.64,47.85,5.73,15.11,17.09,8.94,0.67,5.24,21.03,0.65,1.22,3.0701278234985114
11.18,32.65,6.38,15.56,17.74,9.5,0.73,5.21,20.36,0.52,2.49,3.0701278234985114
13.01,40.46,7.04,16.9,19.57,9.34,0.72,5.33,19.94,0.62,1.59,3.0701278234985114
13.84,42.24,7.56,16.5,20.44,8.86,0.79,5.18,18.43,1.19,3.76,3.0701278234985114
15.34,44.08,8.05,16.14,20.57,9.22,0.88,5.36,17.88,0.82,2.71,3.0701278234985114
20.16,45.38,7.3,15.83,18.87,8.43,0.79,6.09,16.27,0.62,1.65,3.0701278234985114
12.63,45.47,6.0,12.36,15.67,7.49,0.79,6.15,17.38,0.67,1.27,3.0701278234985114
15.92,49.54,6.98,13.9,17.26,8.79,0.78,5.78,18.74,1.25,1.7,3.0701278234985114
20.67,58.85,5.4,12.3,13.55,10.59,0.73,5.49,22.64,1.45,1.91,3.0701278234985114
19.51,60.37,6.57,14.46,16.19,9.56,0.72,5.11,23.25,0.88,1.57,3.0701278234985114
20.53,57.11,9.86,24.3,25.64,12.42,0.8,5.18,24.32,0.41,1.41,3.0701278234985114
21.84,60.43,10.46,23.38,24.74,11.91,0.86,4.94,25.03,0.67,1.7,3.0701278234985114
22.29,56.94,6.61,21.87,20.68,10.94,0.76,5.58,27.33,0.77,1.3,3.0701278234985114
21.74,50.11,7.52,19.46,18.78,10.07,0.78,5.31,27.56,0.41,1.19,3.0701278234985114
48.41,40.74,8.0,19.11,20.07,10.48,0.82,5.11,25.41,0.42,1.59,3.0701278234985114
22.83,63.17,6.7,22.04,23.16,13.83,0.95,4.32,26.44,0.62,1.84,3.0701278234985114
23.96,59.79,6.04,20.04,21.91,16.1,0.85,4.64,31.73,0.62,1.18,3.0701278234985114
19.12,56.78,11.37,23.82,26.19,17.48,0.82,4.81,30.27,0.45,1.15,3.0701278234985114
22.92,68.81,7.27,24.96,27.2,14.09,0.92,5.07,31.65,0.73,1.44,3.0701278234985114
19.15,53.11,14.84,27.97,37.17,14.75,1.01,4.92,31.13,0.62,2.16,3.0701278234985114
24.78,50.88,17.22,38.91,48.69,16.87,1.2,5.99,34.28,0.75,3.26,3.0701278234985114
17.68,36.94,11.88,33.19,36.56,14.1,1.15,5.91,43.22,0.63,2.32,3.0701278234985114
13.45,32.33,7.39,24.87,26.46,15.3,0.85,4.98,34.55,0.47,1.52,3.0701278234985114
16.59,41.07,10.63,20.76,26.68,13.17,0.83,4.63,30.31,0.4,1.4,3.0701278234985114
32.55,75.73,10.14,28.02,32.03,14.16,1.04,4.97,33.78,0.64,2.63,3.0701278234985114
26.32,78.07,7.34,26.64,27.62,14.52,0.98,4.69,42.02,0.58,2.05,3.0701278234985114
38.4,87.7,4.7,22.87,21.74,14.52,0.79,5.51,41.53,0.48,1.54,3.0701278234985114
23.22,53.78,5.23,19.29,17.87,13.18,0.81,5.24,34.56,0.55,1.56,3.0701278234985114
34.28,68.99,11.17,25.88,29.12,14.14,1.01,4.56,38.57,0.72,2.21,3.0701278234985114
17.34,36.79,13.18,32.46,35.39,13.28,0.94,6.01,40.57,0.67,2.45,3.0701278234985114
26.79,52.83,12.09,35.24,37.85,15.48,1.01,5.33,50.22,0.87,3.1,3.0701278234985114
27.15,55.82,14.73,33.96,36.15,14.69,0.92,3.39,37.5,0.95,4.14,3.0701278234985114
35.57,60.1,26.1,37.6,46.86,15.03,1.14,4.19,34.78,1.17,3.96,3.0701278234985114
24.46,39.4,8.65,28.28,26.66,14.09,0.71,3.39,46.65,0.69,2.45,3.0701278234985114
31.67,46.37,31.34,39.99,53.18,15.63,0.95,4.97,40.67,0.85,3.57,3.0701278234985114
45.16,79.81,12.32,37.89,39.71,18.91,0.83,3.94,34.94,1.11,3.77,3.0701278234985114
38.44,75.75,10.61,30.58,32.46,17.39,0.83,4.47,29.02,0.82,2.56,3.0701278234985114
20.84,46.8,11.38,23.0,26.36,15.76,0.79,4.48,22.31,0.71,2.0,3.0701278234985114
22.61,52.98,16.56,26.95,35.28,17.97,0.85,4.18,20.5,0.96,2.81,3.0701278234985114
24.94,57.89,16.25,28.5,34.84,18.72,0.83,4.42,23.94,1.1,3.37,3.0701278234985114
21.73,57.38,15.17,28.28,33.44,17.09,0.72,3.85,25.81,1.12,3.51,3.0701278234985114
19.3,48.38,17.76,27.52,35.63,17.01,0.85,3.74,20.66,1.1,3.46,3.0701278234985114
25.83,52.13,11.2,24.42,26.37,15.22,0.71,4.83,24.17,1.05,3.1,3.0701278234985114
19.25,37.64,9.17,23.99,27.14,13.73,0.72,4.63,20.61,1.33,3.71,3.0701278234985114
17.2,39.02,6.82,23.31,23.16,13.23,0.52,5.72,26.13,0.89,2.5,3.0701278234985114
20.71,41.14,15.04,30.13,35.45,13.8,0.85,5.78,22.97,1.37,4.19,3.0701278234985114
16.46,35.11,13.68,24.22,29.48,14.84,0.83,5.59,22.81,1.11,3.22,3.0701278234985114
11.71,35.91,7.89,16.97,19.84,17.04,0.83,6.07,17.5,0.82,2.21,3.0701278234985114
12.57,46.46,4.34,15.8,16.05,12.27,0.76,6.39,21.49,1.07,1.75,3.0701278234985114
13.43,42.75,5.68,18.11,19.56,12.32,0.83,6.37,19.33,0.95,1.4,3.0701278234985114
18.21,47.6,6.8,18.89,20.81,11.69,0.74,5.76,19.0,0.61,1.31,3.0701278234985114
42.44,74.17,7.74,21.32,23.05,12.84,1.01,5.26,20.17,0.77,1.86,3.0701278234985114
42.44,78.91,10.63,24.6,26.91,13.82,1.04,5.38,18.21,0.71,2.43,3.0701278234985114
34.24,78.0,11.34,22.99,27.53,16.13,0.97,6.61,20.89,0.67,2.32,3.0701278234985114
18.77,42.23,11.91,26.91,32.16,15.45,0.98,6.42,27.66,0.57,2.12,3.0701278234985114
18.62,49.95,7.39,24.47,26.76,14.41,0.87,5.73,35.18,0.45,1.93,3.0701278234985114
27.42,77.15,12.02,25.98,31.75,14.01,0.9,6.0,41.88,0.47,1.64,3.0701278234985114
27.1,72.41,12.02,25.19,30.28,16.17,1.08,6.16,30.92,0.57,2.01,3.0701278234985114
40.0,71.78,11.18,26.32,27.98,18.0,0.99,5.46,34.6,0.89,2.58,3.0701278234985114
54.83,112.73,20.78,36.74,46.01,20.29,1.26,5.53,38.89,1.34,3.59,3.0701278234985114
52.86,102.92,11.34,30.63,31.84,20.13,1.0,5.26,41.1,0.93,3.12,3.0701278234985114
27.77,68.96,7.02,26.07,27.22,16.45,1.0,6.13,46.59,0.42,1.39,3.0701278234985114
30.39,81.26,10.37,28.6,31.5,17.33,0.93,6.37,43.84,0.66,2.02,3.0701278234985114
23.32,61.17,11.88,26.92,32.14,17.36,0.92,6.12,38.82,0.75,2.17,3.0701278234985114
26.33,65.78,15.95,28.61,38.17,18.25,1.1,6.02,18.93,0.74,2.54,3.0701278234985114
20.62,57.92,12.03,26.87,33.07,17.27,1.01,6.16,21.06,0.69,2.24,3.0701278234985114
30.7,64.16,10.09,28.0,34.06,16.75,0.84,6.37,36.16,0.69,1.81,3.0701278234985114
27.07,61.85,12.69,29.65,36.43,17.29,1.01,6.8,30.81,0.72,2.18,3.0701278234985114
20.23,51.01,12.61,26.77,34.15,16.19,0.96,6.55,25.97,0.66,2.12,3.0701278234985114
21.12,48.76,13.06,27.06,33.42,16.37,1.05,6.93,23.22,0.73,2.49,3.0701278234985114
42.28,78.55,14.45,34.02,39.94,17.57,1.19,6.68,29.31,0.93,2.93,3.0701278234985114
44.17,78.49,11.39,32.14,36.86,15.81,1.06,6.26,32.59,0.73,2.2,3.0701278234985114
36.68,68.13,9.67,32.05,34.86,15.22,1.01,6.44,36.87,0.56,1.8,3.0701278234985114
41.18,71.69,4.45,21.45,20.72,17.36,0.9,6.17,47.58,0.2,0.85,3.0701278234985114
37.44,69.94,6.37,27.71,28.88,16.71,1.17,6.81,37.89,0.34,3.63,3.0701278234985114
35.44,72.66,14.25,30.62,32.97,17.52,1.0,5.87,43.3,7.6,34.24,3.0701278234985114
33.02,65.25,15.29,35.64,40.58,17.13,1.22,6.34,34.88,1.29,37.66,3.0701278234985114
23.08,53.29,13.08,29.76,35.02,18.19,1.04,6.31,30.99,2.8,29.42,3.0701278234985114
22.97,61.34,14.39,25.68,31.74,14.77,1.0,5.38,24.82,0.93,40.69,3.0701278234985114
23.25,50.92,11.74,22.84,27.09,14.15,1.03,5.46,19.8,0.82,38.94,3.0701278234985114
13.46,42.5,9.63,20.19,23.27,14.09,0.93,6.35,18.54,0.66,42.98,3.0701278234985114
13.96,34.67,10.32,21.53,24.48,12.97,0.94,5.99,22.64,0.66,38.23,3.0701278234985114
27.28,55.3,14.0,27.81,31.57,13.63,1.11,6.03,28.88,1.15,44.55,3.0701278234985114
38.2,69.48,9.9,26.87,28.23,13.85,0.96,5.33,44.53,0.73,35.35,3.0701278234985114
55.45,91.85,12.88,32.39,34.22,15.19,0.94,6.48,42.62,1.1,37.71,3.0701278234985114
39.42,71.64,12.01,32.74,34.96,14.07,1.05,7.05,30.49,0.97,36.31,3.0701278234985114
23.79,52.13,8.0,26.15,26.74,12.91,0.95,8.15,28.46,0.67,34.84,3.0701278234985114
21.29,56.84,10.79,29.26,30.66,13.07,1.03,6.57,29.65,0.78,35.33,3.0701278234985114
20.31,55.42,9.34,27.3,28.35,12.13,1.02,6.59,33.44,0.65,34.67,3.0701278234985114
28.62,63.74,9.43,29.94,29.6,15.16,0.84,5.96,31.81,0.81,27.87,3.0701278234985114
28.93,67.98,8.12,28.49,27.89,12.64,0.91,5.81,37.02,0.68,37.62,3.0701278234985114
30.65,71.83,8.24,26.71,27.01,13.12,0.94,6.69,35.09,0.59,33.42,3.0701278234985114
23.6,60.07,9.79,25.5,27.35,12.63,0.97,6.56,28.77,0.69,32.96,3.0701278234985114
25.33,66.09,7.47,23.85,23.24,12.51,0.78,6.28,34.2,0.55,31.51,3.0701278234985114
24.25,59.81,11.19,25.62,27.99,12.62,0.91,7.0,30.69,0.71,31.67,3.0701278234985114
27.65,61.09,11.23,28.51,31.1,12.28,1.05,6.73,30.3,0.68,32.27,3.0701278234985114
42.91,84.86,11.5,31.51,34.26,13.03,1.13,6.79,32.35,0.7,28.05,3.0701278234985114
38.66,77.48,12.17,30.63,34.57,12.91,1.16,7.36,26.97,0.7,27.12,3.0701278234985114
44.46,91.61,13.62,32.5,37.72,13.8,1.19,5.91,28.4,0.84,29.36,3.0701278234985114
48.62,89.87,7.89,29.51,28.63,14.47,0.98,6.45,37.53,0.71,31.23,3.0701278234985114
46.52,84.08,6.3,25.65,25.64,13.5,0.91,6.09,45.17,0.61,35.14,3.0701278234985114
49.33,89.98,8.39,31.35,31.8,13.96,1.0,6.11,43.35,0.77,40.0,3.0701278234985114
35.84,77.13,9.2,29.34,31.31,13.71,1.13,7.13,37.89,1.06,40.29,3.0701278234985114
35.48,71.87,7.38,26.59,27.4,14.05,1.03,5.95,32.38,2.22,12.55,3.0701278234985114
44.27,87.08,7.56,29.46,29.65,14.55,1.03,6.25,43.66,2.08,21.3,3.0701278234985114
43.32,87.09,9.56,31.24,32.59,14.71,1.09,6.6,39.42,1.66,41.25,3.0701278234985114
35.24,70.75,7.86,26.94,27.78,13.37,0.97,7.38,37.81,0.93,44.93,3.0701278234985114
38.53,73.77,6.56,26.2,26.31,13.02,0.92,7.39,43.5,0.63,23.56,3.0701278234985114
47.81,77.49,6.4,28.46,27.79,12.91,1.03,8.04,44.92,0.62,24.96,3.0701278234985114
42.54,84.76,7.92,29.1,27.48,13.75,1.06,7.58,45.78,0.88,27.59,3.0701278234985114
30.71,70.8,9.03,27.31,26.74,13.01,1.07,8.56,37.39,1.05,36.19,3.0701278234985114
25.78,62.73,8.81,28.05,30.18,12.4,1.16,7.52,33.11,0.95,34.36,3.0701278234985114
29.66,69.62,6.62,26.26,26.92,12.87,0.99,6.4,32.98,1.06,29.06,3.0701278234985114
52.62,106.81,15.46,31.56,41.89,14.59,1.39,6.94,37.35,1.5,35.36,3.0701278234985114
24.74,62.08,8.08,27.57,31.18,13.94,1.09,6.97,25.22,0.69,5.39,3.0701278234985114
22.52,62.95,10.11,29.93,32.13,11.75,1.06,7.35,28.66,1.03,16.53,3.0701278234985114
30.92,74.18,5.8,30.86,28.53,12.61,1.03,6.61,47.48,0.99,15.86,3.0701278234985114
39.29,83.02,8.07,36.97,35.92,14.54,1.05,7.71,39.61,0.83,16.79,3.0701278234985114
31.1,66.98,6.52,29.13,28.01,13.03,0.89,6.72,40.4,0.79,16.36,3.0701278234985114
39.5,75.34,7.01,30.57,30.05,14.27,0.97,7.38,37.47,0.81,16.7,3.0701278234985114
26.9,65.04,6.83,26.29,28.93,14.38,0.95,5.81,24.91,0.46,1.65,3.0701278234985114
26.66,59.29,5.34,23.43,25.93,13.36,0.96,5.8,29.97,0.45,1.05,3.0701278234985114
34.51,82.12,6.77,33.42,35.46,14.44,1.07,5.74,35.59,0.47,1.37,3.0701278234985114
37.86,84.98,6.26,33.67,33.87,14.19,1.1,6.86,36.29,0.47,1.34,3.0701278234985114
28.25,71.37,6.1,30.62,31.73,14.77,1.23,6.35,32.1,0.44,1.31,3.0701278234985114
41.13,76.02,8.76,30.76,30.61,14.45,1.1,7.64,31.17,0.48,1.4,3.0701278234985114
44.82,95.52,10.87,46.43,49.87,14.99,1.23,6.85,30.14,0.54,1.61,3.0701278234985114
44.48,93.93,9.21,45.71,48.99,16.11,1.1,8.32,36.55,0.44,1.37,3.0701278234985114
45.49,92.25,12.1,41.23,46.01,17.79,1.24,9.36,42.71,0.39,1.47,3.0701278234985114
35.27,84.84,4.24,24.1,23.37,13.05,0.81,6.12,39.98,0.45,1.6,3.0701278234985114
33.79,80.75,9.12,34.38,35.34,12.29,0.96,7.34,32.47,0.43,1.64,3.0701278234985114
29.27,75.0,7.82,32.2,33.89,12.05,1.0,6.81,32.0,0.51,4.12,3.0701278234985114
30.66,74.45,6.88,30.15,32.31,12.86,1.16,7.47,34.73,0.45,4.91,3.0701278234985114
43.83,92.77,7.34,35.14,37.61,13.82,1.11,6.93,41.55,0.34,1.47,3.0701278234985114
49.51,103.19,5.71,31.27,32.33,14.44,1.06,8.53,41.16,0.27,2.81,3.0701278234985114
33.94,77.23,6.41,28.99,27.96,12.4,1.07,7.08,34.75,1.87,2.29,3.0701278234985114
32.82,72.71,6.23,28.34,27.32,12.02,0.93,7.06,34.6,2.13,2.7,3.0701278234985114
37.67,86.81,9.5,37.32,38.56,12.15,1.06,7.06,34.92,0.62,1.72,3.0701278234985114
41.66,94.89,14.05,43.77,45.43,13.41,1.15,9.48,42.21,0.62,1.4,3.0701278234985114
47.86,95.51,7.98,33.04,34.36,13.9,1.06,5.97,38.42,0.4,2.64,3.0701278234985114
30.24,72.85,4.56,24.85,26.87,12.05,1.0,6.25,40.89,0.28,1.1,3.0701278234985114
33.96,82.03,4.67,23.75,26.23,13.04,0.98,6.62,37.76,0.23,1.0,3.0701278234985114
36.3,85.26,4.15,21.8,23.7,12.61,1.09,5.92,49.19,0.19,1.0,3.0701278234985114
35.6,82.42,5.07,25.61,28.15,11.92,1.01,5.93,43.59,0.28,1.2,3.0701278234985114
42.58,95.58,5.36,26.77,29.54,12.35,1.06,6.75,46.4,0.25,0.88,3.0701278234985114
48.75,95.45,5.79,27.79,30.87,12.22,1.01,6.22,47.04,0.24,1.01,3.0701278234985114
41.84,83.19,5.52,23.14,25.33,13.61,0.94,8.07,50.82,0.43,1.85,3.0701278234985114
44.33,89.88,5.26,26.8,28.22,15.57,0.98,7.12,37.49,0.45,1.14,3.0701278234985114
38.66,84.01,3.91,21.71,22.73,14.03,0.88,6.71,40.31,0.37,1.11,3.0701278234985114
38.88,84.66,4.74,23.26,24.69,13.54,0.99,7.41,45.57,0.39,0.96,3.0701278234985114
41.48,89.64,3.92,22.84,23.81,12.71,0.94,7.08,50.57,0.33,1.53,3.0701278234985114
39.57,80.31,4.86,25.62,27.1,11.31,0.96,8.25,50.73,0.37,1.43,3.0701278234985114
34.62,78.55,6.45,28.58,30.35,10.85,1.05,6.36,49.83,0.46,1.15,3.0701278234985114
34.77,76.68,6.76,27.42,30.03,10.94,0.93,7.36,42.26,0.42,1.17,3.0701278234985114
29.97,72.04,5.47,27.04,28.63,10.8,0.91,6.65,38.8,0.38,3.09,3.0701278234985114
33.96,72.17,4.07,22.19,23.19,11.55,0.92,6.97,49.32,0.35,3.2,3.0701278234985114
26.15,71.05,4.54,21.45,23.54,11.07,0.84,6.75,36.51,0.31,2.81,3.0701278234985114
24.15,77.96,4.75,19.78,22.33,10.48,0.86,7.01,31.85,0.35,3.4,3.0701278234985114
29.66,72.55,4.54,24.72,25.9,11.06,0.9,7.25,39.28,0.38,3.03,3.0701278234985114
38.15,87.04,4.96,26.49,27.94,12.13,0.93,7.97,55.4,0.56,2.03,3.0701278234985114
43.31,94.45,3.79,23.38,24.16,13.53,0.98,6.97,53.12,0.5,1.98,3.0701278234985114
30.16,66.88,4.2,13.39,14.52,12.95,0.82,6.92,48.99,0.34,1.48,3.0701278234985114
40.28,82.77,4.01,20.12,20.75,13.99,1.05,6.03,42.02,0.34,1.47,3.0701278234985114
25.25,48.81,2.62,9.73,11.41,11.91,0.76,7.92,38.24,0.17,0.47,3.0701278234985114
27.77,51.53,2.55,8.99,10.63,11.25,0.7,5.87,35.05,0.13,0.38,3.0701278234985114
27.47,51.79,3.22,9.44,11.22,11.09,0.85,6.49,35.6,0.14,0.37,3.0701278234985114
24.89,45.75,2.63,10.58,12.06,10.13,0.85,6.11,36.29,0.28,1.15,3.0701278234985114
28.45,47.23,2.99,12.22,14.05,10.41,0.85,6.37,37.19,0.36,1.48,3.0701278234985114
32.46,53.57,3.02,11.09,13.51,11.12,0.91,6.77,41.31,0.21,0.88,3.0701278234985114
22.01,48.55,2.9,10.09,11.79,10.45,0.83,5.11,42.69,0.11,0.43,3.0701278234985114
22.54,49.89,2.51,10.37,11.6,10.18,0.76,5.81,41.52,0.12,0.46,3.0701278234985114
27.12,58.49,2.43,9.58,10.93,10.92,0.86,5.56,46.12,0.11,0.52,3.0701278234985114
34.12,69.87,2.43,9.69,11.07,11.13,0.77,6.8,49.16,0.11,0.46,3.0701278234985114
31.93,63.83,2.43,9.23,10.79,11.25,0.72,6.51,43.88,0.25,1.0,3.0701278234985114
30.26,67.3,2.48,9.81,11.62,11.08,0.8,6.06,39.66,0.17,2.53,3.0701278234985114
22.68,50.53,2.34,11.52,11.77,11.69,0.71,4.44,42.79,0.15,11.08,3.0701278234985114
15.14,20.84,3.05,13.48,14.79,16.57,0.71,5.3,42.61,0.22,7.2,3.0701278234985114
18.39,28.13,2.74,13.73,14.46,13.03,0.72,5.55,52.65,0.26,6.3,3.0701278234985114
23.32,32.12,2.51,12.38,13.21,13.62,0.73,5.83,48.84,0.25,5.16,3.0701278234985114
30.06,22.69,3.98,11.5,11.44,13.71,0.67,6.1,47.67,0.25,7.31,3.0701278234985114
26.99,35.92,2.35,10.63,11.3,16.25,0.79,6.06,45.02,0.73,8.55,3.0701278234985114
22.38,35.49,2.68,11.74,12.7,13.94,0.72,4.78,47.0,0.57,9.9,3.0701278234985114
25.61,42.98,3.74,15.57,16.92,11.61,0.71,5.75,46.22,0.42,17.99,3.0701278234985114
30.24,52.51,3.61,15.73,16.73,10.46,0.69,6.34,46.63,0.32,11.75,3.0701278234985114
33.62,50.11,2.76,13.81,14.7,10.86,0.67,8.19,46.04,0.37,8.98,3.0701278234985114
25.27,42.7,2.65,12.73,13.63,9.91,0.73,6.55,43.3,0.44,9.63,3.0701278234985114
40.0,50.83,2.62,12.28,13.36,10.46,0.65,5.77,41.22,0.34,9.27,3.0701278234985114
34.03,46.7,2.53,11.74,12.25,10.25,0.72,5.59,39.05,0.25,3.7,3.0701278234985114
24.22,41.6,2.61,10.48,11.63,9.42,0.61,6.21,36.3,0.28,2.29,3.0701278234985114
19.42,31.92,2.57,10.76,11.72,9.03,0.55,6.75,32.7,0.16,2.23,3.0701278234985114
17.04,48.52,3.12,13.02,13.46,7.96,0.78,6.2,31.78,0.22,2.26,3.0701278234985114
19.95,50.26,2.71,10.17,11.49,8.33,0.68,6.79,34.71,0.19,2.56,3.0701278234985114
26.1,48.49,2.9,11.41,13.28,8.44,0.67,6.36,38.1,0.2,2.59,3.0701278234985114
26.25,65.58,3.38,13.05,15.61,9.74,0.75,6.54,34.36,0.59,3.18,3.0701278234985114
25.98,55.47,3.67,13.04,15.19,10.15,0.69,5.83,30.95,0.51,4.3,3.0701278234985114
21.32,43.11,3.03,11.76,13.11,9.89,0.82,5.47,37.25,0.25,1.68,3.0701278234985114
19.25,50.33,3.17,11.69,14.32,9.21,0.76,5.55,33.06,0.19,2.14,3.0701278234985114
20.74,55.81,2.71,11.24,13.01,10.71,0.79,5.86,33.9,0.21,1.66,3.0701278234985114
13.68,39.31,2.68,12.02,13.47,10.72,0.74,5.73,30.77,0.22,1.36,3.0701278234985114
20.3,54.56,4.21,15.27,17.17,8.07,0.75,5.45,32.26,0.36,1.36,3.0701278234985114
24.81,61.29,3.34,12.6,14.65,8.95,0.67,6.28,40.97,0.22,1.93,3.0701278234985114
18.36,50.84,3.13,14.26,15.24,7.84,0.8,6.19,38.88,0.3,1.52,3.0701278234985114
22.35,56.07,3.02,17.28,16.81,6.94,0.82,6.23,39.28,0.28,1.47,3.0701278234985114
26.1,71.6,2.7,18.88,17.75,6.47,0.86,7.16,42.46,0.25,1.19,3.0701278234985114
29.23,87.56,3.09,18.26,17.24,7.53,0.82,7.44,43.07,0.25,1.18,3.0701278234985114
23.02,64.54,2.81,17.4,16.58,8.56,0.93,6.85,38.88,0.22,1.51,3.0701278234985114
26.87,72.07,2.9,18.2,17.08,8.9,0.88,6.09,34.69,0.25,0.99,3.0701278234985114
17.61,52.32,3.0,16.86,16.68,7.94,0.77,7.14,31.87,0.28,1.2,3.0701278234985114
21.05,60.98,3.05,14.05,15.16,8.26,0.77,7.51,30.1,0.26,0.85,3.0701278234985114
24.29,59.49,3.02,13.18,13.74,8.84,0.77,6.93,34.13,0.22,1.48,3.0701278234985114
20.58,66.73,3.08,14.23,14.33,9.01,0.81,7.7,35.18,0.21,1.46,3.0701278234985114
15.43,70.53,3.19,14.13,14.61,8.98,0.73,6.05,26.07,0.24,1.61,3.0701278234985114
14.56,39.32,3.27,13.82,14.5,9.23,0.8,6.09,27.46,0.76,4.51,3.0701278234985114
24.81,58.72,3.9,15.82,16.02,10.15,0.74,6.12,33.15,0.38,2.55,3.0701278234985114
17.34,46.71,4.43,16.79,16.78,9.42,0.87,7.39,25.11,0.3,1.57,3.0701278234985114
23.44,56.99,3.89,18.22,17.24,10.07,0.96,7.06,32.49,0.35,1.16,3.0701278234985114
21.25,52.69,3.12,13.24,12.56,10.3,0.72,7.19,36.41,0.27,1.14,3.0701278234985114
16.82,47.84,7.57,12.91,11.92,10.52,0.85,6.14,35.55,0.22,1.13,3.0701278234985114
23.81,79.02,3.75,13.11,13.59,9.81,0.73,5.67,27.88,0.19,1.69,3.0701278234985114
17.9,64.0,4.3,13.77,15.4,8.9,0.72,6.05,26.03,0.18,1.53,3.0701278234985114
19.53,60.44,4.38,14.59,16.17,8.87,0.74,5.8,26.55,0.18,1.81,3.0701278234985114
18.13,56.21,4.32,15.13,16.51,8.98,0.79,5.59,34.42,0.2,1.47,3.0701278234985114
19.52,62.59,3.49,15.05,15.53,8.76,0.72,6.29,39.84,0.23,1.26,3.0701278234985114
18.62,66.58,3.28,13.03,13.26,8.97,0.59,5.64,27.7,0.19,1.79,3.0701278234985114
21.06,57.36,3.88,16.82,17.08,9.36,0.7,5.81,33.26,0.25,1.49,3.0701278234985114
22.25,71.59,4.18,16.47,16.95,9.58,0.76,6.38,34.72,0.26,1.95,3.0701278234985114
19.81,55.23,4.73,18.54,18.77,12.06,0.92,6.03,26.83,0.28,1.54,3.0701278234985114
28.46,55.7,4.48,14.85,16.36,9.1,0.66,6.24,27.7,0.4,1.83,3.0701278234985114
23.16,53.37,5.1,15.72,17.14,8.2,0.7,6.48,25.16,0.6,2.18,3.0701278234985114
15.87,42.52,4.12,18.27,17.45,8.7,0.74,6.27,24.01,0.58,1.96,3.0701278234985114
23.32,51.62,2.39,11.58,10.32,7.26,0.84,7.01,25.66,0.52,2.14,3.0701278234985114
22.88,48.48,3.88,19.65,18.98,5.64,0.66,7.12,18.92,0.92,1.77,3.0701278234985114
18.18,50.12,4.61,17.1,16.43,5.7,0.6,7.16,18.22,0.66,2.39,3.0701278234985114
17.6,45.11,3.45,13.32,12.94,5.31,0.57,7.11,14.91,0.73,2.63,3.0701278234985114
20.16,48.85,4.64,15.31,15.43,5.22,0.65,6.88,16.9,0.73,2.66,3.0701278234985114
21.7,52.5,4.65,15.48,16.43,5.64,0.62,6.99,16.73,0.71,2.57,3.0701278234985114
25.44,73.07,11.1,15.98,17.72,6.0,0.66,6.92,15.65,1.05,1.82,3.0701278234985114
16.53,39.75,5.74,14.7,16.75,5.76,0.67,6.99,12.9,1.03,2.25,3.0701278234985114
17.07,45.6,5.16,13.32,15.94,6.9,0.6,7.21,16.51,0.38,2.06,3.0701278234985114
18.29,56.47,5.9,14.1,17.22,6.48,0.65,7.74,13.01,0.27,2.64,3.0701278234985114
28.32,63.66,5.57,13.98,16.54,6.84,0.73,7.27,12.63,1.31,0.88,3.0701278234985114
21.55,57.17,4.82,13.87,15.89,6.54,0.66,7.22,12.34,0.45,0.94,3.0701278234985114
18.32,47.55,4.48,13.62,14.97,6.59,0.66,7.81,14.16,0.39,1.32,3.0701278234985114
18.18,42.05,4.6,12.45,14.83,6.5,0.54,7.47,13.37,0.37,1.55,3.0701278234985114
20.38,49.93,5.16,14.6,17.11,6.76,0.62,6.98,17.72,0.39,1.6,3.0701278234985114
19.72,52.43,5.41,14.61,16.98,7.37,0.61,6.86,18.26,0.33,1.48,3.0701278234985114
16.93,40.06,6.01,17.67,19.1,7.42,0.74,7.73,19.58,0.4,1.52,3.0701278234985114
15.4,28.66,4.42,14.29,15.57,7.32,0.61,7.45,19.53,0.25,1.43,3.0701278234985114
16.6,29.48,3.06,13.68,13.07,6.88,0.67,7.29,15.69,0.21,1.18,3.0701278234985114
20.44,26.34,2.69,10.33,10.58,6.58,0.66,6.6,17.59,0.12,0.94,3.0701278234985114
28.68,29.27,3.62,12.12,12.94,6.8,0.56,6.33,16.99,0.17,1.17,3.0701278234985114
14.47,24.26,4.61,12.69,15.0,6.82,0.56,6.45,16.08,0.18,0.86,3.0701278234985114
21.25,38.2,16.08,37.81,33.18,44.14,1.38,8.95,24.7,3.280840304500585,8.700972080037227,3.0701278234985114
16.94,41.09,12.94,25.28,23.96,47.43,0.95,8.08,31.66,3.280840304500585,8.700972080037227,3.0701278234985114
15.29,43.1,11.93,26.05,23.56,42.29,0.95,7.52,30.93,3.280840304500585,8.700972080037227,3.0701278234985114
20.75,62.7,14.9,30.9,28.55,46.25,1.41,7.31,27.19,3.280840304500585,8.700972080037227,3.0701278234985114
11.21,42.45,12.44,25.74,23.8,44.52,1.16,5.82,38.87,3.280840304500585,8.700972080037227,3.0701278234985114
11.81,44.21,11.05,25.81,22.72,48.42,1.07,5.34,32.97,3.280840304500585,8.700972080037227,3.0701278234985114
17.7,53.29,9.59,28.48,22.95,40.42,1.18,4.96,38.57,3.280840304500585,8.700972080037227,3.0701278234985114
20.41,50.27,10.74,28.75,24.02,46.34,1.11,7.96,36.42,3.280840304500585,8.700972080037227,3.0701278234985114
17.21,31.31,14.75,27.96,26.86,47.0,1.05,9.32,28.2,3.280840304500585,8.700972080037227,3.0701278234985114
12.65,31.54,9.57,20.58,18.72,50.15,0.84,9.64,29.49,3.280840304500585,8.700972080037227,3.0701278234985114
3.4,16.32,8.05,14.11,14.05,47.07,0.64,6.72,37.28,3.280840304500585,8.700972080037227,3.0701278234985114
8.7,36.97,13.93,22.35,23.21,46.82,0.7,8.9,26.74,3.280840304500585,8.700972080037227,3.0701278234985114
6.53,21.31,7.3,13.46,13.09,42.77,0.71,7.08,43.46,3.280840304500585,8.700972080037227,3.0701278234985114
20.86,72.34,10.44,27.86,23.31,37.95,0.87,7.08,50.24,3.280840304500585,8.700972080037227,3.0701278234985114
24.92,106.41,7.92,34.15,24.6,37.23,0.75,9.36,66.15,3.280840304500585,8.700972080037227,3.0701278234985114
61.4,89.15,6.93,29.86,21.53,14.07,1.1,12.38,29.35,3.280840304500585,8.700972080037227,3.0701278234985114
41.17,79.21,21.42,29.38,33.04,11.37,1.21,10.04,43.73,3.280840304500585,8.700972080037227,3.0701278234985114
41.34,88.69,6.96,32.76,23.08,12.62,1.02,12.54,40.69,3.280840304500585,8.700972080037227,3.0701278234985114
44.76,84.77,2.99,25.32,15.89,13.66,0.77,11.62,57.43,3.280840304500585,8.700972080037227,3.0701278234985114
45.61,86.96,7.83,43.82,29.77,16.58,0.84,10.54,54.9,3.280840304500585,8.700972080037227,3.0701278234985114
35.23,94.42,4.25,37.21,23.33,13.43,0.76,7.67,62.2,3.280840304500585,8.700972080037227,3.0701278234985114
34.11,90.98,4.55,32.89,21.29,12.27,0.71,11.38,65.11,3.280840304500585,8.700972080037227,3.0701278234985114
37.8,97.23,4.0,33.21,21.01,15.01,0.78,8.08,60.49,3.280840304500585,8.700972080037227,3.0701278234985114
21.71,76.47,3.9,27.85,18.07,12.02,0.71,15.43,68.42,3.280840304500585,8.700972080037227,3.0701278234985114
39.17,90.15,2.52,21.5,13.59,18.53,0.79,9.86,67.84,3.280840304500585,8.700972080037227,3.0701278234985114
28.29,79.64,1.95,13.84,9.03,18.37,0.46,9.95,67.6,3.280840304500585,8.700972080037227,3.0701278234985114
22.35,90.17,2.05,14.28,9.35,10.48,0.39,7.29,77.34,3.280840304500585,8.700972080037227,3.0701278234985114
20.58,120.75,6.24,27.12,19.57,6.91,0.66,14.67,71.87,3.280840304500585,8.700972080037227,3.0701278234985114
23.88,71.03,1.61,9.83,6.62,20.97,0.37,12.78,64.94,3.280840304500585,8.700972080037227,3.0701278234985114
22.93,41.62,1.63,10.67,7.09,24.4,0.37,12.27,65.58,3.280840304500585,8.700972080037227,3.0701278234985114
18.97,41.9,1.98,10.34,7.19,20.92,0.4,8.78,39.06,3.280840304500585,8.700972080037227,3.0701278234985114
28.85,99.38,3.71,8.8,7.8,13.17,0.61,10.29,55.03,3.280840304500585,8.700972080037227,3.0701278234985114
38.73,98.89,3.85,9.97,8.54,13.81,0.67,13.15,57.49,3.280840304500585,8.700972080037227,3.0701278234985114
40.28,113.91,3.15,12.68,7.65,16.76,0.49,14.64,65.78,3.280840304500585,8.700972080037227,3.0701278234985114
28.4,92.72,3.92,11.52,8.91,15.22,0.61,12.07,47.31,3.280840304500585,8.700972080037227,3.0701278234985114
19.25,82.49,0.96,6.16,4.14,10.71,0.35,7.39,69.34,3.280840304500585,8.700972080037227,3.0701278234985114
16.11,67.7,1.09,9.92,6.24,11.48,0.35,8.21,76.78,3.280840304500585,8.700972080037227,3.0701278234985114
18.74,97.09,0.99,7.07,4.65,9.55,0.34,7.89,74.13,3.280840304500585,8.700972080037227,3.0701278234985114
14.74,46.8,1.02,7.37,4.84,12.12,0.34,8.2,82.56,3.280840304500585,8.700972080037227,3.0701278234985114
23.88,73.13,0.8,9.83,5.88,13.96,0.46,8.42,72.55,3.280840304500585,8.700972080037227,3.0701278234985114
25.27,90.14,2.03,8.39,5.99,9.36,0.38,13.3,76.7,3.280840304500585,8.700972080037227,3.0701278234985114
20.18,62.33,1.0,5.42,3.76,8.61,0.32,11.52,69.56,3.280840304500585,8.700972080037227,3.0701278234985114
18.29,44.35,0.93,4.25,3.05,7.82,0.27,9.01,58.9,3.280840304500585,8.700972080037227,3.0701278234985114
17.38,38.97,0.96,4.44,3.23,7.94,0.3,13.03,40.33,3.280840304500585,8.700972080037227,3.0701278234985114
14.9,62.85,1.02,4.83,3.48,7.61,0.28,11.31,57.61,3.280840304500585,8.700972080037227,3.0701278234985114
20.03,121.91,1.16,5.98,4.16,9.85,0.32,13.42,69.97,3.280840304500585,8.700972080037227,3.0701278234985114
16.93,65.39,0.96,6.58,4.36,12.08,0.39,11.66,35.03,3.280840304500585,8.700972080037227,3.0701278234985114
17.26,46.43,1.24,7.38,5.03,12.48,0.42,10.4,43.81,3.280840304500585,8.700972080037227,3.0701278234985114
7.93,13.16,1.66,9.12,6.2,17.92,0.43,16.54,55.45,3.280840304500585,8.700972080037227,3.0701278234985114
13.61,35.54,1.57,9.09,6.19,15.93,0.44,15.65,47.51,3.280840304500585,8.700972080037227,3.0701278234985114
19.53,49.9,2.01,11.56,7.87,16.63,0.43,13.32,42.73,3.280840304500585,8.700972080037227,3.0701278234985114
14.54,42.14,1.66,9.51,6.48,17.14,0.42,12.11,45.73,3.280840304500585,8.700972080037227,3.0701278234985114
12.75,43.49,1.63,9.41,6.42,15.18,0.43,12.78,49.62,3.280840304500585,8.700972080037227,3.0701278234985114
15.77,50.01,1.59,9.24,6.29,14.8,0.52,15.7,53.27,3.280840304500585,8.700972080037227,3.0701278234985114
15.42,53.78,1.65,12.02,7.82,17.39,0.52,11.13,46.84,3.280840304500585,8.700972080037227,3.0701278234985114
20.25,65.16,1.94,14.5,9.38,17.99,0.63,22.7,31.68,3.280840304500585,8.700972080037227,3.0701278234985114
24.26,67.49,1.49,12.35,7.87,19.28,0.65,9.76,53.91,3.280840304500585,8.700972080037227,3.0701278234985114
21.85,49.55,1.79,13.89,8.95,19.94,0.71,7.46,37.84,3.280840304500585,8.700972080037227,3.0701278234985114
20.64,42.36,1.3,9.29,6.08,21.49,0.58,9.63,40.36,3.280840304500585,8.700972080037227,3.0701278234985114
12.16,29.73,1.12,10.12,6.29,18.88,0.59,8.15,75.59,3.280840304500585,8.700972080037227,3.0701278234985114
14.33,34.91,3.65,12.29,9.58,17.27,0.49,8.8,80.5,3.280840304500585,8.700972080037227,3.0701278234985114
15.38,45.42,3.9,13.45,10.42,16.9,0.46,20.16,79.64,3.280840304500585,8.700972080037227,3.0701278234985114
15.62,48.76,4.17,15.27,11.6,15.78,0.58,10.84,77.57,3.280840304500585,8.700972080037227,3.0701278234985114
16.08,48.35,5.38,19.92,15.06,13.28,0.94,12.91,66.66,3.280840304500585,8.700972080037227,3.0701278234985114
17.49,49.39,2.22,9.81,7.11,17.78,0.87,12.01,54.27,3.280840304500585,8.700972080037227,3.0701278234985114
20.94,66.39,1.48,9.01,6.08,27.57,0.47,10.21,41.3,3.280840304500585,8.700972080037227,3.0701278234985114
19.17,55.27,2.04,11.02,7.6,17.01,0.54,10.56,47.58,3.280840304500585,8.700972080037227,3.0701278234985114
15.56,39.65,1.9,9.46,6.66,16.08,0.55,10.78,40.8,3.280840304500585,8.700972080037227,3.0701278234985114
14.49,40.62,2.59,11.66,8.41,14.6,0.56,9.29,54.42,3.280840304500585,8.700972080037227,3.0701278234985114
19.66,51.12,2.33,10.96,7.81,14.01,0.62,8.9,38.72,3.280840304500585,8.700972080037227,3.0701278234985114
16.85,40.64,2.56,12.46,8.79,15.39,0.64,15.41,33.59,3.280840304500585,8.700972080037227,3.0701278234985114
11.04,26.77,2.08,7.55,5.8,12.86,0.48,9.48,51.27,3.280840304500585,8.700972080037227,3.0701278234985114
13.58,37.76,1.79,5.54,4.49,12.56,0.41,12.83,48.24,3.280840304500585,8.700972080037227,3.0701278234985114
14.68,43.1,1.94,8.22,6.04,12.8,0.46,13.28,48.45,3.280840304500585,8.700972080037227,3.0701278234985114
14.48,46.7,2.02,9.17,6.62,11.19,0.5,12.78,50.01,3.280840304500585,8.700972080037227,3.0701278234985114
14.0,30.0,1.1,5.12,3.62,8.05,0.35,12.45,48.77,3.280840304500585,8.700972080037227,3.0701278234985114
35.52,63.88,7.19,9.32,16.51,5.59,1.94,12.49,6.27,0.84,8.700972080037227,3.0701278234985114
19.23,30.91,5.57,8.89,14.46,5.13,0.37,12.28,6.39,0.29,8.700972080037227,3.0701278234985114
33.52,62.91,7.18,9.71,16.88,4.56,0.0,12.59,6.57,0.49,8.700972080037227,3.0701278234985114
24.83,39.98,6.94,8.78,15.73,4.4,0.0,12.34,6.54,0.64,8.700972080037227,3.0701278234985114
42.07,73.54,8.07,8.66,16.72,4.43,0.0,12.33,5.27,0.39,8.700972080037227,3.0701278234985114
42.07,77.33,6.85,9.44,16.31,4.27,0.0,12.46,5.78,0.41,8.700972080037227,3.0701278234985114
42.02,65.44,7.68,8.22,15.9,4.31,0.0,12.36,5.45,0.66,8.700972080037227,3.0701278234985114
52.31,92.27,5.49,9.76,15.26,4.4,0.0,12.6,7.02,0.74,8.700972080037227,3.0701278234985114
45.8,85.4,5.35,9.41,14.74,4.57,0.0,12.51,7.16,0.53,8.700972080037227,3.0701278234985114
37.79,54.85,5.95,8.87,14.81,4.77,0.0,12.32,5.51,0.71,8.700972080037227,3.0701278234985114
52.27,104.18,5.75,10.24,15.99,4.52,0.0,12.41,5.76,0.37,8.700972080037227,3.0701278234985114
28.62,46.5,8.08,6.61,14.68,4.58,0.0,12.3,4.72,0.22,8.700972080037227,3.0701278234985114
49.75,82.53,9.65,8.93,18.58,4.77,0.0,12.92,5.88,0.87,8.700972080037227,3.0701278234985114
58.33,86.3,8.79,9.73,18.51,4.63,0.0,13.08,5.7,1.08,8.700972080037227,3.0701278234985114
50.37,66.92,4.49,8.53,13.01,4.36,0.0,12.96,7.14,0.38,8.700972080037227,3.0701278234985114
29.61,59.97,4.75,7.5,12.25,4.25,0.0,12.52,6.13,0.23,8.700972080037227,3.0701278234985114
29.5,40.83,7.11,6.45,13.56,4.23,0.0,12.29,4.97,0.52,8.700972080037227,3.0701278234985114
29.74,42.93,8.33,7.62,15.93,3.95,0.0,12.86,5.33,0.69,8.700972080037227,3.0701278234985114
28.27,44.95,4.53,8.36,12.89,3.79,0.2,12.88,5.71,0.44,8.700972080037227,3.0701278234985114
18.07,25.99,4.34,7.01,11.36,4.01,0.16,12.55,4.91,0.24,8.700972080037227,3.0701278234985114
18.75,35.7,5.93,7.17,13.11,3.86,0.31,12.17,4.16,0.08,8.700972080037227,3.0701278234985114
36.16,55.98,6.87,8.58,15.44,3.78,0.32,12.32,4.43,0.22,8.700972080037227,3.0701278234985114
32.24,54.51,8.23,9.2,17.42,4.37,0.1,12.54,3.84,0.27,8.700972080037227,3.0701278234985114
36.63,42.47,10.47,7.38,17.84,4.7,0.45,12.66,3.71,0.29,8.700972080037227,3.0701278234985114
27.29,38.33,11.51,6.03,17.54,4.67,0.13,12.3,3.41,0.29,8.700972080037227,3.0701278234985114
32.51,46.53,9.47,6.8,16.27,4.46,0.17,12.65,3.83,0.45,8.700972080037227,3.0701278234985114
32.66,42.14,11.68,7.04,18.71,4.56,0.14,12.63,3.8,0.47,8.700972080037227,3.0701278234985114
38.0,53.97,9.11,7.64,16.74,4.54,0.25,12.59,4.85,0.52,8.700972080037227,3.0701278234985114
40.63,64.24,7.7,7.08,14.76,4.5,0.02,12.42,4.6,0.34,8.700972080037227,3.0701278234985114
67.45057794890306,106.58,18.56,21.39,27.74,15.95,0.49,12.95,12.37,0.76,8.700972080037227,3.0701278234985114
73.58,92.89,17.25,27.27,27.01,18.64,0.48,12.36,7.85,0.41,8.700972080037227,3.0701278234985114
28.82,59.73,17.79,18.61,24.79,19.24,0.41,12.23,6.54,0.25,8.700972080037227,3.0701278234985114
50.79,89.2,25.31,18.96,34.02,16.21,0.45,12.63,7.49,0.24,8.700972080037227,3.0701278234985114
37.47,50.51,8.89,12.82,18.6,46.53,1.21,12.9,7.78,12.44,8.700972080037227,3.0701278234985114
36.58,47.74,13.86,10.97,22.92,45.58,1.2,12.85,7.04,8.73,8.700972080037227,3.0701278234985114
13.62,28.94,17.574729662029362,28.560659061126955,0.0,23.48347601937197,0.0,14.53197725590996,34.49143047551845,0.0,8.700972080037227,3.0701278234985114
56.61,119.58,17.574729662029362,28.560659061126955,0.0,23.48347601937197,0.0,14.53197725590996,34.49143047551845,0.0,8.700972080037227,3.0701278234985114
36.04,69.37,0.75,3.01,0.1,1.56,0.02,2.41,34.49143047551845,0.0,8.700972080037227,3.0701278234985114
18.76,63.23,3.03,13.6,3.08,43.3,0.53,5.88,37.25,6.72,8.700972080037227,3.0701278234985114
20.0,49.38,16.77,10.29,7.77,40.64,0.57,5.09,39.25,4.51,8.700972080037227,3.0701278234985114
18.48,32.91,17.574729662029362,28.560659061126955,0.0,23.48347601937197,0.0,14.53197725590996,34.49143047551845,1.34,8.700972080037227,3.0701278234985114
26.35,51.33,2.45,17.14,5.79,45.77,0.98,3.04,24.87,8.6,8.700972080037227,3.0701278234985114
29.42,61.09,7.25,12.38,16.27,29.81,1.81,3.98,11.32,5.53,8.700972080037227,3.0701278234985114
39.47,82.32,3.88,15.57,9.61,35.48,1.86,3.87,16.14,7.43,8.700972080037227,3.0701278234985114
28.0,53.35,1.75,14.19,8.83,29.71,1.4,3.49,13.64,9.21,8.700972080037227,3.0701278234985114
26.98,47.39,1.23,14.88,9.84,32.37,1.85,2.37,9.75,1.36,8.700972080037227,3.0701278234985114
42.01,64.73,3.85,13.34,7.34,41.46,1.84,1.66,7.26,0.0,8.700972080037227,3.0701278234985114
32.02,62.15,4.42,13.96,10.66,30.99,1.9,3.05,9.81,9.71,8.700972080037227,3.0701278234985114
24.51,54.19,7.94,15.9,12.49,39.04,1.42,2.57,14.78,5.29,8.700972080037227,3.0701278234985114
29.03,48.97,1.06,12.44,6.09,33.67,1.35,2.09,17.69,4.62,8.700972080037227,3.0701278234985114
21.27,46.44,3.54,13.23,4.97,35.77,1.07,2.73,19.36,1.81,8.700972080037227,3.0701278234985114
15.25,55.17,1.83,13.03,8.67,33.92,1.85,2.11,11.78,4.43,8.700972080037227,3.0701278234985114
15.74,30.03,2.45,11.52,6.9,23.06,1.88,1.9,12.39,2.33,8.700972080037227,3.0701278234985114
12.09,17.01,1.6,11.29,7.64,40.55,1.88,1.96,8.48,4.48,8.700972080037227,3.0701278234985114
8.11,23.2,0.67,10.83,3.39,31.19,1.24,1.31,10.99,4.74,8.700972080037227,3.0701278234985114
18.49,33.36,1.49,17.95,5.12,43.58,1.04,1.85,10.79,3.96,8.700972080037227,3.0701278234985114
15.75,25.12,5.98,13.29,9.19,41.04,1.84,1.87,9.69,3.33,8.700972080037227,3.0701278234985114
23.11,55.16,2.26,12.06,8.65,39.82,1.87,2.16,8.4,2.05,8.700972080037227,3.0701278234985114
22.63,54.23,10.51,11.22,16.17,32.5,1.85,2.3,9.16,2.31,8.700972080037227,3.0701278234985114
18.88,69.94,5.24,11.43,12.46,36.06,1.81,2.88,10.18,1.56,8.700972080037227,3.0701278234985114
31.14,72.59,9.44,11.45,14.21,62.99,1.78,2.57,8.11,2.56,8.700972080037227,3.0701278234985114
32.95,64.37,9.06,11.95,9.93,60.08,1.46,2.58,6.72,1.52,8.700972080037227,3.0701278234985114
25.71,60.58,6.45,11.38,6.27,58.23,1.02,3.14,8.53,1.76,8.700972080037227,3.0701278234985114
27.82,51.68,9.12,12.17,17.2,53.88,1.81,5.67,5.58,1.33,8.700972080037227,3.0701278234985114
24.73,56.46,11.59,8.74,7.44,34.8,0.88,3.16,6.18,1.17,8.700972080037227,3.0701278234985114
20.24,53.62,3.2,10.32,5.99,81.0,0.95,3.9,9.97,0.58,8.700972080037227,3.0701278234985114
20.5,50.9,5.4,11.74,9.22,69.31,1.42,2.28,8.46,0.0,8.700972080037227,3.0701278234985114
16.9,35.71,6.6,11.57,8.05,77.62,1.24,1.26,10.77,0.0,8.700972080037227,3.0701278234985114
21.23,31.73,5.88,7.52,10.99,59.27,1.79,1.41,6.22,0.0,8.700972080037227,3.0701278234985114
16.79,33.38,12.03,12.58,17.88,68.25,1.86,1.96,6.72,0.0,8.700972080037227,3.0701278234985114
18.61,25.47,5.6,11.4,4.89,66.61,0.91,1.41,4.54,0.0,8.700972080037227,3.0701278234985114
11.49,17.06,2.79,8.03,4.57,76.64,0.94,1.2,8.06,0.0,8.700972080037227,3.0701278234985114
11.72,16.88,1.01,8.65,4.05,85.38,1.75,1.29,7.27,0.0,8.700972080037227,3.0701278234985114
11.3,18.72,3.64,8.23,5.87,77.32,1.85,1.07,5.28,0.0,8.700972080037227,3.0701278234985114
17.03,21.22,4.61,6.32,7.79,70.76,1.82,1.95,5.94,0.0,8.700972080037227,3.0701278234985114
11.68,21.99,4.3,6.54,7.56,61.12,1.91,1.47,4.5,0.0,8.700972080037227,3.0701278234985114
9.51,18.82,5.28,10.73,6.95,76.43,1.78,1.08,4.09,0.0,8.700972080037227,3.0701278234985114
32.15,63.23,3.4,11.04,10.09,37.82,1.96,8.44,6.27,0.0,8.700972080037227,3.0701278234985114
29.62,65.62,8.98,10.32,1.73,36.08,0.27,5.64,4.45,2.58,8.700972080037227,3.0701278234985114
45.24,91.89,17.574729662029362,28.560659061126955,0.0,23.48347601937197,0.0,14.53197725590996,34.49143047551845,0.53,8.700972080037227,3.0701278234985114
33.73,79.79,3.79,11.29,6.08,27.0,1.11,8.32,7.01,2.41,8.700972080037227,3.0701278234985114
25.45,56.18,17.574729662029362,28.560659061126955,0.0,23.48347601937197,0.0,14.53197725590996,34.49143047551845,1.44,8.700972080037227,3.0701278234985114
31.95,64.37,3.49,8.07,4.12,14.25,1.05,11.05,6.6,2.22,8.700972080037227,3.0701278234985114
18.58,28.07,1.16,14.09,1.14,10.75,0.62,9.23,4.18,0.0,8.700972080037227,3.0701278234985114
21.44,35.1,4.88,10.22,6.3,21.06,1.04,24.97,5.46,0.0,8.700972080037227,3.0701278234985114
33.44,39.6,4.54,10.69,7.05,28.09,1.69,15.72,5.96,2.38,8.700972080037227,3.0701278234985114
19.52,33.04,3.97,11.98,7.54,28.65,1.91,9.14,5.74,2.99,8.700972080037227,3.0701278234985114
19.4,38.72,6.75,4.85,5.71,24.06,1.24,8.77,4.05,0.11,8.700972080037227,3.0701278234985114
51.42,120.96,4.96,7.69,10.95,14.18,2.23,9.67,5.59,3.77,8.700972080037227,3.0701278234985114
26.48,63.49,17.574729662029362,28.560659061126955,0.0,23.48347601937197,0.0,14.53197725590996,34.49143047551845,0.35,8.700972080037227,3.0701278234985114
32.77,72.72,3.0,11.04,4.46,35.05,1.1,9.77,6.51,1.52,8.700972080037227,3.0701278234985114
43.3,95.82,12.63,3.84,7.34,49.2,0.31,14.83,5.48,0.0,8.700972080037227,3.0701278234985114
37.19,73.79,17.574729662029362,28.560659061126955,0.0,23.48347601937197,0.0,14.53197725590996,34.49143047551845,0.0,8.700972080037227,3.0701278234985114
66.14,121.66,17.62,16.74,18.95,60.35,0.57,12.05,11.41,167.64,8.700972080037227,3.0701278234985114
38.79,87.3,16.8,17.32,26.71,55.18,0.57,12.21,5.87,244.75,8.700972080037227,3.0701278234985114
62.63,130.65,28.36,23.22,23.27,81.84,0.46,8.27,37.97,177.1,8.700972080037227,3.0701278234985114
39.99,83.28,20.77,23.88,31.31,66.72,0.64,3.94,35.13,87.76,8.700972080037227,3.0701278234985114
28.9,48.32,12.98,13.58,21.25,42.02,1.26,3.09,36.6,74.56,8.700972080037227,3.0701278234985114
34.82,51.35,16.6,15.66,23.74,43.59,1.33,3.35,30.32,8.14,8.700972080037227,3.0701278234985114
58.33,97.03,25.16,12.74,31.73,68.52,1.33,3.84,20.75,0.0,8.700972080037227,3.0701278234985114
44.57,96.57,8.78,17.31,17.07,50.78,0.01,4.78,27.01,0.0,8.700972080037227,3.0701278234985114
57.83,126.56,13.07,16.09,22.88,34.57,0.01,4.67,42.22,0.0,8.700972080037227,3.0701278234985114
33.53,45.85,8.7,14.46,15.45,85.95,0.05,4.48,33.81,0.47,8.700972080037227,3.0701278234985114
50.29,70.42,12.95,15.66,18.65,91.61,0.04,3.39,31.36,0.0,8.700972080037227,3.0701278234985114
67.21,113.28,14.21,18.13,13.25,77.43,0.01,3.47,12.79,0.81,8.700972080037227,3.0701278234985114
67.45057794890306,53.24,7.99,18.0,18.45,99.3,0.05,5.82,45.15,0.0,8.700972080037227,3.0701278234985114
67.45057794890306,32.15,9.74,17.88,20.37,98.3,0.04,4.57,32.64,0.0,8.700972080037227,3.0701278234985114
67.45057794890306,32.85,10.19,12.39,14.11,85.27,0.01,3.1,30.47,0.42,8.700972080037227,3.0701278234985114
66.18,39.13,10.16,14.48,8.85,111.94,0.07,5.07,55.49,1.03,8.700972080037227,3.0701278234985114
25.66,25.78,14.65,18.54,21.54,85.45,0.26,3.82,31.53,1.09,8.700972080037227,3.0701278234985114
27.93,56.84,17.574729662029362,28.560659061126955,0.0,23.48347601937197,0.38,4.96,34.49143047551845,0.07,8.700972080037227,3.0701278234985114
38.58,83.38,17.574729662029362,28.560659061126955,0.0,23.48347601937197,0.37,4.62,34.49143047551845,0.06,8.700972080037227,3.0701278234985114
32.86,67.04,17.574729662029362,28.560659061126955,0.0,23.48347601937197,0.36,4.26,34.49143047551845,0.05,8.700972080037227,3.0701278234985114
18.0,42.35,17.574729662029362,28.560659061126955,0.0,23.48347601937197,0.35,4.59,34.49143047551845,0.05,8.700972080037227,3.0701278234985114
36.72,84.46,17.574729662029362,28.560659061126955,0.0,23.48347601937197,0.33,4.62,34.49143047551845,0.07,8.700972080037227,3.0701278234985114
35.97,73.55,17.574729662029362,28.560659061126955,0.0,23.48347601937197,0.33,4.02,34.49143047551845,0.06,8.700972080037227,3.0701278234985114
53.76,101.91,17.574729662029362,28.560659061126955,0.0,23.48347601937197,0.32,4.96,34.49143047551845,0.07,8.700972080037227,3.0701278234985114
32.29,74.65,17.574729662029362,28.560659061126955,0.0,23.48347601937197,0.38,14.53197725590996,63.56,0.05,8.700972080037227,3.0701278234985114
30.4,74.06,16.55,0.49,13.63,3.19,0.66,7.07,36.01,0.0,8.700972080037227,3.0701278234985114
63.28,95.86,17.574729662029362,28.560659061126955,0.0,23.48347601937197,0.66,5.25,58.88,0.0,8.700972080037227,3.0701278234985114
45.07,106.78,17.574729662029362,28.560659061126955,0.0,23.48347601937197,0.59,5.94,34.99,0.0,8.700972080037227,3.0701278234985114
34.71,90.12,17.574729662029362,28.560659061126955,0.0,23.48347601937197,0.63,6.83,15.55,0.0,8.700972080037227,3.0701278234985114
27.93,95.68,9.72,4.71,14.19,0.88,0.79,9.36,30.18,3.39,0.04,3.82
34.05,90.68,16.53,9.83,25.86,1.68,0.93,4.27,17.23,5.27,0.89,21.98
67.45057794890306,59.99,11.03,4.9,16.06,1.11,0.58,14.1,26.81,4.77,1.81,57.52
67.45057794890306,91.04,10.35,3.73,14.09,1.7,0.78,10.48,16.77,17.23,2.02,51.82
67.45057794890306,64.62,8.64,3.06,4.68,1.53,0.49,8.71,23.08,9.04,1.93,4.64
67.45057794890306,97.12,7.68,2.76,10.41,1.37,0.75,8.71,33.4,4.53,2.14,1.4
67.45057794890306,62.29,8.23,5.34,10.71,1.09,0.49,7.76,26.61,8.35,2.03,1.25
67.45057794890306,65.68,8.81,4.62,10.75,1.06,0.6,7.55,24.06,5.09,1.91,1.27
67.45057794890306,72.54,7.44,2.62,9.98,1.25,0.55,10.1,31.07,3.91,1.87,1.34
67.45057794890306,106.87,6.47,2.47,8.38,1.08,0.54,9.84,36.46,3.82,1.86,1.36
38.1,61.67,7.61,3.3,10.9,1.37,0.65,14.74,26.14,7.14,1.94,2.15
40.41,67.91,10.52,3.96,12.79,3.76,0.55,9.97,28.6,4.46,2.02,1.48
27.21,62.04,8.6,7.2,10.64,5.9,0.53,9.63,34.72,3.57,2.08,1.32
29.75,64.56,10.22,5.64,11.21,5.98,0.55,8.67,21.21,4.0,1.72,1.31
18.35,49.86,9.53,4.55,10.1,5.94,0.51,8.83,27.24,5.97,5.59,7.5
34.43,89.26,9.8,4.23,10.04,5.87,0.66,8.71,37.1,4.85,2.52,1.49
22.93,73.73,13.33,6.05,10.8,6.34,0.79,12.05,17.26,4.74,1.81,1.28
16.0,57.51,18.72,5.25,17.25,6.51,0.83,12.05,24.57,7.3,1.96,1.25
22.41,59.18,18.75,5.06,17.87,6.57,0.56,13.4,31.23,4.98,1.65,1.36
24.45,49.4,27.37,5.3,24.85,7.27,0.85,16.05,12.58,6.07,1.89,2.33
15.77,44.47,13.35,5.38,13.63,6.2,0.54,15.9,20.96,4.99,2.73,1.79
29.59,71.0,10.47,7.86,12.9,6.24,0.71,16.42,19.05,6.85,2.43,1.85
30.27,73.77,7.99,8.1,10.54,5.76,0.46,18.14,16.87,4.5,2.51,1.64
25.9,77.68,9.62,4.75,10.27,5.9,0.44,15.09,17.33,4.37,2.27,1.41
38.69,82.66,10.07,4.05,10.31,6.01,0.49,14.44,15.07,4.07,1.45,1.58
53.09,112.6,8.63,5.0,9.58,5.96,0.51,11.35,17.72,4.88,0.65,1.67
57.61,112.63,15.52,4.3,14.77,6.21,0.71,11.66,19.64,5.98,0.96,2.01
46.3,84.99,15.71,9.68,14.7,17.99,0.79,8.19,7.92,3.67,6.04,1.02
45.3,72.48,38.26,8.67,35.9,7.29,0.74,9.2,9.4,3.36,4.68,0.89
47.33,80.15,11.26,7.59,13.85,23.48347601937197,0.61,10.8,10.68,3.82,3.91,0.92
42.54,70.69,3.11,9.85,12.88,0.65,0.42,9.32,17.13,1.03,2.63,3.77
61.85,100.77,5.34,25.44,28.08,6.43,0.67,9.22,14.66,1.15,3.57,3.38
46.55,93.05,17.99,51.27,68.73,5.0,0.87,11.2,7.16,6.89,2.25,1.14
32.56,64.7,18.8,52.22,70.53,5.0,0.85,10.94,5.34,7.25,2.22,1.22
42.0,74.34,28.32,29.43,51.8,5.0,0.85,10.01,5.92,8.14,1.73,7.16
50.57,91.07,40.39,8.06,36.97,5.0,0.88,10.77,7.12,9.66,0.67,0.21
55.52,105.75,27.53,10.22,27.17,5.0,0.77,10.78,8.14,7.55,0.45,0.17
39.25,63.12,7.44,11.3,11.79,43.62,0.51,9.65,5.81,3.27,0.18,1.04
41.79,77.26,7.23,10.15,11.16,31.34,0.53,6.58,3.7,3.04,0.18,0.76
61.95,101.09,4.68,12.21,9.97,37.32,0.53,6.01,4.85,3.04,0.14,0.73
49.36,82.55,6.34,11.18,10.87,33.79,0.62,5.7,3.93,4.8,0.22,0.74
41.79,83.61,6.97,12.09,11.87,40.76,0.66,6.83,8.97,4.17,0.22,0.69
35.08,65.55,3.48,9.79,7.92,26.09,0.49,5.65,9.85,5.42,0.11,0.65
38.86,79.99,2.22,10.41,7.23,22.17,0.49,6.14,10.21,4.76,0.11,0.62
61.39,131.32,3.7,14.23,10.0,25.4,0.58,4.76,6.78,6.06,0.18,0.5
53.46,108.55,23.92,13.16,26.12,45.85,0.84,9.13,9.92,7.1,0.64,1.01
37.92,65.35,10.22,12.04,14.32,38.35,0.57,9.79,6.99,5.4,0.14,0.98
28.87,48.29,29.12,11.69,29.7,39.27,0.79,8.73,8.44,6.69,0.18,1.02
27.82,63.04,7.97,11.61,12.46,33.56,0.5,6.0,10.61,4.62,0.22,0.26
46.57,108.09,19.2,15.57,23.47,24.35,0.76,6.55,8.43,6.31,0.16,0.31
39.14,73.4,13.13,9.24,15.17,33.17,0.69,6.7,8.2,6.8,0.16,0.25
46.49,85.04,12.44,12.03,16.45,31.7,0.68,7.03,9.22,6.39,0.16,0.3
40.07,79.2,7.15,11.91,11.96,29.08,0.67,6.47,8.12,6.54,0.15,0.27
48.86,90.27,16.22,10.91,18.44,41.64,0.75,7.18,6.46,6.81,0.19,0.25
54.78,127.45,27.83,13.64,29.01,42.26,0.96,6.46,8.95,7.74,0.44,0.83
29.8,72.37,1.59,10.72,6.48,50.54,0.43,5.37,12.63,3.94,0.14,0.68
27.35,82.96,1.26,13.16,7.67,48.75,0.54,5.84,14.54,4.31,0.11,0.58
50.16,107.88,35.84,13.38,35.43,35.96,1.03,7.56,3.2,6.75,0.28,0.83
70.05,123.37,26.66,18.67,31.12,36.16,0.98,8.26,9.31,8.21,0.36,2.29
23.83,68.76,6.6,16.39,13.86,65.83,0.51,7.44,8.83,0.0,0.0,0.0
26.33,65.41,4.78,11.56,9.73,52.34,0.46,5.88,9.77,3.21,0.15,0.46
33.27,66.36,4.48,12.56,7.49,68.76,0.6,6.3,7.45,5.07,0.24,0.69
46.01,85.01,3.21,15.01,5.53,79.53,0.82,7.97,12.24,7.04,0.38,0.85
36.92,82.32,4.52,12.5,10.0,52.13,0.57,6.96,13.45,5.16,0.16,0.79
45.69,115.3,17.36,14.34,20.79,48.4,0.76,7.01,10.43,5.97,0.3,0.77
44.5,85.81,1.37,11.9,7.21,41.06,0.5,7.05,13.06,4.56,0.15,0.69
44.26,93.7,15.06,13.75,18.79,51.85,0.71,7.71,9.21,5.77,0.33,0.8
56.44,94.22,9.91,15.27,15.03,37.51,0.67,7.94,10.93,5.92,0.24,0.79
38.65,96.46,1.54,13.63,8.36,36.75,0.49,8.37,16.15,4.98,0.2,0.76
38.73,92.66,1.43,14.94,8.94,36.5,0.56,9.09,17.84,4.98,0.14,0.82
44.75,97.01,10.51,18.43,17.9,30.26,0.68,9.39,12.34,5.74,0.21,1.08
37.34,84.86,6.64,17.18,14.42,29.55,0.61,8.07,15.63,5.3,0.2,0.91
39.85,114.47,4.45,17.63,12.56,50.52,0.66,9.85,11.62,5.45,0.2,3.38
17.74,36.33,5.72,19.61,14.1,51.13,0.58,11.11,8.22,4.37,0.12,2.94
26.21,65.46,11.93,16.68,18.18,54.07,0.67,10.0,15.54,5.4,0.15,3.91
22.11,68.15,8.68,14.65,14.71,57.43,0.54,10.26,14.02,4.5,0.17,4.41
31.08,78.66,8.84,17.82,16.43,53.71,0.65,11.05,13.07,5.38,0.18,1.27
36.76,96.77,23.97,21.72,30.21,42.06,0.91,11.17,11.33,6.28,0.17,1.41
24.21,56.88,12.13,19.64,19.59,59.45,0.63,8.1,13.73,5.02,0.15,1.2
16.87,53.56,26.74,19.34,31.78,51.59,0.7,9.37,10.24,5.43,0.13,1.31
32.21,75.25,21.81,19.91,27.96,51.7,0.72,11.08,9.32,5.67,0.15,1.3
35.14,90.3,9.78,16.91,16.8,66.95,0.6,9.75,12.35,5.31,0.13,1.27
35.6,101.85,14.24,21.84,22.8,68.95,0.77,10.94,12.72,6.69,0.16,1.21
20.93,64.03,6.33,21.44,16.33,58.7,0.52,8.94,13.74,4.8,0.14,1.16
22.56,46.29,26.85,14.69,29.63,55.11,0.66,8.51,12.53,5.13,2.25,1.11
29.78,76.2,7.71,18.13,15.51,64.07,0.6,9.69,12.53,4.58,2.53,1.23
27.87,69.71,11.05,20.98,19.56,63.51,0.63,8.38,10.97,5.07,2.87,1.14
21.2,70.76,3.76,9.14,7.39,87.95,0.47,10.27,12.37,3.51,1.5,0.8
18.52,76.08,2.35,8.04,6.29,100.35,0.5,9.45,15.24,3.93,0.15,0.7
20.51,82.33,1.72,8.72,5.92,79.79,0.56,9.75,15.7,4.28,0.16,0.8
23.59,83.69,4.97,11.22,9.8,75.59,0.66,10.23,14.59,5.24,0.26,1.03
24.17,78.67,9.26,12.79,14.12,75.77,0.76,14.03,14.31,6.09,0.34,1.06
21.88,74.23,7.22,12.43,12.3,72.55,0.71,13.58,14.99,5.94,0.33,1.14
18.63,42.79,4.03,9.7,8.37,60.29,0.53,11.7,14.6,4.08,0.22,1.11
18.52,56.62,1.93,11.69,7.66,29.25,0.57,10.29,32.23,3.61,0.64,0.98
22.97,82.04,1.34,11.23,6.94,23.31,0.49,10.92,38.63,3.73,0.66,0.89
21.93,61.39,2.49,11.04,7.75,24.21,0.59,13.23,22.37,3.79,0.74,1.26
10.05,41.58,1.41,10.35,6.56,28.06,0.37,8.81,29.03,2.12,0.48,0.95
14.91,43.08,2.89,13.2,9.2,31.08,0.6,11.72,31.17,3.13,0.64,1.19
17.25,60.12,2.01,11.93,7.88,28.7,0.57,13.36,38.25,3.48,0.58,1.14
12.34,25.87,2.4,12.06,8.22,27.13,0.53,11.13,28.09,2.83,0.46,1.15
21.39,59.34,1.7,10.33,6.78,34.73,0.56,13.18,20.02,3.12,0.5,1.02
22.24,62.94,2.63,11.59,8.18,30.38,0.54,14.28,35.76,3.32,0.49,1.0
19.81,64.91,0.87,9.84,5.83,26.22,0.45,12.38,19.61,2.77,0.4,0.8
17.98,46.16,1.37,8.65,5.62,27.53,0.45,8.91,28.81,2.89,0.37,0.89
17.99,49.93,5.65,13.03,10.22,30.81,0.48,12.12,47.91,4.42,7.13,2.35
16.21,51.32,1.47,12.43,7.69,30.09,0.46,12.46,36.4,1.56,0.65,0.6
13.54,50.6,2.44,12.5,8.47,25.12,0.59,12.11,30.3,1.62,0.17,0.9
18.31,58.59,2.66,13.77,9.35,24.59,0.64,13.67,35.8,2.15,0.21,0.94
23.0,68.68,1.84,13.92,8.79,26.61,0.61,13.91,34.83,2.34,0.65,0.77
24.15,70.6,1.28,12.1,7.2,33.88,0.67,10.23,18.29,1.87,0.3,0.67
16.39,32.19,2.15,13.19,8.4,30.1,0.51,10.11,34.39,1.61,0.48,0.55
17.07,51.9,0.97,13.43,7.74,30.08,0.49,10.11,31.48,1.61,0.19,0.42
34.57,80.7,2.32,16.16,10.29,35.92,0.71,13.26,21.28,2.62,1.18,0.51
29.6,76.43,2.72,11.53,8.22,42.09,0.64,11.32,25.04,1.78,0.54,0.62
12.35,44.33,2.09,11.65,7.66,43.37,0.41,9.11,33.0,1.36,1.31,0.52
20.83,58.34,2.14,12.38,8.18,41.37,0.58,12.49,36.18,2.13,0.92,1.15
22.99,55.25,2.75,14.01,9.53,33.61,0.62,14.73,33.99,3.15,0.24,1.05
21.46,64.99,2.94,13.04,9.18,35.06,0.59,11.78,36.21,3.82,0.95,1.04
16.47,46.79,4.27,15.7,11.67,46.44,0.48,10.49,35.86,2.84,1.0,0.87
17.59,62.46,2.84,4.12,9.68,9.7,0.5,11.89,37.58,3.94,1.72,1.8
29.03,114.38,3.1,3.97,10.41,17.87,0.6,14.87,38.8,4.01,1.19,0.89
26.31,79.69,2.96,4.43,9.78,24.84,0.45,14.61,45.71,3.41,0.23,0.75
29.31,89.31,3.63,4.14,10.15,26.85,0.38,17.55,62.14,3.67,0.67,0.57
19.87,94.14,4.56,7.07,11.44,30.12,0.42,12.95,42.21,3.05,0.36,0.54
11.88,44.34,3.83,6.59,10.57,29.9,0.55,11.69,29.66,2.8,1.97,0.65
18.59,39.63,3.23,5.11,8.69,30.59,0.49,13.92,35.57,2.95,0.49,0.85
18.36,49.0,4.36,5.02,8.3,32.86,0.32,11.65,28.53,2.88,0.28,0.42
16.71,55.63,2.54,9.17,6.52,24.7,0.2,12.02,27.44,3.48,0.28,0.73
14.48,42.99,1.49,10.16,6.46,33.3,0.2,11.58,34.95,3.07,0.19,0.68
21.25,41.22,1.76,9.52,6.38,41.79,0.23,10.36,27.91,3.73,0.21,0.94
16.35,27.91,2.94,14.64,9.96,40.41,0.3,11.11,32.2,4.81,0.62,0.92
21.12,44.53,3.72,14.96,10.35,42.23,0.3,12.61,33.96,4.83,0.41,0.87
29.37,60.45,1.36,11.05,6.89,39.71,0.29,16.51,40.05,3.96,25.74,0.89
24.53,69.69,1.92,12.04,7.65,35.08,0.32,10.59,34.92,3.56,3.21,0.79
25.59,71.11,2.02,10.68,7.22,28.25,0.3,11.46,44.57,3.75,4.4,0.72
33.92,84.64,0.61,8.16,4.75,25.72,0.31,14.37,56.51,3.09,0.35,0.53
25.68,74.5,1.35,11.6,7.04,26.65,0.3,8.41,36.37,3.75,0.44,0.82
21.72,54.51,3.07,8.43,6.82,24.39,0.3,12.65,37.23,4.57,0.52,1.17
21.74,69.81,0.52,6.21,3.66,22.38,0.31,12.87,62.28,2.59,0.37,0.63
21.2,55.75,3.68,11.63,8.93,28.18,0.3,13.31,53.87,3.17,0.45,0.62
20.84,59.04,2.28,7.87,5.14,27.7,0.31,11.98,53.01,3.13,0.39,0.67
28.75,72.21,0.69,8.61,4.82,28.94,0.31,8.31,49.32,3.06,0.39,0.62
16.34,50.9,0.88,8.53,5.21,35.9,0.31,7.94,42.03,2.9,0.39,0.62
23.97,69.58,1.36,9.83,6.07,49.79,0.3,7.64,32.07,3.87,0.4,0.65
26.45,57.26,0.44,9.1,5.08,35.05,0.28,9.62,45.2,3.69,0.31,0.53
21.69,44.88,1.02,9.25,5.03,28.91,0.3,14.34,43.95,3.55,0.3,0.6
19.17,44.48,1.03,7.69,4.8,26.43,0.29,8.71,36.97,3.46,0.27,0.83
31.84,64.54,0.92,7.4,4.62,29.16,0.31,10.19,43.26,3.53,0.29,0.77
35.55,68.82,0.59,6.79,4.02,46.74,0.3,7.42,43.33,3.09,0.29,0.72
39.42,82.24,0.67,7.21,4.31,44.84,0.29,13.08,45.54,3.52,0.39,0.79
38.89,88.27,1.25,8.57,5.48,59.2,0.3,15.06,35.94,3.8,0.31,0.77
20.28,45.56,1.0,7.36,4.62,47.19,0.3,12.3,35.69,2.45,8.15,1.42
32.9,72.38,0.56,9.87,5.92,36.63,0.33,14.91,34.33,3.31,0.33,0.46
28.97,118.12710293078135,14.67,16.92,7.19,16.06,8.1,5.86,11.91,0.57,0.46,3.0701278234985114
42.94,118.12710293078135,5.1,18.58,16.77,46.58,1.58,11.47,31.69,3.280840304500585,3.1,3.0701278234985114
47.88,118.12710293078135,4.45,19.16,16.82,50.64,1.31,14.62,29.31,3.280840304500585,0.1,3.0701278234985114
49.45,118.12710293078135,6.56,14.52,18.15,39.68,1.56,16.03,16.74,0.01,0.02,3.0701278234985114
56.12,118.12710293078135,7.86,14.52,18.89,40.63,1.27,11.79,14.3,6.01,10.17,3.0701278234985114
54.41,118.12710293078135,7.37,14.92,18.75,35.22,1.11,12.13,15.58,2.91,1.86,3.0701278234985114
61.65,118.12710293078135,8.71,15.12,19.68,36.74,1.02,12.74,16.66,3.280840304500585,8.700972080037227,3.0701278234985114
51.29,118.12710293078135,6.41,14.77,17.4,34.65,1.02,12.76,13.02,3.280840304500585,8.700972080037227,3.0701278234985114
43.12,118.12710293078135,7.05,13.87,17.52,40.55,1.15,13.4,15.55,3.280840304500585,8.700972080037227,3.0701278234985114
46.96,118.12710293078135,7.88,13.55,17.72,33.69,1.48,11.86,13.35,3.280840304500585,8.700972080037227,3.0701278234985114
39.91,118.12710293078135,7.39,13.23,17.04,25.41,1.24,13.06,16.24,3.280840304500585,8.700972080037227,3.0701278234985114
45.16,118.12710293078135,8.5,13.19,16.74,28.32,1.54,14.31,10.77,194.28,8.48,3.0701278234985114
41.0,118.12710293078135,8.04,15.66,17.36,23.7,1.43,14.02,20.96,3.280840304500585,8.700972080037227,3.0701278234985114
32.37,118.12710293078135,8.57,16.34,18.15,26.38,1.21,15.72,30.26,3.280840304500585,8.700972080037227,3.0701278234985114
26.54,118.12710293078135,9.27,17.24,19.25,23.58,1.99,18.24,28.04,3.280840304500585,8.700972080037227,3.0701278234985114
25.83,118.12710293078135,9.14,16.9,19.0,27.06,2.01,11.02,29.73,3.280840304500585,8.700972080037227,3.0701278234985114
26.47,118.12710293078135,9.58,17.03,19.38,23.63,1.68,11.13,20.59,3.280840304500585,8.700972080037227,3.0701278234985114
27.86,118.12710293078135,9.65,17.24,19.5,26.37,1.47,9.81,20.26,80.72,8.700972080037227,3.0701278234985114
26.89,118.12710293078135,9.23,16.89,19.05,26.56,1.61,11.61,24.66,3.280840304500585,8.700972080037227,3.0701278234985114
31.49,118.12710293078135,10.3,15.04,18.98,29.07,1.54,14.18,19.44,3.280840304500585,8.700972080037227,3.0701278234985114
32.09,118.12710293078135,10.28,14.96,18.92,23.77,1.39,12.68,18.16,3.280840304500585,8.700972080037227,3.0701278234985114
29.23,118.12710293078135,9.88,15.72,18.98,24.6,1.32,11.18,23.09,3.280840304500585,8.700972080037227,3.0701278234985114
29.62,118.12710293078135,9.43,14.0,17.61,24.65,1.03,9.85,22.76,11.1,5.24,3.0701278234985114
29.73,118.12710293078135,9.38,12.96,17.13,22.52,1.0,11.55,20.48,3.280840304500585,10.4,3.0701278234985114
30.34,118.12710293078135,10.03,10.69,16.63,23.18,0.96,8.44,22.81,3.280840304500585,8.700972080037227,3.0701278234985114
35.42,118.12710293078135,11.71,10.47,17.88,24.9,0.82,12.1,34.03,3.280840304500585,8.700972080037227,3.0701278234985114
31.65,118.12710293078135,10.35,10.81,16.65,25.1,1.31,11.9,19.27,3.280840304500585,8.700972080037227,3.0701278234985114
47.0,118.12710293078135,14.53,12.94,18.79,24.93,0.81,12.86,21.73,3.13,8.700972080037227,3.0701278234985114
46.7,118.12710293078135,17.25,13.7,20.87,29.51,0.65,13.31,32.14,0.04,0.49,3.0701278234985114
33.0,118.12710293078135,10.66,11.79,16.77,22.99,1.18,12.52,28.49,10.1,0.42,3.0701278234985114
36.3,118.12710293078135,9.39,12.98,16.24,22.45,1.2,10.55,32.23,16.19,8.700972080037227,3.0701278234985114
36.51,118.12710293078135,9.45,12.68,16.1,23.68,1.37,10.6,25.16,3.280840304500585,8.700972080037227,3.0701278234985114
37.74,118.12710293078135,15.02,12.9,19.39,29.24,1.14,6.07,17.91,3.280840304500585,8.700972080037227,3.0701278234985114
44.5,118.12710293078135,6.16,15.41,19.8,197.29,1.27,5.01,43.68,3.280840304500585,8.700972080037227,3.0701278234985114
36.51,118.12710293078135,4.87,13.25,16.64,145.71,1.38,4.9,58.16,3.280840304500585,8.700972080037227,3.0701278234985114
30.69,118.12710293078135,5.86,11.68,15.07,64.36,1.52,4.21,32.87,3.280840304500585,8.700972080037227,3.0701278234985114
28.66,118.12710293078135,5.87,9.19,12.74,5.61,1.34,4.45,28.91,3.280840304500585,8.700972080037227,3.0701278234985114
33.37,118.12710293078135,5.39,8.59,11.95,12.4,1.16,4.83,42.39,9.68,60.67,3.0701278234985114
27.08,118.12710293078135,5.2,7.74,11.1,142.9,1.24,4.81,50.22,3.280840304500585,8.700972080037227,3.0701278234985114
25.63,118.12710293078135,5.94,8.34,11.94,81.89,1.29,6.64,43.05,3.280840304500585,8.700972080037227,3.0701278234985114
35.35,118.12710293078135,5.19,8.2,11.11,130.64,1.19,4.21,48.89,3.280840304500585,8.700972080037227,3.0701278234985114
31.97,118.12710293078135,5.24,7.9,11.18,172.14,1.23,4.7,56.35,3.280840304500585,8.700972080037227,3.0701278234985114
52.16,118.12710293078135,2.73,5.88,8.18,23.48347601937197,1.12,1.97,35.62,3.280840304500585,8.700972080037227,3.0701278234985114
67.45057794890306,118.12710293078135,17.574729662029362,28.560659061126955,32.30912333307031,23.48347601937197,2.2485982090856145,14.53197725590996,34.49143047551845,3.280840304500585,8.700972080037227,3.0701278234985114
40.96,118.12710293078135,6.78,6.76,10.95,302.08,1.28,2.65,36.71,3.280840304500585,8.700972080037227,3.0701278234985114
78.83,118.12710293078135,7.53,7.55,12.74,86.29,1.34,2.85,36.2,3.280840304500585,8.700972080037227,3.0701278234985114
52.27,118.12710293078135,6.82,16.46,21.42,206.54,0.71,3.5,25.77,3.280840304500585,8.700972080037227,3.0701278234985114
44.87,118.12710293078135,5.06,12.75,15.02,98.22,0.74,3.33,31.84,3.280840304500585,8.700972080037227,3.0701278234985114
44.41,118.12710293078135,6.61,13.03,11.54,23.48347601937197,1.27,2.95,52.03,2.21,0.55,3.0701278234985114
47.25,118.12710293078135,8.1,10.99,11.66,23.48347601937197,1.48,3.17,50.4,1.83,1.33,3.0701278234985114
35.75,118.12710293078135,5.6,8.13,8.28,23.48347601937197,1.43,3.79,28.91,0.89,1.83,3.0701278234985114
51.79,118.12710293078135,8.99,11.31,12.48,23.48347601937197,1.44,3.02,17.04,0.68,2.0,3.0701278234985114
45.05,118.12710293078135,4.3,25.57,17.51,132.0,1.24,4.01,55.65,2.14,9.69,3.0701278234985114
51.6,118.12710293078135,3.63,16.03,12.78,119.3,1.15,4.65,52.65,1.8,8.54,3.0701278234985114
51.67,118.12710293078135,4.11,16.22,13.25,155.73,0.95,4.58,56.21,1.92,7.65,3.0701278234985114
51.11,118.12710293078135,5.81,20.41,16.94,165.16,0.98,5.18,41.93,1.48,7.68,3.0701278234985114
50.24,118.12710293078135,4.84,19.87,15.43,152.88,1.09,4.3,51.11,1.86,6.74,3.0701278234985114
43.41,118.12710293078135,4.0,10.44,10.55,115.39,1.48,4.09,48.16,2.49,6.76,3.0701278234985114
67.45057794890306,118.12710293078135,17.574729662029362,28.560659061126955,32.30912333307031,23.48347601937197,2.2485982090856145,14.53197725590996,34.49143047551845,3.280840304500585,8.700972080037227,3.0701278234985114
32.64,118.12710293078135,6.53,15.81,18.03,104.67,2.17,4.07,33.41,3.42,9.54,3.0701278234985114
44.73,118.12710293078135,5.98,13.57,13.72,56.86,2.64,3.67,36.19,2.25,8.49,3.0701278234985114
45.76,118.12710293078135,4.25,11.62,12.34,64.44,1.92,4.48,33.51,2.77,7.45,3.0701278234985114
43.38,118.12710293078135,3.55,9.81,11.04,46.66,1.81,4.05,49.08,2.27,6.14,3.0701278234985114
38.93,118.12710293078135,3.54,8.44,8.32,47.63,2.08,3.32,47.71,1.43,4.01,3.0701278234985114
42.3,118.12710293078135,5.01,15.62,22.91,52.97,1.49,3.08,37.87,2.1,8.79,3.0701278234985114
32.8,118.12710293078135,2.98,11.31,12.63,64.51,1.47,4.76,31.72,2.76,15.67,3.0701278234985114
40.78,118.12710293078135,7.28,12.82,14.79,66.11,0.92,3.72,22.67,2.62,9.42,3.0701278234985114
50.94,118.12710293078135,6.76,10.78,15.77,69.97,0.71,4.1,27.66,3.48,11.29,3.0701278234985114
60.36,118.12710293078135,6.84,13.17,14.93,71.5,0.82,3.5,28.09,5.08,17.47,3.0701278234985114
42.8,118.12710293078135,13.55,22.99,24.24,129.39,1.42,2.59,15.69,1.9,27.06,3.0701278234985114
109.5,118.12710293078135,10.32,17.81,19.65,3.15,1.08,7.29,9.94,3.42,7.19,3.0701278234985114
47.91,118.12710293078135,5.34,10.99,11.44,0.25,1.23,5.13,19.56,2.1,8.94,3.0701278234985114
30.43,118.12710293078135,5.25,11.59,13.04,98.99,0.99,5.88,22.09,0.93,6.75,3.0701278234985114
96.65,118.12710293078135,8.97,15.97,17.48,125.62,1.22,8.02,14.71,2.06,6.02,3.0701278234985114
29.34,118.12710293078135,7.61,13.49,14.83,110.92,1.43,3.55,4.46,1.03,6.4,3.0701278234985114
35.38,118.12710293078135,6.37,13.72,13.71,105.19,1.03,2.41,16.17,0.98,4.11,3.0701278234985114
23.24,118.12710293078135,6.48,15.75,15.93,139.21,0.97,2.34,28.11,0.89,5.14,3.0701278234985114
24.87,118.12710293078135,6.12,14.94,16.54,21.15,0.85,3.32,27.45,0.99,5.2,3.0701278234985114
18.67,118.12710293078135,7.51,16.61,18.51,48.19,0.98,5.0,15.02,1.97,5.6,3.0701278234985114
26.6,118.12710293078135,5.68,14.83,16.51,90.42,0.96,3.53,39.34,1.78,4.67,3.0701278234985114
34.33,118.12710293078135,5.24,15.03,17.44,61.58,0.85,3.92,35.13,1.21,3.85,3.0701278234985114
35.16,118.12710293078135,4.3,12.35,14.67,112.0,0.83,3.58,36.1,1.13,3.94,3.0701278234985114
31.69,118.12710293078135,5.18,12.95,15.08,175.57,0.86,4.06,25.9,1.43,4.58,3.0701278234985114
33.09,118.12710293078135,8.36,16.36,18.57,128.0,1.13,4.3,8.77,1.91,7.78,3.0701278234985114
27.02,118.12710293078135,17.68,19.78,18.94,62.94,1.63,5.5,7.23,2.72,12.2,3.0701278234985114
29.69,118.12710293078135,6.9,12.64,12.35,102.51,0.94,4.08,7.8,1.13,4.98,3.0701278234985114
59.34,118.12710293078135,3.31,7.48,8.66,135.09,0.96,6.88,36.62,2.55,4.53,3.0701278234985114
23.58,118.12710293078135,3.14,7.82,8.45,113.62,1.14,2.47,34.49143047551845,3.280840304500585,8.700972080037227,3.0701278234985114
24.43,118.12710293078135,3.23,7.59,8.09,93.67,1.22,2.36,24.2,0.48,0.9,3.0701278234985114
42.82,118.12710293078135,4.12,11.82,10.24,126.4,1.31,2.92,38.65,0.53,0.47,3.0701278234985114
28.51,118.12710293078135,5.83,13.16,12.17,126.83,1.26,2.19,15.84,0.78,0.24,3.0701278234985114
34.01,118.12710293078135,6.85,14.56,13.61,135.67,1.22,2.36,9.82,0.86,0.19,3.0701278234985114
32.41,118.12710293078135,6.96,14.19,13.89,126.27,1.12,2.44,1.8,0.6,0.16,3.0701278234985114
32.88,118.12710293078135,5.6,17.12,14.41,97.78,1.08,2.34,9.89,1.06,0.16,3.0701278234985114
34.8,118.12710293078135,10.13,19.48,20.31,105.63,1.16,5.49,10.5,0.75,0.17,3.0701278234985114
32.44,118.12710293078135,9.17,14.82,16.2,73.2,1.22,4.39,8.23,1.13,4.7,3.0701278234985114
32.54,118.12710293078135,8.96,16.27,18.97,75.89,1.16,6.76,12.18,1.36,5.04,3.0701278234985114
37.71,118.12710293078135,4.58,11.22,12.56,108.71,1.08,4.08,20.14,1.12,3.18,3.0701278234985114
40.69,118.12710293078135,5.77,11.54,13.14,133.99,2.15,3.7,16.91,1.07,3.56,3.0701278234985114
29.11,118.12710293078135,5.21,13.67,14.32,23.48347601937197,0.14,3.71,26.59,1.69,2.7,3.0701278234985114
36.33,118.12710293078135,2.81,7.08,10.04,23.48347601937197,0.02,5.09,44.87,0.64,0.74,3.0701278234985114
40.36,118.12710293078135,3.88,8.62,11.43,23.48347601937197,0.05,4.49,44.53,0.84,2.03,3.0701278234985114
38.63,118.12710293078135,7.76,13.13,14.95,23.48347601937197,1.02,4.93,17.15,1.4,5.2,3.0701278234985114
36.26,118.12710293078135,4.52,20.14,14.8,23.48347601937197,0.22,3.62,18.27,0.61,1.57,3.0701278234985114
44.76,118.12710293078135,8.78,23.06,19.29,23.48347601937197,0.16,4.01,13.01,0.76,3.38,3.0701278234985114
33.01,118.12710293078135,5.14,27.52,20.0,23.48347601937197,1.13,3.82,16.61,0.83,4.84,3.0701278234985114
24.87,118.12710293078135,13.67,18.02,18.4,23.48347601937197,0.05,7.21,36.73,0.79,0.89,3.0701278234985114
33.32,118.12710293078135,13.8,17.58,18.15,23.48347601937197,0.07,2.51,39.31,0.48,0.75,3.0701278234985114
31.93,118.12710293078135,14.65,19.07,19.56,23.48347601937197,0.04,2.09,46.34,0.68,0.61,3.0701278234985114
45.71,118.12710293078135,13.52,17.82,18.16,23.48347601937197,0.04,2.27,50.13,0.39,0.79,3.0701278234985114
40.61,118.12710293078135,13.79,18.28,18.61,23.48347601937197,0.11,2.78,35.26,0.72,1.18,3.0701278234985114
38.14,118.12710293078135,13.75,17.9,18.39,23.48347601937197,0.17,2.9,33.94,0.66,0.97,3.0701278234985114
35.96,118.12710293078135,13.61,17.62,18.16,23.48347601937197,0.03,2.27,52.92,0.53,0.55,3.0701278234985114
34.06,118.12710293078135,11.91,20.15,17.38,23.48347601937197,0.08,2.74,23.06,0.58,0.46,3.0701278234985114
29.14,118.12710293078135,6.59,28.6,15.13,23.48347601937197,0.1,1.93,35.81,0.53,0.77,3.0701278234985114
60.14,118.12710293078135,6.54,28.53,15.06,23.48347601937197,0.11,2.87,43.57,0.83,0.87,3.0701278234985114
36.09,118.12710293078135,6.64,28.48,15.11,23.48347601937197,0.05,2.35,46.76,0.43,0.3,3.0701278234985114
38.46,118.12710293078135,6.58,28.53,15.09,23.48347601937197,0.0,2.47,39.59,0.42,0.16,3.0701278234985114
44.91,118.12710293078135,6.56,28.53,15.08,23.48347601937197,0.03,1.98,31.28,0.41,0.03,3.0701278234985114
32.16,118.12710293078135,6.6,28.53,15.1,23.48347601937197,0.02,2.64,28.41,0.44,0.13,3.0701278234985114
45.11,118.12710293078135,6.6,28.54,15.11,23.48347601937197,0.02,2.55,49.57,0.49,0.21,3.0701278234985114
52.28,118.12710293078135,3.84,16.64,11.9,23.48347601937197,0.12,7.14,10.94,0.37,0.85,3.0701278234985114
47.86,118.12710293078135,5.25,16.53,13.89,23.48347601937197,0.12,3.04,4.38,0.7,0.6,3.0701278234985114
35.54,118.12710293078135,4.93,24.26,19.27,23.48347601937197,0.15,2.59,7.28,0.74,0.68,3.0701278234985114
57.22,118.12710293078135,3.76,15.53,10.05,23.48347601937197,0.13,3.73,20.63,0.57,1.33,3.0701278234985114
29.08,118.12710293078135,5.95,22.4,14.55,23.48347601937197,0.0,1.48,5.6,0.27,0.21,3.0701278234985114
55.67,118.12710293078135,4.61,26.7,15.66,23.48347601937197,0.0,2.26,33.85,0.24,0.37,3.0701278234985114
43.52,118.12710293078135,4.68,25.73,15.24,23.48347601937197,0.03,2.36,25.3,0.14,0.22,3.0701278234985114
27.93,118.12710293078135,8.83,29.57,20.21,23.48347601937197,0.23,2.29,10.34,0.18,0.58,3.0701278234985114
45.98,118.12710293078135,9.6,27.02,19.54,23.48347601937197,0.06,2.42,4.59,0.21,0.95,3.0701278234985114
45.48,118.12710293078135,5.4,26.49,16.14,23.48347601937197,0.12,2.37,31.59,0.2,0.2,3.0701278234985114
48.91,118.12710293078135,3.77,27.47,15.39,23.48347601937197,0.02,2.86,19.72,0.19,0.02,3.0701278234985114
59.74,118.12710293078135,6.39,32.39,19.76,23.48347601937197,0.12,2.74,23.28,0.3,0.08,3.0701278234985114
67.45057794890306,118.12710293078135,17.574729662029362,28.560659061126955,32.30912333307031,23.48347601937197,2.2485982090856145,14.53197725590996,34.49143047551845,3.280840304500585,8.700972080037227,3.0701278234985114
40.9,118.12710293078135,7.54,15.23,13.56,23.48347601937197,0.17,5.64,15.18,0.09,0.05,3.0701278234985114
42.31,118.12710293078135,7.9,15.52,13.97,23.48347601937197,0.19,8.66,17.92,0.14,0.04,3.0701278234985114
41.5,118.12710293078135,6.73,15.71,13.19,23.48347601937197,0.13,10.39,19.77,0.26,0.06,3.0701278234985114
50.27,118.12710293078135,6.76,14.4,12.56,23.48347601937197,0.12,2.01,43.31,0.18,0.02,3.0701278234985114
36.85,118.12710293078135,6.34,14.24,12.18,23.48347601937197,0.0,2.54,46.12,0.1,0.03,3.0701278234985114
57.05,118.12710293078135,5.71,14.83,11.99,23.48347601937197,0.0,4.99,49.79,0.09,0.07,3.0701278234985114
36.16,118.12710293078135,4.98,10.03,9.11,23.48347601937197,0.0,1.78,15.93,0.16,0.06,3.0701278234985114
36.77,118.12710293078135,6.95,11.8,11.44,23.48347601937197,0.0,2.08,9.38,0.03,0.05,3.0701278234985114
38.73,118.12710293078135,6.33,11.02,10.61,23.48347601937197,0.0,3.18,18.32,0.08,0.0,3.0701278234985114
100.68,118.12710293078135,3.15,9.77,7.61,23.48347601937197,0.01,2.52,39.08,0.12,0.0,3.0701278234985114
52.59,118.12710293078135,8.83,16.78,15.28,23.48347601937197,0.1,2.89,28.39,0.25,0.07,3.0701278234985114
50.38,118.12710293078135,7.52,17.14,14.48,23.48347601937197,0.16,3.39,27.27,0.17,0.02,3.0701278234985114
54.94,118.12710293078135,6.57,13.42,11.96,23.48347601937197,0.17,3.6,23.36,0.05,0.0,3.0701278234985114
45.2,118.12710293078135,5.27,11.63,10.12,23.48347601937197,0.3,2.15,46.81,0.02,0.0,3.0701278234985114
63.51,118.12710293078135,6.44,14.78,12.52,23.48347601937197,0.22,3.45,43.83,0.07,0.02,3.0701278234985114
51.46,118.12710293078135,4.63,12.75,10.18,23.48347601937197,0.01,3.32,33.87,0.08,0.03,3.0701278234985114
56.59,118.12710293078135,5.82,12.53,10.96,23.48347601937197,0.0,3.97,25.89,0.04,0.12,3.0701278234985114
42.42,118.12710293078135,6.73,12.56,11.66,23.48347601937197,0.07,3.83,20.3,0.04,0.15,3.0701278234985114
45.27,118.12710293078135,8.76,14.29,14.01,23.48347601937197,0.0,4.05,14.13,0.05,0.1,3.0701278234985114
37.91,118.12710293078135,7.78,12.73,12.52,23.48347601937197,0.04,4.08,18.29,0.05,0.12,3.0701278234985114
44.1,118.12710293078135,6.67,9.6,10.17,23.48347601937197,0.0,4.42,18.06,0.11,0.14,3.0701278234985114
59.53,118.12710293078135,5.22,6.09,7.38,23.48347601937197,0.01,4.48,19.94,0.09,0.22,3.0701278234985114
40.43,118.12710293078135,2.74,15.6,15.19,23.48347601937197,0.03,2.49,11.6,0.16,0.02,3.0701278234985114
34.07,118.12710293078135,1.87,14.71,14.07,23.48347601937197,0.0,2.58,13.06,0.08,0.02,3.0701278234985114
36.92,118.12710293078135,2.82,15.3,15.2,23.48347601937197,0.02,2.13,12.59,5.84,2.79,3.0701278234985114
36.88,118.12710293078135,2.89,14.1,14.65,23.48347601937197,0.0,2.17,9.91,0.04,0.02,3.0701278234985114
62.57,118.12710293078135,2.25,10.28,8.98,23.48347601937197,0.0,2.05,9.11,0.06,0.02,3.0701278234985114
31.34,118.12710293078135,2.43,7.39,4.86,23.48347601937197,0.03,1.92,6.85,0.06,0.02,3.0701278234985114
33.53,118.12710293078135,2.76,8.75,5.57,23.48347601937197,0.0,2.53,28.07,0.04,0.05,3.0701278234985114
23.54,118.12710293078135,3.78,9.82,6.87,23.48347601937197,0.0,3.12,23.97,0.16,0.05,3.0701278234985114
53.27,118.12710293078135,5.83,8.95,8.04,23.48347601937197,0.01,2.9,10.8,0.14,0.03,3.0701278234985114
26.43,118.12710293078135,2.53,10.84,6.29,23.48347601937197,0.06,5.55,31.85,0.13,0.0,3.0701278234985114
25.53,118.12710293078135,2.54,9.57,5.89,23.48347601937197,0.0,3.4,28.81,0.02,0.0,3.0701278234985114
35.25,118.12710293078135,2.76,7.12,5.53,23.48347601937197,0.02,2.49,25.43,0.0,0.0,3.0701278234985114
36.76,118.12710293078135,4.38,9.22,7.83,23.48347601937197,0.03,2.37,33.27,0.0,0.02,3.0701278234985114
52.62,118.12710293078135,5.1,11.96,9.46,23.48347601937197,0.02,2.4,37.74,0.08,0.1,3.0701278234985114
39.11,118.12710293078135,3.94,9.93,7.59,23.48347601937197,0.0,2.68,16.24,0.03,0.0,3.0701278234985114
35.04,118.12710293078135,4.82,9.35,7.99,23.48347601937197,0.0,3.47,15.58,0.06,0.0,3.0701278234985114
37.42,118.12710293078135,5.71,9.94,9.66,23.48347601937197,0.09,4.92,20.26,2.37,2.35,3.0701278234985114
35.34,118.12710293078135,4.8,9.03,7.82,23.48347601937197,0.11,5.27,14.06,0.03,0.0,3.0701278234985114
34.69,118.12710293078135,3.34,9.52,6.97,23.48347601937197,0.02,4.96,13.8,0.04,0.0,3.0701278234985114
37.57,118.12710293078135,4.42,9.53,7.78,23.48347601937197,0.05,5.46,19.82,0.03,0.0,3.0701278234985114
44.33,118.12710293078135,2.81,9.79,6.71,23.48347601937197,0.02,5.23,38.56,0.07,0.0,3.0701278234985114
40.56,118.12710293078135,2.95,9.79,6.78,23.48347601937197,0.03,4.67,23.51,0.0,0.0,3.0701278234985114
48.62,118.12710293078135,2.96,9.41,6.64,23.48347601937197,0.03,4.61,21.86,0.0,0.0,3.0701278234985114
36.85,118.12710293078135,2.54,9.91,6.56,23.48347601937197,0.02,4.84,21.17,0.02,0.0,3.0701278234985114
41.16,118.12710293078135,2.71,10.42,6.88,23.48347601937197,0.06,4.37,30.17,0.08,0.05,3.0701278234985114
61.68,118.12710293078135,3.86,11.13,7.73,23.48347601937197,0.01,4.23,25.51,0.07,0.0,3.0701278234985114
34.28,118.12710293078135,3.48,11.8,7.95,23.48347601937197,0.0,3.71,26.34,0.05,0.02,3.0701278234985114
53.6,118.12710293078135,4.77,11.75,8.89,23.48347601937197,0.01,3.99,38.21,0.02,0.0,3.0701278234985114
49.49,118.12710293078135,3.23,9.04,8.96,23.48347601937197,0.06,4.59,24.36,0.1,0.0,3.0701278234985114
45.09,118.12710293078135,4.29,9.21,9.53,23.48347601937197,0.03,4.65,19.26,0.02,0.0,3.0701278234985114
61.73,118.12710293078135,4.58,9.72,9.99,23.48347601937197,0.1,4.81,23.92,0.02,0.0,3.0701278234985114
51.38,118.12710293078135,2.84,11.44,9.53,23.48347601937197,0.06,7.33,33.19,0.1,0.0,3.0701278234985114
60.21,118.12710293078135,2.39,11.17,8.85,23.48347601937197,0.09,7.76,32.11,0.11,3.74,3.0701278234985114
59.63,118.12710293078135,2.78,10.99,9.24,23.48347601937197,0.08,6.62,28.98,0.99,1.41,3.0701278234985114
61.92,118.12710293078135,2.47,13.12,10.06,23.48347601937197,0.03,8.53,20.36,0.04,0.0,3.0701278234985114
40.4,118.12710293078135,3.16,10.07,9.09,23.48347601937197,0.04,7.09,34.38,0.03,0.0,3.0701278234985114
34.05,118.12710293078135,3.34,9.31,8.75,23.48347601937197,0.01,6.09,24.3,0.0,0.0,3.0701278234985114
37.71,118.12710293078135,4.87,9.96,10.36,23.48347601937197,0.01,7.31,19.53,0.01,0.0,3.0701278234985114
43.64,118.12710293078135,5.91,10.24,11.62,23.48347601937197,0.04,7.45,18.54,0.0,0.0,3.0701278234985114
40.54,118.12710293078135,4.86,10.08,10.75,23.48347601937197,0.01,7.89,20.81,0.0,0.0,3.0701278234985114
44.14,118.12710293078135,3.3,10.11,9.61,23.48347601937197,0.0,7.15,25.06,0.52,0.85,3.0701278234985114
38.85,118.12710293078135,6.06,10.74,11.95,23.48347601937197,0.0,8.14,21.04,0.05,0.02,3.0701278234985114
44.08,118.12710293078135,4.89,11.47,11.44,23.48347601937197,0.02,7.29,33.65,5.08,5.78,3.0701278234985114
34.59,118.12710293078135,3.98,12.01,10.49,23.48347601937197,0.06,7.1,40.3,0.0,0.02,3.0701278234985114
27.0,118.12710293078135,4.53,13.55,10.97,23.48347601937197,0.3,7.81,25.64,0.03,0.03,3.0701278234985114
46.29,118.12710293078135,5.59,11.12,10.56,23.48347601937197,0.12,6.82,21.21,0.06,0.08,3.0701278234985114
36.62,118.12710293078135,4.75,11.88,10.24,23.48347601937197,0.03,10.08,27.28,0.02,0.02,3.0701278234985114
60.49,118.12710293078135,1.97,19.11,10.42,23.48347601937197,0.04,10.84,47.07,0.28,0.7,3.0701278234985114
57.25,118.12710293078135,4.3,16.49,8.68,23.48347601937197,0.15,7.5,29.6,0.03,0.03,3.0701278234985114
43.31,118.12710293078135,4.46,15.45,8.33,23.48347601937197,0.07,7.09,32.19,0.03,0.03,3.0701278234985114
43.14,118.12710293078135,5.66,14.58,8.8,23.48347601937197,0.12,6.97,33.55,0.04,0.05,3.0701278234985114
44.66,118.12710293078135,4.92,14.54,8.23,23.48347601937197,0.09,6.28,45.19,0.02,0.03,3.0701278234985114
56.39,118.12710293078135,4.04,15.56,8.07,23.48347601937197,0.0,6.81,39.97,0.03,0.05,3.0701278234985114
38.61,118.12710293078135,5.43,10.78,8.2,23.48347601937197,0.0,5.37,33.1,0.02,0.02,3.0701278234985114
41.32,118.12710293078135,6.57,10.67,9.0,23.48347601937197,0.03,5.81,25.05,0.03,0.03,3.0701278234985114
37.63,118.12710293078135,6.98,10.75,9.35,23.48347601937197,0.07,6.22,17.67,0.0,0.0,3.0701278234985114
41.44,118.12710293078135,7.0,10.59,9.28,23.48347601937197,0.05,5.31,11.65,0.01,0.05,3.0701278234985114
41.41,118.12710293078135,9.49,10.46,11.07,23.48347601937197,0.11,6.53,14.69,0.02,0.02,3.0701278234985114
46.32,118.12710293078135,11.59,10.47,12.65,23.48347601937197,0.06,5.64,15.64,0.02,0.03,3.0701278234985114
30.88,118.12710293078135,8.42,10.68,10.39,23.48347601937197,0.0,6.28,17.26,0.03,0.04,3.0701278234985114
35.9,118.12710293078135,4.72,12.2,8.11,23.48347601937197,0.05,6.11,20.7,0.02,0.02,3.0701278234985114
38.33,118.12710293078135,6.07,10.32,8.45,23.48347601937197,0.02,6.21,28.07,0.03,0.03,3.0701278234985114
41.07,118.12710293078135,5.11,10.36,7.76,23.48347601937197,0.02,8.61,34.87,0.03,0.03,3.0701278234985114
48.23,118.12710293078135,5.56,10.37,8.1,23.48347601937197,0.03,3.58,35.61,0.03,0.04,3.0701278234985114
49.47,118.12710293078135,6.39,10.3,8.68,23.48347601937197,0.08,3.5,31.69,0.03,0.03,3.0701278234985114
43.64,118.12710293078135,7.43,10.41,9.51,23.48347601937197,0.0,3.12,31.69,0.02,0.02,3.0701278234985114
38.35,118.12710293078135,5.68,10.3,8.15,23.48347601937197,0.0,4.55,37.9,0.03,0.03,3.0701278234985114
50.48,118.12710293078135,8.6,9.93,7.55,23.48347601937197,0.07,4.91,29.2,0.0,0.0,3.0701278234985114
45.95,118.12710293078135,11.12,9.08,12.29,23.48347601937197,0.05,4.05,26.21,0.0,0.0,3.0701278234985114
51.81,118.12710293078135,9.84,7.71,10.69,23.48347601937197,0.0,4.1,38.32,0.03,0.03,3.0701278234985114
43.94,118.12710293078135,12.01,19.32,17.44,23.48347601937197,0.03,4.61,26.43,0.03,0.04,3.0701278234985114
46.72,118.12710293078135,10.48,21.73,15.31,23.48347601937197,0.02,4.18,27.92,0.04,0.05,3.0701278234985114
51.02,118.12710293078135,7.65,15.59,12.26,23.48347601937197,0.11,4.67,24.3,0.04,0.05,3.0701278234985114
41.41,118.12710293078135,10.3,17.67,14.27,23.48347601937197,0.0,7.74,20.75,0.04,0.05,3.0701278234985114
45.53,118.12710293078135,7.75,16.51,12.43,23.48347601937197,0.0,4.51,23.89,0.03,0.04,3.0701278234985114
47.32,118.12710293078135,8.18,16.28,12.56,23.48347601937197,0.02,4.67,24.61,0.02,0.03,3.0701278234985114
39.61,118.12710293078135,6.87,10.78,6.67,23.48347601937197,0.09,4.65,20.31,0.0,0.0,3.0701278234985114
48.43,118.12710293078135,4.56,7.46,6.23,23.48347601937197,0.0,4.34,14.01,0.0,0.0,3.0701278234985114
47.17,118.12710293078135,7.17,14.32,9.05,23.48347601937197,0.04,4.62,26.47,0.05,0.05,3.0701278234985114
37.6,118.12710293078135,5.81,16.97,10.41,23.48347601937197,0.05,4.87,10.34,0.0,0.0,3.0701278234985114
46.61,118.12710293078135,11.52,32.3,20.49,23.48347601937197,0.0,4.69,23.07,0.0,0.35,3.0701278234985114
42.38,118.12710293078135,7.91,20.71,12.38,23.48347601937197,0.01,4.5,24.43,0.0,0.0,3.0701278234985114
59.81,118.12710293078135,4.93,7.7,6.29,23.48347601937197,0.17,4.72,14.07,0.1,0.14,3.0701278234985114
42.48,118.12710293078135,7.71,15.05,10.63,23.48347601937197,0.03,4.24,28.01,0.07,0.11,3.0701278234985114
62.34,118.12710293078135,5.9,16.03,10.51,23.48347601937197,0.02,4.24,23.74,0.1,0.17,3.0701278234985114
28.72,118.12710293078135,9.49,15.59,12.96,23.48347601937197,0.14,4.59,15.57,0.11,0.2,3.0701278234985114
62.64,118.12710293078135,10.07,14.88,13.05,23.48347601937197,0.1,4.62,17.01,0.32,0.64,3.0701278234985114
48.22,118.12710293078135,10.26,14.58,13.05,23.48347601937197,0.07,4.81,19.64,0.17,0.63,3.0701278234985114
63.29,118.12710293078135,11.92,14.88,14.42,23.48347601937197,0.19,4.83,22.59,0.3,0.45,3.0701278234985114
46.96,118.12710293078135,10.18,14.46,12.92,23.48347601937197,0.03,4.9,18.16,0.0,0.0,3.0701278234985114
45.1,118.12710293078135,9.47,13.78,12.24,23.48347601937197,0.13,4.63,17.79,0.02,0.05,3.0701278234985114
37.98,118.12710293078135,10.36,12.86,12.75,23.48347601937197,0.2,5.47,18.01,0.06,0.0,3.0701278234985114
48.24,118.12710293078135,7.01,12.27,9.95,23.48347601937197,0.02,4.71,20.05,0.28,0.45,3.0701278234985114
41.12,118.12710293078135,8.08,12.26,10.78,23.48347601937197,0.03,4.75,24.56,0.24,0.5,3.0701278234985114
37.84,118.12710293078135,7.11,12.22,10.01,23.48347601937197,0.0,4.52,27.78,0.0,0.0,3.0701278234985114
49.33,118.12710293078135,6.3,11.1,8.74,23.48347601937197,0.05,4.75,36.31,0.0,0.31,3.0701278234985114
40.62,118.12710293078135,6.28,11.13,8.75,23.48347601937197,0.03,4.88,22.94,0.01,0.04,3.0701278234985114
45.56,118.12710293078135,6.13,10.97,8.58,23.48347601937197,0.0,5.09,32.14,0.0,0.0,3.0701278234985114
28.16,118.12710293078135,6.31,11.12,8.75,23.48347601937197,0.05,4.91,30.77,0.01,0.01,3.0701278234985114
74.6,118.12710293078135,6.04,10.95,8.51,23.48347601937197,0.03,4.64,45.06,0.02,0.03,3.0701278234985114
42.18,118.12710293078135,6.19,10.99,8.63,23.48347601937197,0.49,5.3,23.14,0.01,0.02,3.0701278234985114
39.48,118.12710293078135,6.64,11.43,9.07,23.48347601937197,0.56,5.29,15.12,0.0,0.09,3.0701278234985114
33.9,118.12710293078135,6.54,11.38,8.97,23.48347601937197,0.5,4.76,43.31,0.22,0.0,3.0701278234985114
31.33,118.12710293078135,6.58,11.41,9.01,23.48347601937197,0.02,5.06,39.0,0.09,0.21,3.0701278234985114
46.18,118.12710293078135,6.57,11.49,9.05,23.48347601937197,0.05,3.69,27.68,0.0,0.22,3.0701278234985114
42.11,118.12710293078135,5.87,11.83,8.88,23.48347601937197,0.0,4.45,18.79,0.16,0.1,3.0701278234985114
23.87,118.12710293078135,4.56,12.5,8.55,23.48347601937197,0.0,4.82,19.55,0.0,0.0,3.0701278234985114
52.24,118.12710293078135,4.39,11.81,8.15,23.48347601937197,0.26,5.45,18.83,0.0,0.0,3.0701278234985114
34.61,118.12710293078135,3.71,10.35,7.03,23.48347601937197,0.59,4.65,14.91,0.0,0.0,3.0701278234985114
42.01,118.12710293078135,3.65,10.3,6.96,23.48347601937197,0.37,5.8,14.83,0.11,0.11,3.0701278234985114
67.45057794890306,118.12710293078135,17.574729662029362,28.560659061126955,32.30912333307031,23.48347601937197,0.0,14.53197725590996,34.49143047551845,0.0,0.0,3.0701278234985114
29.83,118.12710293078135,5.31,13.63,9.64,23.48347601937197,0.59,5.05,13.04,0.19,0.2,3.0701278234985114
36.03,118.12710293078135,7.72,15.48,11.02,23.48347601937197,0.63,5.59,14.83,0.1,0.09,3.0701278234985114
32.77,118.12710293078135,3.82,10.62,7.23,23.48347601937197,0.87,5.43,13.46,0.04,0.05,3.0701278234985114
56.97,118.12710293078135,4.3,11.07,7.78,23.48347601937197,0.44,4.64,13.89,0.06,0.06,3.0701278234985114
41.58,118.12710293078135,5.37,12.14,8.9,23.48347601937197,0.53,5.23,16.03,0.22,0.21,3.0701278234985114
34.32,118.12710293078135,7.46,11.56,7.65,23.48347601937197,0.52,5.08,17.52,0.0,0.12,3.0701278234985114
61.29,118.12710293078135,5.43,10.22,7.72,23.48347601937197,0.42,5.12,29.77,0.0,0.0,3.0701278234985114
40.37,118.12710293078135,7.63,10.36,9.47,23.48347601937197,0.27,4.91,40.89,0.07,0.07,3.0701278234985114
37.18,118.12710293078135,6.7,11.24,9.09,23.48347601937197,0.3,4.92,35.94,0.38,0.36,3.0701278234985114
48.82,118.12710293078135,6.65,9.9,8.56,23.48347601937197,0.2,4.76,33.32,0.02,0.01,3.0701278234985114
34.52,118.12710293078135,8.24,11.05,10.15,23.48347601937197,0.22,4.65,45.44,0.04,0.04,3.0701278234985114
39.0,118.12710293078135,7.31,11.17,9.59,23.48347601937197,0.32,4.46,52.5,0.03,0.02,3.0701278234985114
27.78,118.12710293078135,5.25,9.08,7.33,23.48347601937197,0.21,3.83,33.91,0.08,0.07,3.0701278234985114
28.24,118.12710293078135,5.01,8.75,6.99,23.48347601937197,0.29,3.53,19.78,0.7,0.68,3.0701278234985114
19.53,118.12710293078135,5.18,8.49,6.99,23.48347601937197,0.37,8.1,23.26,0.15,0.14,3.0701278234985114
18.22,118.12710293078135,5.12,8.52,6.96,23.48347601937197,0.27,14.81,33.22,0.0,0.0,3.0701278234985114
28.14,118.12710293078135,5.35,8.67,7.2,23.48347601937197,0.19,8.11,33.73,0.02,0.03,3.0701278234985114
40.87,118.12710293078135,6.95,12.11,9.21,23.48347601937197,0.23,6.82,32.25,0.02,0.02,3.0701278234985114
33.66,118.12710293078135,5.01,9.45,7.33,23.48347601937197,0.4,6.2,13.16,0.26,0.26,3.0701278234985114
29.41,118.12710293078135,4.57,9.36,6.96,23.48347601937197,0.36,7.94,33.18,0.09,0.09,3.0701278234985114
36.17,118.12710293078135,5.07,10.03,7.66,23.48347601937197,0.22,12.73,19.31,0.05,0.05,3.0701278234985114
36.71,118.12710293078135,5.2,9.87,7.68,23.48347601937197,0.32,7.75,27.23,0.08,0.08,3.0701278234985114
25.13,118.12710293078135,6.33,10.09,8.63,23.48347601937197,0.23,10.15,17.7,0.0,0.0,3.0701278234985114
25.17,118.12710293078135,5.81,10.02,8.21,23.48347601937197,0.32,5.36,19.6,0.0,0.0,3.0701278234985114
32.9,118.12710293078135,6.12,10.36,8.6,23.48347601937197,0.25,5.74,20.92,0.0,0.0,3.0701278234985114
39.01,118.12710293078135,3.37,6.04,4.94,23.48347601937197,0.13,7.53,25.78,0.07,0.07,3.0701278234985114
31.68,118.12710293078135,5.28,10.35,7.97,23.48347601937197,0.11,16.84,28.07,0.08,0.08,3.0701278234985114
49.34,118.12710293078135,5.67,9.66,7.93,23.48347601937197,0.25,22.92,30.08,0.2,0.51,3.0701278234985114
65.67,118.12710293078135,4.52,8.67,6.66,23.48347601937197,0.07,9.82,42.39,0.09,0.51,3.0701278234985114
44.9,118.12710293078135,3.28,15.34,15.0,23.48347601937197,0.25,50.51,30.37,0.06,0.06,3.0701278234985114
29.8,118.12710293078135,2.64,15.25,14.75,23.48347601937197,0.34,22.92,35.78,0.06,0.05,3.0701278234985114
25.58,118.12710293078135,3.63,14.93,12.04,23.48347601937197,0.41,11.61,23.47,0.05,0.03,3.0701278234985114
16.59,118.12710293078135,3.05,12.88,9.25,23.48347601937197,0.11,8.99,31.28,0.0,0.0,3.0701278234985114
25.6,118.12710293078135,3.07,13.93,9.16,23.48347601937197,0.77,19.68,30.05,0.01,0.01,3.0701278234985114
20.75,118.12710293078135,4.65,15.77,11.83,30.97,0.44,21.41,16.24,0.0,0.0,3.0701278234985114
25.51,118.12710293078135,8.13,14.73,13.9,39.69,0.2,16.78,33.99,0.05,0.04,3.0701278234985114
38.5,118.12710293078135,7.18,15.1,14.66,59.7,0.44,12.15,29.66,0.03,0.05,3.0701278234985114
40.16,118.12710293078135,6.7,14.14,12.3,40.7,0.17,10.46,24.72,0.03,0.04,3.0701278234985114
35.37,118.12710293078135,8.06,14.77,12.53,49.16,0.09,10.51,35.85,0.03,0.05,3.0701278234985114
35.94,118.12710293078135,13.8,15.45,18.35,64.61,0.25,14.28,35.88,0.03,0.05,3.0701278234985114
52.2,118.12710293078135,4.51,15.98,12.65,96.85,0.12,5.18,28.71,0.1,0.04,3.0701278234985114
41.34,118.12710293078135,4.74,20.16,14.11,102.21,0.29,7.64,40.74,0.03,0.02,3.0701278234985114
35.8,118.12710293078135,5.48,20.18,16.1,126.82,1.06,3.49,33.92,0.05,0.07,3.0701278234985114
56.36,118.12710293078135,8.52,21.73,17.57,104.29,0.48,13.82,24.98,0.03,0.05,3.0701278234985114
37.27,118.12710293078135,11.5,17.74,16.49,82.02,0.45,11.79,17.31,0.02,0.02,3.0701278234985114
35.62,118.12710293078135,12.15,18.88,18.07,82.05,0.58,10.98,9.19,0.06,0.05,3.0701278234985114
68.01,118.12710293078135,20.97,19.66,23.85,86.07,0.73,9.8,6.88,0.06,0.06,3.0701278234985114
30.2,118.12710293078135,7.94,22.86,14.83,98.49,0.57,7.05,43.89,0.02,0.02,3.0701278234985114
31.17,118.12710293078135,8.71,21.36,14.45,94.26,0.57,10.8,44.44,0.13,0.13,3.0701278234985114
36.65,118.12710293078135,13.86,18.11,16.63,83.43,0.8,11.24,24.77,0.02,0.01,3.0701278234985114
25.9,118.12710293078135,15.23,19.04,18.49,98.61,0.79,17.26,14.36,0.08,0.56,3.0701278234985114
31.32,118.12710293078135,11.38,20.74,16.51,105.51,0.76,6.78,19.74,0.02,0.06,3.0701278234985114
53.37,118.12710293078135,10.83,19.51,15.98,157.52,0.67,11.79,20.15,0.03,0.02,3.0701278234985114
19.87,118.12710293078135,10.73,18.46,16.25,228.18,0.61,9.51,9.72,0.01,0.02,3.0701278234985114
41.87,118.12710293078135,8.64,21.69,14.16,142.64,1.2,11.69,21.9,0.44,2.29,3.0701278234985114
24.56,118.12710293078135,7.92,20.35,9.72,23.48347601937197,0.4,17.43,11.64,0.04,1.72,3.0701278234985114
27.99,118.12710293078135,7.82,18.51,10.8,113.19,0.59,14.51,24.43,0.15,1.54,3.0701278234985114
30.02,118.12710293078135,5.98,21.2,13.65,226.97,0.66,10.59,29.09,0.13,0.99,3.0701278234985114
27.1,118.12710293078135,11.77,23.88,18.14,138.93,0.83,6.35,21.16,0.3,2.4,3.0701278234985114
24.37,118.12710293078135,6.86,16.96,11.65,104.46,0.77,6.55,12.74,0.3,3.46,3.0701278234985114
29.63,118.12710293078135,10.33,20.49,15.71,115.22,1.04,11.84,12.67,0.33,2.54,3.0701278234985114
33.67,118.12710293078135,17.06,21.37,20.32,109.71,0.87,13.26,9.18,1.0,5.08,3.0701278234985114
37.64,118.12710293078135,9.17,18.77,14.1,115.62,0.83,13.02,22.1,0.32,2.27,3.0701278234985114
40.88,118.12710293078135,8.1,19.51,14.27,173.56,0.8,13.05,31.39,0.2,1.67,3.0701278234985114
30.57,118.12710293078135,13.15,25.74,19.35,153.74,0.85,8.2,16.2,0.29,1.79,3.0701278234985114
41.87,118.12710293078135,19.93,37.3,28.29,134.43,0.71,10.74,23.57,0.26,1.83,3.0701278234985114
45.77,118.12710293078135,24.27,38.77,31.03,144.9,1.11,12.58,25.78,0.16,0.38,3.0701278234985114
24.73,118.12710293078135,9.5,23.56,18.68,138.02,1.0,13.45,19.58,0.6,2.68,3.0701278234985114
22.81,118.12710293078135,5.48,19.17,14.12,323.48,0.87,12.77,16.62,0.26,2.45,3.0701278234985114
22.57,118.12710293078135,8.23,19.09,14.46,264.99,0.86,11.02,11.44,0.71,3.09,3.0701278234985114
18.44,118.12710293078135,11.55,22.22,16.24,301.28,0.8,12.9,9.64,0.23,1.23,3.0701278234985114
41.9,118.12710293078135,10.58,23.9,18.52,245.08,0.74,12.47,26.93,0.33,1.61,3.0701278234985114
37.83,118.12710293078135,7.37,22.88,16.55,233.86,0.68,15.38,19.64,0.21,1.14,3.0701278234985114
42.05,118.12710293078135,6.88,24.99,16.62,214.16,0.76,19.09,25.07,0.44,1.47,3.0701278234985114
38.73,118.12710293078135,11.52,22.77,19.6,283.1,0.84,11.66,26.94,0.01,0.3,3.0701278234985114
29.62,118.12710293078135,8.12,18.18,14.21,303.53,0.58,8.83,17.88,0.03,0.61,3.0701278234985114
31.57,118.12710293078135,6.48,19.48,14.07,248.09,0.58,9.32,34.83,0.09,0.33,3.0701278234985114
50.43,118.12710293078135,8.33,22.98,16.1,143.57,0.54,11.23,42.02,0.05,0.08,3.0701278234985114
46.63,118.12710293078135,9.93,20.28,15.55,285.55,0.52,14.78,31.4,0.0,0.0,3.0701278234985114
43.1,118.12710293078135,8.57,20.66,16.56,292.52,0.57,20.97,26.7,0.11,0.56,3.0701278234985114
34.52,118.12710293078135,9.81,23.6,14.06,280.86,0.7,10.72,30.04,0.33,1.05,3.0701278234985114
38.1,118.12710293078135,9.12,24.27,15.27,193.71,0.67,14.01,40.77,0.07,0.83,3.0701278234985114
45.88,118.12710293078135,10.48,16.18,14.83,102.84,0.27,9.12,19.15,2.56,3.31,3.0701278234985114
46.3,118.12710293078135,16.43,18.6,18.59,149.76,0.23,13.19,15.41,5.85,5.58,3.0701278234985114
59.7,118.12710293078135,8.39,21.82,14.2,244.64,0.35,11.93,27.65,3.86,3.23,3.0701278234985114
47.66,118.12710293078135,7.49,21.38,15.45,292.82,0.22,8.65,66.46,1.96,2.09,3.0701278234985114
41.07,118.12710293078135,6.46,25.36,16.64,185.64,0.22,21.79,61.01,3.03,2.33,3.0701278234985114
45.39,118.12710293078135,7.25,27.36,18.2,286.59,0.22,11.48,35.3,2.94,2.85,3.0701278234985114
52.1,118.12710293078135,10.07,21.58,17.48,166.91,0.34,10.75,25.9,2.92,2.5,3.0701278234985114
38.95,118.12710293078135,12.3,24.36,20.49,276.08,0.14,13.21,25.37,2.13,2.94,3.0701278234985114
51.21,118.12710293078135,10.43,23.99,19.0,265.09,0.24,15.53,25.72,1.98,3.04,3.0701278234985114
53.02,118.12710293078135,8.82,21.51,16.38,244.15,0.3,8.9,24.74,2.25,2.95,3.0701278234985114
52.37,118.12710293078135,11.21,28.73,20.07,207.46,0.22,12.13,35.45,1.64,4.44,3.0701278234985114
48.28,118.12710293078135,8.51,12.16,10.97,181.06,0.17,6.62,26.74,1.51,3.4,3.0701278234985114
51.16,118.12710293078135,8.39,13.63,11.72,175.58,0.03,6.0,28.82,2.02,2.97,3.0701278234985114
58.46,118.12710293078135,9.6,14.95,13.17,188.29,0.0,8.23,17.19,1.58,4.07,3.0701278234985114
66.55,118.12710293078135,8.24,14.84,12.39,162.93,1.15,10.64,18.73,1.95,4.02,3.0701278234985114
38.01,118.12710293078135,12.39,20.26,17.01,113.67,0.79,6.64,34.94,1.5,2.54,3.0701278234985114
44.18,118.12710293078135,11.72,23.45,18.16,98.59,0.95,8.16,20.1,1.27,2.54,3.0701278234985114
33.44,118.12710293078135,10.32,19.56,15.07,123.21,0.94,6.16,16.92,1.21,1.71,3.0701278234985114
34.52,118.12710293078135,10.76,20.56,15.81,105.14,1.05,6.61,20.76,1.02,1.84,3.0701278234985114
46.07,118.12710293078135,9.24,16.23,12.66,115.09,0.85,5.97,28.55,1.06,1.79,3.0701278234985114
63.06,118.12710293078135,11.03,21.91,16.78,93.85,0.97,11.88,40.81,0.84,1.7,3.0701278234985114
50.3,118.12710293078135,9.06,13.99,11.96,90.07,0.68,8.95,23.75,0.84,2.26,3.0701278234985114
48.95,118.12710293078135,6.97,12.06,9.91,112.82,0.75,9.72,23.03,0.55,1.78,3.0701278234985114
31.53,118.12710293078135,8.77,11.05,10.8,97.94,0.71,12.04,20.43,0.53,1.23,3.0701278234985114
48.05,118.12710293078135,11.45,12.98,13.45,100.03,0.75,12.92,24.98,0.41,2.2,3.0701278234985114
43.63,118.12710293078135,8.23,10.82,10.3,95.51,0.69,7.71,24.97,0.49,1.9,3.0701278234985114
48.43,118.12710293078135,14.0,12.83,15.17,70.36,0.69,8.42,26.86,0.62,2.41,3.0701278234985114
26.74,118.12710293078135,8.51,15.1,11.68,43.52,0.99,7.06,14.83,1.01,0.92,3.0701278234985114
30.99,118.12710293078135,10.02,17.35,14.92,22.56,0.95,7.31,13.35,0.89,0.83,3.0701278234985114
26.1,118.12710293078135,8.36,17.5,13.71,25.11,0.98,5.73,14.79,1.02,0.99,3.0701278234985114
37.93,118.12710293078135,10.02,21.89,16.28,27.18,1.09,8.57,19.13,0.73,1.09,3.0701278234985114
53.22,118.12710293078135,14.05,18.04,16.28,49.3,0.88,20.78,26.31,0.97,0.86,3.0701278234985114
50.29,118.12710293078135,12.84,18.55,17.53,20.84,0.99,10.23,24.22,0.96,1.13,3.0701278234985114
45.69,118.12710293078135,9.84,18.66,15.48,27.01,1.35,7.46,28.59,1.17,1.04,3.0701278234985114
56.79,118.12710293078135,7.37,17.43,12.52,35.85,0.98,3.84,32.94,1.26,1.55,3.0701278234985114
26.35,118.12710293078135,8.95,20.71,13.96,22.42,1.31,4.51,14.1,0.85,1.72,3.0701278234985114
22.93,118.12710293078135,6.89,21.13,12.43,28.69,0.91,5.95,20.3,0.73,1.66,3.0701278234985114
34.85,118.12710293078135,6.77,17.4,11.16,24.3,0.88,6.74,31.36,1.72,1.72,3.0701278234985114
39.89,118.12710293078135,9.23,17.85,12.92,18.18,0.82,6.34,52.63,1.82,1.14,3.0701278234985114
45.25,118.12710293078135,11.31,18.58,13.7,19.7,0.79,7.76,62.76,0.0,0.07,3.0701278234985114
29.45,118.12710293078135,9.46,21.64,13.43,30.41,0.74,6.52,46.55,0.15,1.2,3.0701278234985114
27.82,118.12710293078135,10.86,18.82,13.71,29.2,0.78,6.48,38.27,0.0,4.98,3.0701278234985114
36.15,118.12710293078135,11.83,22.47,16.57,25.19,0.97,5.81,55.15,0.65,2.92,3.0701278234985114
38.02,118.12710293078135,10.79,19.4,14.11,29.5,1.07,7.03,56.64,0.0,0.0,3.0701278234985114
35.94,118.12710293078135,15.42,18.76,17.41,21.23,0.59,4.99,42.24,1.17,3.35,3.0701278234985114
24.52,118.12710293078135,19.95,16.5,19.85,20.5,0.58,11.9,46.15,1.25,1.94,3.0701278234985114
26.0,118.12710293078135,29.11,18.95,16.58,180.87,0.51,28.17,53.25,1.09,1.95,3.0701278234985114
36.7,118.12710293078135,16.07,15.68,16.73,17.58,0.78,30.67,23.9,0.09,5.55,3.0701278234985114
29.62,118.12710293078135,16.23,18.65,18.24,39.23,0.77,20.43,26.55,0.16,1.87,3.0701278234985114
26.52,118.12710293078135,13.48,17.92,15.81,56.56,0.85,6.2,20.72,2.86,7.75,3.0701278234985114
43.91,118.12710293078135,16.32,23.73,20.6,58.65,0.92,5.03,16.83,0.21,5.73,3.0701278234985114
22.23,118.12710293078135,14.1,20.28,17.46,54.65,0.86,4.51,23.02,0.0,1.4,3.0701278234985114
16.69,118.12710293078135,11.42,18.36,14.52,43.94,0.74,3.97,24.7,0.0,0.26,3.0701278234985114
21.91,118.12710293078135,12.67,20.35,16.4,43.78,0.9,4.74,23.77,0.18,0.84,3.0701278234985114
22.75,118.12710293078135,15.33,21.92,18.98,36.47,1.06,3.34,24.69,1.44,2.43,3.0701278234985114
41.36,118.12710293078135,14.92,21.77,18.74,27.48,0.87,3.88,24.28,4.76,10.79,3.0701278234985114
27.35,118.12710293078135,13.64,23.87,18.85,38.75,0.93,3.44,28.49,2.53,7.84,3.0701278234985114
36.7,118.12710293078135,12.44,23.67,17.82,25.66,0.82,4.3,31.08,3.19,5.94,3.0701278234985114
31.87,118.12710293078135,13.86,24.81,19.04,35.95,0.85,3.77,34.68,2.45,7.1,3.0701278234985114
31.22,118.12710293078135,10.76,20.92,15.3,28.55,0.8,3.78,32.97,1.13,6.3,3.0701278234985114
38.58,118.12710293078135,11.23,21.53,15.93,26.69,0.78,3.35,31.38,1.63,7.19,3.0701278234985114
51.52,118.12710293078135,15.66,23.98,20.6,37.21,0.85,4.11,27.93,1.84,9.66,3.0701278234985114
41.31,118.12710293078135,58.08,22.21,49.33,40.34,0.85,3.37,27.55,3.28,10.95,3.0701278234985114
44.01,118.12710293078135,38.85,26.2,39.58,54.19,0.81,5.12,29.81,3.82,11.14,3.0701278234985114
42.33,118.12710293078135,11.77,31.66,23.4,72.04,0.88,5.02,22.95,2.05,9.3,3.0701278234985114
29.34,118.12710293078135,12.69,33.17,24.85,73.01,0.82,4.86,15.65,2.85,9.53,3.0701278234985114
32.08,118.12710293078135,12.09,31.66,21.08,82.96,0.84,3.63,25.58,0.73,7.29,3.0701278234985114
42.57,118.12710293078135,12.94,40.82,24.69,87.15,0.8,3.97,29.47,1.38,9.11,3.0701278234985114
50.73,118.12710293078135,22.85,98.77,64.31,100.02,1.71,3.39,41.65,0.71,1.09,3.0701278234985114
39.42,118.12710293078135,19.12,39.13,32.55,31.71,0.73,5.11,30.79,1.45,2.35,3.0701278234985114
48.75,118.12710293078135,17.33,36.82,30.08,43.43,0.78,20.65,45.6,1.3,2.22,3.0701278234985114
22.47,118.12710293078135,20.71,39.54,33.89,69.61,0.74,9.24,23.39,1.49,2.4,3.0701278234985114
15.55,118.12710293078135,26.57,47.0,41.88,63.64,1.37,6.74,30.84,1.64,2.73,3.0701278234985114
22.62,118.12710293078135,15.24,30.4,25.82,64.97,0.93,7.95,23.49,0.75,0.0,3.0701278234985114
23.19,118.12710293078135,12.7,27.47,22.08,50.25,1.1,5.67,23.89,0.0,6.83,3.0701278234985114
20.7,118.12710293078135,13.16,25.94,21.65,27.99,1.18,6.1,17.65,3.280840304500585,8.700972080037227,3.0701278234985114
28.08,118.12710293078135,12.47,23.98,20.18,24.47,1.2,6.18,26.54,3.280840304500585,8.700972080037227,3.0701278234985114
25.14,118.12710293078135,12.41,24.3,20.3,29.59,1.15,6.23,34.08,1.81,2.77,3.0701278234985114
27.68,118.12710293078135,12.47,25.39,20.89,29.09,1.24,6.55,33.99,1.31,2.09,3.0701278234985114
27.85,118.12710293078135,12.09,25.05,20.45,36.46,1.27,6.31,17.05,1.45,2.34,3.0701278234985114
23.7,118.12710293078135,12.01,24.77,20.26,33.18,1.16,7.82,19.95,1.45,2.35,3.0701278234985114
48.5,118.12710293078135,11.75,25.61,20.47,46.55,0.86,5.65,44.79,1.36,2.23,3.0701278234985114
35.46,118.12710293078135,11.53,23.85,19.43,49.08,0.86,6.8,48.23,1.46,2.36,3.0701278234985114
35.53,118.12710293078135,11.39,22.6,18.7,32.6,0.85,7.94,26.21,1.5,2.41,3.0701278234985114
42.6,118.12710293078135,14.31,23.98,21.56,54.28,0.8,6.83,29.4,1.46,2.37,3.0701278234985114
52.89,118.12710293078135,19.02,32.72,29.83,32.11,0.81,6.22,43.92,0.54,1.06,3.0701278234985114
42.53,118.12710293078135,14.7,24.14,21.94,39.14,0.84,6.03,33.92,0.0,0.28,3.0701278234985114
40.25,118.12710293078135,13.85,24.44,20.48,65.33,0.78,6.28,33.21,0.06,0.55,3.0701278234985114
28.46,118.12710293078135,13.53,21.67,19.86,71.63,0.86,6.2,24.94,0.0,0.25,3.0701278234985114
38.2,118.12710293078135,12.09,20.58,18.25,59.67,0.88,6.46,38.06,0.02,0.62,3.0701278234985114
51.13,118.12710293078135,12.51,20.89,18.71,80.83,0.86,5.25,51.17,0.0,0.18,3.0701278234985114
47.54,118.12710293078135,11.02,19.46,16.9,86.37,0.82,5.48,43.95,0.0,0.97,3.0701278234985114
46.07,118.12710293078135,10.46,20.06,16.78,63.53,0.84,5.4,39.32,0.0,1.19,3.0701278234985114
44.17,118.12710293078135,10.59,20.48,17.08,33.63,0.84,6.2,43.58,0.25,2.61,3.0701278234985114
56.1,118.12710293078135,10.48,20.55,17.04,43.79,0.82,5.1,50.16,0.0,3.6,3.0701278234985114
57.69,118.12710293078135,12.76,23.83,20.3,37.94,0.81,4.68,43.0,0.0,2.93,3.0701278234985114
50.69,118.12710293078135,11.43,22.96,18.9,26.94,0.85,6.62,47.96,0.18,4.33,3.0701278234985114
52.68,118.12710293078135,10.96,22.99,18.57,25.18,0.76,6.78,42.95,0.0,4.22,3.0701278234985114
42.26,118.12710293078135,10.19,22.66,17.84,28.25,0.77,6.24,34.07,0.0,3.45,3.0701278234985114
50.38,118.12710293078135,12.65,25.11,20.84,18.57,0.88,5.87,24.65,0.32,4.8,3.0701278234985114
34.9,118.12710293078135,10.59,22.5,18.07,17.85,0.83,5.12,27.19,0.25,5.67,3.0701278234985114
36.28,118.12710293078135,9.76,21.78,17.0,14.52,0.79,6.26,25.31,0.11,4.27,3.0701278234985114
41.3,118.12710293078135,9.17,20.74,16.14,20.33,0.82,5.8,32.32,0.0,2.23,3.0701278234985114
33.79,118.12710293078135,9.29,19.98,15.87,32.25,0.79,6.33,33.45,0.0,0.95,3.0701278234985114
41.09,118.12710293078135,11.21,23.47,18.97,34.82,0.74,5.87,23.99,0.0,3.53,3.0701278234985114
43.9,118.12710293078135,9.65,23.69,18.09,30.86,0.8,6.19,25.17,0.0,5.72,3.0701278234985114
45.77,118.12710293078135,14.28,32.22,25.56,30.88,0.85,5.75,26.51,0.0,4.06,3.0701278234985114
50.27,118.12710293078135,10.84,24.55,19.27,30.39,0.8,5.64,23.98,0.08,5.26,3.0701278234985114
66.88,118.12710293078135,8.69,21.03,15.94,21.96,0.82,5.95,31.37,0.48,5.81,3.0701278234985114
59.7,118.12710293078135,13.14,23.76,20.48,19.59,0.78,4.97,32.73,0.0,0.4,3.0701278234985114
48.19,118.12710293078135,11.84,23.43,19.42,21.13,0.78,6.27,29.86,0.0,2.6,3.0701278234985114
52.41,118.12710293078135,8.25,20.36,15.28,38.81,0.81,6.21,25.66,0.0,2.95,3.0701278234985114
57.46,118.12710293078135,7.87,21.91,15.77,40.02,0.81,5.21,30.33,0.0,7.68,3.0701278234985114
53.97,118.12710293078135,7.05,19.43,13.93,50.44,0.86,5.74,23.34,0.0,1.74,3.0701278234985114
55.84,118.12710293078135,9.19,21.43,16.19,26.72,0.84,5.91,18.21,0.48,0.82,3.0701278234985114
53.66,118.12710293078135,8.65,20.86,15.81,59.16,0.83,6.22,23.4,0.0,1.19,3.0701278234985114
49.15,118.12710293078135,6.95,19.78,14.02,67.81,0.77,6.56,13.87,0.0,1.78,3.0701278234985114
44.79,118.12710293078135,7.26,19.71,14.22,51.13,0.8,6.04,11.27,0.0,1.94,3.0701278234985114
45.82,118.12710293078135,11.07,23.06,18.65,53.15,0.77,5.81,13.4,0.0,2.48,3.0701278234985114
47.78,118.12710293078135,7.81,20.11,14.77,68.04,0.78,4.79,15.14,0.0,2.48,3.0701278234985114
50.76,118.12710293078135,7.11,19.19,13.9,62.6,0.78,5.74,15.06,0.0,1.31,3.0701278234985114
43.0,118.12710293078135,7.09,18.5,10.15,63.57,0.73,5.79,16.12,0.0,2.72,3.0701278234985114
37.08,118.12710293078135,8.88,21.86,12.63,60.52,0.85,7.06,20.24,0.0,2.94,3.0701278234985114
41.77,118.12710293078135,9.6,21.3,16.76,51.1,0.82,11.13,22.81,0.0,2.7,3.0701278234985114
47.86,118.12710293078135,9.46,20.18,16.09,58.85,0.81,7.33,16.08,0.0,2.48,3.0701278234985114
40.3,118.12710293078135,9.41,20.54,16.23,68.89,0.77,6.12,18.83,0.0,1.99,3.0701278234985114
46.01,118.12710293078135,9.51,20.42,16.28,67.71,0.79,6.79,18.61,0.0,1.33,3.0701278234985114
55.78,118.12710293078135,9.22,19.34,15.5,69.06,0.83,8.48,21.63,0.0,2.28,3.0701278234985114
49.87,118.12710293078135,9.38,20.72,16.3,81.33,0.81,6.18,19.22,0.0,2.52,3.0701278234985114
35.67,118.12710293078135,9.47,20.48,16.25,61.69,0.81,8.34,14.35,0.0,2.41,3.0701278234985114
37.4,118.12710293078135,11.65,21.36,18.27,65.68,0.82,11.1,16.83,0.0,7.04,3.0701278234985114
41.69,118.12710293078135,10.76,24.76,19.2,61.41,0.85,5.64,17.6,0.0,7.55,3.0701278234985114
54.4,118.12710293078135,11.38,25.2,19.98,43.4,0.81,6.54,22.09,0.0,6.97,3.0701278234985114
54.77,118.12710293078135,10.78,22.76,18.32,32.43,0.86,9.83,24.44,0.0,3.19,3.0701278234985114
45.89,118.12710293078135,10.49,23.22,18.35,22.85,0.78,7.12,22.0,0.0,6.4,3.0701278234985114
51.13,118.12710293078135,10.23,25.1,19.1,16.55,0.82,6.08,17.29,0.0,4.78,3.0701278234985114
50.78,118.12710293078135,9.88,25.12,18.84,18.58,0.86,6.97,12.09,0.0,3.04,3.0701278234985114
39.82,118.12710293078135,10.0,26.54,19.69,12.28,0.94,6.19,21.72,0.0,13.84,3.0701278234985114
44.27,118.12710293078135,8.78,22.93,16.97,15.24,0.79,7.57,25.99,0.0,5.76,3.0701278234985114
52.36,118.12710293078135,9.3,22.68,17.22,15.25,0.8,5.68,20.97,0.0,6.27,3.0701278234985114
40.73,118.12710293078135,9.57,21.88,17.01,14.28,0.76,5.8,15.24,0.0,8.79,3.0701278234985114
26.05,118.12710293078135,9.17,21.79,16.69,18.38,0.74,5.96,18.57,0.0,1.37,3.0701278234985114
29.65,118.12710293078135,9.48,21.28,16.65,14.63,0.81,6.67,10.56,0.0,7.51,3.0701278234985114
45.66,118.12710293078135,10.05,24.69,18.78,16.63,0.8,6.22,13.72,0.0,9.88,3.0701278234985114
30.97,118.12710293078135,10.68,23.67,18.74,16.31,0.85,7.81,9.61,0.0,0.0,3.0701278234985114
26.95,118.12710293078135,9.82,20.63,16.6,12.63,0.79,4.28,9.08,0.0,5.24,3.0701278234985114
38.03,118.12710293078135,9.84,20.26,23.9,15.54,0.86,6.47,13.44,0.0,4.94,3.0701278234985114
35.44,118.12710293078135,10.57,17.3,27.87,14.31,0.8,6.16,10.41,0.23,1.43,3.0701278234985114
20.43,118.12710293078135,10.01,16.34,26.35,15.45,0.73,4.58,11.0,0.0,0.24,3.0701278234985114
26.01,118.12710293078135,9.68,15.11,24.79,36.4,0.78,10.58,16.84,0.0,2.5,3.0701278234985114
60.61,118.12710293078135,10.49,17.11,27.61,74.25,0.86,15.97,9.03,0.2,3.73,3.0701278234985114
34.77,118.12710293078135,9.48,17.76,27.24,65.92,0.81,14.77,4.86,0.0,6.12,3.0701278234985114
40.39,118.12710293078135,10.19,16.66,26.86,69.9,0.83,11.98,4.89,0.0,4.99,3.0701278234985114
32.83,118.12710293078135,9.18,16.09,25.26,66.35,0.8,14.06,8.98,0.0,1.74,3.0701278234985114
34.87,118.12710293078135,9.64,18.75,28.39,71.97,0.9,12.04,10.38,0.0,5.27,3.0701278234985114
29.44,118.12710293078135,10.57,17.38,27.95,74.44,0.67,12.49,18.68,0.0,4.56,3.0701278234985114
32.56,118.12710293078135,12.06,19.87,31.81,65.29,0.83,11.59,18.48,0.0,6.41,3.0701278234985114
50.7,118.12710293078135,10.67,16.49,27.15,14.89,0.82,10.61,19.46,0.0,7.59,3.0701278234985114
29.65,118.12710293078135,10.65,15.98,26.63,9.19,0.93,13.07,19.14,0.0,5.94,3.0701278234985114
38.58,118.12710293078135,11.66,19.22,30.79,18.85,0.84,12.61,24.39,0.0,7.97,3.0701278234985114
47.56,118.12710293078135,9.99,20.74,30.72,18.32,0.78,13.98,32.26,0.02,7.17,3.0701278234985114
42.77,118.12710293078135,9.72,15.68,25.39,12.99,0.97,14.76,44.5,0.03,5.62,3.0701278234985114
54.8,118.12710293078135,9.69,16.89,26.57,17.71,0.85,12.8,50.33,0.03,10.27,3.0701278234985114
61.47,118.12710293078135,9.47,16.96,26.43,20.23,0.9,6.19,39.37,0.0,2.76,3.0701278234985114
41.96,118.12710293078135,10.4,18.5,28.9,22.0,0.78,5.85,35.48,0.03,0.05,3.0701278234985114
40.59,118.12710293078135,10.09,16.37,26.44,17.26,0.85,5.71,33.64,0.02,0.07,3.0701278234985114
44.5,118.12710293078135,10.67,16.44,27.1,27.07,0.74,4.94,36.56,0.05,0.14,3.0701278234985114
45.96,118.12710293078135,9.82,15.41,25.22,18.84,0.81,5.26,43.52,0.0,1.07,3.0701278234985114
43.25,118.12710293078135,9.73,16.5,26.23,28.89,0.93,6.42,37.48,0.0,0.05,3.0701278234985114
30.77,118.12710293078135,14.5,19.66,34.16,33.81,1.1,10.04,29.89,0.02,0.21,3.0701278234985114
44.32,118.12710293078135,13.53,20.0,33.53,35.42,0.86,11.07,15.27,0.0,0.19,3.0701278234985114
24.98,118.12710293078135,14.67,19.13,33.81,28.55,0.89,7.27,13.27,0.02,0.05,3.0701278234985114
55.76,118.12710293078135,15.03,21.45,36.47,51.46,1.09,8.13,15.8,0.0,0.8,3.0701278234985114
50.51,118.12710293078135,9.81,14.26,24.07,46.92,0.67,5.8,20.67,0.0,0.79,3.0701278234985114
61.73,118.12710293078135,11.06,14.65,25.69,40.82,0.94,6.47,16.79,0.04,0.23,3.0701278234985114
22.68,118.12710293078135,11.25,13.15,24.39,55.26,0.78,7.46,13.21,0.09,0.91,3.0701278234985114
71.65,118.12710293078135,11.08,13.36,24.44,46.25,0.66,6.62,11.13,0.0,0.25,3.0701278234985114
32.53,118.12710293078135,11.97,12.48,24.44,60.08,1.0,7.23,14.15,0.1,1.37,3.0701278234985114
22.28,118.12710293078135,11.63,13.11,24.73,47.8,0.97,7.93,13.46,0.03,1.43,3.0701278234985114
17.89,118.12710293078135,10.88,12.81,23.68,73.66,0.78,7.96,12.78,0.06,1.6,3.0701278234985114
20.58,118.12710293078135,14.36,15.72,29.87,50.7,1.16,17.2,10.81,0.02,7.33,3.0701278234985114
23.68,118.12710293078135,17.31,18.38,35.69,45.62,1.05,27.34,14.23,0.15,7.88,3.0701278234985114
16.7,118.12710293078135,14.62,15.29,29.91,55.39,1.08,24.43,15.03,0.39,10.52,3.0701278234985114
34.54,118.12710293078135,12.76,13.8,26.55,56.32,0.72,9.43,19.43,0.0,24.92,3.0701278234985114
36.11,118.12710293078135,13.24,17.82,31.0,68.46,0.85,10.98,18.66,0.08,18.97,3.0701278234985114
61.0,118.12710293078135,12.17,17.82,29.99,62.49,1.09,9.66,23.62,0.11,5.19,3.0701278234985114
48.26,118.12710293078135,9.52,18.38,27.85,72.48,0.96,6.41,33.56,0.06,0.45,3.0701278234985114
39.7,118.12710293078135,9.2,13.52,22.7,74.8,0.88,6.21,30.89,0.08,0.54,3.0701278234985114
40.74,118.12710293078135,9.93,15.82,25.64,73.68,0.66,8.16,30.56,0.12,0.25,3.0701278234985114
40.91,118.12710293078135,9.23,12.85,22.08,83.04,0.88,7.04,29.96,0.08,0.39,3.0701278234985114
29.82,118.12710293078135,10.8,12.68,23.42,56.22,0.8,7.54,17.9,0.0,0.14,3.0701278234985114
33.85,118.12710293078135,12.34,15.63,27.86,58.51,1.06,8.69,16.26,0.49,0.8,3.0701278234985114
31.6,118.12710293078135,12.48,17.18,29.65,61.61,0.94,6.33,18.73,0.08,0.69,3.0701278234985114
39.65,118.12710293078135,13.75,19.41,33.15,74.61,1.1,11.52,25.74,0.05,0.99,3.0701278234985114
34.51,118.12710293078135,9.26,17.96,27.21,99.69,0.8,7.44,21.44,0.09,1.25,3.0701278234985114
28.16,118.12710293078135,12.78,17.33,30.1,88.8,1.15,6.32,15.54,0.13,1.12,3.0701278234985114
27.63,118.12710293078135,13.25,17.66,30.91,99.75,1.09,7.29,13.71,0.37,1.48,3.0701278234985114
28.58,118.12710293078135,11.29,15.78,27.01,103.28,1.1,5.72,17.25,0.2,0.89,3.0701278234985114
35.6,118.12710293078135,9.47,14.37,23.55,84.08,0.87,7.7,23.51,0.05,0.65,3.0701278234985114
35.2,118.12710293078135,12.3,15.35,27.64,106.45,0.99,17.81,22.85,0.0,0.65,3.0701278234985114
55.01,118.12710293078135,13.88,17.64,30.82,113.81,1.03,12.25,21.38,0.08,0.4,3.0701278234985114
49.98,118.12710293078135,11.95,21.91,31.42,101.65,0.94,8.6,20.71,0.07,0.05,3.0701278234985114
17.03,118.12710293078135,9.44,14.07,22.92,103.8,0.98,12.81,16.2,0.08,1.57,3.0701278234985114
28.73,118.12710293078135,11.09,16.46,26.96,103.08,1.0,8.51,13.6,0.12,1.44,3.0701278234985114
31.8,118.12710293078135,12.3,15.57,27.07,98.47,0.99,8.95,12.32,0.11,0.05,3.0701278234985114
22.03,118.12710293078135,10.28,13.35,23.22,102.83,1.03,13.48,18.24,0.13,2.38,3.0701278234985114
42.81,118.12710293078135,9.43,15.15,23.8,107.93,1.09,8.75,19.48,0.16,0.98,3.0701278234985114
20.36,118.12710293078135,9.54,13.69,22.53,103.82,0.88,7.71,14.62,0.1,0.1,3.0701278234985114
19.76,118.12710293078135,11.59,17.85,28.68,40.44,0.92,9.4,15.4,0.21,0.23,3.0701278234985114
47.76,118.12710293078135,10.19,18.11,27.7,59.67,1.0,7.81,28.75,0.2,0.23,3.0701278234985114
46.73,118.12710293078135,9.87,18.07,27.3,34.41,0.87,6.72,35.7,0.11,0.68,3.0701278234985114
47.84,118.12710293078135,10.57,18.47,28.31,36.59,0.91,10.09,26.2,0.16,0.54,3.0701278234985114
54.15,118.12710293078135,11.52,19.72,30.54,34.77,0.85,14.74,25.18,0.14,0.2,3.0701278234985114
23.09,118.12710293078135,9.79,16.96,26.02,30.73,0.82,10.53,22.14,0.09,0.15,3.0701278234985114
30.61,118.12710293078135,10.09,17.89,26.81,34.09,1.09,8.84,26.18,0.11,0.54,3.0701278234985114
23.0,118.12710293078135,10.71,17.59,27.4,29.41,0.98,8.25,15.45,0.09,0.28,3.0701278234985114
31.74,118.12710293078135,11.82,17.71,28.85,43.69,1.16,8.29,27.94,0.11,0.81,3.0701278234985114
47.92,118.12710293078135,10.65,17.19,27.19,41.31,1.03,7.77,25.65,0.17,0.16,3.0701278234985114
52.68,118.12710293078135,10.47,19.97,29.69,36.71,1.08,8.68,24.09,0.15,0.36,3.0701278234985114
52.86,118.12710293078135,9.28,17.97,26.53,34.09,1.17,10.81,49.14,0.08,0.11,3.0701278234985114
28.98,118.12710293078135,8.89,15.74,23.98,36.52,0.97,13.94,19.24,0.13,0.78,3.0701278234985114
48.11,118.12710293078135,9.6,16.31,24.8,46.63,0.99,10.77,21.85,0.21,0.57,3.0701278234985114
38.97,118.12710293078135,9.16,15.8,24.41,56.57,0.94,9.74,27.3,0.23,0.58,3.0701278234985114
48.35,118.12710293078135,8.72,15.84,23.85,56.85,0.84,8.34,34.56,0.21,0.66,3.0701278234985114
49.6,118.12710293078135,5.7,11.33,16.56,63.85,0.84,17.67,40.96,0.08,2.72,3.0701278234985114
65.59,118.12710293078135,5.98,12.28,17.8,48.52,0.92,9.07,39.49,0.09,3.86,3.0701278234985114
27.64,118.12710293078135,6.02,12.07,18.09,16.84,0.87,16.66,39.45,0.13,0.33,3.0701278234985114
45.17,118.12710293078135,5.66,12.0,17.49,30.26,1.01,15.18,36.67,0.18,0.74,3.0701278234985114
28.02,118.12710293078135,6.76,12.21,18.97,65.78,0.9,8.45,27.67,0.13,0.48,3.0701278234985114
19.33,118.12710293078135,5.23,10.38,15.61,65.95,0.83,8.05,25.33,0.1,1.44,3.0701278234985114
16.58,118.12710293078135,5.53,10.66,16.2,65.49,0.97,10.56,22.97,0.1,0.5,3.0701278234985114
18.58,118.12710293078135,5.36,10.43,15.61,65.01,0.99,16.53,33.89,0.05,0.31,3.0701278234985114
41.52,118.12710293078135,5.37,12.27,17.65,64.29,1.01,26.06,37.91,0.08,0.06,3.0701278234985114
42.72,118.12710293078135,5.49,12.05,17.55,64.64,0.93,17.98,37.96,0.03,0.88,3.0701278234985114
31.09,118.12710293078135,5.43,11.26,16.7,64.87,0.93,9.54,36.74,0.0,0.0,3.0701278234985114
46.95,118.12710293078135,5.28,11.89,17.17,64.78,0.94,8.95,43.27,0.03,0.2,3.0701278234985114
28.42,118.12710293078135,5.83,11.83,17.64,66.42,1.07,9.01,33.31,0.0,1.12,3.0701278234985114
21.04,118.12710293078135,5.63,10.92,16.49,66.69,0.91,12.96,18.49,0.0,1.25,3.0701278234985114
12.77,118.12710293078135,5.81,10.88,16.68,66.05,1.0,16.47,18.45,0.0,1.13,3.0701278234985114
37.37,118.12710293078135,5.19,10.27,15.46,65.78,1.04,26.99,31.72,0.03,1.04,3.0701278234985114
45.41,118.12710293078135,5.62,11.06,16.68,66.58,0.94,6.55,26.4,0.09,0.05,3.0701278234985114
44.51,118.12710293078135,5.62,10.9,16.52,67.23,0.92,7.69,18.38,0.12,0.2,3.0701278234985114
26.55,118.12710293078135,5.61,10.6,16.21,67.5,0.98,9.65,17.49,0.02,0.0,3.0701278234985114
17.11,118.12710293078135,5.63,10.58,16.21,67.6,0.99,9.46,17.42,0.0,0.0,3.0701278234985114
16.6,118.12710293078135,7.43,11.75,19.18,67.41,0.91,20.24,20.24,0.03,0.0,3.0701278234985114
32.92,118.12710293078135,6.14,11.21,17.35,66.43,1.06,21.39,21.84,0.0,0.0,3.0701278234985114
37.37,118.12710293078135,8.53,12.35,20.87,16.42,0.95,10.08,33.15,0.0,0.0,3.0701278234985114
87.38,118.12710293078135,8.18,14.43,18.56,10.21,0.72,9.0,16.65,0.04,2.44,3.0701278234985114
43.48,118.12710293078135,7.49,13.32,20.28,83.05,0.81,6.32,19.86,0.0,2.74,3.0701278234985114
53.2,118.12710293078135,28.01,27.1,37.82,118.25,0.81,17.25,22.26,0.0,3.0,3.0701278234985114
38.91,118.12710293078135,10.75,14.39,20.43,7.06,0.77,5.58,21.08,0.03,1.26,3.0701278234985114
36.46,118.12710293078135,22.03,21.64,29.51,27.86,0.83,5.6,26.0,0.07,0.94,3.0701278234985114
27.7,118.12710293078135,43.34,44.19,56.47,23.83,0.67,7.05,18.63,0.0,0.27,3.0701278234985114
28.47,118.12710293078135,13.69,18.38,25.53,10.33,0.77,9.82,17.53,0.0,0.77,3.0701278234985114
52.63,118.12710293078135,28.37,25.52,40.42,21.22,0.75,11.08,26.92,0.05,0.47,3.0701278234985114
52.87,118.12710293078135,18.81,20.97,33.91,24.09,0.8,7.74,34.93,0.03,3.24,3.0701278234985114
48.11,118.12710293078135,25.6,24.86,40.11,40.38,0.71,13.08,29.95,0.0,0.45,3.0701278234985114
37.31,118.12710293078135,31.9,32.45,43.22,61.25,0.79,8.64,24.25,0.02,0.63,3.0701278234985114
42.32,118.12710293078135,17.13,21.72,30.91,57.93,0.81,5.91,18.89,0.08,0.91,3.0701278234985114
37.13,118.12710293078135,12.15,19.38,30.54,14.46,0.72,7.05,22.44,0.0,0.59,3.0701278234985114
34.61,118.12710293078135,18.14,22.46,38.8,20.98,0.82,6.74,10.75,0.0,0.0,3.0701278234985114
35.94,118.12710293078135,17.24,17.53,35.08,14.04,0.77,6.63,23.65,0.06,0.32,3.0701278234985114
39.29,118.12710293078135,20.5,24.94,39.59,25.58,0.87,7.07,36.49,0.0,0.0,3.0701278234985114
33.41,118.12710293078135,7.09,13.74,22.99,2.79,0.92,6.04,37.94,0.0,0.05,3.0701278234985114
38.14,118.12710293078135,8.82,16.52,27.32,2.04,0.71,6.29,40.81,0.0,0.11,3.0701278234985114
38.04,118.12710293078135,7.99,15.39,26.66,1.76,0.85,6.68,41.51,0.0,0.0,3.0701278234985114
37.22,118.12710293078135,9.58,16.77,27.97,4.76,0.77,5.95,37.59,0.05,0.06,3.0701278234985114
62.24,118.12710293078135,6.29,14.06,20.18,1.69,1.05,6.52,21.53,0.0,0.0,3.0701278234985114
32.88,118.12710293078135,6.22,14.81,21.02,1.58,1.02,6.15,12.54,0.0,0.0,3.0701278234985114
36.23,118.12710293078135,6.05,13.53,19.51,1.59,1.05,6.42,11.4,0.03,0.0,3.0701278234985114
32.33,118.12710293078135,5.7,14.5,20.17,1.86,0.95,6.51,13.51,0.0,0.0,3.0701278234985114
54.52,118.12710293078135,6.37,14.32,21.4,1.69,0.97,6.91,12.61,0.05,0.0,3.0701278234985114
37.18,118.12710293078135,10.21,16.69,28.63,1.61,1.0,6.18,13.42,0.0,3.71,3.0701278234985114
36.18,118.12710293078135,10.39,15.55,27.86,1.35,1.0,6.42,20.27,0.0,3.66,3.0701278234985114
31.9,118.12710293078135,9.96,15.54,27.71,1.42,0.99,7.55,13.17,0.03,3.81,3.0701278234985114
24.24,118.12710293078135,7.58,13.18,23.89,1.46,1.1,7.16,15.81,0.03,4.19,3.0701278234985114
19.48,118.12710293078135,6.43,11.66,20.56,1.48,1.09,6.89,14.36,0.0,4.63,3.0701278234985114
17.27,118.12710293078135,6.34,9.96,16.1,3.17,1.01,6.69,15.7,0.02,5.0,3.0701278234985114
12.95,118.12710293078135,5.66,10.23,15.89,1.45,0.9,6.74,14.86,0.03,3.66,3.0701278234985114
25.41,118.12710293078135,11.08,9.13,14.37,1.6,0.97,6.85,13.7,0.11,3.03,3.0701278234985114
24.99,118.12710293078135,4.39,8.88,12.67,4.55,1.06,6.58,16.87,0.16,2.77,3.0701278234985114
29.32,118.12710293078135,6.18,10.31,16.03,1.61,0.98,7.53,17.5,0.11,0.71,3.0701278234985114
24.75,118.12710293078135,5.34,10.58,15.67,3.0,1.06,5.86,11.95,0.15,2.48,3.0701278234985114
29.82,118.12710293078135,7.77,10.27,17.47,8.61,0.97,6.31,9.1,1.23,0.37,3.0701278234985114
29.52,118.12710293078135,7.05,11.35,18.01,3.84,1.06,6.08,9.33,0.13,0.28,3.0701278234985114
31.55,118.12710293078135,6.06,11.27,17.15,2.24,1.07,6.68,11.18,0.1,0.25,3.0701278234985114
35.22,118.12710293078135,5.65,11.22,16.86,1.84,0.97,5.85,12.59,0.26,0.21,3.0701278234985114
25.49,118.12710293078135,5.86,11.24,17.1,1.75,1.01,6.68,13.31,0.18,0.16,3.0701278234985114
26.74,118.12710293078135,5.73,10.97,16.69,1.72,1.05,5.6,14.98,0.09,0.09,3.0701278234985114
26.4,118.12710293078135,5.94,10.88,16.81,1.8,1.13,6.99,15.45,0.03,0.05,3.0701278234985114
35.36,118.12710293078135,5.95,11.02,16.96,1.67,1.13,6.21,18.63,0.02,0.2,3.0701278234985114
29.99,118.12710293078135,5.19,11.74,16.91,2.05,1.17,6.16,18.49,0.0,0.12,3.0701278234985114
30.49,118.12710293078135,5.47,13.48,18.94,1.78,1.06,6.44,19.34,0.07,0.29,3.0701278234985114
30.39,118.12710293078135,7.84,14.41,20.99,12.12,0.99,5.91,25.11,0.05,0.06,3.0701278234985114
37.24,118.12710293078135,5.65,13.77,19.28,3.69,1.01,5.05,26.4,0.15,0.17,3.0701278234985114
38.9,118.12710293078135,4.96,12.95,17.51,3.5,1.02,5.84,26.22,0.03,0.06,3.0701278234985114
38.07,118.12710293078135,5.22,13.52,18.37,2.4,1.08,6.29,17.59,0.1,0.0,3.0701278234985114
38.63,118.12710293078135,5.84,16.66,22.2,2.34,1.11,6.78,14.78,0.74,0.81,3.0701278234985114
42.78,118.12710293078135,6.41,15.19,21.57,2.48,1.02,6.36,21.36,0.16,0.96,3.0701278234985114
35.59,118.12710293078135,7.28,16.77,24.0,2.79,1.14,7.45,26.79,0.0,3.18,3.0701278234985114
38.39,118.12710293078135,6.78,18.05,24.83,2.17,1.13,6.51,13.48,0.0,2.82,3.0701278234985114
39.71,118.12710293078135,7.13,13.64,20.76,23.48347601937197,0.76,4.99,35.56,0.14,0.08,3.0701278234985114
36.38,118.12710293078135,8.03,13.84,21.86,23.48347601937197,0.83,4.23,32.61,0.18,0.03,3.0701278234985114
22.72,118.12710293078135,7.78,13.92,21.68,23.48347601937197,0.9,5.18,28.16,0.18,0.05,3.0701278234985114
23.34,118.12710293078135,7.32,14.83,22.14,23.48347601937197,1.0,5.34,28.86,0.04,0.07,3.0701278234985114
27.06,118.12710293078135,8.1,14.39,22.48,23.48347601937197,1.22,4.63,27.46,0.02,0.06,3.0701278234985114
45.92,118.12710293078135,7.92,13.27,20.26,22.31,1.08,5.04,34.69,0.17,0.07,3.0701278234985114
42.32,118.12710293078135,8.12,17.56,19.22,29.81,1.07,7.13,47.78,0.11,3.29,3.0701278234985114
54.9,118.12710293078135,15.1,26.93,21.56,22.14,1.3,5.75,42.43,0.13,0.53,3.0701278234985114
41.03,118.12710293078135,12.23,34.45,33.73,6.51,1.09,4.38,48.14,0.0,0.97,3.0701278234985114
53.31,118.12710293078135,8.42,23.57,21.36,7.83,1.06,4.57,39.39,0.05,0.37,3.0701278234985114
42.09,118.12710293078135,8.41,21.94,20.24,7.85,0.98,7.97,40.82,0.05,0.3,3.0701278234985114
56.12,118.12710293078135,9.34,24.69,23.37,10.06,1.0,9.62,25.3,0.13,1.6,3.0701278234985114
41.22,48.55,7.44,19.57,20.43,16.98,0.99,10.2,43.0,0.0,0.47,3.0701278234985114
36.82,55.76,9.37,21.33,24.79,16.13,1.04,10.03,35.7,0.11,2.82,3.0701278234985114
36.7,52.11,10.71,22.3,28.92,17.81,1.1,6.91,37.37,0.09,2.24,3.0701278234985114
39.32,38.33,9.28,17.93,25.54,18.12,0.93,5.9,31.92,0.05,1.22,3.0701278234985114
35.11,118.12710293078135,9.49,29.01,38.48,23.48347601937197,0.86,3.91,15.31,0.02,3.69,3.0701278234985114
45.16,118.12710293078135,8.11,15.36,23.44,23.48347601937197,0.66,3.92,23.12,0.05,0.78,3.0701278234985114
52.55,118.12710293078135,8.13,19.08,27.19,4.94,0.79,4.18,31.2,0.1,1.17,3.0701278234985114
49.99,118.12710293078135,8.43,17.96,26.1,37.01,0.85,3.36,11.91,2.03,0.54,3.0701278234985114
37.94,118.12710293078135,7.84,23.03,30.79,38.36,0.85,3.89,14.93,0.03,0.22,3.0701278234985114
48.12,118.12710293078135,7.02,16.99,24.0,39.1,0.75,4.1,23.7,0.11,0.0,3.0701278234985114
51.95,118.12710293078135,7.68,17.93,25.5,36.57,0.82,4.21,23.93,0.19,0.31,3.0701278234985114
45.61,118.12710293078135,7.42,16.8,24.14,35.7,0.8,3.77,25.99,0.11,1.79,3.0701278234985114
30.64,118.12710293078135,8.02,18.33,26.31,36.81,0.99,4.34,27.07,0.03,1.48,3.0701278234985114
36.62,118.12710293078135,8.97,23.57,32.52,36.85,0.92,4.83,24.91,0.07,3.61,3.0701278234985114
50.02,118.12710293078135,7.1,18.51,25.59,36.25,0.99,5.76,29.0,0.0,0.98,3.0701278234985114
34.54,118.12710293078135,7.23,15.18,22.37,35.18,0.98,5.32,26.49,0.0,1.54,3.0701278234985114
47.45,118.12710293078135,6.55,13.12,19.66,34.23,0.77,4.89,30.21,0.18,0.29,3.0701278234985114
40.19,118.12710293078135,6.86,16.5,23.27,37.39,0.9,4.61,36.35,0.08,1.0,3.0701278234985114
30.16,118.12710293078135,7.75,21.57,29.26,43.31,0.98,4.48,27.46,0.09,2.0,3.0701278234985114
43.75,118.12710293078135,9.12,22.9,32.01,45.88,0.98,4.94,16.08,0.15,4.55,3.0701278234985114
48.57,118.12710293078135,7.16,22.73,29.82,46.06,0.83,4.39,29.49,0.16,3.21,3.0701278234985114
30.57,33.87,6.13,18.13,24.23,41.42,0.74,6.77,26.57,0.21,2.38,3.0701278234985114
35.63,26.86,6.48,18.26,24.65,42.25,0.94,6.38,39.38,0.07,1.12,3.0701278234985114
28.74,31.54,6.64,16.17,22.76,39.28,0.84,4.55,32.68,0.07,0.43,3.0701278234985114
27.56,25.38,9.39,19.09,28.46,36.86,0.97,7.59,25.69,0.03,0.21,3.0701278234985114
31.04,29.47,7.66,18.11,25.77,38.2,0.85,9.25,25.26,0.03,0.88,3.0701278234985114
29.77,23.36,9.85,18.57,27.52,39.38,0.82,10.6,32.18,1.18,2.08,3.0701278234985114
45.13,40.85,9.16,17.75,26.87,38.79,0.88,8.65,28.09,0.32,2.14,3.0701278234985114
23.22,26.66,8.96,18.94,27.57,34.32,0.86,6.76,22.33,2.93,4.17,3.0701278234985114
25.94,36.78,8.22,20.83,29.0,36.58,0.84,6.32,29.16,4.82,4.92,3.0701278234985114
32.29,48.3,6.21,16.86,22.76,29.56,0.88,5.85,55.18,1.12,1.26,3.0701278234985114
28.07,28.12,6.98,15.56,21.99,28.98,0.8,6.45,44.99,0.89,1.07,3.0701278234985114
36.63,53.67,8.77,23.47,30.69,32.77,0.9,5.63,38.45,0.85,1.55,3.0701278234985114
21.07,32.96,5.9,16.89,22.72,37.98,0.62,8.41,40.1,1.06,2.7,3.0701278234985114
24.99,25.65,7.25,17.69,23.27,39.34,1.05,6.47,44.3,0.31,1.2,3.0701278234985114
22.61,29.99,7.91,17.47,24.91,42.18,0.65,5.14,37.47,0.37,1.16,3.0701278234985114
22.66,42.4,6.04,16.78,22.87,33.0,0.64,8.7,48.65,0.09,1.14,3.0701278234985114
16.68,30.27,5.21,13.39,18.57,15.17,0.57,5.95,56.49,0.1,0.68,3.0701278234985114
21.83,67.63,6.15,14.07,20.18,15.41,0.9,7.6,53.95,0.56,2.27,3.0701278234985114
13.03,27.27,13.91,15.33,22.26,29.75,0.57,8.6,31.21,3.25,5.53,3.0701278234985114
13.2,25.96,7.36,12.65,19.71,28.04,0.55,5.96,37.43,2.48,3.66,3.0701278234985114
22.64,39.46,5.77,18.01,23.76,42.66,0.94,7.14,31.17,2.12,3.9,3.0701278234985114
27.06,118.12710293078135,5.55,19.07,24.49,60.63,1.04,9.73,22.56,2.18,3.84,3.0701278234985114
29.21,38.5,9.5,18.82,27.29,54.1,1.0,14.46,24.79,1.1,3.93,3.0701278234985114
31.43,25.58,8.15,16.93,24.7,44.27,0.71,7.08,26.59,4.0,5.62,3.0701278234985114
25.89,80.57,7.35,14.8,22.11,15.38,0.64,4.37,18.42,1.49,1.49,3.0701278234985114
17.46,33.33,5.63,17.31,22.87,21.26,0.62,6.22,35.29,0.05,0.16,3.0701278234985114
25.15,29.91,7.9,15.8,22.67,19.36,0.67,5.5,34.57,0.3,1.51,3.0701278234985114
29.69,26.98,8.46,17.05,24.62,40.45,1.0,6.07,49.45,0.94,4.15,3.0701278234985114
22.29,22.95,10.23,18.59,27.05,43.2,0.82,7.16,42.75,0.34,2.64,3.0701278234985114
25.84,39.75,7.44,22.76,30.02,41.7,0.81,6.69,41.25,1.02,2.33,3.0701278234985114
22.62,118.12710293078135,5.66,11.39,16.78,23.48347601937197,1.05,4.73,20.04,1.17,1.83,3.0701278234985114
37.51,72.52,5.03,13.31,18.24,39.76,0.85,6.02,36.98,1.0,2.56,3.0701278234985114
27.36,46.3,3.76,11.32,15.07,23.38,0.71,6.64,59.95,0.07,1.38,3.0701278234985114
23.45,43.81,4.37,11.69,12.18,13.97,0.46,6.07,56.94,0.05,1.42,3.0701278234985114
20.82,38.66,4.21,10.29,14.34,15.1,0.64,6.12,58.37,0.0,0.77,3.0701278234985114
28.74,40.41,4.05,10.53,14.56,24.17,0.88,6.69,53.64,0.15,1.96,3.0701278234985114
22.59,32.44,4.24,11.14,15.35,24.31,0.92,6.3,54.32,0.54,2.57,3.0701278234985114
23.18,26.53,5.48,12.44,17.86,26.02,1.15,7.09,49.51,0.14,4.65,3.0701278234985114
16.9,37.12,5.34,10.73,14.27,24.36,0.86,6.19,28.38,0.0,0.39,3.0701278234985114
14.27,30.32,4.7,10.79,13.38,24.95,0.93,6.36,48.1,0.05,1.9,3.0701278234985114
23.49,52.0,5.71,12.89,18.07,29.99,0.81,5.46,57.91,0.02,1.3,3.0701278234985114
47.4,40.58,4.85,15.4,13.45,13.78,0.63,5.71,58.15,0.0,0.45,3.0701278234985114
21.13,67.66,8.86,20.03,20.52,49.41,0.8,5.86,46.63,0.02,0.73,3.0701278234985114
21.2,55.08,10.48,12.98,17.44,26.58,0.76,5.86,47.37,0.0,0.56,3.0701278234985114
16.34,72.77,7.62,13.05,12.75,14.35,0.56,6.25,48.3,0.03,0.74,3.0701278234985114
14.93,34.46,6.92,12.82,16.24,10.29,0.67,6.08,52.17,0.0,0.66,3.0701278234985114
21.14,60.99,8.67,10.65,14.66,23.59,0.61,5.94,48.79,0.0,0.5,3.0701278234985114
20.33,42.85,10.05,14.28,18.72,26.6,0.68,5.98,42.02,0.01,0.48,3.0701278234985114
17.58,27.06,8.48,13.95,18.0,26.58,0.68,6.39,31.95,0.02,0.19,3.0701278234985114
30.95,31.76,10.97,14.72,19.65,32.82,0.81,6.92,29.34,0.04,0.08,3.0701278234985114
32.0,36.8,9.54,13.39,17.33,30.94,0.77,5.46,30.63,0.05,0.86,3.0701278234985114
31.76,36.51,9.22,16.52,15.93,26.93,0.6,5.72,29.19,0.16,0.29,3.0701278234985114
35.03,50.72,9.87,15.91,20.76,29.68,0.87,5.7,32.64,0.02,0.09,3.0701278234985114
26.55,26.19,8.77,14.07,19.12,26.59,0.85,6.7,27.49,0.02,0.52,3.0701278234985114
28.47,28.65,10.28,15.97,22.34,23.88,0.85,5.56,28.67,0.0,0.22,3.0701278234985114
40.0,47.83,10.76,13.91,21.85,25.99,0.9,5.86,36.29,0.04,0.04,3.0701278234985114
35.34,61.61,10.86,22.06,30.74,37.63,0.92,8.83,33.34,0.02,0.91,3.0701278234985114
46.48,75.12,15.09,29.32,42.27,70.13,0.95,8.14,32.03,0.0,0.13,3.0701278234985114
31.22,46.07,24.12,33.68,56.01,86.42,0.8,8.58,33.76,0.0,0.65,3.0701278234985114
34.65,32.13,12.43,28.92,40.96,78.26,0.78,7.21,28.51,0.0,2.9,3.0701278234985114
34.45,70.97,14.04,15.48,22.08,21.3,0.71,6.82,30.83,0.0,2.74,3.0701278234985114
70.95,118.12710293078135,10.82,16.78,27.23,25.37,0.87,6.92,36.51,0.07,1.94,3.0701278234985114
31.32,71.74,9.95,15.61,25.55,43.56,0.54,8.42,31.9,2.01,7.07,3.0701278234985114
37.23,109.85,8.54,13.89,20.04,68.8,0.52,7.38,41.66,0.25,3.21,3.0701278234985114
19.18,66.95,7.31,11.17,13.12,57.31,0.47,6.06,43.38,0.04,0.89,3.0701278234985114
21.99,52.7,9.57,15.3,18.49,48.59,0.52,7.39,38.96,0.04,3.31,3.0701278234985114
44.91,80.85,9.8,14.58,20.74,47.94,0.54,5.87,38.12,0.02,1.68,3.0701278234985114
26.91,125.72,6.88,11.86,15.25,36.89,0.46,4.97,29.15,0.0,1.55,3.0701278234985114
28.52,37.66,9.62,11.17,20.75,46.14,0.55,4.67,28.85,0.1,4.26,3.0701278234985114
33.55,70.14,6.71,10.78,17.41,78.83,0.47,8.18,27.28,0.0,1.11,3.0701278234985114
31.16,50.45,5.94,10.19,16.06,61.69,0.46,7.89,27.26,0.02,1.01,3.0701278234985114
46.05,59.79,5.71,15.6,21.16,49.2,0.47,8.55,23.1,0.0,1.71,3.0701278234985114
44.81,63.09,5.93,12.6,17.11,39.16,0.47,5.42,31.05,0.05,0.25,3.0701278234985114
53.33,84.65,7.52,21.97,26.56,48.86,0.52,8.19,33.72,0.0,0.48,3.0701278234985114
37.8,80.2,7.46,12.54,15.73,43.12,0.53,10.19,39.18,0.0,0.29,3.0701278234985114
30.56,62.56,5.67,20.28,22.02,40.31,0.52,7.09,32.91,0.02,0.34,3.0701278234985114
21.08,54.48,10.53,10.09,18.19,83.27,0.45,9.47,27.3,0.02,0.13,3.0701278234985114
17.79,52.26,6.9,12.66,19.5,53.9,0.47,6.93,33.27,0.15,0.05,3.0701278234985114
36.17,82.52,6.03,12.03,18.0,195.53,0.54,5.45,26.08,0.07,0.08,3.0701278234985114
37.56,87.09,3.91,11.2,15.0,157.47,0.52,7.67,34.43,0.03,0.06,3.0701278234985114
62.41,78.57,3.78,11.1,14.87,149.57,0.44,7.47,33.57,0.08,0.06,3.0701278234985114
34.82,35.98,3.65,15.86,19.28,126.94,0.91,6.22,20.01,0.05,0.18,3.0701278234985114
35.41,44.05,6.05,21.19,26.23,119.95,0.93,5.71,20.11,0.02,0.08,3.0701278234985114
27.57,42.96,5.52,26.96,31.82,94.18,0.71,7.03,19.98,0.05,0.04,3.0701278234985114
37.72,118.12710293078135,5.6,19.62,24.72,23.48347601937197,0.6,7.23,20.15,0.0,0.08,3.0701278234985114
36.55,27.38,10.25,23.21,32.61,97.57,0.73,6.47,24.04,0.05,0.05,3.0701278234985114
27.78,38.29,6.04,16.54,21.33,104.69,0.54,6.08,24.0,0.04,0.04,3.0701278234985114
34.16,42.32,7.61,18.49,25.69,94.21,0.56,10.79,22.78,4.62,0.63,3.0701278234985114
40.78,52.46,12.14,21.13,31.9,91.29,0.72,13.79,22.61,2.48,0.12,3.0701278234985114
35.6,44.1,11.43,19.49,30.77,104.56,0.64,7.5,26.83,3.77,0.06,3.0701278234985114
31.23,31.47,7.9,18.27,25.96,73.65,0.7,8.23,26.19,3.45,0.11,3.0701278234985114
44.04,56.34,5.08,17.87,22.7,87.78,0.53,6.74,35.26,1.33,0.07,3.0701278234985114
48.07,49.98,7.44,17.69,24.6,87.37,0.52,8.7,29.67,2.16,0.07,3.0701278234985114
52.28,67.54,4.47,16.88,21.11,85.14,0.53,8.95,33.87,1.39,0.03,3.0701278234985114
52.75,60.37,7.23,19.05,25.99,88.89,0.69,7.07,32.21,8.99,0.2,3.0701278234985114
53.51,84.11,5.61,19.46,25.04,76.4,0.6,7.88,28.38,1.17,0.71,3.0701278234985114
54.37,73.9,5.54,19.74,25.26,85.55,0.75,9.79,33.18,0.25,0.75,3.0701278234985114
31.88,59.15,17.1,17.66,33.61,77.64,0.54,13.18,24.11,0.32,0.54,3.0701278234985114
36.94,63.7,13.01,20.27,32.37,87.86,0.65,11.45,28.28,1.87,0.03,3.0701278234985114
52.48,69.8,6.62,14.61,20.92,70.6,0.62,8.48,33.22,0.48,0.03,3.0701278234985114
38.74,46.37,5.03,14.2,18.99,56.89,0.57,10.6,35.08,0.24,0.0,3.0701278234985114
45.49,66.8,5.96,15.44,20.97,66.97,0.61,13.03,36.95,0.32,0.0,3.0701278234985114
28.25,40.44,6.69,12.66,18.7,69.17,0.65,12.44,24.79,3.46,0.09,3.0701278234985114
27.59,23.01,8.99,11.47,19.86,65.15,0.76,7.0,21.31,6.81,0.05,3.0701278234985114
32.16,36.63,10.43,10.95,20.62,60.39,0.97,10.2,25.52,7.69,1.3,3.0701278234985114
30.49,44.9,7.95,11.49,18.64,62.05,0.87,8.4,28.4,6.26,0.11,3.0701278234985114
23.37,30.76,4.8,8.69,13.3,45.46,0.77,7.45,30.88,2.21,0.0,3.0701278234985114
19.45,25.87,5.72,10.41,15.93,50.01,0.83,8.12,25.0,2.14,0.07,3.0701278234985114
33.54,40.38,4.27,12.16,15.99,53.89,0.55,19.3,28.97,2.94,0.03,3.0701278234985114
42.22,61.8,7.14,17.3,24.25,58.6,0.55,21.18,29.73,0.58,0.03,3.0701278234985114
42.16,75.24,9.27,17.47,26.55,48.44,0.78,17.91,27.67,0.72,0.0,3.0701278234985114
40.76,69.94,10.51,17.3,27.69,52.55,0.77,9.65,28.3,0.05,0.0,3.0701278234985114
39.81,71.75,11.64,18.69,30.05,58.71,0.79,10.03,27.22,0.8,0.03,3.0701278234985114
58.38,73.51,6.15,14.35,20.28,58.05,0.85,8.13,32.45,0.22,0.03,3.0701278234985114
34.09,44.39,7.78,12.32,19.86,44.81,0.65,19.88,33.34,0.07,0.0,3.0701278234985114
35.33,53.18,8.07,11.1,18.78,39.79,0.7,22.76,26.76,0.05,0.02,3.0701278234985114
28.67,28.47,4.85,10.68,15.06,39.0,0.84,27.29,29.02,0.0,0.11,3.0701278234985114
31.17,33.25,6.4,17.08,22.8,42.27,0.78,23.09,26.29,0.03,0.03,3.0701278234985114
37.66,53.48,10.01,23.7,33.31,50.68,0.88,17.54,26.38,0.32,0.0,3.0701278234985114
44.91,60.17,8.14,22.62,30.54,50.0,0.8,18.22,31.09,0.51,0.04,3.0701278234985114
47.95,64.49,10.45,20.03,29.44,58.36,0.89,12.25,34.26,0.46,0.03,3.0701278234985114
41.74,86.84,15.35,16.43,31.63,50.09,0.9,10.3,33.78,0.79,0.03,3.0701278234985114
47.26,79.24,11.22,18.37,29.51,44.6,1.08,8.09,31.54,2.24,0.06,3.0701278234985114
53.66,69.03,8.75,17.4,26.08,42.72,1.11,8.18,33.41,2.33,0.03,3.0701278234985114
52.29,65.93,8.89,14.74,21.46,42.76,1.02,8.01,26.05,2.89,0.04,3.0701278234985114
43.82,59.48,9.47,14.87,18.86,45.74,0.94,7.71,21.78,0.5,0.0,3.0701278234985114
36.56,53.23,9.01,14.02,18.27,46.62,1.09,9.02,32.79,0.0,0.0,3.0701278234985114
32.4,50.04,8.9,13.12,16.95,46.18,0.86,9.86,28.75,0.27,0.0,3.0701278234985114
30.58,38.29,8.28,12.12,13.98,44.32,0.77,15.74,23.73,0.06,0.0,3.0701278234985114
37.52,57.78,7.46,13.74,15.2,43.9,0.88,16.44,20.76,0.0,0.0,3.0701278234985114
39.6,65.6,10.16,10.92,17.53,39.7,0.88,16.41,26.69,1.38,0.0,3.0701278234985114
39.93,59.04,12.01,13.26,20.76,38.35,0.84,12.91,30.7,1.78,0.0,3.0701278234985114
40.05,56.19,13.34,19.32,32.42,34.32,0.91,8.57,33.97,1.5,0.04,3.0701278234985114
36.32,55.83,9.08,14.12,23.09,35.67,0.78,8.19,27.6,0.91,0.0,3.0701278234985114
28.45,49.06,7.69,10.61,18.18,36.46,0.77,8.97,29.24,0.55,0.08,3.0701278234985114
28.1,43.78,6.44,8.77,15.08,40.54,0.8,13.16,31.94,0.52,0.0,3.0701278234985114
35.41,61.47,5.24,10.09,15.14,40.52,0.73,9.11,34.11,0.08,0.0,3.0701278234985114
29.12,67.85,8.51,19.96,27.78,39.59,0.84,10.31,28.62,0.22,0.0,3.0701278234985114
32.17,78.26,7.23,22.0,28.76,37.32,0.86,10.75,30.14,19.18,0.0,3.0701278234985114
49.48,98.17,6.56,18.01,24.45,38.99,0.93,17.74,23.31,4.38,0.04,3.0701278234985114
35.13,53.43,8.46,12.71,21.01,42.36,0.78,13.14,21.95,0.68,0.05,3.0701278234985114
34.25,64.36,9.7,13.64,23.12,39.88,0.77,13.37,18.31,0.6,0.02,3.0701278234985114
41.49,79.79,16.63,18.11,34.56,48.53,0.96,9.15,24.7,1.23,0.1,3.0701278234985114
42.95,94.21,12.45,14.71,26.62,91.73,0.77,15.05,24.71,2.38,0.12,3.0701278234985114
35.52,69.95,9.18,14.09,22.64,88.0,0.67,19.39,27.14,0.22,0.05,3.0701278234985114
38.88,125.87,22.11,19.91,40.21,73.98,0.83,8.47,16.21,0.51,0.08,3.0701278234985114
29.2,51.45,7.52,8.63,15.94,109.55,0.86,8.51,20.66,0.72,0.0,3.0701278234985114
28.75,53.6,5.3,8.88,13.32,104.04,0.72,18.19,26.85,0.84,0.0,3.0701278234985114
31.07,73.54,9.17,10.95,19.03,97.04,0.97,11.57,23.61,0.97,0.0,3.0701278234985114
33.9,56.99,6.98,12.69,18.97,78.04,0.9,11.02,28.52,1.67,0.0,3.0701278234985114
39.25,63.4,5.38,8.88,14.06,39.97,0.58,7.63,39.14,1.4,0.0,3.0701278234985114
42.97,72.05,6.89,8.7,15.26,41.23,0.67,8.79,31.47,1.12,0.0,3.0701278234985114
33.08,49.17,5.5,11.08,16.35,39.86,0.77,16.07,36.16,0.77,0.0,3.0701278234985114
36.15,84.54,9.01,14.62,23.07,44.53,0.69,19.12,38.15,0.77,0.02,3.0701278234985114
35.99,43.7,5.7,9.2,14.59,34.2,0.55,11.18,50.11,1.1,0.05,3.0701278234985114
43.6,64.94,6.0,13.01,18.88,33.25,0.66,18.07,26.4,1.29,0.07,3.0701278234985114
42.16,94.26,9.25,16.26,25.41,32.11,0.64,17.71,43.88,1.3,0.08,3.0701278234985114
33.29,66.83,8.03,15.71,23.69,37.45,0.7,6.97,34.39,1.82,0.11,3.0701278234985114
26.69,29.86,10.95,14.04,22.63,40.5,0.74,6.12,20.27,1.25,0.21,3.0701278234985114
24.95,25.63,10.19,9.72,17.01,41.88,0.75,6.52,21.65,0.68,0.0,3.0701278234985114
30.94,27.06,11.16,10.66,19.21,65.59,0.65,4.53,24.05,0.24,0.0,3.0701278234985114
21.85,25.97,7.54,6.21,13.11,89.9,0.62,6.52,21.36,0.92,0.0,3.0701278234985114
25.93,34.85,10.69,8.54,18.79,90.66,0.71,5.87,20.12,1.01,0.24,3.0701278234985114
27.37,41.72,10.26,10.56,20.54,80.22,0.55,5.51,27.37,0.78,0.0,3.0701278234985114
16.69,38.14,9.69,7.98,17.42,38.99,0.63,8.56,34.46,0.8,0.0,3.0701278234985114
24.94,41.38,8.6,8.75,17.21,40.37,0.74,5.64,29.98,0.8,0.03,3.0701278234985114
35.65,33.31,11.59,16.97,28.29,44.03,0.96,5.6,21.73,1.72,0.0,3.0701278234985114
39.29,46.44,9.57,15.67,25.01,42.2,0.7,13.21,21.6,0.4,0.0,3.0701278234985114
38.48,51.07,9.33,10.34,19.31,36.49,0.55,14.94,30.14,0.93,0.0,3.0701278234985114
33.26,5.29,9.19,10.44,17.69,41.14,0.86,19.01,21.02,0.41,0.0,3.0701278234985114
41.56,123.82,9.98,9.17,16.23,40.46,0.86,7.6,30.61,0.84,0.0,3.0701278234985114
39.41,4.94,9.46,8.1,16.71,43.97,0.87,5.75,49.4,0.94,0.0,3.0701278234985114
44.73,6.39,9.42,10.09,18.85,47.47,0.87,5.81,40.15,0.71,0.0,3.0701278234985114
32.68,4.82,9.26,8.56,16.27,42.16,0.91,5.55,31.17,0.6,0.0,3.0701278234985114
29.1,1.8,8.1,8.49,16.23,54.98,0.97,5.84,45.38,0.51,0.15,3.0701278234985114
39.42,118.12710293078135,6.14,5.39,11.4,55.35,0.85,4.84,46.53,0.53,0.61,3.0701278234985114
31.91,0.21,7.97,7.85,13.48,60.26,0.94,5.93,31.28,0.28,0.42,3.0701278234985114
24.22,6.07,6.82,6.91,13.16,55.45,0.61,5.83,35.18,0.64,0.36,3.0701278234985114
22.43,1.63,5.78,4.38,9.79,51.89,0.65,5.04,37.16,0.57,0.21,3.0701278234985114
31.57,4.06,7.27,7.22,13.84,49.77,0.55,6.3,36.81,0.52,0.16,3.0701278234985114
27.6,0.62,5.71,4.85,9.8,44.96,0.51,5.09,33.97,7.92,0.09,3.0701278234985114
34.81,1.55,5.52,4.91,10.1,46.53,0.56,4.41,16.33,6.59,0.0,3.0701278234985114
26.79,111.83,6.97,7.21,13.3,45.68,0.52,6.88,34.65,29.02,0.0,3.0701278234985114
31.56,185.25,5.54,8.57,13.7,54.33,0.51,6.26,35.24,0.55,0.0,3.0701278234985114
32.94,3.73,6.25,10.39,16.23,50.1,0.62,5.54,36.35,0.47,0.0,3.0701278234985114
31.17,170.09,5.72,8.54,13.84,50.32,0.61,4.94,37.84,0.46,0.02,3.0701278234985114
24.81,183.34,5.23,7.25,12.21,51.8,0.59,5.22,38.03,0.4,0.0,3.0701278234985114
20.77,291.75,5.99,7.11,12.6,46.61,0.58,4.61,38.31,0.46,0.0,3.0701278234985114
21.59,177.96,5.9,7.27,11.9,46.39,0.55,4.96,37.64,0.44,0.0,3.0701278234985114
14.27,119.96,7.28,9.43,13.82,43.97,0.61,4.12,32.83,0.37,0.0,3.0701278234985114
11.9,151.3,6.29,9.57,13.3,47.13,0.59,4.57,30.45,0.32,0.0,3.0701278234985114
14.77,288.68,5.78,7.9,11.87,45.69,0.57,4.13,34.11,0.32,0.0,3.0701278234985114
14.71,180.01,6.43,12.74,15.12,60.1,0.57,4.78,32.83,0.32,0.0,3.0701278234985114
41.02,118.12710293078135,9.64,12.87,17.08,61.87,0.56,7.49,37.08,0.44,0.0,3.0701278234985114
15.66,118.12710293078135,8.81,11.18,16.63,55.7,0.57,11.31,30.16,0.38,0.0,3.0701278234985114
14.86,118.12710293078135,7.23,10.38,14.87,47.11,0.65,7.11,33.51,0.36,0.0,3.0701278234985114
17.95,118.12710293078135,6.84,12.1,16.04,49.54,0.66,7.13,36.84,0.33,0.0,3.0701278234985114
17.87,118.12710293078135,6.14,9.58,12.73,47.7,0.59,5.96,41.74,0.37,0.0,3.0701278234985114
14.64,118.12710293078135,6.87,8.34,12.0,49.01,0.59,6.13,36.82,0.36,0.0,3.0701278234985114
20.3,118.12710293078135,7.12,8.1,13.09,53.62,0.61,5.2,35.94,0.3,0.0,3.0701278234985114
8.43,118.12710293078135,6.4,5.33,11.22,52.33,0.58,5.42,33.55,0.26,0.0,3.0701278234985114
8.94,118.12710293078135,7.43,7.29,11.66,51.15,0.6,5.2,33.46,0.24,0.0,3.0701278234985114
8.1,118.12710293078135,6.86,5.34,11.62,45.24,0.58,4.49,37.03,0.28,0.0,3.0701278234985114
9.71,118.12710293078135,6.36,4.08,9.88,34.89,0.55,5.2,35.57,0.3,0.01,3.0701278234985114
10.67,118.12710293078135,5.98,4.48,10.05,42.58,0.64,4.84,38.09,0.27,0.0,3.0701278234985114
12.65,118.12710293078135,6.24,8.04,13.87,41.11,0.58,4.83,36.05,0.25,0.0,3.0701278234985114
8.06,118.12710293078135,7.55,11.64,15.98,36.07,0.59,4.69,34.28,0.21,0.0,3.0701278234985114
8.08,118.12710293078135,5.11,10.61,15.03,27.56,0.66,4.44,37.53,0.19,0.0,3.0701278234985114
10.46,118.12710293078135,5.23,11.07,15.0,28.33,0.68,4.79,41.7,0.2,0.0,3.0701278234985114
10.76,118.12710293078135,6.05,12.01,15.7,32.18,0.78,6.89,34.53,0.15,0.0,3.0701278234985114
10.46,118.12710293078135,6.7,6.92,12.96,33.16,0.75,4.29,37.34,0.22,0.0,3.0701278234985114
6.55,118.12710293078135,6.22,5.65,11.52,30.45,0.7,4.57,38.1,0.29,0.0,3.0701278234985114
11.11,118.12710293078135,5.23,6.85,11.52,28.31,0.68,4.4,45.0,0.26,0.03,3.0701278234985114
10.39,118.12710293078135,6.91,11.18,16.53,26.68,0.67,4.74,42.2,0.22,0.0,3.0701278234985114
14.13,118.12710293078135,4.3,5.39,9.36,26.85,0.73,4.43,50.88,0.28,0.0,3.0701278234985114
13.08,118.12710293078135,4.08,4.25,7.96,28.23,0.7,3.96,46.97,0.23,0.0,3.0701278234985114
11.67,118.12710293078135,4.35,3.73,7.73,30.93,0.75,4.47,45.9,0.22,0.0,3.0701278234985114
7.03,118.12710293078135,4.21,4.1,6.95,28.36,0.7,4.61,41.28,0.2,0.0,3.0701278234985114
19.68,118.12710293078135,4.47,4.13,8.02,27.82,0.75,3.61,42.79,0.2,0.0,3.0701278234985114
10.11,118.12710293078135,4.4,5.59,9.68,32.96,0.69,6.99,47.7,0.19,0.0,3.0701278234985114
11.23,118.12710293078135,4.15,5.48,9.18,29.93,0.76,3.98,43.98,0.21,0.01,3.0701278234985114
11.72,118.12710293078135,3.96,5.17,8.67,28.94,0.72,4.85,48.61,0.18,0.0,3.0701278234985114
9.99,118.12710293078135,3.81,4.57,7.99,33.86,0.69,3.53,42.92,0.22,0.05,3.0701278234985114
9.64,118.12710293078135,4.87,5.09,9.5,39.18,0.72,3.92,46.44,0.24,0.0,3.0701278234985114
8.36,118.12710293078135,4.7,5.29,9.72,41.46,0.71,4.54,40.83,0.23,0.0,3.0701278234985114
8.82,118.12710293078135,4.9,5.42,10.02,39.1,0.72,4.63,45.26,0.2,0.0,3.0701278234985114
15.57,118.12710293078135,4.24,5.26,9.07,39.06,0.66,4.34,43.23,0.19,0.0,3.0701278234985114
8.72,118.12710293078135,5.81,7.32,12.7,37.44,0.7,4.55,48.56,0.18,0.01,3.0701278234985114
20.25,118.12710293078135,11.19,10.11,20.87,40.37,0.83,4.12,43.18,0.17,0.0,3.0701278234985114
28.71,118.12710293078135,7.87,5.45,12.81,43.92,0.84,4.68,38.92,0.14,0.0,3.0701278234985114
10.99,118.12710293078135,8.53,8.16,15.85,45.0,0.7,4.13,39.6,0.18,0.0,3.0701278234985114
18.49,118.12710293078135,9.73,8.74,18.39,44.56,1.06,4.49,43.39,0.15,0.0,3.0701278234985114
28.06,118.12710293078135,8.39,15.18,22.97,44.83,0.93,5.0,48.74,0.14,0.02,3.0701278234985114
30.39,118.12710293078135,7.25,14.36,21.31,45.35,1.01,3.87,46.54,0.15,0.0,3.0701278234985114
27.01,118.12710293078135,6.7,12.19,18.62,41.6,1.01,5.66,57.0,0.14,0.01,3.0701278234985114
21.24,118.12710293078135,6.9,10.08,15.94,41.13,0.84,7.14,46.91,0.12,0.11,3.0701278234985114
22.78,118.12710293078135,7.5,9.37,16.33,41.49,1.12,6.79,49.94,0.15,0.0,3.0701278234985114
25.2,33.86,7.42,9.59,16.23,43.04,1.01,6.77,49.76,0.16,0.01,3.0701278234985114
27.82,311.98,7.95,8.96,16.14,44.75,1.0,6.44,41.21,0.14,0.51,3.0701278234985114
20.0,234.46,9.17,9.65,18.62,38.36,1.07,7.23,39.81,0.13,0.03,3.0701278234985114
31.03,118.12710293078135,8.98,10.58,18.71,39.58,1.12,6.1,38.64,0.12,0.0,3.0701278234985114
18.85,127.81,6.8,7.97,12.57,44.57,1.02,4.8,47.36,0.11,0.0,3.0701278234985114
18.83,25.52,10.66,9.24,16.95,44.09,1.07,6.57,53.61,0.08,0.02,3.0701278234985114
20.61,13.84,8.01,9.41,16.64,44.45,1.01,4.04,59.22,0.1,0.08,3.0701278234985114
18.5,76.53,7.75,8.64,15.78,42.17,1.05,4.05,60.66,0.03,0.02,3.0701278234985114
18.53,27.33,10.03,9.51,19.15,43.01,1.09,5.31,55.1,0.11,0.1,3.0701278234985114
40.73,42.38,8.42,10.97,18.93,44.39,1.17,5.12,52.89,0.11,0.0,3.0701278234985114
23.04,72.71,10.77,12.62,21.97,42.77,1.16,6.34,46.75,0.06,0.13,3.0701278234985114
22.43,32.25,8.69,16.08,21.03,42.45,0.96,5.45,55.54,0.07,0.02,3.0701278234985114
30.42,118.12710293078135,9.47,13.97,15.9,51.0,0.83,6.85,41.46,0.12,0.0,3.0701278234985114
20.17,56.04,8.98,14.53,22.91,30.11,1.03,4.18,52.51,0.06,0.0,3.0701278234985114
19.34,43.22,8.35,11.06,18.82,31.52,1.17,6.57,51.3,0.05,0.05,3.0701278234985114
24.1,42.54,9.39,12.26,22.1,36.36,1.18,4.44,56.23,0.09,0.0,3.0701278234985114
32.37,43.27,9.63,15.03,24.29,34.49,1.08,7.76,53.18,0.08,0.0,3.0701278234985114
23.75,38.41,6.83,7.94,13.96,35.0,1.14,5.55,66.85,0.12,0.04,3.0701278234985114
26.42,39.3,7.25,12.96,19.59,33.2,1.1,7.29,68.51,0.1,0.07,3.0701278234985114
25.93,45.54,7.81,10.0,16.39,35.98,0.76,6.48,77.45,0.09,0.0,3.0701278234985114
15.95,4.85,6.22,10.72,16.44,33.52,1.02,9.23,48.37,0.09,0.0,3.0701278234985114
21.57,27.05,6.57,4.95,11.52,8.8,1.14,9.75,25.46,0.04,0.23,3.0701278234985114
25.27,32.08,6.86,5.35,12.21,8.21,1.18,10.92,23.45,0.04,0.31,3.0701278234985114
30.04,35.85,7.37,6.23,13.6,7.35,1.15,10.51,17.24,0.04,0.27,3.0701278234985114
24.54,31.41,6.23,4.1,10.33,6.65,1.11,9.0,22.96,0.02,0.09,3.0701278234985114
33.9,46.17,6.38,4.63,11.01,5.88,1.2,10.29,21.44,0.03,0.2,3.0701278234985114
52.45,60.71,6.4,4.83,11.23,8.29,1.29,13.17,21.6,0.02,0.07,3.0701278234985114
41.86,53.51,6.42,5.13,11.54,7.91,1.23,10.78,26.17,0.0,0.0,3.0701278234985114
31.96,40.35,10.09,8.43,18.53,8.5,1.06,10.19,24.67,0.0,0.0,3.0701278234985114
25.27,31.0,7.16,9.76,16.92,17.23,1.13,12.64,24.69,0.0,0.0,3.0701278234985114
14.62,21.66,6.14,7.23,13.37,11.82,0.92,9.3,29.76,0.0,0.0,3.0701278234985114
31.72,40.05,7.53,9.86,17.39,12.78,1.01,10.14,25.1,0.0,0.0,3.0701278234985114
45.61,58.71,7.41,8.76,16.17,16.78,1.07,12.19,23.55,0.0,0.0,3.0701278234985114
47.61,60.24,7.68,9.09,16.77,17.37,1.08,11.53,22.5,0.0,0.0,3.0701278234985114
40.11,58.23,7.7,8.03,15.73,16.98,1.09,12.98,20.05,0.0,0.0,3.0701278234985114
40.07,54.75,7.08,7.6,14.68,16.77,1.09,11.29,22.67,0.0,0.0,3.0701278234985114
39.21,54.24,6.98,7.64,14.62,16.48,1.05,11.11,24.46,0.0,0.0,3.0701278234985114
24.28,33.56,6.03,5.44,11.47,13.2,0.91,9.87,23.45,0.0,0.0,3.0701278234985114
32.92,46.75,9.74,8.87,18.61,23.1,1.13,12.05,21.03,0.06,0.19,3.0701278234985114
32.66,44.95,9.48,8.66,18.14,17.79,1.14,10.79,16.94,0.05,0.29,3.0701278234985114
40.89,49.26,9.23,9.57,18.79,23.48347601937197,1.11,10.44,16.05,0.05,0.25,3.0701278234985114
31.52,39.65,9.43,7.96,17.39,23.48347601937197,1.19,10.58,17.62,0.06,0.29,3.0701278234985114
34.24,42.61,9.66,7.25,16.91,23.48347601937197,1.29,12.44,18.07,0.09,0.3,3.0701278234985114
18.28,24.06,8.25,5.0,13.25,23.48347601937197,1.02,9.08,17.73,0.03,0.06,3.0701278234985114
20.57,30.17,21.38,9.03,16.33,28.83,1.08,9.95,18.84,0.04,0.22,3.0701278234985114
22.24,30.83,12.11,16.56,28.67,33.46,1.1,9.17,15.45,0.03,0.27,3.0701278234985114
32.66,42.31,10.8,16.06,26.86,32.64,1.12,10.15,20.99,0.04,0.22,3.0701278234985114
38.05,50.06,11.61,18.12,29.73,31.08,1.16,9.78,21.53,0.04,0.36,3.0701278234985114
43.69,57.64,13.81,16.21,30.02,30.6,1.21,9.97,15.25,0.04,0.42,3.0701278234985114
33.18,43.18,11.79,16.49,28.28,28.84,1.2,9.32,17.25,0.03,0.31,3.0701278234985114
20.3,28.53,11.04,15.35,26.39,26.22,1.08,8.76,16.49,0.02,0.15,3.0701278234985114
25.52,37.46,9.89,15.81,25.7,26.58,1.17,10.05,23.05,0.04,0.27,3.0701278234985114
33.77,60.13,10.69,16.19,26.88,27.95,1.11,9.86,20.52,0.04,0.34,3.0701278234985114
26.0,34.04,11.83,16.04,27.87,28.33,1.03,9.67,20.58,0.03,0.38,3.0701278234985114
23.53,25.85,9.49,14.15,23.64,28.17,1.34,9.47,22.82,0.03,0.04,3.0701278234985114
18.46,23.48,9.72,14.24,23.95,26.82,1.28,9.1,21.57,0.03,0.1,3.0701278234985114
24.63,30.93,10.59,14.46,25.05,28.25,1.33,9.93,21.48,0.03,0.08,3.0701278234985114
28.19,45.47,11.46,14.71,26.17,31.24,1.32,9.12,21.14,0.03,0.02,3.0701278234985114
29.67,39.09,10.73,15.24,25.98,32.4,1.34,9.24,22.49,0.03,0.03,3.0701278234985114
22.93,30.85,9.28,14.95,24.24,32.32,1.36,9.29,22.83,0.04,0.05,3.0701278234985114
42.15,49.46,10.22,14.55,24.77,32.74,1.41,9.82,23.49,0.04,0.0,3.0701278234985114
33.16,46.87,8.47,13.11,21.58,29.66,1.3,8.54,25.3,0.02,0.01,3.0701278234985114
37.3,49.5,9.98,17.11,27.08,28.0,1.43,9.65,20.4,0.04,0.0,3.0701278234985114
36.5,47.87,11.01,14.28,25.28,29.73,1.4,9.56,18.9,0.04,0.02,3.0701278234985114
46.54,60.6,10.81,15.3,26.11,32.5,1.47,9.95,19.73,0.04,0.01,3.0701278234985114
30.42,46.23,10.59,14.59,25.18,33.14,1.4,9.48,19.32,0.03,0.02,3.0701278234985114
32.04,42.82,10.02,13.03,23.05,30.34,1.47,9.52,17.73,0.04,0.03,3.0701278234985114
17.83,24.72,9.45,11.43,20.87,28.32,1.42,8.84,18.86,0.03,0.06,3.0701278234985114
8.99,13.35,8.83,10.06,18.89,25.25,1.3,8.41,18.23,0.01,0.04,3.0701278234985114
16.17,22.18,9.35,10.12,19.47,25.99,1.4,8.92,17.98,0.02,0.14,3.0701278234985114
26.24,31.0,10.16,10.66,20.83,27.56,1.53,9.18,15.36,0.02,0.12,3.0701278234985114
27.31,33.33,11.54,9.81,21.34,26.66,1.48,9.88,11.47,0.04,0.03,3.0701278234985114
13.02,21.58,9.39,7.31,16.71,26.76,1.3,9.44,21.12,0.02,0.02,3.0701278234985114
16.04,18.93,8.7,6.16,14.86,32.28,1.38,9.54,21.33,0.03,0.0,3.0701278234985114
17.98,22.41,8.89,5.97,14.85,31.14,1.32,8.38,18.33,0.02,0.0,3.0701278234985114
23.38,28.34,10.23,7.36,17.58,28.44,1.33,8.69,13.68,0.02,0.0,3.0701278234985114
30.14,36.58,9.75,8.29,18.03,26.29,1.37,8.93,17.27,0.02,0.0,3.0701278234985114
27.15,32.37,9.15,8.65,17.8,26.68,1.47,9.08,21.6,0.03,0.01,3.0701278234985114
18.39,21.44,8.54,6.9,15.44,26.69,1.32,8.27,23.87,0.02,0.0,3.0701278234985114
22.4,28.27,9.13,7.83,16.96,25.25,1.37,8.48,18.16,0.02,0.0,3.0701278234985114
34.0,39.77,10.97,8.4,19.37,23.99,1.46,8.93,15.78,0.01,0.0,3.0701278234985114
20.52,25.03,9.26,7.08,16.34,22.55,1.38,8.42,17.08,0.01,0.0,3.0701278234985114
25.72,30.68,10.2,8.11,18.32,22.26,1.45,8.95,17.0,0.02,0.0,3.0701278234985114
35.3,44.65,9.66,8.84,18.5,22.16,1.48,8.77,16.9,0.02,0.03,3.0701278234985114
26.08,38.26,9.18,7.94,17.12,21.85,1.48,8.83,15.24,0.02,0.0,3.0701278234985114
23.94,36.68,9.58,7.75,17.34,20.73,1.44,9.55,13.29,0.02,0.0,3.0701278234985114
24.59,36.39,8.89,7.15,16.04,21.57,1.45,9.78,14.73,0.01,0.0,3.0701278234985114
26.58,37.85,8.77,7.44,16.21,21.71,1.51,10.3,18.66,0.02,0.0,3.0701278234985114
12.12,17.22,8.32,6.65,14.97,19.4,1.38,8.85,17.4,0.01,0.0,3.0701278234985114
18.07,29.03,8.33,6.63,14.96,23.48347601937197,1.44,9.4,20.4,0.01,0.0,3.0701278234985114
18.29,26.21,8.45,7.67,16.12,23.48347601937197,1.58,9.69,24.99,0.02,0.0,3.0701278234985114
14.18,19.5,8.23,7.81,16.04,2.69,1.51,8.63,18.18,0.01,0.0,3.0701278234985114
10.99,16.31,7.94,9.74,17.69,2.13,1.6,8.24,17.71,0.01,0.0,3.0701278234985114
19.54,25.15,8.5,10.78,19.28,1.93,1.66,8.74,15.98,0.01,0.0,3.0701278234985114
20.2,34.12,9.33,10.91,20.25,2.09,1.65,9.41,13.42,0.02,0.12,3.0701278234985114
22.45,32.45,8.47,8.44,16.9,2.71,1.86,8.99,14.89,0.01,0.12,3.0701278234985114
16.71,26.91,7.72,5.04,12.64,3.73,1.73,8.26,15.78,0.02,0.2,3.0701278234985114
15.74,22.09,7.93,5.83,13.76,3.46,1.68,8.3,15.92,0.01,0.12,3.0701278234985114
10.25,14.91,7.28,3.29,10.14,4.32,1.52,7.53,16.01,0.0,0.02,3.0701278234985114
15.48,27.15,7.63,4.61,12.22,3.9,1.5,8.97,17.62,0.01,0.06,3.0701278234985114
19.25,26.54,8.49,7.04,15.52,3.31,1.48,8.47,13.55,0.01,0.07,3.0701278234985114
18.33,24.32,7.65,4.4,12.05,4.01,1.56,8.41,18.33,0.01,0.17,3.0701278234985114
24.77,30.35,8.54,6.82,15.37,3.4,1.62,8.85,18.34,0.01,0.13,3.0701278234985114
30.56,38.2,9.2,6.43,15.62,3.7,1.63,9.0,17.11,0.01,0.09,3.0701278234985114
17.2,21.19,8.85,4.44,13.2,4.38,1.51,8.72,15.53,0.01,0.03,3.0701278234985114
23.29,28.7,7.79,3.11,10.87,4.64,1.59,8.86,17.23,0.01,0.17,3.0701278234985114
24.66,30.55,7.77,3.2,10.97,4.6,1.61,8.65,19.0,0.01,0.16,3.0701278234985114
21.46,30.93,8.13,3.78,11.9,4.5,1.64,9.03,19.51,0.01,0.17,3.0701278234985114
15.12,17.74,9.56,7.26,14.73,3.9,1.6,8.56,19.64,0.02,0.13,3.0701278234985114
28.17,92.79,7.45,12.36,19.81,1.87,1.63,9.17,20.65,0.02,0.14,3.0701278234985114
32.52,32.53,8.68,12.85,21.53,1.81,1.39,9.46,19.73,0.02,0.11,3.0701278234985114
23.5,28.44,7.28,9.9,17.18,2.59,1.42,9.57,22.24,0.02,0.06,3.0701278234985114
24.67,35.74,9.6,12.88,22.47,2.7,1.43,10.44,18.83,0.01,0.2,3.0701278234985114
29.16,34.32,12.17,16.04,28.21,1.7,1.47,10.75,17.68,0.01,0.18,3.0701278234985114
32.48,39.58,8.74,10.18,18.91,2.73,1.49,10.23,16.96,0.02,0.32,3.0701278234985114
22.37,33.05,8.42,8.98,17.41,3.08,1.49,9.78,16.06,0.01,0.36,3.0701278234985114
32.43,40.51,10.69,13.46,24.14,2.19,1.68,10.61,18.72,0.02,0.26,3.0701278234985114
28.91,36.33,9.95,15.53,25.49,2.1,1.75,10.2,25.25,0.02,0.16,3.0701278234985114
27.22,33.02,7.78,8.08,15.86,3.26,1.69,10.07,25.24,0.01,0.09,3.0701278234985114
25.04,32.78,7.23,8.1,15.33,3.01,1.72,10.29,29.28,0.01,0.09,3.0701278234985114
33.09,37.68,7.63,9.07,16.69,3.16,1.71,9.8,22.04,0.02,0.18,3.0701278234985114
31.11,34.26,7.03,6.01,13.04,3.59,1.71,9.57,39.08,0.01,0.12,3.0701278234985114
38.4,46.39,6.86,7.5,14.36,2.98,1.74,9.76,37.54,0.01,0.17,3.0701278234985114
39.31,53.54,7.23,7.16,14.39,3.1,1.75,10.27,34.91,0.01,0.17,3.0701278234985114
29.37,39.73,6.91,7.82,14.73,3.09,1.76,10.43,46.46,0.01,0.15,3.0701278234985114
29.47,37.82,6.64,4.88,11.5,3.72,1.64,9.85,40.39,0.01,0.08,3.0701278234985114
20.54,25.22,6.4,2.78,9.15,4.37,1.57,10.12,41.74,0.02,0.08,3.0701278234985114
14.83,17.47,6.42,3.07,9.19,4.47,1.54,9.42,46.68,0.01,0.06,3.0701278234985114
37.4,42.97,6.81,6.55,13.35,3.29,1.71,10.09,37.95,0.01,0.16,3.0701278234985114
33.08,40.8,7.38,12.03,19.42,2.95,1.77,10.22,29.95,0.01,0.12,3.0701278234985114
36.99,45.64,8.18,23.55,31.73,0.46,1.78,10.68,33.03,0.01,0.13,3.0701278234985114
27.83,35.86,7.72,14.49,22.22,0.94,1.74,10.65,34.71,0.01,0.09,3.0701278234985114
11.52,14.79,6.63,7.54,14.17,2.76,1.65,10.06,30.15,0.02,0.05,3.0701278234985114
24.05,27.29,9.42,18.1,27.51,5.24,2.0,10.9,29.78,0.0,0.0,3.0701278234985114
26.5,30.81,7.05,10.77,17.82,5.63,1.8,10.2,31.48,0.0,0.0,3.0701278234985114
20.96,23.61,11.79,10.32,22.11,9.45,1.74,9.78,20.0,0.0,0.0,3.0701278234985114
13.91,21.06,7.58,9.24,16.78,6.74,1.7,9.48,21.79,0.0,0.0,3.0701278234985114
17.97,19.39,7.24,5.85,12.71,7.76,1.73,10.61,25.7,0.0,0.0,3.0701278234985114
26.81,34.61,7.44,6.07,12.53,8.07,1.7,11.78,26.31,0.0,0.0,3.0701278234985114
9.46,12.44,6.4,5.43,11.51,7.36,1.61,10.17,22.77,0.0,0.0,3.0701278234985114
17.27,19.03,9.82,14.64,24.46,6.46,1.75,10.14,18.75,0.0,0.0,3.0701278234985114
18.79,22.86,10.27,13.75,23.83,6.82,1.9,10.06,21.08,0.0,0.0,3.0701278234985114
7.62,15.8,8.84,13.31,22.15,6.39,1.9,10.73,24.09,0.0,0.0,3.0701278234985114
11.63,19.73,8.69,10.5,18.62,7.39,1.28,10.27,26.59,0.0,0.0,3.0701278234985114
41.93,48.23,12.98,26.71,39.69,4.94,0.91,11.89,26.22,0.0,0.0,3.0701278234985114
23.94,26.71,8.77,18.38,27.14,4.67,0.8,10.78,32.72,0.0,0.0,3.0701278234985114
48.43,62.59,10.02,31.98,41.99,2.93,0.73,11.04,44.09,0.0,0.0,3.0701278234985114
44.09,56.54,11.03,21.36,31.42,3.88,0.27,9.79,41.21,0.0,0.0,3.0701278234985114
42.52,55.08,10.01,22.85,32.86,3.56,0.3,10.34,38.86,0.0,0.0,3.0701278234985114
29.68,44.27,8.53,20.4,28.93,3.57,0.31,10.35,44.38,0.0,0.0,3.0701278234985114
33.6,39.11,9.49,17.88,27.37,3.8,0.33,9.84,46.4,0.0,0.0,3.0701278234985114
23.15,25.42,8.75,14.92,23.68,4.07,0.28,9.79,44.49,0.0,0.0,3.0701278234985114
37.65,50.65,11.44,29.58,41.05,3.36,0.53,10.52,37.11,0.0,0.0,3.0701278234985114
52.48,61.45,12.21,31.26,43.46,3.19,0.58,12.9,47.02,0.0,0.0,3.0701278234985114
37.83,47.3,10.56,26.77,37.34,3.39,0.45,14.87,44.47,0.0,0.0,3.0701278234985114
43.18,49.36,11.09,28.47,39.56,3.44,0.47,12.56,37.82,0.0,0.0,3.0701278234985114
36.48,43.78,11.36,23.84,35.21,4.77,0.42,12.44,31.05,0.0,0.0,3.0701278234985114
37.91,42.54,9.71,23.99,33.7,4.47,0.43,12.93,33.48,0.0,0.0,3.0701278234985114
30.69,32.7,7.56,16.58,24.14,5.06,0.45,12.08,44.0,0.0,0.0,3.0701278234985114
28.62,39.01,15.43,31.32,41.45,7.53,0.52,12.8,20.34,0.0,0.0,3.0701278234985114
40.62,55.44,14.86,31.43,46.29,4.69,0.64,15.93,24.99,0.0,0.0,3.0701278234985114
27.97,33.76,13.84,22.97,34.21,5.37,0.65,15.2,24.34,0.0,0.0,3.0701278234985114
40.82,60.26,11.08,28.22,39.31,3.79,1.01,13.21,29.18,0.0,0.0,3.0701278234985114
37.61,47.12,11.4,30.24,41.64,3.3,0.86,14.02,32.71,0.0,0.0,3.0701278234985114
40.82,47.48,8.24,25.42,33.66,3.13,0.72,11.67,39.49,0.0,0.0,3.0701278234985114
45.61,59.47,7.96,25.28,33.24,3.56,0.73,13.1,45.32,0.0,0.0,3.0701278234985114
44.08,56.18,10.09,29.24,39.33,3.39,0.78,13.34,34.43,0.0,0.0,3.0701278234985114
35.34,45.8,8.78,23.67,32.45,3.29,0.72,12.21,35.72,0.0,0.0,3.0701278234985114
37.45,56.98,12.63,27.06,39.68,4.64,0.76,12.43,23.12,0.0,0.0,3.0701278234985114
28.59,39.6,11.67,24.31,35.99,5.2,0.74,13.05,21.37,0.01,0.05,3.0701278234985114
24.58,28.98,14.52,27.19,41.71,5.92,0.69,13.02,15.06,0.01,0.09,3.0701278234985114
36.7,57.77,9.72,23.8,33.51,4.0,0.64,12.83,31.07,0.01,0.01,3.0701278234985114
50.37,69.92,9.67,32.17,41.84,2.81,0.64,12.84,44.62,0.01,0.0,3.0701278234985114
47.21,53.76,8.18,28.01,36.2,2.56,0.64,11.9,50.73,0.01,0.01,3.0701278234985114
22.85,26.88,6.91,16.03,22.94,4.26,0.55,10.93,38.65,0.02,0.02,3.0701278234985114
30.38,40.05,9.54,27.02,36.55,3.59,0.63,12.43,38.32,0.02,0.01,3.0701278234985114
33.68,55.88,9.33,28.68,38.0,2.96,0.58,13.49,39.94,0.01,0.01,3.0701278234985114
36.58,56.89,20.65,22.38,23.2,4.85,0.75,12.16,38.75,0.01,0.0,3.0701278234985114
36.78,46.35,37.56,0.09,0.05,23.48347601937197,0.76,1.92,46.97,0.01,0.0,3.0701278234985114
30.23,41.54,45.71,28.560659061126955,0.0,23.48347601937197,0.78,2.72,38.29,0.01,0.0,3.0701278234985114
23.77,26.0,55.71,28.560659061126955,0.0,23.48347601937197,0.87,1.05,19.71,0.02,0.0,3.0701278234985114
20.89,24.61,59.29,28.560659061126955,0.0,23.48347601937197,0.73,0.48,30.83,0.02,0.0,3.0701278234985114
33.1,44.79,60.04,28.560659061126955,0.0,23.48347601937197,0.88,1.66,32.28,0.02,0.0,3.0701278234985114
41.65,48.33,74.01,28.560659061126955,0.0,23.48347601937197,0.98,1.84,21.65,0.01,0.0,3.0701278234985114
54.83,64.85,87.9,28.560659061126955,0.0,23.48347601937197,1.19,1.72,23.44,0.01,0.0,3.0701278234985114
40.64,47.08,70.12,67.46,20.18,8.48,1.22,2.22,17.93,0.02,0.01,3.0701278234985114
47.34,57.42,2.1,61.67,56.78,3.95,1.25,0.98,27.54,0.01,0.0,3.0701278234985114
61.83,64.64,1.82,28.01,29.82,0.86,1.1,1.8,33.82,0.01,0.0,3.0701278234985114
52.93,61.52,1.83,41.45,43.02,2.22,0.93,1.65,45.61,0.01,0.0,3.0701278234985114
45.62,51.92,1.8,43.21,45.02,23.48347601937197,0.9,2.5,44.86,0.02,0.0,3.0701278234985114
25.47,29.67,1.85,38.57,40.44,1.03,0.95,0.69,26.17,0.02,0.0,3.0701278234985114
44.69,55.01,1.32,32.72,34.07,3.12,0.69,1.7,28.94,0.01,0.0,3.0701278234985114
50.32,59.46,0.77,17.86,18.6,3.92,0.31,2.34,37.31,0.02,0.0,3.0701278234985114
29.87,37.2,0.68,16.25,15.8,7.94,0.05,2.57,44.05,0.01,0.0,3.0701278234985114
37.97,41.65,0.68,17.98,18.78,5.76,0.08,2.02,47.98,0.0,0.0,3.0701278234985114
46.3,59.72,0.65,22.7,23.62,7.98,0.21,3.05,46.41,0.01,0.0,3.0701278234985114
45.86,55.02,0.72,25.69,24.4,7.2,0.25,1.23,41.59,0.02,0.0,3.0701278234985114
35.43,43.42,0.68,10.99,10.73,6.48,0.24,1.7,32.52,0.01,0.0,3.0701278234985114
35.5,47.63,0.75,11.44,12.45,7.36,0.23,1.35,22.6,0.01,0.0,3.0701278234985114
30.71,43.01,1.03,57.52,59.02,10.82,0.3,6.8,18.95,0.01,0.0,3.0701278234985114
35.75,46.27,1.53,54.12,55.69,1.1,0.35,5.44,25.08,0.02,0.0,3.0701278234985114
37.35,42.38,1.11,32.55,33.68,3.32,0.27,5.87,25.41,0.01,0.0,3.0701278234985114
33.6,45.27,0.68,2.76,3.8,8.31,0.2,8.38,31.52,0.01,0.0,3.0701278234985114
26.73,38.02,47.78,5.88,0.89,13.99,0.15,8.0,31.11,0.01,0.0,3.0701278234985114
34.26,58.5,56.71,13.85,0.38,16.79,0.17,7.74,38.13,0.01,0.0,3.0701278234985114
45.82,57.87,11.78,28.560659061126955,0.0,23.48347601937197,0.3,9.01,46.19,0.01,0.0,3.0701278234985114
44.68,59.03,5.22,58.36,30.51,23.48347601937197,0.24,8.8,47.16,0.01,0.0,3.0701278234985114
36.16,48.06,0.19,52.78,52.98,23.48347601937197,0.22,8.22,39.7,0.01,0.0,3.0701278234985114
46.28,54.42,0.24,56.59,56.83,23.48347601937197,0.28,7.02,41.11,0.01,0.0,3.0701278234985114
56.33,62.29,0.35,76.87,77.21,23.48347601937197,0.28,6.82,45.14,0.02,0.0,3.0701278234985114
56.49,59.76,0.27,67.22,67.49,23.48347601937197,0.25,7.84,55.24,0.02,0.0,3.0701278234985114
45.78,47.38,0.2,60.29,60.49,23.48347601937197,0.16,7.98,64.71,0.01,0.0,3.0701278234985114
32.48,35.77,0.21,61.69,61.91,23.48347601937197,0.1,7.79,54.34,0.01,0.0,3.0701278234985114
31.88,36.05,0.29,67.32,67.64,23.48347601937197,0.16,6.72,43.32,0.01,0.0,3.0701278234985114
30.91,37.46,0.24,58.28,58.54,23.48347601937197,0.16,8.74,31.39,0.0,0.0,3.0701278234985114
21.93,24.0,0.25,58.35,58.59,23.48347601937197,0.11,6.41,33.78,0.0,0.0,3.0701278234985114
24.39,32.93,0.67,45.88,46.56,6.23,0.17,10.93,42.57,0.0,0.0,3.0701278234985114
31.25,44.99,0.86,16.24,17.14,9.22,0.16,9.15,56.58,0.0,0.0,3.0701278234985114
35.25,46.52,0.84,16.01,16.97,9.23,0.23,9.87,43.74,0.01,0.0,3.0701278234985114
42.81,50.62,0.86,17.48,18.45,4.73,0.3,10.25,25.75,0.0,0.0,3.0701278234985114
26.3,48.92,1.05,30.95,32.02,23.48347601937197,0.53,12.5,49.37,0.02,0.0,3.0701278234985114
26.64,50.08,1.18,35.97,37.15,23.48347601937197,0.4,11.11,54.09,0.01,0.0,3.0701278234985114
31.1,60.39,1.48,46.36,47.84,23.48347601937197,0.45,10.25,52.9,0.01,0.0,3.0701278234985114
58.52,106.0,1.62,51.57,53.2,23.48347601937197,0.35,7.71,57.03,0.01,0.0,3.0701278234985114
46.67,62.62,1.06,32.5,33.56,23.48347601937197,0.28,9.08,34.4,0.01,0.0,3.0701278234985114
43.84,56.9,0.48,20.93,21.42,2.29,0.42,9.03,36.77,0.01,0.0,3.0701278234985114
36.23,46.99,0.34,14.64,14.59,3.45,0.33,7.93,43.26,0.01,0.0,3.0701278234985114
33.16,38.77,0.25,9.66,10.01,3.34,0.28,7.23,49.97,0.0,0.0,3.0701278234985114
37.73,50.33,0.52,43.14,43.85,2.77,0.38,11.09,46.42,0.0,0.0,3.0701278234985114
37.27,50.48,1.55,62.1,63.67,23.48347601937197,0.49,10.37,39.16,0.0,0.0,3.0701278234985114
43.04,70.79,2.18,83.07,85.26,23.48347601937197,0.32,8.77,44.0,0.0,0.0,3.0701278234985114
38.17,50.14,0.95,55.45,56.31,20.81,0.2,8.61,51.15,0.01,0.0,3.0701278234985114
35.23,45.7,0.71,46.19,46.9,23.48347601937197,0.17,7.45,52.14,0.0,0.0,3.0701278234985114
27.46,34.34,0.55,38.61,39.14,23.48347601937197,0.09,6.65,47.2,0.0,0.0,3.0701278234985114
36.0,45.45,0.4,30.57,30.97,23.48347601937197,0.19,9.32,50.77,0.0,0.0,3.0701278234985114
32.89,48.87,1.02,21.79,21.1,1.59,0.39,11.51,48.39,0.0,0.0,3.0701278234985114
35.96,50.0,0.28,21.83,22.1,0.71,0.6,13.08,43.57,0.0,0.0,3.0701278234985114
46.63,58.56,0.45,32.29,32.74,23.48347601937197,0.61,11.42,57.01,0.0,0.0,3.0701278234985114
45.39,58.1,0.63,41.53,42.17,23.48347601937197,0.78,14.14,56.45,0.01,0.0,3.0701278234985114
40.44,53.49,0.36,27.68,28.04,23.48347601937197,0.72,14.2,60.89,0.0,0.0,3.0701278234985114
49.23,64.04,0.38,29.87,30.25,23.48347601937197,0.71,14.86,64.62,0.0,0.0,3.0701278234985114
47.22,54.3,0.25,17.71,17.98,0.25,0.55,12.09,45.79,0.0,0.01,3.0701278234985114
33.9,41.24,0.32,28.86,29.19,23.48347601937197,0.88,12.52,38.73,0.0,0.0,3.0701278234985114
41.89,44.26,0.32,31.26,31.57,23.48347601937197,0.92,9.61,57.68,0.0,0.0,3.0701278234985114
49.67,63.92,0.32,30.89,31.23,23.48347601937197,0.96,11.06,60.08,0.0,0.0,3.0701278234985114
43.19,80.52,0.46,37.31,37.76,23.48347601937197,1.02,8.85,59.67,0.01,0.0,3.0701278234985114
40.65,57.11,0.36,29.17,29.51,23.48347601937197,0.95,9.13,47.99,0.01,0.0,3.0701278234985114
39.84,54.32,0.36,31.01,31.37,23.48347601937197,0.83,10.79,63.33,0.0,0.0,3.0701278234985114
35.97,50.0,0.23,22.27,22.5,23.48347601937197,0.78,8.86,55.96,0.0,0.0,3.0701278234985114
42.85,52.95,0.4,30.83,31.24,23.48347601937197,0.93,8.87,57.21,0.0,0.0,3.0701278234985114
34.54,43.1,0.41,32.06,32.49,23.48347601937197,0.8,7.61,57.79,0.0,0.0,3.0701278234985114
37.11,50.99,0.5,38.17,38.67,23.48347601937197,0.83,8.34,62.12,0.0,0.0,3.0701278234985114
44.77,56.86,0.59,40.93,41.51,23.48347601937197,0.75,8.37,49.42,0.0,0.0,3.0701278234985114
45.66,56.92,0.56,38.98,39.43,23.48347601937197,0.72,6.62,31.66,0.0,0.0,3.0701278234985114
42.56,55.96,0.68,42.92,43.59,23.48347601937197,0.55,8.88,33.67,0.0,0.0,3.0701278234985114
30.07,38.68,0.59,41.11,41.7,23.48347601937197,0.54,7.58,37.6,0.0,0.0,3.0701278234985114
31.77,47.87,0.51,37.25,37.77,23.48347601937197,0.66,8.59,40.81,0.0,0.0,3.0701278234985114
28.76,46.77,0.49,36.5,37.01,23.48347601937197,0.75,7.95,42.77,0.01,0.0,3.0701278234985114
32.77,61.23,0.59,39.9,40.48,23.48347601937197,0.76,7.56,41.89,0.0,0.0,3.0701278234985114
36.04,60.17,0.6,40.44,41.05,23.48347601937197,0.8,7.76,39.75,0.0,0.0,3.0701278234985114
36.07,61.08,0.62,39.17,39.78,9.19,0.78,9.38,33.48,0.0,0.0,3.0701278234985114
32.11,54.18,0.87,56.73,57.55,23.48347601937197,0.69,8.89,40.81,0.0,0.0,3.0701278234985114
37.96,52.08,0.74,53.17,53.91,23.48347601937197,0.65,10.87,48.92,0.0,0.0,3.0701278234985114
35.78,72.29,0.64,48.19,48.32,9.38,0.73,9.96,36.31,0.0,0.0,3.0701278234985114
29.92,46.25,0.36,37.54,37.92,3.27,0.57,8.92,33.96,0.0,0.0,3.0701278234985114
29.96,44.05,0.57,45.23,45.8,23.48347601937197,0.73,9.27,40.21,0.0,0.0,3.0701278234985114
40.64,49.77,1.1,72.38,73.47,23.48347601937197,0.88,7.76,33.14,0.0,0.0,3.0701278234985114
44.99,60.23,0.86,61.93,62.8,23.48347601937197,0.8,6.98,36.49,0.0,0.0,3.0701278234985114
36.12,44.99,0.83,58.79,44.67,23.48347601937197,0.67,6.81,28.44,0.0,0.0,3.0701278234985114
25.82,25.23,0.58,52.79,53.35,23.48347601937197,0.85,7.74,33.07,0.0,0.0,3.0701278234985114
29.09,28.11,0.61,59.11,59.72,23.48347601937197,0.59,7.04,37.5,0.0,0.03,3.0701278234985114
22.71,25.19,0.75,64.4,65.14,23.48347601937197,0.56,6.06,31.9,0.0,0.02,3.0701278234985114
22.36,24.17,0.7,60.94,61.63,23.48347601937197,0.57,6.39,41.17,0.0,0.08,3.0701278234985114
14.86,15.9,0.71,62.23,62.95,23.48347601937197,0.51,5.92,21.17,0.0,0.05,3.0701278234985114
30.21,91.09,0.95,72.56,73.48,23.48347601937197,0.62,6.13,22.99,0.0,0.06,3.0701278234985114
33.51,36.69,1.07,77.9,78.96,23.48347601937197,0.65,6.33,23.33,0.0,0.06,3.0701278234985114
24.33,26.13,1.01,75.48,76.48,23.48347601937197,0.64,6.07,20.31,0.0,0.05,3.0701278234985114
28.44,30.88,1.04,76.13,77.18,23.48347601937197,0.64,6.0,20.91,0.0,0.03,3.0701278234985114
26.69,28.72,1.0,73.74,74.75,23.48347601937197,0.66,6.12,19.43,0.0,0.03,3.0701278234985114
23.63,24.78,1.06,77.42,78.46,23.48347601937197,0.67,6.73,19.79,0.0,0.02,3.0701278234985114
18.61,20.53,0.93,69.98,70.93,23.48347601937197,0.68,6.83,16.86,0.0,0.02,3.0701278234985114
18.04,20.53,1.04,74.56,75.59,23.48347601937197,0.69,6.98,17.59,0.0,0.01,3.0701278234985114
21.95,25.42,0.96,71.08,72.05,23.48347601937197,0.7,7.23,19.37,0.0,0.01,3.0701278234985114
18.13,21.56,0.85,67.03,67.88,23.48347601937197,0.73,7.11,22.63,0.0,0.0,3.0701278234985114
24.89,27.94,0.93,70.55,71.47,23.48347601937197,0.76,6.35,19.03,0.0,0.0,3.0701278234985114
23.39,27.13,0.72,48.04,48.74,1.6,0.75,6.45,23.64,0.0,0.0,3.0701278234985114
24.05,30.31,0.93,41.16,42.12,5.82,0.84,6.42,23.09,0.0,0.01,3.0701278234985114
19.22,22.01,0.82,39.38,40.19,23.48347601937197,1.48,6.41,19.23,0.0,0.0,3.0701278234985114
25.32,28.63,0.79,36.82,37.62,1.82,1.46,6.32,17.1,0.0,0.0,3.0701278234985114
25.28,26.13,0.9,41.92,42.81,23.48347601937197,1.49,6.38,20.16,0.0,0.02,3.0701278234985114
29.15,32.01,0.92,42.91,43.83,23.48347601937197,1.53,6.1,20.58,0.0,0.01,3.0701278234985114
30.56,33.81,0.95,44.39,45.32,23.48347601937197,1.48,6.07,22.73,0.0,0.02,3.0701278234985114
23.97,26.28,0.73,33.82,34.51,23.48347601937197,1.42,6.12,27.27,0.0,0.01,3.0701278234985114
23.76,29.44,0.85,38.93,39.77,23.48347601937197,1.4,6.24,22.64,0.0,0.03,3.0701278234985114
26.23,30.39,0.99,44.79,45.75,23.48347601937197,1.42,6.48,18.95,0.0,0.04,3.0701278234985114
28.38,34.57,0.95,32.78,37.66,8.52,0.95,6.32,21.9,0.0,0.05,3.0701278234985114
67.45057794890306,118.12710293078135,17.574729662029362,28.560659061126955,32.30912333307031,23.48347601937197,2.2485982090856145,14.53197725590996,34.49143047551845,3.280840304500585,8.700972080037227,3.0701278234985114
30.42,38.35,17.574729662029362,8.5,3.4,11.79,0.95,5.99,17.44,0.0,0.0,3.0701278234985114
26.1,39.89,17.574729662029362,48.95,37.6,3.93,0.92,5.81,17.48,0.01,0.03,3.0701278234985114
24.84,28.02,17.574729662029362,57.03,51.83,23.48347601937197,1.04,5.71,16.23,0.0,0.01,3.0701278234985114
11.86,15.18,17.574729662029362,50.9,45.61,23.48347601937197,0.97,5.33,17.97,0.0,0.0,3.0701278234985114
12.58,18.11,17.574729662029362,44.61,39.23,23.48347601937197,0.99,5.62,20.58,0.0,0.0,3.0701278234985114
12.65,26.92,17.574729662029362,44.64,39.24,23.48347601937197,0.99,5.4,17.53,0.0,0.0,3.0701278234985114
13.26,23.79,17.574729662029362,36.68,31.17,0.29,1.01,5.54,16.14,0.0,0.0,3.0701278234985114
11.31,17.23,17.574729662029362,36.03,30.58,1.52,1.0,5.56,13.24,0.0,0.0,3.0701278234985114
10.31,16.63,17.574729662029362,39.37,34.05,0.93,1.0,5.69,13.28,0.0,0.0,3.0701278234985114
12.59,18.89,17.574729662029362,38.04,32.87,1.49,1.02,5.79,14.03,0.0,0.0,3.0701278234985114
11.43,15.4,17.574729662029362,35.27,29.76,23.48347601937197,1.06,5.54,17.02,0.0,0.0,3.0701278234985114
18.21,33.68,17.574729662029362,40.31,31.19,3.17,0.8,6.43,20.68,0.0,0.0,3.0701278234985114
34.89,101.42,16.55,31.17,43.75,18.66,0.98,12.34,37.26,2.44,6.8,3.42
28.6,78.83,8.46,31.31,33.5,23.44,2.59,7.97,43.07,1.45,6.72,3.0701278234985114
45.88,118.92,28.83,35.41,56.77,30.36,0.99,8.23,32.24,8.35,14.36,3.0701278234985114
56.56,118.12710293078135,7.36,20.84,20.11,23.48347601937197,0.36,7.91,26.55,7.29,16.03,3.0701278234985114
37.1,60.16,21.97,41.82,59.5,28.42,2.07,8.72,41.57,2.64,16.6,3.0701278234985114
48.95,150.23,18.15,55.2,23.76,41.24,0.54,26.99,49.0,1.8,11.24,3.0701278234985114
41.83,118.12710293078135,20.44,79.9,9.88,40.3,0.0,14.53197725590996,34.49143047551845,0.62,0.0,3.0701278234985114
66.73,295.56,14.64,76.52,9.53,41.19,0.0,14.53197725590996,34.49143047551845,0.65,0.0,3.0701278234985114
43.02,118.12710293078135,19.89,77.07,10.77,38.68,0.0,14.53197725590996,34.49143047551845,0.6,0.0,3.0701278234985114
57.4,166.25,35.93,106.23,16.06,50.52,0.0,14.53197725590996,34.49143047551845,0.58,0.0,3.0701278234985114
41.96,87.16,38.8,70.93,10.95,48.94,0.0,14.53197725590996,34.49143047551845,1.23,0.0,3.0701278234985114
65.19,218.93,48.7,56.65,11.02,48.14,0.0,14.53197725590996,34.49143047551845,1.04,0.0,3.0701278234985114
35.1,88.82,57.03,99.75,18.49,59.54,0.0,14.53197725590996,34.49143047551845,0.39,0.0,3.0701278234985114
36.62,286.38,16.9,54.02,6.56,37.64,0.0,14.53197725590996,34.49143047551845,0.76,0.0,3.0701278234985114
29.83,128.18,30.92,58.02,9.28,41.14,0.0,14.53197725590996,34.49143047551845,0.71,0.0,3.0701278234985114
22.98,103.8,21.6,35.01,5.52,33.87,0.0,14.53197725590996,34.49143047551845,0.48,0.0,3.0701278234985114
43.35,224.62,62.09,17.4,9.35,44.12,0.0,14.53197725590996,34.49143047551845,0.42,0.0,3.0701278234985114
20.52,223.56,28.19,11.37,4.19,32.97,0.0,14.53197725590996,34.49143047551845,0.2,0.0,3.0701278234985114
47.17,118.12710293078135,18.19,18.32,4.13,24.82,0.0,14.53197725590996,34.49143047551845,0.1,0.0,3.0701278234985114
41.42,118.12710293078135,30.0,18.21,5.09,30.98,0.0,14.53197725590996,34.49143047551845,0.12,0.0,3.0701278234985114
45.31,118.12710293078135,32.87,23.52,6.01,28.82,0.0,14.53197725590996,34.49143047551845,0.1,0.0,3.0701278234985114
41.92,118.12710293078135,25.63,18.81,4.9,27.22,0.0,14.53197725590996,34.49143047551845,0.15,0.0,3.0701278234985114
33.04,118.12710293078135,26.7,21.44,5.01,26.19,0.0,14.53197725590996,34.49143047551845,0.25,0.0,3.0701278234985114
32.02,118.12710293078135,16.13,77.47,9.24,37.26,0.0,14.53197725590996,34.49143047551845,0.29,0.0,3.0701278234985114
38.77,118.12710293078135,15.56,76.98,8.39,35.52,0.0,14.53197725590996,34.49143047551845,0.27,0.0,3.0701278234985114
33.56,118.12710293078135,31.69,86.61,11.38,43.34,0.0,14.53197725590996,34.49143047551845,0.36,0.0,3.0701278234985114
37.67,118.12710293078135,25.69,126.91,14.1,49.2,0.0,14.53197725590996,34.49143047551845,0.33,0.0,3.0701278234985114
23.12,118.12710293078135,20.56,23.67,4.69,26.97,0.0,14.53197725590996,34.49143047551845,0.33,0.0,3.0701278234985114
53.69,118.12710293078135,34.95,42.98,8.68,36.4,0.0,14.53197725590996,34.49143047551845,0.2,0.0,3.0701278234985114
61.44,118.12710293078135,52.38,41.75,10.21,43.5,0.0,14.53197725590996,34.49143047551845,0.2,0.0,3.0701278234985114
36.58,118.12710293078135,36.57,29.91,7.08,36.53,0.0,14.53197725590996,34.49143047551845,0.38,0.0,3.0701278234985114
50.42,118.12710293078135,54.85,48.7,11.34,42.64,0.0,14.53197725590996,34.49143047551845,0.79,0.0,3.0701278234985114
48.6,118.12710293078135,38.47,64.0,10.31,31.22,0.0,14.53197725590996,34.49143047551845,0.16,0.0,3.0701278234985114
21.83,118.12710293078135,24.86,35.39,4.87,17.92,0.0,14.53197725590996,34.49143047551845,0.07,0.0,3.0701278234985114
30.12,118.12710293078135,13.21,49.91,6.85,18.69,0.0,14.53197725590996,34.49143047551845,0.08,0.0,3.0701278234985114
35.23,118.12710293078135,15.5,64.66,7.81,23.94,0.0,14.53197725590996,34.49143047551845,0.1,0.0,3.0701278234985114
39.6,118.12710293078135,20.73,68.78,8.36,26.78,0.0,14.53197725590996,34.49143047551845,0.0,0.0,3.0701278234985114
46.25,118.12710293078135,22.87,60.15,8.16,24.79,0.0,14.53197725590996,34.49143047551845,0.02,0.0,3.0701278234985114
35.48,118.12710293078135,42.02,39.67,10.06,24.34,0.0,14.53197725590996,34.49143047551845,0.0,0.0,3.0701278234985114
22.15,118.12710293078135,30.13,30.28,7.46,17.65,0.0,14.53197725590996,34.49143047551845,0.0,0.0,3.0701278234985114
47.79,118.12710293078135,34.6,45.26,6.63,23.83,0.0,14.53197725590996,34.49143047551845,0.25,0.0,3.0701278234985114
20.5,118.12710293078135,24.34,101.89,7.26,38.09,0.0,14.53197725590996,34.49143047551845,0.11,0.0,0.0
41.62,60.15,16.56,50.7,28.34,25.08,0.76,14.53197725590996,27.78,0.25,0.35,0.19
25.58,41.64,23.55,26.64,12.21,17.6,0.54,14.53197725590996,24.03,0.18,0.21,0.23
20.06,45.86,23.23,26.09,10.33,33.97,0.48,14.53197725590996,25.0,0.12,0.0,3.0701278234985114
38.19,79.78,20.33,27.32,8.88,25.9,0.4,14.53197725590996,25.07,0.13,0.0,3.0701278234985114
47.89,84.29,33.84,25.85,11.14,86.67,0.36,14.53197725590996,24.93,0.2,0.0,3.0701278234985114
35.61,75.82,20.61,30.29,8.93,30.21,0.37,14.53197725590996,25.08,0.11,0.0,3.0701278234985114
39.41,85.23,21.1,35.92,9.89,31.07,0.33,14.53197725590996,24.95,0.23,0.0,0.0
40.34,67.06,21.91,23.75,7.9,36.46,0.36,14.53197725590996,24.93,0.13,0.0,3.0701278234985114
54.83,111.65,20.65,17.54,11.27,31.1,0.45,14.53197725590996,25.77,0.22,0.0,3.0701278234985114
60.83,102.29,20.23,56.67,11.54,33.88,0.21,14.53197725590996,30.08,0.19,0.0,3.0701278234985114
11.81,18.59,20.34,22.4,11.24,17.63,0.32,14.53197725590996,24.88,0.2,0.0,3.0701278234985114
17.76,43.57,20.38,18.63,12.97,17.47,0.35,14.53197725590996,22.19,0.08,0.0,3.0701278234985114
35.5,81.42,18.8,17.01,12.69,19.11,0.37,14.53197725590996,22.63,0.12,0.0,3.0701278234985114
30.07,71.42,8.68,29.01,23.9,44.84,0.76,8.48,33.17,1.65,18.35,0.44
37.11,84.12,10.99,30.43,26.78,42.44,0.87,9.36,31.43,2.22,17.18,1.01
33.82,70.35,13.24,31.63,31.3,34.11,0.84,11.13,29.2,1.81,29.69,1.03
37.76,78.42,8.28,28.9,25.51,32.08,0.78,10.64,28.01,1.19,21.78,0.41
37.32,83.03,13.87,33.31,32.44,36.19,0.96,9.51,23.59,1.61,31.33,1.3
37.26,80.33,12.22,33.46,30.45,38.54,0.89,10.4,24.18,1.87,30.82,0.91
25.81,47.63,12.14,27.55,27.12,37.26,0.83,9.85,24.91,1.28,23.18,0.63
32.39,69.73,14.28,28.74,29.43,39.3,0.81,10.43,26.11,1.39,23.1,0.48
34.7,80.13,15.59,27.58,28.48,39.46,0.81,9.99,21.39,1.18,26.71,0.56
32.22,57.98,16.81,25.1,28.9,38.33,0.89,9.27,18.6,1.26,25.4,0.6
21.75,35.79,14.04,23.41,25.77,33.02,0.91,9.13,19.82,1.46,30.17,0.54
37.69,67.2,13.43,21.59,24.43,29.08,0.73,9.55,24.11,1.36,22.84,0.45
44.03,116.89,18.34,25.02,30.46,36.7,0.74,9.37,26.19,1.24,22.57,0.44
25.7,83.58,14.86,23.5,25.93,30.55,0.66,9.09,23.92,0.97,20.03,0.1
32.11,77.4,12.87,26.17,26.14,32.83,0.88,10.05,30.9,1.61,31.04,0.05
47.01,96.0,18.92,31.85,33.12,31.46,1.07,11.4,32.1,1.63,32.28,0.03
29.75,74.91,14.93,28.18,28.73,28.58,0.9,11.43,25.33,1.23,25.98,0.05
31.19,73.3,15.41,24.72,27.95,32.42,0.82,10.82,18.25,1.16,25.82,0.04
23.71,88.0,17.54,24.6,29.81,28.45,0.8,10.4,19.29,1.15,27.47,0.16
21.96,82.69,14.99,22.78,26.16,25.87,0.68,10.9,20.69,1.19,26.57,0.03
23.96,77.21,9.89,19.92,20.16,24.13,0.6,10.31,24.77,0.96,20.49,0.08
24.78,56.62,10.67,23.6,23.07,26.04,0.78,10.82,26.5,1.31,23.78,0.07
29.26,58.76,14.65,25.52,27.65,27.99,0.85,10.84,21.91,1.53,28.19,0.09
36.06,65.58,15.31,26.12,27.86,29.36,0.9,10.23,21.53,1.6,28.23,0.08
41.26,95.47,21.4,28.28,34.45,29.82,0.95,9.97,27.06,1.78,30.81,0.2
42.06,72.38,17.6,27.63,30.0,30.05,1.06,9.96,26.15,2.11,29.86,0.79
29.1,56.92,10.53,23.58,24.12,24.71,0.72,10.98,26.36,1.05,17.3,0.14
36.99,83.98,15.56,29.61,30.96,24.26,0.88,11.21,29.46,1.29,20.47,0.23
28.33,78.11,19.0,26.0,32.0,23.37,0.78,9.77,23.21,1.36,24.81,0.06
28.55,103.27,17.17,24.4,29.28,22.38,0.71,10.31,22.44,1.44,25.14,0.03
24.29,46.36,10.07,21.72,19.92,23.58,0.73,11.11,23.89,1.7,24.61,0.01
30.71,54.77,7.37,19.88,16.84,22.73,0.67,11.59,28.89,1.4,17.36,0.0
21.46,35.84,14.91,25.07,25.46,22.73,0.74,11.08,19.54,2.44,21.7,0.0
21.45,49.41,20.54,25.67,30.35,22.28,0.81,10.88,22.48,3.12,30.75,0.01
42.83,108.67,31.86,32.38,42.65,24.2,1.03,11.59,28.54,2.94,40.14,0.01
34.25,87.5,12.04,29.91,26.12,36.77,1.0,10.18,33.71,1.93,15.95,0.56
32.06,67.73,11.08,28.44,26.68,25.91,1.03,8.91,31.48,2.24,22.46,0.11
32.92,78.08,19.36,37.14,37.88,26.54,1.24,8.86,30.75,2.37,22.82,0.25
22.79,63.51,16.78,33.52,33.55,37.17,0.94,8.76,22.78,1.69,17.02,0.18
30.63,61.26,13.26,31.61,29.95,36.06,0.99,8.92,27.72,2.1,22.74,0.41
26.16,45.04,11.98,25.34,25.46,30.26,1.0,8.67,29.54,2.0,20.94,0.74
21.13,46.35,9.12,21.89,21.22,28.65,0.89,8.43,30.62,1.3,13.8,0.35
24.45,64.17,10.8,25.11,24.31,31.27,0.92,8.97,29.78,1.52,15.9,0.75
30.1,82.81,10.37,26.92,25.19,33.49,0.97,9.36,27.42,2.01,20.2,0.8
30.22,76.67,10.23,26.45,24.98,33.79,0.93,8.78,31.25,1.65,18.71,0.53
34.26,85.89,10.07,28.4,26.51,33.55,0.94,8.79,32.51,1.88,17.74,0.39
35.06,83.66,11.86,30.96,29.14,32.66,1.03,8.45,29.29,2.14,24.9,0.32
30.04,57.31,19.57,34.68,37.25,42.32,1.14,8.26,22.91,2.53,24.25,0.96
27.69,80.22,15.06,28.9,30.82,30.9,1.01,10.61,30.92,2.27,21.05,0.39
14.59,61.47,9.54,22.08,21.86,28.01,0.86,9.3,26.17,1.6,15.54,0.25
16.73,47.75,9.02,22.06,21.47,24.4,0.87,8.47,25.43,1.12,10.3,1.03
25.53,67.15,11.45,25.93,25.93,25.93,0.96,8.65,26.21,1.11,13.1,0.99
20.53,51.91,13.19,26.18,27.51,24.89,1.02,8.14,21.46,1.56,15.92,0.89
21.68,56.18,17.85,27.12,32.07,29.25,1.1,8.37,20.73,1.76,18.61,2.21
33.21,58.36,16.96,31.9,33.85,29.08,1.19,8.5,31.43,1.94,21.44,6.58
28.78,56.28,18.56,25.03,32.56,31.29,1.04,8.51,23.58,1.5,16.34,3.43
15.52,37.1,13.71,21.51,26.32,27.58,0.87,8.61,23.59,1.08,10.43,2.66
10.24,19.51,14.08,19.1,24.77,25.82,0.81,7.67,16.51,1.12,10.25,1.33
15.51,30.45,17.56,20.93,25.39,23.25,0.98,8.57,18.03,1.44,16.91,2.31
38.55,86.13,26.99,28.59,38.82,25.62,1.31,8.6,28.06,2.77,28.61,2.5
25.06,68.59,15.89,31.6,31.88,29.89,0.99,8.55,24.07,2.24,23.2,1.03
35.81,89.47,12.15,30.05,27.49,34.35,0.99,10.9,27.22,2.13,21.71,1.37
34.98,83.26,14.46,30.9,30.5,30.75,1.0,8.17,24.58,1.84,19.25,2.45
32.83,77.01,10.61,26.84,24.75,32.14,0.9,8.72,32.4,1.55,18.52,1.31
26.65,69.36,7.91,26.05,21.91,25.04,0.77,8.48,28.64,1.48,15.16,0.52
35.52,72.61,10.34,27.77,24.91,24.48,0.91,8.55,28.58,1.42,14.92,0.49
21.74,62.19,7.22,24.15,20.35,22.6,0.78,9.29,27.34,1.57,15.18,0.17
40.33,106.47,13.55,31.73,30.32,24.91,0.95,10.81,29.76,2.22,22.21,0.28
26.51,65.65,17.88,30.66,33.12,26.2,0.91,9.32,21.15,1.89,17.61,1.07
34.46,83.33,11.33,30.02,27.61,25.37,0.93,9.9,30.49,2.01,18.72,0.49
30.52,86.31,11.53,29.99,27.25,24.88,0.9,8.94,28.53,1.89,18.14,1.06
22.9,69.49,12.62,27.25,26.71,24.04,0.83,10.43,24.16,1.93,20.57,0.78
15.66,56.71,9.94,24.52,22.68,22.32,0.78,10.3,23.54,2.09,18.35,0.19
22.52,66.98,11.93,26.18,25.22,21.94,0.77,10.01,22.22,2.84,19.97,0.37
16.91,51.03,8.13,22.84,19.7,21.99,0.74,8.85,22.84,1.83,12.63,0.14
29.42,81.97,12.1,27.89,26.39,22.01,0.92,8.22,26.67,2.46,15.92,0.27
33.92,92.41,12.82,28.0,26.89,23.99,0.96,8.5,26.15,2.56,18.36,0.59
53.79,100.29,29.65,41.9,49.52,31.59,1.03,10.14,24.66,3.15,27.84,0.52
21.32,38.5,12.55,33.71,29.75,29.56,0.87,10.42,33.52,1.47,14.94,0.6
40.96,85.45,17.41,35.53,34.85,29.01,0.82,11.84,35.47,1.95,21.14,0.37
37.87,68.03,13.09,21.11,22.57,34.43,0.68,11.49,32.11,1.67,13.62,0.71
45.69,75.81,9.02,16.58,17.41,33.68,0.58,12.82,30.59,1.38,8.88,0.7
26.89,45.48,8.34,15.32,15.89,27.4,0.53,11.04,27.38,1.11,9.17,2.33
21.23,34.15,9.87,17.52,18.34,25.22,0.54,10.28,25.06,1.07,9.76,0.71
27.59,55.75,8.74,16.6,16.42,23.98,0.52,10.39,35.75,0.97,8.31,1.31
35.08,64.66,8.29,17.52,16.62,23.21,0.58,12.47,40.26,1.08,9.0,1.32
35.31,67.01,9.36,18.03,18.01,26.5,0.56,12.33,40.96,1.06,8.98,1.45
32.88,65.84,10.4,19.17,19.26,26.73,0.62,13.0,35.06,1.12,9.17,3.01
28.51,61.06,9.91,17.18,17.72,22.22,0.6,10.84,39.47,0.91,7.85,0.97
31.36,62.69,9.29,20.07,19.33,21.54,0.61,11.99,46.82,1.13,8.6,0.77
40.79,77.64,10.07,22.38,21.19,23.06,0.68,12.59,41.26,1.3,9.64,0.89
33.12,94.02,8.5,19.27,17.38,25.53,0.6,13.46,42.65,1.01,9.13,0.13
29.7,79.04,8.38,18.56,16.51,23.41,0.56,12.85,45.8,0.99,8.24,0.05
36.13,76.32,8.49,21.37,18.16,23.84,0.66,14.2,48.34,1.11,7.52,0.07
35.49,73.86,10.13,19.72,20.82,29.94,0.71,13.17,40.53,1.29,9.46,0.0
27.18,53.02,8.28,14.8,16.38,29.94,0.76,15.59,53.43,1.24,6.39,0.0
26.63,60.59,12.86,16.95,20.79,31.35,0.72,11.92,50.56,1.14,9.98,0.0
23.09,53.19,5.04,18.51,14.11,36.19,0.84,9.95,50.29,0.95,7.61,0.01
21.51,40.43,5.02,17.05,13.15,34.91,0.84,9.06,42.29,1.05,9.05,0.26
41.05,80.47,5.87,22.99,17.6,35.0,0.96,14.02,50.57,1.94,16.96,0.38
29.02,64.12,6.22,16.39,15.33,33.32,0.88,11.09,28.64,1.25,12.99,0.33
30.91,62.61,6.63,16.84,15.72,31.45,0.89,11.02,24.77,1.28,12.13,0.27
38.37,77.76,9.33,21.41,21.17,30.48,1.02,11.28,25.92,1.59,19.18,0.49
43.89,79.3,44.57,19.16,63.72,19.41,1.35,3.54,34.49143047551845,4.97,6.4,0.94
35.45,78.48,43.56,19.28,62.85,28.95,1.27,3.58,34.49143047551845,3.9,5.24,0.73
38.01,74.51,41.56,19.55,61.12,27.62,1.17,3.53,34.49143047551845,1.35,2.58,0.2
38.63,67.05,39.98,19.76,59.74,26.53,1.08,3.54,34.49143047551845,1.77,4.24,0.39
40.97,72.23,39.32,13.29,57.08,26.07,1.13,3.53,34.49143047551845,1.06,2.01,0.16
54.34,89.68,37.19,5.13,52.02,24.66,1.41,3.44,34.49143047551845,1.08,1.94,0.3
52.85,95.99,34.89,3.9,43.67,23.18,1.41,3.48,34.49143047551845,1.05,1.73,0.27
35.61,69.55,33.26,0.72,29.33,21.83,1.36,3.64,34.49143047551845,0.75,1.49,0.19
42.18,70.64,66.03,0.69,53.2,44.3,1.51,3.78,34.49143047551845,1.75,3.66,0.85
36.49,69.27,88.74,28.560659061126955,69.87,59.59,1.3,3.56,34.49143047551845,2.53,3.67,0.4
36.94,65.81,81.3,28.560659061126955,64.43,54.52,1.15,3.53,34.49143047551845,0.81,1.33,0.05
39.27,68.24,80.98,0.33,65.59,56.08,1.33,3.64,34.49143047551845,1.89,2.03,0.21
39.8,72.06,99.92,2.63,98.17,58.5,1.36,3.67,34.49143047551845,1.13,2.32,0.23
33.41,51.47,79.95,0.81,79.9,14.05,1.36,3.87,34.49143047551845,2.26,3.2,0.47
50.63,79.13,69.33,0.87,70.2,12.57,1.33,3.54,34.49143047551845,0.67,1.55,0.17
49.29,78.67,65.8,1.19,67.0,11.86,1.28,3.47,34.49143047551845,0.62,1.22,0.15
47.75,75.74,59.83,1.72,61.55,10.8,1.39,3.51,34.49143047551845,0.9,1.49,0.1
37.76,59.35,58.97,1.79,60.76,10.66,1.22,3.52,34.49143047551845,0.62,1.08,0.02
44.43,72.73,57.9,1.89,59.79,10.47,1.5,3.52,34.49143047551845,0.83,1.64,0.15
42.85,69.29,57.31,1.94,59.25,10.41,1.53,3.65,34.49143047551845,1.64,3.4,0.51
52.33,79.96,57.44,1.89,59.34,10.52,1.35,3.65,34.49143047551845,0.84,1.42,0.02
46.96,69.25,56.91,1.94,58.86,10.45,1.55,3.7,34.49143047551845,2.06,4.29,0.49
35.35,56.01,53.8,2.24,56.05,9.75,1.41,3.52,34.49143047551845,0.55,1.42,0.17
34.65,54.4,53.02,2.32,55.34,9.59,1.24,3.53,34.49143047551845,0.49,0.9,0.02
35.76,54.77,53.02,2.31,55.32,9.66,1.58,3.6,34.49143047551845,0.77,1.83,0.19
18.17,44.89,0.09,7.0,7.0,0.02,1.25,3.62,34.49143047551845,0.62,1.61,0.22
27.59,52.22,0.13,7.0,7.01,0.02,1.35,3.57,34.49143047551845,0.58,1.18,0.07
24.22,48.87,0.8,6.99,7.08,0.15,1.48,3.62,34.49143047551845,0.54,1.79,0.16
32.43,58.49,0.06,7.0,6.98,0.01,1.32,3.63,34.49143047551845,0.76,1.48,0.0
13.87,40.87,0.11,5.0,5.99,1.0,1.37,3.86,34.49143047551845,0.18,0.77,0.03
27.79,66.92,0.99,2.99,2.43,2.04,1.48,3.58,34.49143047551845,0.76,1.48,0.06
37.26,72.16,0.99,2.99,2.43,2.05,1.38,3.51,34.49143047551845,0.63,1.1,0.03
37.0,75.59,1.0,2.99,2.44,2.07,1.58,3.52,34.49143047551845,0.61,1.3,0.15
45.49,84.85,0.98,2.99,2.42,2.04,1.6,4.04,34.49143047551845,0.31,0.47,0.01
46.85,90.0,0.99,2.99,2.44,2.05,1.85,4.0,34.49143047551845,0.77,1.14,0.13
39.62,81.13,1.0,3.0,2.44,2.05,1.7,3.53,34.49143047551845,0.8,1.52,0.15
33.6,64.61,1.3,3.14,3.27,2.43,1.54,3.43,34.49143047551845,0.57,1.19,0.1
31.66,64.3,2.07,3.5,5.31,3.44,1.52,3.5,34.49143047551845,0.54,1.05,0.03
20.49,38.97,2.05,3.5,5.27,3.41,1.11,3.45,34.49143047551845,0.27,0.32,0.0
17.84,47.35,2.1,3.5,5.31,3.44,1.25,3.41,34.49143047551845,0.27,0.56,0.0
24.79,48.95,2.07,3.5,5.29,3.42,1.25,3.22,34.49143047551845,0.32,0.42,0.0
15.93,31.35,2.06,3.5,5.28,3.41,1.15,3.47,34.49143047551845,0.02,0.08,0.0
20.66,40.24,2.04,3.5,5.25,3.39,1.1,3.19,34.49143047551845,0.15,0.2,0.0
30.79,54.13,2.08,3.5,5.28,3.41,1.17,3.12,34.49143047551845,0.31,0.33,0.0
30.1,56.39,2.12,3.5,5.33,3.48,1.15,3.13,34.49143047551845,0.31,0.41,0.01
67.45057794890306,118.12710293078135,17.574729662029362,28.560659061126955,32.30912333307031,23.48347601937197,2.2485982090856145,14.53197725590996,34.49143047551845,3.280840304500585,8.700972080037227,3.0701278234985114
22.11,45.3,2.05,3.5,5.26,3.39,1.26,3.57,34.49143047551845,0.05,0.08,0.0
22.8,47.92,3.21,2.98,5.63,3.43,1.23,3.48,34.49143047551845,0.02,0.02,0.0
29.16,50.88,6.97,1.3,6.79,3.44,1.29,3.48,34.49143047551845,0.03,0.03,0.0
23.25,45.45,6.94,1.3,6.75,3.38,1.29,3.53,34.49143047551845,0.02,0.02,0.0
21.57,41.74,6.95,1.3,6.76,3.4,1.25,3.46,34.49143047551845,0.02,0.03,0.0
16.04,32.53,6.96,1.3,6.77,3.43,1.21,3.43,34.49143047551845,0.03,0.04,0.0
9.54,21.63,6.96,1.3,6.78,3.41,1.17,3.18,34.49143047551845,0.12,0.18,0.0
11.39,22.39,6.96,1.3,6.76,3.38,1.31,3.41,34.49143047551845,0.1,0.12,0.0
18.28,38.37,6.96,1.3,6.77,3.41,1.38,3.54,34.49143047551845,0.06,0.06,0.0
17.75,41.78,6.95,1.3,6.76,3.4,1.23,3.19,34.49143047551845,0.13,0.13,0.0
14.42,30.64,5.64,1.96,6.77,3.4,1.13,3.08,34.49143047551845,0.13,0.14,0.0
17.2,30.64,4.26,2.8,6.77,3.4,1.18,3.1,34.49143047551845,0.28,0.29,0.0
14.17,30.3,4.3,2.82,6.35,3.41,1.23,3.21,34.49143047551845,0.09,0.13,0.0
22.86,45.51,3.93,3.62,5.54,3.43,1.48,3.67,34.49143047551845,0.04,0.03,0.0
24.44,47.76,5.13,3.5,5.29,3.42,1.44,3.61,34.49143047551845,0.03,0.03,0.0
14.38,30.69,6.36,3.15,5.28,3.42,1.34,3.37,34.49143047551845,0.13,0.18,0.0
16.74,29.7,6.36,3.19,5.28,3.41,1.3,3.11,34.49143047551845,0.26,0.27,0.0
17.05,33.38,6.39,3.66,5.3,3.44,1.29,3.1,34.49143047551845,0.22,0.24,0.0
15.67,29.75,6.37,3.55,5.29,3.43,1.45,3.64,34.49143047551845,0.03,0.04,0.0
21.2,36.86,6.36,3.16,5.28,3.42,1.48,3.63,34.49143047551845,0.07,0.05,0.0
16.12,26.0,6.14,2.73,5.15,3.4,1.46,3.41,34.49143047551845,0.03,0.07,0.0
9.52,21.54,77.8,0.19,72.09,109.88,1.12,3.35,34.49143047551845,0.11,0.26,0.0
12.31,27.08,33.64,28.560659061126955,30.79,52.92,1.13,2.38,34.49143047551845,0.31,0.37,0.0
23.42,35.87,33.49,28.560659061126955,30.29,55.42,1.18,2.47,34.49143047551845,0.32,0.41,0.0
20.69,40.92,10.12,0.06,9.19,18.23,1.12,2.72,34.49143047551845,0.38,0.56,0.0
19.38,46.33,11.71,0.06,10.61,25.49,1.05,4.95,34.49143047551845,0.12,0.33,0.01
18.44,44.38,15.45,28.560659061126955,13.95,38.43,1.15,2.89,34.49143047551845,0.09,0.07,0.0
14.88,31.67,13.2,28.560659061126955,11.91,34.45,1.3,2.84,34.49143047551845,0.1,0.13,0.0
16.31,35.39,11.75,28.560659061126955,10.59,33.78,1.52,2.88,34.49143047551845,0.09,0.16,0.0
14.14,30.88,9.68,28.560659061126955,8.72,27.8,1.51,2.82,34.49143047551845,0.08,0.15,0.0
19.22,43.47,9.15,28.560659061126955,8.25,27.33,1.71,2.92,34.49143047551845,0.15,0.23,0.07
17.29,38.99,8.5,28.560659061126955,7.66,25.28,1.62,2.85,34.49143047551845,0.16,0.14,0.0
19.22,37.85,8.27,28.560659061126955,7.45,25.01,1.74,2.88,34.49143047551845,0.19,0.34,0.0
19.66,39.87,8.16,28.560659061126955,7.35,25.1,1.65,2.87,34.49143047551845,0.08,0.11,0.0
19.04,45.18,7.9,28.560659061126955,7.11,25.0,1.87,2.96,34.49143047551845,0.07,0.3,0.01
24.34,51.54,7.53,28.560659061126955,6.78,23.75,1.92,2.89,34.49143047551845,0.13,0.33,0.03
10.07,31.03,11.08,28.560659061126955,9.98,38.21,1.78,3.04,34.49143047551845,0.13,0.44,0.43
9.96,23.91,10.93,28.560659061126955,9.83,39.63,1.72,2.7,34.49143047551845,0.12,0.26,0.2
13.76,32.56,9.31,28.560659061126955,8.38,34.09,1.85,2.76,34.49143047551845,0.09,0.25,0.0
18.07,37.56,8.8,28.560659061126955,7.92,32.48,1.74,2.74,34.49143047551845,0.17,0.25,0.0
11.07,27.33,8.41,28.560659061126955,7.56,31.08,1.87,2.76,34.49143047551845,0.12,0.29,0.02
11.0,34.63,7.3,28.560659061126955,6.56,27.68,2.46,2.85,34.49143047551845,0.11,0.3,0.05
14.54,36.56,7.11,28.560659061126955,6.4,26.9,1.97,2.84,34.49143047551845,0.04,0.09,0.0
8.23,19.94,7.83,28.560659061126955,7.04,32.64,1.79,2.77,34.49143047551845,0.0,0.01,0.0
9.15,23.94,7.05,28.560659061126955,6.35,28.85,1.73,2.58,34.49143047551845,0.22,0.74,0.11
15.75,43.42,6.2,28.560659061126955,5.59,24.5,1.55,2.43,34.49143047551845,0.18,0.39,0.0
17.83,46.41,5.97,28.560659061126955,5.38,23.62,1.88,2.44,34.49143047551845,0.38,1.21,0.12
12.81,33.45,5.97,28.560659061126955,5.38,23.85,1.9,2.49,34.49143047551845,0.3,1.35,0.02
8.58,21.13,5.63,28.560659061126955,5.07,22.4,1.7,2.47,34.49143047551845,0.12,0.51,0.02
5.54,13.53,5.46,28.560659061126955,4.92,21.71,1.54,2.48,34.49143047551845,0.06,0.14,0.0
8.58,19.66,5.38,28.560659061126955,4.84,21.35,1.82,2.44,34.49143047551845,0.19,0.69,0.07
4.85,13.02,5.32,28.560659061126955,4.79,21.05,1.77,2.5,34.49143047551845,0.13,0.95,0.03
5.91,14.94,5.17,28.560659061126955,4.65,20.31,1.68,2.46,34.49143047551845,0.22,0.55,0.02
3.48,15.31,5.12,28.560659061126955,4.61,20.2,1.69,2.45,34.49143047551845,0.15,0.59,0.03
10.01,20.15,4.8,28.560659061126955,4.33,18.88,1.73,2.49,34.49143047551845,0.26,0.66,0.01
7.86,17.13,4.49,1.55,4.04,17.78,1.78,2.61,34.49143047551845,0.19,0.53,0.0
10.34,38.26,4.57,28.560659061126955,4.11,18.35,2.1,2.72,34.49143047551845,0.58,2.74,0.0
6.49,15.57,1.49,0.1,0.92,4.82,1.97,2.63,34.49143047551845,0.19,0.86,0.08
58.63,118.12710293078135,18.54,14.94,15.12,23.48347601937197,2.2485982090856145,4.96,27.26,3.280840304500585,8.700972080037227,3.0701278234985114
52.91,118.12710293078135,17.02,9.59,14.43,23.48347601937197,1.49,7.79,23.45,3.280840304500585,8.700972080037227,3.0701278234985114
53.98,118.12710293078135,5.43,9.56,12.2,23.48347601937197,1.11,2.77,53.47,3.280840304500585,8.700972080037227,3.0701278234985114
3.7,118.12710293078135,1.91,5.93,4.94,23.48347601937197,0.39,2.07,16.88,3.280840304500585,8.700972080037227,3.0701278234985114
58.12,118.12710293078135,1.93,5.89,4.95,23.48347601937197,0.41,2.66,21.18,3.280840304500585,8.700972080037227,3.0701278234985114
57.76,118.12710293078135,1.94,7.52,4.96,23.48347601937197,0.34,2.37,26.81,3.280840304500585,8.700972080037227,3.0701278234985114
44.43,118.12710293078135,2.8,7.05,4.97,23.48347601937197,0.43,1.88,45.28,3.280840304500585,8.700972080037227,3.0701278234985114
32.05,118.12710293078135,2.46,7.08,4.97,23.48347601937197,0.34,1.69,48.35,3.280840304500585,8.700972080037227,3.0701278234985114
22.12,118.12710293078135,3.22,6.98,4.95,23.48347601937197,0.33,1.91,50.5,3.280840304500585,8.700972080037227,3.0701278234985114
23.35,118.12710293078135,3.68,6.88,4.97,23.48347601937197,0.44,1.93,36.08,3.280840304500585,8.700972080037227,3.0701278234985114
69.02,118.12710293078135,4.08,6.92,4.97,23.48347601937197,0.51,2.31,32.99,3.280840304500585,8.700972080037227,3.0701278234985114
63.43,118.12710293078135,2.19,5.56,4.95,23.48347601937197,0.42,1.47,29.62,3.280840304500585,8.700972080037227,3.0701278234985114
33.34,118.12710293078135,2.67,6.07,4.93,23.48347601937197,0.33,1.74,34.49143047551845,3.280840304500585,8.700972080037227,3.0701278234985114
29.36,118.12710293078135,3.99,6.93,4.94,23.48347601937197,0.37,2.01,34.49143047551845,3.280840304500585,8.700972080037227,3.0701278234985114
35.8,118.12710293078135,3.99,7.18,5.0,23.48347601937197,0.49,1.9,34.49143047551845,3.280840304500585,8.700972080037227,3.0701278234985114
21.79,118.12710293078135,3.44,7.04,4.97,23.48347601937197,0.46,2.25,34.49143047551845,3.280840304500585,8.700972080037227,3.0701278234985114
29.94,118.12710293078135,3.01,4.93,6.99,23.48347601937197,0.31,1.94,34.49143047551845,3.280840304500585,8.700972080037227,3.0701278234985114
32.19,118.12710293078135,3.78,7.95,6.92,23.48347601937197,0.22,1.92,34.49143047551845,3.280840304500585,8.700972080037227,3.0701278234985114
31.03,118.12710293078135,3.79,8.99,6.92,23.48347601937197,0.36,1.93,34.49143047551845,3.280840304500585,8.700972080037227,3.0701278234985114
41.23,118.12710293078135,3.63,7.37,6.92,23.48347601937197,0.43,1.75,34.49143047551845,3.280840304500585,8.700972080037227,3.0701278234985114
42.85,118.12710293078135,4.28,8.21,6.95,23.48347601937197,0.39,1.71,34.49143047551845,3.280840304500585,8.700972080037227,3.0701278234985114
41.88,118.12710293078135,4.28,6.24,6.95,23.48347601937197,0.41,1.99,34.49143047551845,3.280840304500585,8.700972080037227,3.0701278234985114
45.32,118.12710293078135,5.84,6.34,6.95,23.48347601937197,0.35,1.87,34.49143047551845,3.280840304500585,8.700972080037227,3.0701278234985114
35.09,118.12710293078135,5.93,5.34,6.93,23.48347601937197,0.34,1.42,34.49143047551845,3.280840304500585,8.700972080037227,3.0701278234985114
30.65,118.12710293078135,2.24,3.48,3.32,23.48347601937197,0.36,1.87,34.49143047551845,3.280840304500585,8.700972080037227,3.0701278234985114
48.3,118.12710293078135,1.69,2.78,2.64,23.48347601937197,0.32,1.89,34.49143047551845,3.280840304500585,8.700972080037227,3.0701278234985114
31.66,118.12710293078135,1.65,2.48,1.94,23.48347601937197,0.43,2.1,34.49143047551845,3.280840304500585,8.700972080037227,3.0701278234985114
41.05,118.12710293078135,17.574729662029362,28.560659061126955,1.71,23.48347601937197,0.37,1.77,34.49143047551845,3.280840304500585,8.700972080037227,3.0701278234985114
26.0,118.12710293078135,17.574729662029362,28.560659061126955,32.30912333307031,23.48347601937197,0.53,1.45,29.54,3.280840304500585,8.700972080037227,3.0701278234985114
31.34,118.12710293078135,17.574729662029362,28.560659061126955,32.30912333307031,23.48347601937197,0.62,1.9,9.1,3.280840304500585,8.700972080037227,3.0701278234985114
67.45057794890306,118.12710293078135,17.574729662029362,28.560659061126955,32.30912333307031,23.48347601937197,2.2485982090856145,14.53197725590996,34.49143047551845,3.280840304500585,8.700972080037227,3.0701278234985114
33.19,118.12710293078135,17.574729662029362,28.560659061126955,32.30912333307031,23.48347601937197,0.5,3.09,11.2,3.280840304500585,8.700972080037227,3.0701278234985114
32.64,118.12710293078135,17.574729662029362,28.560659061126955,32.30912333307031,23.48347601937197,0.52,2.15,11.72,3.280840304500585,8.700972080037227,3.0701278234985114
35.4,118.12710293078135,17.574729662029362,28.560659061126955,32.30912333307031,23.48347601937197,0.52,2.02,9.97,3.280840304500585,8.700972080037227,3.0701278234985114
48.92,118.12710293078135,17.574729662029362,28.560659061126955,32.30912333307031,23.48347601937197,0.53,1.97,11.75,3.280840304500585,8.700972080037227,3.0701278234985114
32.01,118.12710293078135,17.574729662029362,28.560659061126955,32.30912333307031,23.48347601937197,0.72,1.74,8.44,3.280840304500585,8.700972080037227,3.0701278234985114
37.96,118.12710293078135,17.574729662029362,28.560659061126955,32.30912333307031,23.48347601937197,0.5,2.49,30.81,3.280840304500585,8.700972080037227,3.0701278234985114
52.02,118.12710293078135,17.574729662029362,28.560659061126955,32.30912333307031,23.48347601937197,0.53,2.49,32.71,3.280840304500585,8.700972080037227,3.0701278234985114
50.94,118.12710293078135,17.574729662029362,28.560659061126955,32.30912333307031,23.48347601937197,0.5,2.19,19.78,3.280840304500585,8.700972080037227,3.0701278234985114
46.7,118.12710293078135,17.574729662029362,28.560659061126955,32.30912333307031,23.48347601937197,0.52,2.64,27.68,3.280840304500585,8.700972080037227,3.0701278234985114
37.99,118.12710293078135,17.574729662029362,28.560659061126955,32.30912333307031,23.48347601937197,0.45,2.64,19.33,3.280840304500585,8.700972080037227,3.0701278234985114
49.08,118.12710293078135,17.574729662029362,28.560659061126955,32.30912333307031,23.48347601937197,0.53,1.89,39.97,3.280840304500585,8.700972080037227,3.0701278234985114
57.29,118.12710293078135,17.574729662029362,28.560659061126955,32.30912333307031,23.48347601937197,0.49,2.97,32.14,3.280840304500585,8.700972080037227,3.0701278234985114
56.33,118.12710293078135,4.27,13.49,5.98,23.48347601937197,0.5,2.83,39.74,3.280840304500585,8.700972080037227,3.0701278234985114
56.43,118.12710293078135,0.73,0.65,1.44,23.48347601937197,0.42,3.09,17.4,3.280840304500585,8.700972080037227,3.0701278234985114
28.78,118.12710293078135,6.94,17.54,32.30912333307031,23.48347601937197,0.49,7.11,41.6,0.03,3.33,3.0701278234985114
50.16,118.12710293078135,7.29,17.71,32.30912333307031,23.48347601937197,0.5,6.47,43.13,0.04,3.9,3.0701278234985114
54.93,118.12710293078135,6.84,12.7,32.30912333307031,23.48347601937197,0.55,17.79,75.87,0.03,3.41,3.0701278234985114
64.79,118.12710293078135,5.96,21.2,32.30912333307031,23.48347601937197,0.6,9.59,49.84,0.03,2.33,3.0701278234985114
40.01,118.12710293078135,5.96,10.07,32.30912333307031,23.48347601937197,0.51,3.74,18.22,0.01,1.46,3.0701278234985114
60.53,118.12710293078135,5.97,10.24,32.30912333307031,23.48347601937197,0.49,3.93,10.52,0.02,1.77,3.0701278234985114
69.17,118.12710293078135,5.91,10.08,32.30912333307031,23.48347601937197,0.5,3.42,22.87,0.03,2.87,3.0701278234985114
33.14,118.12710293078135,86.59,11.18,32.30912333307031,23.48347601937197,0.66,17.06,8.18,0.03,3.09,3.0701278234985114
42.9,118.12710293078135,14.79,13.88,32.30912333307031,23.48347601937197,0.21,8.44,7.8,0.02,1.77,3.0701278234985114
16.12,118.12710293078135,2.55,30.39,32.30912333307031,23.48347601937197,0.94,6.6,18.17,0.0,0.0,3.0701278234985114
28.56,118.12710293078135,2.45,30.44,32.30912333307031,23.48347601937197,0.89,6.98,23.79,0.0,0.0,3.0701278234985114
35.52,118.12710293078135,2.61,30.36,32.30912333307031,23.48347601937197,0.91,7.61,20.05,0.0,0.0,3.0701278234985114
46.25,118.12710293078135,2.03,30.46,32.30912333307031,23.48347601937197,0.9,7.48,21.38,0.0,0.0,3.0701278234985114
46.38,118.12710293078135,1.98,30.67,32.30912333307031,23.48347601937197,0.89,5.38,33.9,0.0,0.0,3.0701278234985114
41.5,118.12710293078135,1.48,31.37,32.30912333307031,23.48347601937197,0.0,7.35,11.35,0.0,0.0,3.0701278234985114
47.05,118.12710293078135,3.12,30.39,32.30912333307031,23.48347601937197,0.87,6.32,26.24,0.0,0.0,3.0701278234985114
38.07,118.12710293078135,0.48,30.26,32.30912333307031,23.48347601937197,0.87,8.8,24.16,0.0,0.0,3.0701278234985114
31.51,118.12710293078135,0.41,30.29,32.30912333307031,23.48347601937197,1.02,5.76,19.9,0.0,0.0,3.0701278234985114
34.22,118.12710293078135,0.42,30.23,32.30912333307031,23.48347601937197,0.88,7.08,30.96,0.0,0.0,3.0701278234985114
40.09,118.12710293078135,0.26,30.14,32.30912333307031,23.48347601937197,0.85,5.97,25.89,0.0,0.0,3.0701278234985114
38.83,118.12710293078135,0.09,30.16,32.30912333307031,23.48347601937197,0.96,4.94,32.28,0.0,0.0,3.0701278234985114
42.61,118.12710293078135,0.4,28.7,32.30912333307031,23.48347601937197,0.89,6.57,44.45,0.0,0.0,3.0701278234985114
41.14,118.12710293078135,3.76,24.95,32.30912333307031,23.48347601937197,0.77,6.2,42.63,0.0,0.0,3.0701278234985114
46.25,118.12710293078135,4.14,24.74,32.30912333307031,23.48347601937197,1.0,6.48,30.77,0.0,0.0,3.0701278234985114
66.42,118.12710293078135,4.14,24.89,32.30912333307031,23.48347601937197,0.94,6.51,37.33,0.0,0.0,3.0701278234985114
67.82,118.12710293078135,3.97,24.97,32.30912333307031,23.48347601937197,0.91,8.34,36.38,0.0,0.0,3.0701278234985114
34.03,118.12710293078135,10.76,26.14,32.30912333307031,23.48347601937197,0.9,3.96,12.36,0.03,2.76,3.0701278234985114
33.97,118.12710293078135,2.44,25.98,32.30912333307031,23.48347601937197,0.93,2.34,12.16,0.03,2.75,3.0701278234985114
33.95,118.12710293078135,2.54,26.13,32.30912333307031,23.48347601937197,0.92,3.26,11.25,0.03,2.75,3.0701278234985114
33.68,118.12710293078135,3.37,26.0,32.30912333307031,23.48347601937197,2.7,4.52,13.92,0.03,2.74,3.0701278234985114
33.98,118.12710293078135,1.04,26.24,32.30912333307031,23.48347601937197,1.03,4.78,13.67,0.03,2.75,3.0701278234985114
34.07,118.12710293078135,1.71,26.05,32.30912333307031,23.48347601937197,0.94,5.12,12.08,0.03,2.75,3.0701278234985114
33.86,118.12710293078135,1.79,26.0,32.30912333307031,23.48347601937197,0.97,5.03,12.97,0.03,2.75,3.0701278234985114
45.31,118.12710293078135,3.16,25.82,32.30912333307031,23.48347601937197,1.09,4.65,17.47,0.03,2.73,3.0701278234985114
38.57,83.46,13.16,16.46,21.7,23.48347601937197,0.11,14.53197725590996,32.58,2.82,8.700972080037227,3.0701278234985114
44.56,118.12710293078135,8.39,19.69,21.43,23.48347601937197,0.79,7.14,42.95,0.0,8.700972080037227,3.0701278234985114
37.45,118.12710293078135,8.55,21.64,22.57,23.48347601937197,0.81,5.84,20.93,0.0,8.700972080037227,3.0701278234985114
37.7,118.12710293078135,8.49,21.38,22.37,23.48347601937197,0.9,6.38,24.7,0.0,8.700972080037227,3.0701278234985114
54.79,118.12710293078135,8.75,21.43,22.61,23.48347601937197,0.62,10.57,30.06,0.56,8.700972080037227,3.0701278234985114
60.75,118.12710293078135,8.53,21.37,22.4,23.48347601937197,0.63,6.24,26.33,0.43,8.700972080037227,3.0701278234985114
57.75,118.12710293078135,8.62,21.14,22.35,23.48347601937197,0.77,5.09,27.5,0.18,8.700972080037227,3.0701278234985114
34.01,118.12710293078135,8.68,25.79,22.73,23.48347601937197,0.65,7.64,30.65,1.29,8.700972080037227,3.0701278234985114
30.95,118.12710293078135,8.56,25.5,22.5,23.48347601937197,0.83,5.6,25.44,0.06,8.700972080037227,3.0701278234985114
54.23,118.12710293078135,8.5,25.9,22.65,23.48347601937197,0.68,6.91,21.33,0.93,8.700972080037227,3.0701278234985114
53.97,118.12710293078135,8.54,25.49,22.47,23.48347601937197,0.65,5.66,24.94,0.51,8.700972080037227,3.0701278234985114
63.78,118.12710293078135,8.51,25.86,22.64,23.48347601937197,0.76,5.68,26.85,0.44,8.700972080037227,3.0701278234985114
35.71,118.12710293078135,8.56,26.01,22.76,23.48347601937197,0.56,5.45,18.23,0.14,8.700972080037227,3.0701278234985114
46.01,118.12710293078135,8.74,25.64,22.7,23.48347601937197,0.59,6.09,17.47,0.66,8.700972080037227,3.0701278234985114
47.38,118.12710293078135,8.77,26.04,22.94,23.48347601937197,0.58,5.14,15.08,0.18,8.700972080037227,3.0701278234985114
24.77,118.12710293078135,8.76,25.44,22.45,23.48347601937197,0.57,5.5,16.21,0.23,8.700972080037227,3.0701278234985114
53.09,118.12710293078135,8.54,24.84,22.11,23.48347601937197,0.52,5.2,20.81,0.1,8.700972080037227,3.0701278234985114
47.14,118.12710293078135,8.57,24.92,22.2,23.48347601937197,0.74,5.77,18.05,0.32,8.700972080037227,3.0701278234985114
43.7,118.12710293078135,17.574729662029362,28.560659061126955,32.30912333307031,23.48347601937197,0.49,6.03,22.17,0.25,8.700972080037227,3.0701278234985114
59.37,118.12710293078135,17.574729662029362,28.560659061126955,32.30912333307031,23.48347601937197,0.57,6.54,16.42,0.48,8.700972080037227,3.0701278234985114
56.05,118.12710293078135,17.574729662029362,28.560659061126955,32.30912333307031,23.48347601937197,0.51,5.99,18.74,0.02,8.700972080037227,3.0701278234985114
49.45,118.12710293078135,20.6,19.73,26.8,23.48347601937197,0.54,5.8,14.45,3.280840304500585,8.700972080037227,3.0701278234985114
43.04,118.12710293078135,23.72,15.87,27.13,23.48347601937197,0.46,6.89,22.69,3.32,8.700972080037227,3.0701278234985114
45.82,118.12710293078135,14.58,14.49,19.25,23.48347601937197,0.61,5.72,22.53,2.07,8.700972080037227,3.0701278234985114
53.09,118.12710293078135,18.76,14.15,22.43,23.48347601937197,0.56,6.39,20.61,2.24,8.700972080037227,3.0701278234985114
44.46,118.12710293078135,6.36,17.19,11.98,23.48347601937197,0.54,4.89,15.07,0.79,8.700972080037227,3.0701278234985114
46.65,118.12710293078135,8.89,18.89,14.8,23.48347601937197,0.6,5.4,17.66,1.01,8.700972080037227,3.0701278234985114
47.6,118.12710293078135,6.74,21.4,14.49,23.48347601937197,0.43,5.45,15.02,0.54,8.700972080037227,3.0701278234985114
43.06,118.12710293078135,4.22,18.1,10.72,23.48347601937197,0.46,5.25,18.76,0.47,8.700972080037227,3.0701278234985114
37.73,118.12710293078135,16.69,31.51,27.74,23.48347601937197,0.49,7.06,24.53,2.54,8.700972080037227,3.0701278234985114
46.43,118.12710293078135,15.2,25.01,23.11,23.48347601937197,0.59,5.13,16.38,1.69,8.700972080037227,3.0701278234985114
31.39,118.12710293078135,14.87,21.34,20.32,23.48347601937197,0.59,5.82,12.21,1.48,8.700972080037227,3.0701278234985114
51.98,118.12710293078135,28.45,17.24,29.33,23.48347601937197,0.58,5.7,13.96,1.76,8.700972080037227,3.0701278234985114
58.0,118.12710293078135,24.5,18.1,26.5,23.48347601937197,0.66,6.62,34.49143047551845,1.67,8.700972080037227,3.0701278234985114
28.75,118.12710293078135,32.82,31.05,41.02,23.48347601937197,0.66,8.15,12.98,2.2,8.700972080037227,3.0701278234985114
27.69,118.12710293078135,34.87,23.91,39.42,23.48347601937197,0.29,5.64,8.25,4.74,8.700972080037227,3.0701278234985114
19.99,118.12710293078135,18.3,15.52,22.76,23.48347601937197,0.58,3.37,10.42,2.19,8.700972080037227,3.0701278234985114
35.14,118.12710293078135,23.27,17.62,27.83,23.48347601937197,0.46,7.45,5.34,2.31,8.700972080037227,3.0701278234985114
39.06,118.12710293078135,21.85,19.36,27.61,23.48347601937197,0.38,8.03,7.86,2.35,8.700972080037227,3.0701278234985114
42.36,118.12710293078135,21.27,19.48,27.27,23.48347601937197,0.52,6.71,6.67,2.69,8.700972080037227,3.0701278234985114
44.35,118.12710293078135,18.06,20.25,23.71,23.48347601937197,0.41,5.57,9.5,2.16,8.700972080037227,3.0701278234985114
44.86,118.12710293078135,11.43,19.75,19.46,23.48347601937197,0.47,7.59,15.9,0.23,8.700972080037227,3.0701278234985114
60.29,118.12710293078135,9.11,18.79,17.11,23.48347601937197,0.37,6.21,22.5,0.04,8.700972080037227,3.0701278234985114
34.16,118.12710293078135,17.03,18.37,23.23,23.48347601937197,0.41,6.08,5.87,0.66,8.700972080037227,3.0701278234985114
54.14,118.12710293078135,12.54,16.72,16.16,23.48347601937197,0.72,5.84,24.72,0.56,8.700972080037227,3.0701278234985114
46.65,118.12710293078135,13.67,22.99,21.29,23.48347601937197,0.46,6.72,20.99,0.85,8.700972080037227,3.0701278234985114
36.87,88.1,7.38,13.88,14.99,23.48347601937197,0.49,15.09,50.53,0.0,0.0,3.0701278234985114
36.88,77.26,11.01,21.61,23.8,23.48347601937197,0.46,27.58,35.91,0.0,0.0,3.0701278234985114
63.58,133.36,25.41,16.76,21.96,23.48347601937197,0.38,21.72,28.39,0.0,0.0,3.0701278234985114
39.9,103.11,10.29,13.99,13.49,23.48347601937197,0.39,14.56,31.28,0.0,0.0,3.0701278234985114
51.93,130.58,15.69,12.69,19.61,23.48347601937197,0.33,12.14,29.85,0.0,0.0,3.0701278234985114
52.37,86.44,13.08,8.98,9.72,23.48347601937197,0.2,21.99,36.25,0.0,0.0,3.0701278234985114
25.61,16.77,23.53,14.87,13.08,23.48347601937197,0.39,2.93,21.26,0.0,0.0,3.0701278234985114
31.04,69.43,11.09,13.84,17.12,23.48347601937197,0.56,2.45,33.67,0.0,0.0,3.0701278234985114
48.27,95.77,22.65,19.3,34.98,23.48347601937197,0.52,3.02,49.63,0.0,0.0,3.0701278234985114
61.49,122.82,21.01,18.81,32.75,23.48347601937197,0.55,14.94,51.54,0.0,0.0,3.0701278234985114
30.48,75.2,13.78,80.01,5.14,23.48347601937197,0.55,4.67,42.18,0.0,0.0,3.0701278234985114
37.9,76.43,15.6,13.04,14.8,23.48347601937197,0.6,10.17,22.0,2.0,6.02,3.0701278234985114
41.09,60.31,9.01,7.74,9.4,23.48347601937197,0.58,10.15,18.77,2.0,5.96,3.0701278234985114
39.12,61.39,10.69,9.63,12.92,23.48347601937197,0.57,7.66,30.58,2.0,6.0,3.0701278234985114
45.29,79.65,16.1,13.39,22.68,23.48347601937197,0.55,6.84,33.54,2.0,5.98,3.0701278234985114
57.24,126.94,11.84,13.41,20.57,23.48347601937197,0.6,7.45,29.77,2.0,5.99,3.0701278234985114
31.41,67.29,9.24,10.37,12.03,23.48347601937197,0.45,10.72,26.52,1.98,6.0,3.0701278234985114
30.89,52.47,8.93,10.91,13.59,23.48347601937197,0.45,12.24,22.27,2.0,5.99,3.0701278234985114
68.38,122.84,19.95,15.46,27.92,23.48347601937197,0.44,12.69,26.61,2.0,6.0,3.0701278234985114
44.74,85.8,20.24,17.04,18.74,23.48347601937197,0.48,14.79,33.8,1.99,6.0,3.0701278234985114
26.59,36.03,16.38,21.33,17.29,23.48347601937197,0.45,8.48,24.59,2.01,6.0,3.0701278234985114
37.1,27.88,13.17,11.59,11.35,23.48347601937197,0.48,6.39,10.08,2.0,5.98,3.0701278234985114
26.58,34.06,11.55,8.68,9.91,23.48347601937197,0.49,5.29,20.75,1.99,6.01,3.0701278234985114
28.42,65.02,9.14,7.51,7.6,23.48347601937197,0.5,16.08,34.68,2.0,6.0,3.0701278234985114
33.71,68.35,10.25,8.5,8.75,23.48347601937197,0.51,14.92,34.48,2.0,5.99,3.0701278234985114
32.03,82.08,9.61,7.11,8.03,23.48347601937197,0.57,19.18,27.73,2.0,5.99,3.0701278234985114
33.8,69.44,13.39,9.7,13.12,23.48347601937197,0.54,22.78,23.44,2.0,5.99,3.0701278234985114
50.36,69.56,18.18,15.44,16.13,23.48347601937197,0.51,21.66,25.24,2.01,5.99,3.0701278234985114
46.78,46.66,13.7,9.98,13.15,23.48347601937197,0.49,20.21,26.75,2.01,6.0,3.0701278234985114
25.31,49.91,6.22,7.81,11.36,23.48347601937197,0.51,10.97,16.37,2.01,6.01,3.0701278234985114
20.7,70.47,5.18,9.7,11.17,23.48347601937197,0.48,13.48,22.44,1.99,6.01,3.0701278234985114
26.31,56.92,6.61,16.8,13.99,23.48347601937197,0.4,5.93,31.92,2.0,6.03,3.0701278234985114
21.99,51.94,7.99,18.23,18.69,23.48347601937197,0.34,5.25,30.76,2.0,6.01,3.0701278234985114
21.54,60.09,5.78,7.46,12.79,23.48347601937197,0.43,7.85,26.48,2.0,6.01,3.0701278234985114
24.24,51.71,5.54,7.31,12.59,23.48347601937197,0.47,8.4,33.82,1.98,5.98,3.0701278234985114
22.15,56.79,6.01,7.53,12.9,23.48347601937197,0.48,7.31,29.88,2.01,6.01,3.0701278234985114
39.18,39.61,9.81,10.97,15.93,23.48347601937197,0.39,72.13,22.75,2.0,6.01,3.0701278234985114
38.02,117.61,8.27,6.77,14.31,23.48347601937197,0.43,70.4,27.8,1.99,6.0,3.0701278234985114
46.61,100.63,5.54,11.76,17.13,23.48347601937197,0.64,77.57,29.39,2.01,6.01,3.0701278234985114
62.81,118.12710293078135,7.61,5.03,11.86,23.48347601937197,0.27,6.06,15.35,2.01,6.01,3.0701278234985114
36.17,118.12710293078135,7.28,4.98,11.53,23.48347601937197,0.31,44.37,28.31,2.0,6.02,3.0701278234985114
26.29,118.12710293078135,10.02,5.51,17.92,23.48347601937197,0.32,26.68,27.54,2.0,6.0,3.0701278234985114
29.99,76.8,6.18,6.37,12.08,23.48347601937197,0.36,14.22,33.53,2.0,5.99,3.0701278234985114
35.45,83.05,5.7,7.67,12.98,23.48347601937197,0.43,17.95,33.95,1.99,6.02,3.0701278234985114
37.09,81.47,5.35,7.47,12.51,23.48347601937197,0.43,18.97,32.09,2.0,5.97,3.0701278234985114
37.16,52.55,5.43,7.46,12.59,23.48347601937197,0.43,22.58,27.47,2.0,5.98,3.0701278234985114
48.42,91.49,5.36,7.85,12.85,23.48347601937197,0.47,17.93,36.29,2.0,5.98,3.0701278234985114
28.57,12.48,5.87,7.66,13.04,23.48347601937197,0.49,14.93,29.59,1.99,6.0,3.0701278234985114
42.78,10.0,5.26,7.8,12.67,23.48347601937197,0.54,15.27,35.53,2.0,6.01,3.0701278234985114
32.93,82.21,5.61,7.92,12.98,23.48347601937197,0.48,16.36,25.25,2.0,6.02,3.0701278234985114
29.49,68.99,5.39,7.7,12.69,23.48347601937197,0.47,13.01,22.34,1.99,6.01,3.0701278234985114
30.78,71.93,5.35,7.54,12.5,23.48347601937197,0.47,15.01,36.4,2.0,6.0,3.0701278234985114
51.34,102.22,5.73,8.03,13.35,23.48347601937197,0.52,13.94,29.69,2.0,5.98,3.0701278234985114
34.04,78.87,13.52,14.43,24.37,23.48347601937197,1.53,13.63,24.44,2.0,6.01,3.0701278234985114
26.72,67.98,7.36,7.13,9.55,23.48347601937197,1.54,14.11,29.66,2.01,5.99,3.0701278234985114
30.04,60.84,6.87,6.7,8.94,23.48347601937197,1.58,13.09,29.3,1.99,6.0,3.0701278234985114
47.23,99.88,11.58,10.58,21.17,23.48347601937197,1.73,12.37,32.0,2.0,6.0,3.0701278234985114
37.12,84.63,7.1,6.5,12.5,23.48347601937197,1.72,9.84,34.61,2.01,5.99,3.0701278234985114
22.7,54.11,7.34,5.55,11.59,23.48347601937197,1.68,10.55,24.05,1.99,5.98,3.0701278234985114
33.35,76.93,8.85,6.76,11.77,23.48347601937197,1.73,9.97,16.88,2.0,6.0,3.0701278234985114
33.01,92.36,15.28,10.52,16.67,23.48347601937197,1.69,10.22,19.62,2.0,5.99,3.0701278234985114
14.92,29.6,8.39,6.06,6.59,23.48347601937197,1.15,9.89,15.38,2.0,6.0,3.0701278234985114
25.25,65.37,6.38,7.34,8.39,23.48347601937197,1.74,10.1,22.41,2.0,5.99,3.0701278234985114
32.94,71.62,7.01,7.82,10.66,23.48347601937197,1.73,9.72,18.54,2.0,6.02,3.0701278234985114
32.22,82.06,7.18,9.46,13.59,23.48347601937197,1.67,10.38,21.18,2.0,6.01,3.0701278234985114
29.44,94.74,10.3,9.29,17.55,23.48347601937197,1.09,9.33,14.4,1.99,6.0,3.0701278234985114
14.65,45.27,15.14,11.12,23.78,23.48347601937197,0.72,9.57,13.83,2.0,6.01,3.0701278234985114
16.17,51.58,18.57,13.12,30.08,23.48347601937197,0.81,10.48,13.44,2.0,6.0,3.0701278234985114
33.82,75.21,19.53,14.64,31.69,23.48347601937197,0.65,9.95,19.0,2.01,6.01,3.0701278234985114
38.05,84.2,34.84,21.9,49.96,23.48347601937197,0.98,10.12,35.98,1.99,6.0,3.0701278234985114
51.55,52.26,34.57,21.43,43.22,23.48347601937197,0.99,9.61,33.35,2.0,6.0,3.0701278234985114
37.82,128.94,22.17,13.84,29.41,23.48347601937197,1.02,3.4,39.72,0.89,2.67,3.0701278234985114
32.53,48.34,27.1,28.76,38.64,23.48347601937197,1.08,4.53,42.46,0.0,2.93,3.0701278234985114
47.85,73.05,42.37,24.73,41.49,23.48347601937197,1.16,3.42,49.04,0.0,0.0,3.0701278234985114
50.21,86.44,19.58,12.28,26.37,23.48347601937197,0.97,3.5,50.44,0.0,0.0,3.0701278234985114
38.26,65.49,19.41,10.01,19.32,23.48347601937197,0.54,4.16,55.95,0.0,0.0,3.0701278234985114
33.78,66.95,5.5,35.91,25.34,23.48347601937197,0.5,3.73,35.71,1.99,5.98,3.0701278234985114
44.89,107.1,12.61,46.33,40.52,23.48347601937197,0.79,6.94,27.64,2.0,6.0,3.0701278234985114
59.76,102.19,7.69,28.97,24.26,23.48347601937197,1.23,26.89,21.17,1.94,5.62,3.0701278234985114
59.08,96.42,15.58,15.42,22.97,23.48347601937197,1.67,6.43,26.27,2.78,5.99,3.0701278234985114
19.52,32.59,6.56,27.15,24.08,41.15,1.06,12.3,47.23,2.42,3.46,10.96
35.82,67.45,10.48,27.52,26.92,39.4,0.97,16.04,38.14,2.99,3.93,13.59
31.83,60.71,8.13,15.06,15.59,54.02,0.75,16.27,38.79,4.41,7.7,17.55
31.27,65.28,6.32,15.96,11.76,52.39,0.56,16.42,36.85,3.86,7.44,17.47
20.82,41.61,5.31,14.19,9.72,48.2,0.54,15.31,38.52,3.51,7.01,15.13
17.59,35.7,5.82,14.65,10.57,48.37,0.49,14.77,42.37,3.27,6.73,14.13
23.65,56.89,5.3,13.75,10.04,45.05,0.5,18.73,54.46,3.44,7.07,16.16
32.0,57.58,4.84,12.76,8.93,42.26,0.55,18.56,58.39,3.7,7.13,16.34
30.71,57.22,5.26,13.39,9.79,40.83,0.52,17.01,63.43,3.72,6.99,15.32
27.84,55.37,6.31,14.94,10.74,38.89,0.55,15.91,54.79,2.84,5.23,9.78
28.93,59.79,12.23,16.0,10.82,40.42,0.52,15.97,61.46,1.68,2.74,2.54
27.11,48.38,5.33,12.75,9.72,37.53,0.47,15.3,66.52,1.62,2.69,2.45
34.18,61.47,5.55,12.52,9.22,35.59,0.52,14.86,58.64,1.77,2.69,2.48
49.7,87.4,7.51,15.9,12.04,36.33,0.69,15.2,53.97,2.06,2.74,2.7
31.8,86.25,5.26,11.95,8.78,35.85,0.43,14.66,61.31,1.67,2.69,2.4
28.04,79.84,5.04,10.94,8.45,34.39,0.42,14.11,62.85,1.63,2.67,2.25
48.86,93.89,10.18,19.64,15.65,40.1,0.78,12.42,37.77,8.15,3.47,3.17
23.7,45.29,4.49,11.12,10.51,16.83,0.55,7.71,64.94,5.78,2.55,2.21
26.35,56.28,3.89,13.94,10.01,19.87,0.7,8.94,62.58,6.23,2.61,1.95
43.35,75.89,5.31,7.9,9.61,4.17,0.63,4.03,49.35,22.62,4.0,11.44
50.82,118.01,4.03,9.3,16.56,29.24,0.48,14.03,17.67,1.07,8.700972080037227,3.0701278234985114
59.88,78.04,3.16,9.65,15.51,19.03,0.51,16.42,41.23,1.0,8.700972080037227,3.0701278234985114
62.0,76.05,6.13,11.73,22.6,25.34,0.67,15.72,19.09,1.31,8.700972080037227,3.0701278234985114
35.72,50.06,5.84,11.66,22.08,17.19,0.76,18.67,43.8,1.26,8.700972080037227,3.0701278234985114
23.13,153.45,2.57,13.17,18.32,14.1,0.43,26.11,63.06,0.63,8.700972080037227,3.0701278234985114
25.78,36.21,3.58,12.24,19.01,12.53,0.46,18.57,45.95,7.07,8.700972080037227,3.0701278234985114
56.1,82.28,9.85,15.92,33.23,13.76,0.74,19.42,32.52,1.54,8.700972080037227,3.0701278234985114
28.95,40.1,4.23,11.5,19.28,13.98,0.48,17.93,38.96,4.3,8.700972080037227,3.0701278234985114
30.06,40.09,5.18,14.44,23.96,12.78,0.56,16.14,30.94,0.93,8.700972080037227,3.0701278234985114
37.76,67.42,12.41,14.69,36.13,12.7,0.75,17.21,43.24,1.42,8.700972080037227,3.0701278234985114
47.34,61.7,3.98,16.23,23.92,10.45,0.66,17.31,33.38,0.97,8.700972080037227,3.0701278234985114
42.85,56.26,3.8,16.64,24.06,9.93,0.55,16.33,44.77,1.02,8.700972080037227,3.0701278234985114
87.16,110.57,11.34,18.99,38.95,10.46,0.84,17.26,39.13,19.37,8.700972080037227,3.0701278234985114
36.8,55.86,3.35,12.7,19.12,11.27,0.54,20.37,54.43,0.92,8.700972080037227,3.0701278234985114
42.87,61.08,4.9,15.48,24.64,11.48,0.59,21.73,54.18,1.22,8.700972080037227,3.0701278234985114
56.03,88.14,25.1,22.46,65.24,10.86,0.8,17.64,46.95,2.4,8.700972080037227,3.0701278234985114
32.5,39.5,2.37,10.65,15.29,10.07,0.47,18.21,39.65,0.0,8.700972080037227,3.0701278234985114
24.68,36.05,2.5,11.02,15.9,7.5,0.42,18.79,40.92,0.26,8.700972080037227,3.0701278234985114
13.68,21.96,2.0,8.73,12.61,7.8,0.36,23.19,45.86,0.53,8.700972080037227,3.0701278234985114
9.62,14.5,1.93,7.25,10.96,7.04,0.35,22.41,44.3,0.44,8.700972080037227,3.0701278234985114
28.45,46.41,5.84,14.02,24.56,7.02,0.58,22.91,40.96,0.56,8.700972080037227,3.0701278234985114
21.9,37.94,4.18,7.0,14.37,7.21,0.28,28.51,38.57,0.21,8.700972080037227,3.0701278234985114
51.38,87.31,6.08,17.0,28.18,17.89,0.81,23.26,24.48,0.67,8.700972080037227,3.0701278234985114
25.83,56.37,1.8,9.28,12.9,10.98,0.36,19.51,62.95,0.3,8.700972080037227,3.0701278234985114
27.82,44.86,1.53,8.06,11.16,8.96,0.38,19.39,67.62,0.29,8.700972080037227,3.0701278234985114
20.83,44.79,1.59,8.33,11.54,7.62,0.39,19.61,66.8,0.37,8.700972080037227,3.0701278234985114
23.05,38.97,1.92,9.44,13.27,7.66,0.43,19.7,55.16,0.4,8.700972080037227,3.0701278234985114
33.35,57.32,2.48,10.32,15.13,8.63,0.57,19.81,35.5,0.46,8.700972080037227,3.0701278234985114
65.01,85.31,4.49,13.27,19.4,12.61,0.49,19.73,47.25,0.37,8.700972080037227,3.0701278234985114
19.79,31.95,1.78,12.33,16.15,10.74,0.45,18.08,66.56,0.35,8.700972080037227,3.0701278234985114
24.78,42.72,2.31,11.17,15.77,8.53,0.47,17.77,51.65,0.4,8.700972080037227,3.0701278234985114
22.83,34.43,3.17,14.25,20.49,8.09,0.51,17.12,52.04,0.22,8.700972080037227,3.0701278234985114
21.29,33.06,2.18,9.06,13.28,7.43,0.42,16.41,56.76,0.31,8.700972080037227,3.0701278234985114
43.79,68.51,4.43,12.25,20.41,7.09,0.78,16.44,35.22,0.47,8.700972080037227,3.0701278234985114
37.7,67.11,9.4,15.82,32.38,9.71,0.61,16.15,53.11,0.3,8.700972080037227,3.0701278234985114
31.53,52.71,3.61,13.08,19.94,8.7,0.54,15.87,46.88,3.21,8.700972080037227,3.0701278234985114
26.94,43.89,2.99,10.37,16.01,8.33,0.44,15.73,45.87,0.22,8.700972080037227,3.0701278234985114
13.59,22.87,2.23,10.73,15.16,8.69,0.4,15.89,51.75,0.21,8.700972080037227,3.0701278234985114
11.79,60.02,1.72,9.53,13.04,8.06,0.36,15.81,62.69,0.16,8.700972080037227,3.0701278234985114
21.41,37.36,3.32,12.81,19.17,5.97,0.5,16.01,43.42,0.2,8.700972080037227,3.0701278234985114
43.72,81.41,14.81,18.48,44.13,5.93,0.79,16.31,35.31,0.48,8.700972080037227,3.0701278234985114
26.04,44.89,6.58,18.76,30.9,6.2,0.54,16.06,54.01,0.28,8.700972080037227,3.0701278234985114
41.11,75.12,16.05,21.67,49.55,6.11,0.81,16.49,37.43,0.59,8.700972080037227,3.0701278234985114
25.38,42.39,2.06,11.09,15.26,6.51,0.46,16.25,45.13,0.27,8.700972080037227,3.0701278234985114
12.52,21.47,3.09,11.44,17.34,6.66,0.37,16.17,42.61,0.25,8.700972080037227,3.0701278234985114
30.62,86.21,3.86,13.14,20.4,4.89,0.48,16.34,26.23,0.35,8.700972080037227,3.0701278234985114
27.55,59.02,6.05,12.89,23.72,7.96,0.6,16.5,33.25,0.43,8.700972080037227,3.0701278234985114
36.68,72.67,9.54,18.64,35.62,11.22,0.68,10.68,3.23,0.3,8.700972080037227,3.0701278234985114
47.66,87.66,11.8,16.46,37.01,10.16,0.58,10.53,2.93,0.4,8.700972080037227,3.0701278234985114
33.51,55.87,4.68,15.51,24.31,6.04,0.61,10.6,3.15,0.39,8.700972080037227,3.0701278234985114
55.23,102.95,13.86,22.06,46.37,7.67,0.74,10.57,2.58,0.41,8.700972080037227,3.0701278234985114
40.38,77.63,10.12,16.77,34.58,8.73,0.7,10.55,1.79,0.25,8.700972080037227,3.0701278234985114
33.32,63.97,13.84,15.6,39.42,9.3,0.77,10.57,1.29,3.42,8.700972080037227,3.0701278234985114
27.98,50.76,6.1,11.32,22.16,8.4,0.61,10.56,2.04,0.25,8.700972080037227,3.0701278234985114
30.18,57.35,8.69,14.71,30.0,15.17,0.48,11.6,3.19,0.61,8.700972080037227,3.0701278234985114
32.27,60.43,11.91,14.26,34.84,5.52,0.66,10.79,2.31,0.58,8.700972080037227,3.0701278234985114
33.01,62.82,19.65,16.5,49.9,5.57,0.63,10.86,2.14,0.54,8.700972080037227,3.0701278234985114
5.39,10.53,1.99,6.5,10.24,3.85,0.25,10.25,21.89,3.280840304500585,8.700972080037227,3.0701278234985114
25.18,34.16,7.07,9.97,22.29,12.28,0.52,10.41,17.9,0.17,8.700972080037227,3.0701278234985114
21.91,37.61,9.69,10.66,27.32,8.22,0.45,10.65,8.3,0.16,8.700972080037227,3.0701278234985114
41.72,73.42,6.72,9.98,21.71,6.2,0.54,10.84,11.78,0.05,8.700972080037227,3.0701278234985114
43.43,70.87,7.05,11.38,23.78,6.88,0.59,11.14,5.55,0.08,8.700972080037227,3.0701278234985114
22.94,39.38,1.85,6.25,9.73,8.54,0.33,10.96,1.47,0.16,8.700972080037227,3.0701278234985114
59.28,79.72,3.37,8.78,14.92,7.34,0.41,10.91,9.75,0.23,8.700972080037227,3.0701278234985114
19.41,76.32,4.3,9.77,17.57,7.5,0.37,10.91,16.99,0.12,8.700972080037227,3.0701278234985114
27.99,50.9,9.21,11.31,27.23,6.96,0.57,10.49,18.3,0.11,8.700972080037227,3.0701278234985114
59.27,79.88,3.43,8.75,14.99,6.51,0.35,11.02,20.01,0.33,8.700972080037227,3.0701278234985114
11.93,26.31,4.07,7.69,14.92,4.17,0.34,11.29,18.86,0.06,8.700972080037227,3.0701278234985114
24.95,49.12,12.19,9.47,30.16,3.67,0.58,11.28,16.85,0.15,8.700972080037227,3.0701278234985114
89.85,220.16,5.94,10.86,21.38,4.39,0.43,10.86,17.6,0.23,8.700972080037227,3.0701278234985114
76.43,157.77,6.89,8.03,19.89,4.83,0.43,11.14,17.4,0.18,8.700972080037227,3.0701278234985114
18.86,40.47,7.74,10.96,24.46,6.13,0.49,11.36,17.67,0.15,8.700972080037227,3.0701278234985114
11.86,34.75,5.14,9.62,18.77,8.94,0.39,11.51,15.62,0.07,8.700972080037227,3.0701278234985114
30.14,54.16,6.89,10.57,22.65,6.69,0.56,11.81,16.35,0.22,8.700972080037227,3.0701278234985114
33.4,68.83,9.18,14.94,31.07,6.64,0.56,12.03,16.11,47.87,8.700972080037227,3.0701278234985114
23.87,44.49,2.86,8.98,14.3,6.14,0.43,12.01,16.32,3.280840304500585,8.700972080037227,3.0701278234985114
23.45,46.99,10.58,12.59,30.85,5.13,0.58,12.12,37.54,92.42,8.700972080037227,3.0701278234985114
21.66,37.24,15.77,11.55,38.26,7.24,0.57,11.96,19.92,25.37,8.700972080037227,3.0701278234985114
25.64,56.42,10.43,11.26,29.18,7.01,0.68,12.17,25.48,3.280840304500585,8.700972080037227,3.0701278234985114
30.97,66.26,16.64,16.77,45.28,3.8,0.7,12.03,7.07,3.280840304500585,8.700972080037227,3.0701278234985114
14.23,33.81,10.49,9.12,26.99,3.42,0.58,12.13,8.86,32.75,8.700972080037227,3.0701278234985114
25.82,48.97,9.48,8.46,24.61,1.83,0.52,12.05,15.1,0.0,8.700972080037227,3.0701278234985114
22.01,45.15,10.77,11.61,30.14,2.32,0.57,12.4,16.13,0.0,8.700972080037227,3.0701278234985114
34.11,59.01,7.96,10.78,24.62,2.48,0.56,12.44,16.46,0.0,8.700972080037227,3.0701278234985114
24.0,62.32,5.96,8.51,18.9,2.86,0.52,12.72,16.05,0.0,8.700972080037227,3.0701278234985114
23.6,41.41,11.0,6.41,24.93,2.75,0.73,12.88,17.36,0.08,8.700972080037227,3.0701278234985114
37.23,75.6,16.0,14.84,42.15,1.87,0.7,13.99,17.87,9.34,8.700972080037227,3.0701278234985114
31.67,63.53,7.14,12.68,25.3,2.17,0.52,13.49,17.49,0.27,8.700972080037227,3.0701278234985114
33.58,60.78,13.53,12.31,35.37,2.14,0.52,15.6,17.18,0.69,8.700972080037227,3.0701278234985114
27.75,49.24,13.45,6.98,29.55,1.71,0.77,13.67,17.37,0.0,8.700972080037227,3.0701278234985114
23.77,49.25,16.37,9.2,36.74,1.29,0.64,13.99,17.43,0.0,8.700972080037227,3.0701278234985114
29.56,60.78,17.18,8.38,37.17,1.49,0.78,14.54,17.8,0.0,8.700972080037227,3.0701278234985114
30.94,64.05,15.39,11.52,37.61,1.54,0.66,14.49,18.22,0.0,8.700972080037227,3.0701278234985114
39.61,72.7,18.47,13.23,44.44,1.85,0.65,14.85,18.51,0.0,8.700972080037227,3.0701278234985114
57.59,97.74,17.03,12.49,41.34,2.45,0.88,18.9,18.28,0.0,8.700972080037227,3.0701278234985114
30.21,53.93,6.3,11.94,23.14,1.98,0.68,14.83,17.91,0.0,8.700972080037227,3.0701278234985114
32.15,63.9,30.7,14.46,65.87,2.01,0.73,15.3,18.47,0.0,8.700972080037227,3.0701278234985114
41.46,82.09,35.46,17.13,76.59,2.23,0.68,15.63,18.3,0.0,8.700972080037227,3.0701278234985114
45.02,75.22,16.25,17.03,44.93,2.3,0.76,15.65,17.94,0.0,8.700972080037227,3.0701278234985114
47.43,94.31,30.54,20.29,71.89,2.42,0.82,15.24,17.8,16.54,8.700972080037227,3.0701278234985114
46.36,89.37,17.22,15.39,44.77,4.21,0.73,13.48,18.33,0.0,8.700972080037227,3.0701278234985114
57.99,96.19,11.76,10.89,30.96,3.42,0.72,14.21,18.92,0.0,8.700972080037227,3.0701278234985114
45.98,81.6,29.74,14.17,64.0,3.83,0.87,9.82,17.84,0.0,8.700972080037227,3.0701278234985114
52.71,145.35,22.93,14.61,53.27,4.48,0.91,9.69,18.13,0.0,8.700972080037227,3.0701278234985114
41.07,73.87,28.25,13.6,60.94,3.93,0.7,10.04,18.19,13.45,8.700972080037227,3.0701278234985114
46.15,72.78,14.02,11.2,34.99,3.08,0.77,10.01,17.91,2.67,8.700972080037227,3.0701278234985114
66.5,115.05,48.72,13.55,94.49,5.59,0.95,10.4,18.17,4.02,8.700972080037227,3.0701278234985114
27.92,53.53,2.76,12.41,17.83,13.39,0.12,13.25,18.88,0.15,8.700972080037227,3.0701278234985114
47.51,79.77,16.71,14.97,43.46,13.55,0.25,13.58,19.04,0.21,8.700972080037227,3.0701278234985114
36.86,65.66,4.88,15.58,24.69,15.46,0.21,13.4,19.28,0.13,8.700972080037227,3.0701278234985114
44.87,108.44,3.27,14.86,21.28,12.0,0.29,13.06,18.75,0.14,8.700972080037227,3.0701278234985114
19.16,33.51,2.74,6.6,5.25,27.97,0.3,17.6,24.23,0.03,8.700972080037227,3.0701278234985114
20.94,31.08,1.68,6.69,4.51,20.35,0.38,15.72,39.03,0.02,8.700972080037227,3.0701278234985114
12.87,29.46,0.66,3.45,2.17,6.01,0.25,13.88,42.08,0.04,8.700972080037227,3.0701278234985114
13.02,18.64,0.83,3.81,2.47,3.34,0.25,13.88,43.1,0.03,8.700972080037227,3.0701278234985114
25.51,39.31,1.06,9.0,5.17,3.96,0.4,14.19,39.45,0.04,8.700972080037227,3.0701278234985114
25.33,44.45,2.33,7.14,5.21,3.46,0.42,14.08,28.68,0.05,8.700972080037227,3.0701278234985114
18.78,41.35,1.27,7.04,4.38,3.86,0.33,14.43,39.18,0.03,8.700972080037227,3.0701278234985114
25.13,44.71,5.15,10.84,9.12,3.41,0.42,14.6,32.73,169.36,8.700972080037227,3.0701278234985114
23.76,54.9,2.68,13.77,8.7,7.1,0.41,14.67,48.79,0.0,8.700972080037227,3.0701278234985114
40.78,69.53,4.57,18.13,12.23,7.78,0.51,15.35,46.24,0.0,8.700972080037227,3.0701278234985114
47.0,80.22,7.34,23.76,17.04,7.97,0.58,15.44,39.05,0.0,8.700972080037227,3.0701278234985114
43.02,72.78,10.4,15.35,15.23,10.77,0.6,14.96,33.72,0.0,8.700972080037227,3.0701278234985114
25.6,39.27,1.29,11.16,6.4,6.8,0.4,14.84,37.55,0.0,8.700972080037227,3.0701278234985114
49.08,86.02,12.51,19.87,19.02,5.4,1.2,14.68,32.1,0.0,8.700972080037227,3.0701278234985114
42.37,65.67,1.99,12.62,7.63,9.72,0.73,14.41,26.53,0.0,8.700972080037227,3.0701278234985114
8.77,16.77,0.83,9.54,5.26,2.44,0.34,15.01,42.45,0.0,8.700972080037227,3.0701278234985114
15.12,28.91,0.94,6.03,3.64,0.86,0.37,15.07,44.22,0.0,8.700972080037227,3.0701278234985114
15.95,27.93,1.46,8.68,5.3,1.41,0.4,15.09,39.86,0.0,8.700972080037227,3.0701278234985114
21.8,41.14,1.61,11.33,6.72,2.23,0.42,15.14,39.32,0.0,8.700972080037227,3.0701278234985114
24.49,39.27,3.32,11.03,7.85,2.69,0.57,15.26,26.37,0.0,8.700972080037227,3.0701278234985114
17.45,30.52,1.11,8.21,4.83,3.75,0.41,15.55,44.84,0.0,8.700972080037227,3.0701278234985114
31.44,51.03,1.3,8.33,5.02,4.27,0.49,15.7,36.58,0.0,8.700972080037227,3.0701278234985114
36.84,72.94,7.24,18.6,14.47,4.95,0.68,15.82,31.82,0.0,8.700972080037227,3.0701278234985114
37.17,69.88,12.04,14.8,16.2,5.16,0.65,15.89,27.09,0.0,8.700972080037227,3.0701278234985114
67.45057794890306,118.12710293078135,17.574729662029362,28.560659061126955,32.30912333307031,23.48347601937197,2.2485982090856145,14.53197725590996,34.49143047551845,3.280840304500585,8.700972080037227,3.0701278234985114
40.78,118.12710293078135,4.46,28.32,32.78,23.48347601937197,0.89,15.72,39.31,3.280840304500585,8.700972080037227,3.0701278234985114
45.38,118.12710293078135,11.73,10.4,21.64,23.48347601937197,0.23,7.26,44.57,3.280840304500585,8.700972080037227,3.0701278234985114
25.79,118.12710293078135,10.77,12.17,22.6,23.48347601937197,0.72,8.76,18.8,3.280840304500585,8.700972080037227,3.0701278234985114
25.58,118.12710293078135,11.53,14.21,25.51,23.48347601937197,0.76,8.8,24.68,3.280840304500585,8.700972080037227,3.0701278234985114
24.88,118.12710293078135,10.23,11.33,21.41,23.48347601937197,0.75,8.43,20.85,3.280840304500585,8.700972080037227,3.0701278234985114
31.0,118.12710293078135,8.5,8.18,16.59,23.48347601937197,0.67,8.3,15.78,3.280840304500585,8.700972080037227,3.0701278234985114
26.38,118.12710293078135,8.43,8.22,16.5,23.48347601937197,0.68,8.08,15.3,3.280840304500585,8.700972080037227,3.0701278234985114
23.83,118.12710293078135,8.33,6.55,14.77,23.48347601937197,0.62,8.19,15.7,3.280840304500585,8.700972080037227,3.0701278234985114
26.92,118.12710293078135,12.15,8.71,20.75,23.48347601937197,0.63,8.71,17.3,3.280840304500585,8.700972080037227,3.0701278234985114
26.82,118.12710293078135,9.08,8.36,17.37,23.48347601937197,0.64,9.14,15.62,3.280840304500585,8.700972080037227,3.0701278234985114
23.67,118.12710293078135,9.53,7.91,17.35,23.48347601937197,0.73,7.84,9.46,3.280840304500585,8.700972080037227,3.0701278234985114
33.29,118.12710293078135,9.28,7.34,16.56,23.48347601937197,0.63,8.38,15.3,3.280840304500585,8.700972080037227,3.0701278234985114
26.29,118.12710293078135,8.69,5.89,14.52,23.48347601937197,0.62,8.61,21.08,3.280840304500585,8.700972080037227,3.0701278234985114
29.67,118.12710293078135,20.72,10.41,31.13,23.48347601937197,0.76,9.31,15.48,3.280840304500585,8.700972080037227,3.0701278234985114
27.42,118.12710293078135,17.37,5.97,23.26,23.48347601937197,0.58,2.66,20.65,3.280840304500585,8.700972080037227,3.0701278234985114
31.38,118.12710293078135,10.2,6.78,16.83,23.48347601937197,0.58,6.79,14.79,3.280840304500585,8.700972080037227,3.0701278234985114
26.5,118.12710293078135,9.66,5.32,14.73,23.48347601937197,0.6,6.63,14.69,3.280840304500585,8.700972080037227,3.0701278234985114
24.42,118.12710293078135,8.69,4.88,13.43,23.48347601937197,0.59,6.99,16.3,3.280840304500585,8.700972080037227,3.0701278234985114
24.97,118.12710293078135,8.81,4.45,13.12,23.48347601937197,0.58,9.0,17.02,3.280840304500585,8.700972080037227,3.0701278234985114
24.71,118.12710293078135,9.54,5.87,15.31,23.48347601937197,0.64,8.24,16.06,3.280840304500585,8.700972080037227,3.0701278234985114
32.54,118.12710293078135,13.21,7.14,20.23,23.48347601937197,0.79,9.07,17.01,3.280840304500585,8.700972080037227,3.0701278234985114
23.75,118.12710293078135,5.06,6.3,11.36,23.48347601937197,0.25,2.65,11.07,3.280840304500585,8.700972080037227,3.0701278234985114
22.61,118.12710293078135,11.21,5.5,16.69,23.48347601937197,0.61,7.92,16.21,3.280840304500585,8.700972080037227,3.0701278234985114
21.46,118.12710293078135,9.63,8.91,18.4,23.48347601937197,0.68,8.75,19.35,0.91,1.61,0.04
28.96,118.12710293078135,9.09,9.68,18.53,23.48347601937197,0.65,9.04,23.61,0.88,4.25,0.02
23.04,118.12710293078135,8.22,8.62,16.7,23.48347601937197,0.64,8.65,19.85,0.79,3.71,0.01
26.33,118.12710293078135,9.12,9.38,18.38,23.48347601937197,0.65,8.85,16.03,0.75,3.56,0.01
21.56,118.12710293078135,7.62,8.86,16.41,23.48347601937197,0.66,7.15,17.39,0.57,2.65,0.0
24.75,118.12710293078135,6.81,10.77,17.39,23.48347601937197,0.68,6.62,10.13,0.7,2.99,0.01
24.82,118.12710293078135,6.65,10.82,17.24,23.48347601937197,0.67,6.46,14.44,0.66,3.4,0.01
25.79,118.12710293078135,6.16,10.57,16.56,23.48347601937197,0.67,6.9,13.17,0.65,3.22,0.01
25.79,118.12710293078135,6.16,10.61,16.59,23.48347601937197,0.68,7.15,11.26,0.79,3.24,0.01
24.96,118.12710293078135,5.95,10.62,16.41,23.48347601937197,0.69,7.44,13.77,0.78,3.31,0.02
22.0,118.12710293078135,5.73,10.29,15.83,23.48347601937197,0.7,6.6,11.77,0.92,3.72,0.02
17.79,118.12710293078135,5.41,8.7,14.0,23.48347601937197,0.65,6.52,11.51,0.94,3.88,0.04
26.18,118.12710293078135,5.79,9.68,15.26,23.48347601937197,0.66,6.44,12.1,0.76,3.3,0.02
28.33,118.12710293078135,6.59,12.02,18.37,23.48347601937197,0.69,7.02,12.29,0.58,3.01,0.01
65.69,118.12710293078135,11.11,16.69,27.12,23.48347601937197,0.34,8.08,14.93,0.99,5.17,0.05
38.9,118.12710293078135,9.89,12.8,21.35,23.48347601937197,0.7,7.29,13.46,0.57,2.89,0.01
45.64,44.89,7.06,28.96,25.58,24.8,0.73,5.29,24.69,1.25,7.84,0.85
37.08,118.12710293078135,1.86,12.15,13.86,23.48347601937197,0.42,1.67,18.64,0.61,3.41,0.04
63.99,118.12710293078135,1.55,12.99,14.32,23.48347601937197,0.5,1.2,21.64,0.87,5.21,0.07
36.56,63.06,3.06,20.11,15.07,18.05,0.64,7.58,19.16,1.2,6.4,0.44
42.69,59.29,3.02,17.81,13.74,14.41,1.22,5.41,21.98,1.35,6.71,1.21
30.44,74.28,7.51,6.96,11.27,5.97,0.94,8.51,21.91,0.99,5.15,1.88
38.88,106.93,6.34,9.18,13.07,6.83,0.93,8.8,33.12,1.04,5.01,2.12
46.04,98.22,3.95,7.92,9.81,9.44,0.76,6.44,40.99,1.24,4.41,0.7
29.53,80.84,5.28,10.13,13.79,9.32,0.87,7.72,21.04,1.26,4.59,0.62
45.97,98.69,6.86,17.38,23.23,10.45,0.85,7.09,28.81,0.91,4.24,0.32
30.54,98.14,5.82,14.83,19.18,10.53,0.89,8.37,32.98,1.22,6.36,0.76
33.48,81.25,6.92,12.47,17.9,10.55,0.8,9.02,28.24,1.22,5.43,0.73
36.17,75.84,6.98,12.44,17.93,10.46,0.94,8.45,27.24,1.15,6.11,1.47
30.24,82.51,3.8,11.64,14.11,10.49,0.6,9.7,28.87,0.82,5.77,0.42
47.56,121.88,5.96,12.95,17.52,10.49,0.93,5.36,35.93,0.2,1.82,0.11
44.95,91.3,8.82,12.82,20.32,10.57,1.06,4.95,25.76,0.92,5.59,1.02
29.42,80.62,5.32,8.1,12.09,10.31,0.87,6.07,24.43,0.75,3.83,0.93
36.27,91.18,5.66,9.6,13.87,10.32,0.79,5.97,22.35,0.9,4.51,1.28
33.01,93.99,5.84,9.41,13.91,10.39,0.92,5.34,27.62,0.79,4.42,0.89
38.93,85.11,5.41,8.1,12.18,10.3,0.77,5.48,40.82,0.74,3.34,0.75
41.44,75.47,5.62,9.64,13.89,10.33,0.75,5.85,38.46,0.71,3.85,2.11
54.89,98.88,17.574729662029362,28.560659061126955,32.30912333307031,23.48347601937197,0.83,5.46,55.67,1.2,6.32,1.37
52.53,91.79,4.46,2.57,4.54,9.14,1.01,4.48,45.44,1.19,5.25,1.36
43.84,89.56,3.5,10.39,12.31,10.31,0.66,4.58,42.02,0.69,3.52,0.72
31.46,84.57,5.28,35.11,23.23,20.01,0.8,4.88,47.55,0.91,4.38,3.28
31.88,70.0,7.2,32.42,21.16,19.59,0.87,4.28,35.94,0.89,3.84,1.31
28.04,75.69,6.76,34.6,21.91,17.59,0.82,6.37,40.03,0.88,5.14,1.29
46.8,100.44,7.67,34.5,28.29,18.48,1.24,3.38,44.25,0.83,4.09,1.29
41.99,103.25,11.78,41.0,28.75,22.04,1.06,6.03,40.99,1.16,6.37,1.79
67.45057794890306,118.12710293078135,17.574729662029362,28.560659061126955,32.30912333307031,23.48347601937197,2.2485982090856145,14.53197725590996,34.49143047551845,3.280840304500585,8.700972080037227,3.0701278234985114
40.1,85.11,8.83,32.79,28.28,33.59,0.48,6.71,31.34,0.44,3.01,0.37
33.33,76.71,8.73,31.35,28.66,33.19,0.47,7.87,47.78,0.36,2.41,0.33
30.1,56.02,6.46,20.72,18.45,44.38,0.38,5.1,49.45,0.25,1.88,0.27
29.22,60.54,10.85,29.21,27.98,28.44,0.39,10.13,41.7,0.38,2.1,0.28
60.88,66.45,9.09,44.45,33.89,48.05,0.7,1.15,26.27,0.38,1.19,0.18
89.48,94.11,18.33,59.85,47.12,59.64,1.08,2.75,34.35,0.5,0.55,0.12
31.02,65.19,6.5,25.0,20.89,28.73,0.82,5.39,29.69,0.34,1.9,0.33
28.39,73.3,8.82,29.68,25.85,27.59,0.79,4.71,31.52,0.32,2.11,0.38
23.03,66.3,7.53,28.72,23.51,31.26,0.69,9.34,22.35,0.29,1.88,0.43
29.65,72.39,9.35,28.29,25.18,29.08,0.84,7.27,23.33,0.3,1.97,0.29
34.57,68.51,6.07,26.2,22.43,26.92,0.65,6.7,22.0,0.22,1.58,0.19
29.56,53.7,8.71,19.21,19.22,39.66,0.6,3.26,32.38,0.18,0.69,0.12
34.45,87.0,8.08,22.97,22.12,22.35,0.67,5.71,18.1,0.33,2.46,0.42
30.51,66.12,5.61,22.26,19.54,20.06,0.58,5.2,18.19,0.11,0.83,0.1
31.95,72.51,9.64,24.79,25.28,20.42,0.63,5.62,20.13,0.15,1.27,0.13
26.64,57.84,6.44,19.09,18.62,18.67,0.51,5.22,28.01,0.09,0.68,0.08
25.43,63.82,5.24,20.32,17.85,19.2,0.53,6.0,29.17,0.12,0.78,0.09
26.04,76.71,5.44,21.04,18.29,18.94,0.57,5.33,27.41,0.28,1.54,0.05
31.88,118.12710293078135,8.49,18.0,26.49,23.48347601937197,0.93,6.49,20.77,0.17,1.39,0.13
35.64,118.12710293078135,8.78,17.85,26.63,23.48347601937197,0.48,1.6,21.19,0.26,0.93,0.14
27.26,118.12710293078135,6.94,12.64,19.58,23.48347601937197,0.69,7.39,15.37,0.17,1.22,0.08
34.72,118.12710293078135,3.19,15.23,18.42,23.48347601937197,0.4,1.08,21.42,0.2,1.34,0.13
22.38,118.12710293078135,6.92,10.11,17.03,23.48347601937197,0.7,6.21,20.15,0.16,1.05,0.13
18.01,118.12710293078135,5.78,10.22,16.0,23.48347601937197,0.66,6.61,18.51,0.12,0.93,0.1
21.54,118.12710293078135,6.36,9.74,16.09,23.48347601937197,0.64,6.78,14.55,0.14,0.96,0.13
24.5,118.12710293078135,5.86,9.42,15.28,23.48347601937197,0.68,6.0,15.04,0.14,0.99,0.15
19.67,118.12710293078135,6.3,8.87,15.16,23.48347601937197,0.63,6.61,13.09,0.11,0.74,0.11
22.42,118.12710293078135,8.42,11.55,19.97,23.48347601937197,0.7,7.04,8.59,0.1,0.67,0.12
34.0,118.12710293078135,6.3,8.84,15.13,23.48347601937197,0.66,6.99,11.61,0.1,0.66,0.13
26.24,118.12710293078135,6.2,8.32,14.52,23.48347601937197,0.63,9.08,10.69,0.08,0.55,0.09
22.79,118.12710293078135,6.96,8.77,15.73,23.48347601937197,0.66,6.66,7.52,0.08,0.53,0.08
16.89,118.12710293078135,9.0,10.87,19.87,23.48347601937197,0.7,6.29,12.3,0.1,0.76,0.1
20.57,118.12710293078135,9.02,12.83,21.84,23.48347601937197,0.71,6.95,14.77,0.14,0.99,0.12
22.85,118.12710293078135,8.21,18.06,26.27,23.48347601937197,0.87,6.43,11.52,0.16,1.2,0.16
14.22,118.12710293078135,10.44,17.92,28.36,23.48347601937197,0.64,10.13,15.53,0.22,1.25,0.17
52.59,118.12710293078135,6.78,15.72,22.5,23.48347601937197,0.7,1.15,11.21,0.32,2.93,0.29
6.38,118.12710293078135,6.49,7.69,14.18,23.48347601937197,0.66,6.04,9.5,0.08,0.52,0.07
8.86,41.75,6.5,8.99,15.02,12.11,0.68,6.51,10.1,0.1,0.56,0.07
9.41,38.77,4.83,8.64,11.86,12.28,0.45,6.92,9.76,0.07,0.46,0.04
7.81,26.51,5.34,9.11,10.68,11.83,0.44,6.2,9.13,0.09,0.55,0.05
6.31,28.63,10.71,44.71,13.01,31.07,0.39,7.71,13.53,0.06,0.85,0.11
10.4,30.27,13.23,57.09,17.23,15.31,0.45,10.59,14.46,0.06,0.49,1.06
28.28,87.32,14.82,74.51,18.74,36.24,0.27,16.38,14.26,0.08,1.3,2.24
37.15,99.05,17.64,84.52,27.1,32.48,0.39,8.3,13.15,0.26,4.77,3.96
25.0,82.86,16.61,78.74,16.86,27.66,0.2,12.95,15.26,0.09,1.79,2.61
37.09,82.11,12.5,78.98,26.06,22.62,0.37,13.91,15.02,0.1,1.9,5.73
24.59,59.97,13.43,70.69,22.2,26.24,0.32,4.45,16.52,0.1,0.74,3.38
30.49,69.68,11.8,59.25,20.74,16.75,0.28,12.54,15.39,0.08,1.34,5.74
23.2,43.26,10.21,42.07,14.05,19.98,0.31,9.58,22.48,0.08,0.78,5.44
23.25,46.02,10.27,42.44,14.15,12.34,0.13,12.68,21.14,0.06,0.95,7.3
15.79,36.7,12.37,46.68,15.99,15.62,0.15,11.29,18.76,0.1,1.52,3.93
10.75,22.54,9.73,35.0,7.61,38.51,0.27,2.6,8.26,0.03,0.21,0.54
9.93,21.82,8.85,31.44,11.36,6.56,0.25,1.98,24.77,0.05,0.22,0.96
17.82,31.93,10.85,38.08,19.18,16.51,0.11,2.83,21.43,0.1,0.72,3.17
13.08,34.21,10.23,37.98,11.32,9.41,0.1,4.39,26.59,0.04,0.7,2.76
21.28,37.15,10.08,43.64,10.2,31.24,0.17,4.1,21.7,0.05,0.3,1.73
31.01,71.78,14.44,49.62,15.21,32.74,0.24,16.22,21.89,0.1,3.15,4.49
33.84,76.67,11.69,51.19,16.1,18.67,0.3,7.71,23.63,0.11,3.73,6.82
42.99,91.44,12.46,57.36,17.01,12.5,0.11,9.43,25.64,0.11,3.79,6.19
39.5,103.83,8.76,53.2,15.5,16.89,0.17,7.08,27.93,0.08,1.92,5.0
16.68,31.02,9.57,42.12,20.85,25.01,0.24,8.03,29.57,0.08,1.2,2.13
13.57,24.85,9.42,41.65,12.52,19.43,0.11,2.73,30.28,0.05,0.29,0.11
12.72,33.72,7.59,26.93,7.84,17.95,0.19,9.91,25.02,0.02,0.11,0.13
9.83,32.3,10.92,35.58,12.75,12.28,0.07,5.53,23.2,0.02,0.09,0.22
15.29,52.36,13.83,47.47,16.72,14.01,0.1,6.85,20.62,0.02,0.2,0.76
15.45,57.53,10.46,40.95,13.83,10.52,0.2,6.22,23.05,0.01,0.17,0.7
16.38,37.54,10.7,39.15,12.18,11.07,0.08,3.2,22.36,0.01,0.21,0.22
12.88,45.38,11.5,45.99,3.87,11.22,0.05,1.55,30.7,0.0,0.06,0.06
44.48,94.36,10.91,73.13,21.83,31.36,0.62,22.54,33.44,0.53,6.69,1.11
45.06,101.0,8.9,61.79,15.27,27.21,0.59,15.96,38.65,0.22,4.61,0.46
54.95,94.42,26.16,87.44,31.02,28.7,0.53,23.06,26.69,0.47,9.19,3.78
60.17,94.51,21.31,92.33,29.15,26.25,0.59,27.92,25.99,0.17,3.61,4.51
60.32,89.17,11.87,65.82,15.22,38.16,0.5,31.34,42.62,0.02,0.49,0.1
58.98,95.61,12.12,72.0,14.58,41.11,0.43,37.54,44.92,0.02,0.34,0.19
61.32,101.59,11.19,54.28,5.18,35.72,0.17,35.08,38.95,0.01,0.08,0.03
59.44,94.88,12.66,40.89,14.51,21.32,0.41,20.04,32.84,0.04,0.12,0.05
44.66,62.82,9.33,27.18,5.73,19.33,0.28,7.84,36.95,0.01,0.05,0.03
57.33,93.83,22.06,49.45,7.32,26.91,0.25,13.93,27.81,0.02,0.31,0.21
54.74,94.68,11.85,62.77,12.93,36.11,0.33,38.49,40.87,0.07,1.32,0.46
54.32,92.67,9.02,69.63,25.52,34.58,0.74,42.58,49.14,0.2,3.11,1.5
51.67,80.46,10.08,30.24,11.37,13.47,0.0,3.56,60.3,0.02,0.17,0.09
61.42,112.53,7.05,36.21,8.33,11.94,0.0,6.6,53.49,0.03,0.29,0.5
56.14,100.4,9.47,41.9,10.18,15.15,0.0,7.88,51.86,0.0,0.1,0.03
39.67,118.12710293078135,9.79,32.34,4.54,12.49,0.0,3.08,47.55,0.0,0.05,0.0
21.27,57.52,8.25,18.26,6.57,13.73,0.11,7.85,41.95,0.04,0.66,0.12
27.44,44.62,9.18,24.38,8.05,12.84,0.11,7.14,42.8,0.04,0.91,0.17
54.73,118.8,12.86,45.98,14.49,21.57,0.16,17.35,39.39,0.19,2.51,1.2
44.33,118.21,6.25,36.95,9.88,20.89,0.16,9.13,39.14,0.1,0.98,0.37
24.73,71.82,6.14,25.71,8.76,25.94,0.1,11.4,55.85,0.06,0.94,0.11
24.54,68.79,6.44,26.4,8.54,26.54,0.09,11.13,45.05,0.09,1.48,0.12
29.4,80.54,5.47,12.86,2.82,23.48347601937197,0.09,6.91,67.42,0.02,0.49,0.07
34.8,77.97,5.0,36.6,11.62,23.81,0.15,4.51,53.61,0.03,0.61,0.19
36.41,94.82,5.08,38.77,11.38,25.46,0.14,5.92,45.63,0.04,0.71,0.15
35.14,80.34,4.56,30.94,9.21,21.58,0.11,6.38,49.94,0.05,0.55,0.14
37.13,108.52,4.59,41.07,12.57,18.27,0.11,9.81,37.77,0.03,0.72,0.2
26.35,79.05,4.26,35.91,8.8,27.27,0.09,6.47,53.11,0.04,0.51,0.11
19.02,78.46,4.92,42.99,10.09,28.57,0.06,5.75,41.03,0.06,0.44,0.08
17.31,78.58,14.07,46.38,14.55,15.98,0.06,10.87,36.63,0.02,0.43,0.06
11.35,45.33,7.79,22.84,7.79,11.42,0.05,2.78,45.72,0.0,0.21,0.01
10.04,35.01,8.94,25.83,9.14,9.9,0.06,1.66,48.75,0.0,0.19,0.01
14.36,40.42,9.13,24.08,8.73,20.08,0.08,4.09,46.26,0.01,0.5,0.11
17.77,57.12,7.71,21.89,6.76,17.36,0.09,4.06,54.65,0.02,0.46,0.22
12.3,31.28,6.91,11.7,4.45,11.75,0.07,3.66,48.45,0.01,0.34,0.12
11.78,27.93,8.21,19.22,8.56,17.27,0.08,2.68,36.3,0.01,0.27,0.07
17.05,39.07,4.9,20.03,7.59,20.71,0.08,5.5,33.48,0.31,1.4,0.45
7.84,21.21,8.48,15.62,8.61,25.87,0.1,3.68,36.93,0.39,4.21,0.68
7.85,18.39,8.52,15.56,7.49,14.78,0.09,2.04,27.75,0.0,0.73,0.04
6.92,16.59,6.55,17.19,11.45,8.59,0.13,4.03,42.25,0.07,1.15,0.62
19.65,42.88,7.29,16.5,8.82,8.01,0.25,3.87,54.73,0.07,0.76,0.51
13.54,30.33,7.07,18.12,8.71,6.99,0.21,3.98,48.18,0.08,1.18,0.23
9.71,21.19,7.47,14.66,7.72,8.52,0.19,3.1,50.2,0.03,0.95,0.15
13.07,35.43,7.13,16.86,8.45,5.11,0.23,4.67,52.04,0.05,0.68,0.23
12.88,33.71,7.04,15.24,6.91,4.9,0.17,4.33,54.45,0.06,0.9,0.52
7.61,18.66,7.27,11.6,5.97,9.89,0.17,3.95,40.17,0.02,0.58,0.26
7.38,23.73,7.42,12.26,6.26,5.71,0.14,3.67,39.37,0.0,0.3,0.05
8.66,29.59,7.47,14.39,6.86,4.72,0.14,11.12,37.42,0.0,0.27,0.1
11.4,39.16,11.21,18.0,9.3,4.94,0.16,4.17,27.54,0.12,1.53,0.48
11.48,37.59,8.5,15.64,8.41,5.32,0.18,5.22,29.81,0.08,1.11,0.31
10.85,39.43,9.06,11.31,6.69,4.9,0.16,5.26,34.33,0.0,0.37,0.16
11.81,37.65,7.56,13.1,6.56,4.48,0.15,5.17,35.59,0.07,0.54,0.03
11.79,38.79,7.45,10.8,5.9,4.3,0.14,5.22,33.43,0.0,0.18,0.0
11.82,36.34,7.7,11.63,5.34,3.92,0.09,5.31,31.88,0.0,0.22,0.01
8.84,29.13,6.69,14.13,5.9,3.78,0.09,13.04,31.16,0.0,0.27,0.01
10.38,39.46,7.44,12.42,6.26,3.53,0.18,5.66,32.42,0.02,0.24,0.02
13.08,53.54,7.23,11.15,5.9,3.45,0.14,5.22,33.21,0.14,0.58,0.38
10.98,42.56,8.77,12.28,6.83,3.54,0.14,3.86,32.5,0.06,0.35,0.1
9.75,37.86,7.21,11.87,6.08,3.36,0.13,6.13,31.55,0.03,0.34,0.01
11.8,46.69,12.34,13.33,9.32,3.46,0.17,6.91,32.11,0.1,0.52,0.55
15.53,48.65,7.46,13.28,6.56,3.57,0.15,13.54,29.3,0.07,0.45,0.18
10.4,37.0,7.39,12.88,6.43,3.23,0.16,13.72,30.35,0.1,0.69,0.23
14.66,45.03,7.62,14.12,6.91,3.63,0.18,7.07,29.56,0.24,1.26,5.74
14.77,43.48,8.25,16.09,7.86,4.21,0.17,5.99,30.48,0.25,1.33,2.26
18.19,55.27,7.48,15.37,7.12,5.0,0.15,6.05,34.11,0.18,1.26,1.05
18.1,47.47,7.34,14.82,6.92,4.05,0.16,6.71,32.87,0.12,1.01,0.67
15.0,39.94,7.91,17.03,7.62,8.73,0.19,7.42,29.39,0.38,1.83,1.27
19.31,59.13,8.31,16.31,7.71,4.66,0.16,6.56,26.9,0.44,2.66,2.42
14.29,47.25,7.8,15.3,7.23,5.08,0.15,5.86,29.41,0.27,2.28,0.54
14.49,42.92,7.93,12.53,6.55,4.91,0.17,5.98,28.55,0.17,1.95,0.42
13.9,35.06,8.34,13.56,6.99,4.76,0.14,5.01,27.6,0.09,1.21,0.57
16.53,63.46,7.95,11.48,6.15,6.42,0.14,6.85,29.24,0.01,0.46,0.24
10.24,34.05,6.76,8.45,4.41,25.84,0.17,6.48,34.63,0.01,0.76,0.06
10.78,27.38,6.78,12.06,5.95,18.71,0.16,4.3,31.84,0.24,4.0,0.66
13.37,53.26,3.28,10.08,4.21,4.02,0.15,5.05,29.49,0.01,0.49,0.06
15.97,66.76,4.89,11.72,5.1,3.86,0.15,2.96,31.42,0.01,0.37,0.04
15.62,52.3,5.29,12.84,5.46,6.52,0.15,4.5,29.9,0.04,0.69,0.09
14.04,56.61,5.28,10.9,5.85,10.26,0.17,4.66,25.83,0.02,0.87,0.29
16.55,61.4,4.27,12.98,5.39,8.11,0.18,4.65,28.42,0.05,0.95,1.6
14.43,49.0,5.51,13.97,5.99,4.87,0.16,6.12,28.62,0.04,0.88,0.59
12.62,41.75,9.44,14.04,7.7,5.12,0.17,3.6,26.67,0.1,0.96,0.71
15.28,47.66,7.99,14.93,8.08,4.83,0.17,4.23,29.08,0.26,1.63,1.11
17.5,60.16,8.1,16.64,9.26,5.66,0.2,5.83,27.97,0.42,3.43,1.34
17.42,57.47,7.22,18.87,10.08,5.48,0.21,5.04,28.83,0.97,5.05,2.84
16.85,49.6,6.08,17.0,8.77,5.26,0.21,5.57,27.81,0.34,4.08,2.65
16.78,54.83,5.31,13.74,5.93,5.69,0.2,10.67,26.03,0.28,2.23,0.88
11.79,34.3,5.24,10.34,4.8,8.63,0.17,5.77,22.38,0.09,1.32,0.18
20.34,64.87,8.67,20.12,8.91,7.81,0.18,6.57,27.34,0.4,3.04,1.11
23.03,80.57,8.85,22.47,9.57,8.34,0.17,14.85,28.27,0.38,2.36,0.49
26.22,81.09,9.46,21.64,9.62,8.4,0.23,4.69,25.05,1.45,6.23,1.63
24.87,68.32,9.91,19.65,8.13,11.54,0.22,6.76,24.75,2.01,8.55,2.74
20.47,43.45,8.32,16.75,6.94,8.63,0.27,3.85,25.82,1.43,7.29,0.88
14.91,32.93,7.46,11.51,5.8,7.58,0.19,5.41,23.33,0.4,2.62,0.38
17.76,44.97,11.98,15.61,9.04,6.9,0.24,6.22,32.72,0.63,3.36,0.87
15.1,36.13,9.48,14.19,8.64,6.12,0.25,5.1,32.06,0.28,1.92,0.71
17.08,37.86,9.71,15.64,9.5,6.28,0.22,4.33,26.67,0.54,2.16,0.41
20.36,40.24,8.48,14.29,7.96,6.99,0.23,5.62,29.5,0.79,4.63,1.13
16.4,44.14,8.25,13.37,8.5,4.82,0.22,5.23,28.81,0.64,4.55,0.74
20.12,56.17,7.78,12.73,6.88,4.92,0.18,4.97,32.41,0.41,2.13,0.84
21.77,76.01,7.96,15.13,7.23,6.0,0.17,5.32,32.76,0.37,2.16,0.99
26.6,80.23,8.15,16.09,7.37,5.61,0.17,4.95,29.62,0.37,2.31,1.15
17.35,36.53,7.61,11.78,5.8,5.09,0.12,4.84,32.33,0.05,0.82,0.34
7.42,10.54,6.9,8.85,5.15,4.45,0.15,4.18,37.5,0.0,0.4,0.09
10.89,26.2,5.41,11.31,5.21,4.27,0.16,4.88,38.36,0.09,0.91,0.2
12.56,37.28,10.15,15.13,8.15,4.52,0.19,6.04,31.68,0.31,1.7,0.48
15.41,54.16,9.06,16.07,7.95,4.72,0.16,5.01,31.8,0.42,2.09,1.58
23.63,60.91,6.7,17.43,7.09,5.14,0.21,4.59,31.39,0.55,2.48,1.74
13.53,32.41,7.91,11.42,6.48,8.07,0.18,3.8,33.12,0.23,2.48,0.51
11.58,21.88,7.99,9.53,6.55,9.01,0.12,3.99,31.66,0.14,1.79,0.82
13.1,22.77,7.64,10.5,5.99,6.07,0.17,4.87,30.92,0.27,2.44,0.58
8.26,12.31,7.31,9.12,5.48,6.84,0.17,4.25,31.84,0.11,1.02,0.3
6.57,11.4,7.4,9.26,5.74,6.45,0.12,4.4,35.24,0.05,1.07,0.18
12.26,33.08,7.27,10.14,5.8,5.73,0.17,4.36,32.5,0.09,1.15,0.16
14.63,49.77,8.41,13.14,7.37,6.68,0.21,12.8,30.67,0.25,1.99,0.7
19.92,63.66,9.38,14.34,7.62,5.56,0.23,5.16,35.74,0.62,5.07,1.69
24.42,75.72,12.83,16.47,9.59,6.44,0.22,13.58,32.11,1.7,9.87,2.33
12.96,37.21,7.66,12.0,6.23,8.13,0.17,6.44,33.41,0.13,1.32,0.4
17.26,49.36,8.5,16.95,7.97,4.95,0.21,4.92,33.5,0.39,2.52,0.91
19.86,62.12,8.01,14.47,6.99,5.61,0.18,5.04,41.28,0.26,2.56,2.2
29.32,70.96,10.13,19.22,8.58,5.72,0.19,4.97,24.76,0.62,3.19,1.88
40.82,80.64,13.1,19.8,10.17,7.5,0.21,5.23,32.88,0.78,5.76,1.4
32.63,58.94,9.14,19.17,8.14,6.64,0.18,4.57,39.66,0.4,3.6,0.59
32.88,57.8,7.56,15.23,6.52,5.53,0.19,5.02,41.62,0.22,1.89,0.21
18.58,41.91,7.95,15.66,6.21,5.51,0.09,3.32,31.82,0.07,1.52,0.26
12.34,30.25,8.08,15.36,8.43,5.37,0.21,4.19,32.15,0.22,1.56,0.25
10.33,27.36,7.92,15.27,7.46,4.47,0.11,4.17,33.02,0.25,1.72,0.23
17.29,36.34,8.63,17.06,7.56,6.1,0.07,5.03,30.88,0.49,3.46,0.72
10.44,17.55,8.51,15.62,7.61,4.67,0.05,5.09,34.13,0.36,2.49,0.83
12.64,27.69,7.97,15.22,7.29,4.0,0.06,4.68,38.0,0.28,1.79,1.44
10.27,19.92,7.38,13.77,6.37,3.71,0.06,13.08,34.23,0.19,1.7,0.84
9.17,16.29,6.94,10.48,5.36,3.25,0.04,4.37,34.2,0.02,0.55,0.21
10.28,19.23,7.19,10.5,5.22,3.21,0.05,4.24,38.84,0.03,0.56,0.06
9.76,24.64,6.79,10.86,5.52,3.22,0.05,5.12,41.74,0.07,0.57,0.05
14.88,28.99,6.92,11.41,5.8,3.37,0.05,4.06,37.47,0.0,0.48,0.06
20.5,35.75,7.3,15.36,8.05,4.29,0.03,4.59,36.6,0.01,0.73,0.32
29.61,63.17,8.27,17.97,12.7,6.2,0.0,5.13,30.97,0.18,3.63,0.79
42.0,108.57,11.42,19.98,16.16,7.18,0.0,5.99,29.73,0.34,5.19,2.74
39.68,87.46,9.51,20.38,12.1,6.51,0.0,5.73,29.35,0.2,2.39,0.93
45.69,98.84,9.31,20.98,10.8,11.57,0.0,7.2,29.15,0.18,3.48,1.29
45.9,74.16,9.79,20.69,12.51,9.45,0.0,5.29,28.01,0.12,2.2,1.36
41.57,58.36,8.34,18.5,10.13,8.29,0.0,4.87,31.95,0.1,2.26,0.43
41.26,61.2,8.11,17.45,8.92,9.81,0.0,5.4,34.25,0.12,2.07,0.34
24.16,36.84,11.69,18.96,9.81,9.53,0.34,6.88,34.69,1.0,7.43,0.65
22.6,46.38,18.91,24.12,12.33,12.27,0.57,7.36,43.87,2.21,10.84,2.64
32.08,42.02,10.47,24.14,10.59,8.02,0.29,19.21,36.8,1.19,6.82,0.96
35.59,61.1,18.84,22.1,3.41,11.88,0.06,4.4,57.62,0.09,1.2,0.0
32.45,68.47,9.03,31.18,19.93,13.16,0.52,13.78,47.67,4.15,26.92,2.52
29.33,67.08,11.54,39.1,25.12,11.21,0.58,15.11,43.64,4.74,26.73,3.17
34.96,81.64,15.51,43.63,29.83,13.12,0.68,11.95,43.46,6.09,31.07,8.32
39.57,84.55,10.16,39.12,25.68,12.97,0.59,16.53,50.7,5.89,35.04,5.94
44.44,83.57,10.18,35.39,27.05,14.36,0.59,22.05,55.83,4.61,29.47,3.52
41.31,82.13,11.53,34.29,27.1,22.81,0.58,13.31,43.11,4.41,22.69,1.81
37.72,80.34,9.97,33.87,25.49,15.71,0.61,14.81,37.36,4.75,25.05,3.03
43.64,89.51,7.6,36.84,25.21,14.27,0.82,10.05,42.8,8.06,33.32,9.33
51.81,85.9,6.0,30.32,20.6,13.05,0.72,13.15,48.64,2.62,8.81,2.52
50.55,88.76,3.74,28.9,17.89,27.82,0.6,8.55,34.88,1.07,4.53,1.49
46.38,85.63,2.89,31.98,16.16,54.44,0.61,6.53,44.34,0.98,4.74,1.1
50.52,100.95,4.19,44.77,22.99,35.31,0.76,8.3,46.28,1.98,9.6,2.19
38.87,96.19,3.74,40.44,24.38,17.31,0.67,5.14,44.39,1.13,4.61,1.38
39.69,87.82,4.44,41.84,25.69,18.14,0.71,5.62,42.72,1.24,5.96,1.41
47.88,103.11,3.96,37.4,22.92,19.38,0.77,8.79,48.41,1.04,4.36,1.21
41.38,71.63,4.13,32.85,20.64,19.52,0.7,4.84,37.7,0.81,3.11,0.93
48.07,92.55,4.21,41.03,25.09,17.35,0.83,5.87,48.04,2.48,4.69,1.37
37.91,75.96,6.94,38.98,26.19,14.88,0.72,5.28,44.0,1.25,4.38,2.85
51.35,97.31,4.2,40.96,24.93,16.65,0.78,5.64,41.0,1.65,6.65,5.55
41.51,86.82,4.05,36.55,22.52,14.68,0.67,4.72,43.49,1.33,4.0,1.59
46.87,103.01,4.94,42.39,26.36,14.83,0.74,5.68,46.02,1.57,6.0,1.82
35.9,79.03,7.78,50.76,32.78,22.05,0.76,9.13,49.0,1.28,5.57,3.99
30.27,61.55,4.55,35.94,22.43,21.88,0.67,5.05,44.24,0.85,3.51,2.84
40.26,91.86,9.17,41.16,28.67,22.13,0.71,6.94,47.22,1.24,4.05,1.46
35.54,97.46,6.05,38.69,25.31,17.63,0.79,6.42,37.75,1.6,6.17,2.1
27.63,72.09,5.0,31.01,20.42,16.36,0.68,6.12,31.17,1.19,5.38,1.18
31.58,79.04,5.41,42.54,26.69,18.9,0.67,7.29,38.29,1.33,6.43,1.53
25.24,66.21,4.14,33.9,21.17,14.74,0.56,5.19,38.8,1.08,4.83,1.26
23.05,58.22,3.65,30.02,18.73,14.1,0.69,4.9,40.13,0.6,2.59,0.51
29.71,63.54,4.63,31.86,20.46,14.46,0.83,5.47,27.82,0.86,4.73,0.89
45.86,103.38,8.95,45.36,31.05,17.51,0.9,8.34,36.09,2.22,11.57,2.22
34.29,90.45,4.8,38.79,23.94,13.38,0.72,5.64,41.82,1.18,5.52,1.31
37.19,92.25,5.22,35.18,22.78,17.25,0.61,9.98,45.82,1.12,6.12,2.46
33.12,80.06,2.99,28.02,17.0,15.06,0.56,6.52,49.31,0.62,2.71,0.45
33.09,95.19,3.63,35.48,21.62,13.69,0.54,6.92,51.74,0.87,5.04,1.36
38.11,92.67,3.23,35.66,21.42,13.51,0.62,6.99,52.61,0.96,4.83,0.94
39.85,86.22,2.74,30.66,18.35,11.79,0.52,6.84,46.38,0.65,2.33,0.51
31.39,86.12,3.83,27.73,16.39,14.98,0.56,5.45,48.87,0.79,3.8,0.51
19.59,48.18,4.72,31.67,20.45,12.8,0.62,6.1,50.95,0.73,4.95,0.58
28.81,68.37,2.77,30.11,18.07,11.83,0.6,5.94,51.31,0.6,4.04,0.37
31.91,81.65,2.73,28.95,17.4,11.68,0.58,6.47,47.6,0.44,2.19,0.25
33.68,93.43,2.68,28.72,17.24,12.24,0.58,6.91,51.78,0.68,3.61,0.66
32.76,80.97,2.6,31.48,18.67,13.05,0.66,6.44,50.78,1.14,5.51,1.18
33.05,81.54,2.75,31.04,18.58,12.1,0.64,5.79,50.32,0.61,3.26,0.95
29.86,67.84,2.42,26.02,15.62,12.81,0.64,5.38,56.79,0.5,2.44,0.47
24.49,46.54,2.67,24.04,14.76,12.94,0.68,4.84,51.51,0.53,2.9,0.49
41.89,90.88,1.84,33.42,21.61,12.94,0.78,8.26,48.44,0.86,3.35,0.76
37.31,88.67,4.13,35.51,21.97,17.26,0.62,6.93,45.12,0.76,5.38,0.88
23.65,67.93,4.09,25.79,16.85,11.4,0.69,4.39,36.5,0.68,3.84,0.53
26.11,69.28,3.38,26.65,16.54,12.52,0.78,6.26,49.07,1.04,8.83,0.69
31.17,76.56,2.96,25.45,15.75,10.77,0.72,5.77,45.6,1.11,5.24,0.72
34.68,91.62,3.27,28.48,17.59,12.87,0.64,6.41,46.07,1.06,7.43,1.54
31.7,80.59,2.56,26.77,16.12,15.8,0.58,6.53,44.57,0.66,4.34,0.66
32.57,83.68,2.85,25.25,15.51,13.47,0.83,5.81,45.54,0.66,3.49,0.58
36.7,63.45,3.79,35.45,21.68,21.33,0.77,6.87,35.35,1.26,8.55,1.79
34.85,73.89,3.42,29.14,18.05,20.54,0.62,7.11,44.34,0.62,4.88,0.5
30.95,64.8,5.15,26.22,19.01,17.29,0.56,7.1,57.7,0.74,4.88,1.23
31.51,67.42,3.15,30.16,18.39,14.27,0.62,7.18,48.4,0.86,5.9,1.45
31.33,62.83,2.43,29.59,17.68,18.13,0.64,7.06,47.76,1.04,6.2,1.45
19.68,25.82,2.91,22.53,14.03,15.54,0.61,5.17,47.94,0.42,2.39,0.71
19.43,33.87,2.41,22.16,13.55,13.75,0.71,6.1,40.15,0.44,2.7,1.78
20.03,42.57,2.78,22.16,13.67,15.62,0.68,6.84,33.8,0.38,2.65,1.62
16.49,32.8,3.39,20.62,13.49,15.21,0.64,7.35,22.52,0.27,2.27,0.6
22.31,55.94,4.49,23.24,15.72,17.96,0.66,8.45,18.82,0.78,4.08,0.7
29.92,88.06,6.62,23.7,17.8,16.42,0.66,10.11,17.16,0.9,6.5,1.45
30.85,89.47,2.88,21.31,13.57,18.8,0.6,7.58,19.6,0.46,3.3,0.73
34.44,92.58,3.06,23.31,14.67,18.51,0.54,8.26,17.53,0.38,3.75,0.5
27.83,86.25,2.8,20.05,12.92,22.11,0.57,9.66,20.79,0.37,3.67,0.48
22.9,63.65,2.23,20.48,13.35,12.77,0.6,8.96,22.0,0.26,2.73,0.37
21.99,66.18,2.72,20.32,12.88,15.69,0.57,9.83,19.71,0.24,2.64,0.31
17.2,48.97,2.58,20.17,12.01,13.71,0.58,8.6,19.88,0.26,1.95,0.39
15.27,26.79,2.55,21.39,13.31,8.28,0.44,6.5,27.49,0.25,2.69,0.22
10.31,33.35,1.76,22.02,12.97,9.33,0.46,6.21,27.79,0.38,3.91,0.39
21.26,45.55,2.2,28.03,16.4,13.37,0.49,6.19,25.78,0.94,7.48,1.22
20.07,34.46,2.75,23.78,14.39,13.84,0.36,6.35,23.59,0.66,5.46,1.61
18.18,57.2,3.48,22.68,14.57,9.63,0.3,5.38,23.37,0.34,3.21,0.29
20.85,57.03,6.27,26.4,18.78,14.04,0.33,6.64,22.0,0.48,5.26,0.43
16.91,39.49,3.41,27.03,16.84,14.34,0.3,7.1,25.21,0.38,4.16,0.32
16.48,42.25,3.82,24.21,15.61,9.17,0.24,5.74,23.96,0.43,3.89,0.29
16.28,41.16,3.42,23.43,14.97,12.43,0.26,5.56,22.53,0.66,2.87,0.68
15.97,58.87,3.7,22.07,14.46,10.13,0.35,5.95,21.98,1.11,3.12,1.26
13.22,40.07,4.16,22.74,15.17,10.6,0.25,6.07,20.08,0.37,3.72,0.31
22.74,51.43,4.4,27.25,17.7,22.28,0.34,5.19,18.53,1.04,10.22,9.5
19.92,45.9,4.05,25.11,16.11,27.07,0.28,5.61,20.17,0.78,4.73,2.41
19.05,45.74,4.55,23.04,15.63,11.45,0.3,4.83,19.91,0.42,4.72,5.29
16.12,39.28,5.46,25.58,17.67,11.51,0.31,6.66,21.52,0.54,4.5,0.38
11.04,20.0,5.27,21.19,15.02,17.01,0.37,8.75,16.13,0.52,3.67,0.34
19.54,54.49,3.74,22.42,14.56,27.32,0.28,9.22,14.36,0.55,2.92,0.55
15.64,44.78,4.72,21.03,14.68,12.57,0.32,5.87,15.58,0.44,4.52,0.54
17.88,53.74,5.11,20.4,14.67,13.38,0.26,6.55,16.66,0.41,4.14,0.29
14.41,42.62,9.34,20.64,18.69,13.72,0.29,7.06,16.19,0.43,4.26,0.26
14.52,43.56,7.62,24.38,18.52,13.04,0.27,6.46,17.72,0.46,3.91,0.39
18.23,55.98,8.1,22.38,18.1,16.11,0.28,6.09,18.44,0.51,4.03,0.41
26.09,74.2,5.93,28.86,19.71,20.93,0.38,7.2,16.26,0.53,5.19,0.53
26.02,84.97,5.11,25.61,17.39,25.84,0.32,6.79,17.7,0.73,3.83,0.53
19.21,66.84,5.24,25.13,17.24,22.86,0.27,6.8,17.22,0.59,3.96,0.72
21.88,75.6,4.48,25.54,16.46,13.51,0.28,6.2,16.38,0.71,6.64,3.86
25.77,76.03,6.01,27.27,18.33,14.81,0.36,6.61,13.63,1.23,8.76,2.86
30.8,101.48,6.15,28.85,19.13,16.33,0.31,7.02,15.42,1.59,10.31,9.83
23.43,76.16,5.63,25.39,17.64,18.24,0.28,6.63,16.46,0.8,6.36,2.39
20.2,55.76,5.68,27.06,18.56,13.47,0.31,6.37,16.05,0.78,5.48,1.0
26.91,71.45,5.0,23.75,16.3,18.49,0.29,7.05,16.55,0.71,3.87,0.44
18.92,55.72,4.71,24.24,16.08,16.94,0.3,8.15,13.97,0.54,3.37,0.64
16.17,46.48,4.84,24.82,16.46,23.83,0.28,7.42,13.81,0.55,3.96,0.73
22.11,68.81,4.1,17.62,12.18,23.04,0.35,10.13,11.99,0.65,3.64,0.54
15.34,55.37,7.06,25.68,18.74,16.07,0.29,7.55,12.26,0.74,5.4,3.26
20.98,64.42,6.11,26.87,18.67,12.12,0.29,8.39,15.33,0.87,6.02,1.87
24.66,82.96,7.02,26.52,19.13,11.46,0.29,8.85,18.68,1.15,11.2,10.26
22.43,75.11,6.2,27.25,18.9,10.92,0.3,7.13,15.88,1.46,18.24,19.1
23.16,71.26,6.01,26.37,18.32,10.23,0.31,8.74,15.43,1.49,14.86,10.98
27.05,87.39,5.13,26.36,17.59,11.1,0.38,8.05,14.3,1.77,14.34,19.46
25.36,83.21,4.74,26.76,17.54,12.31,0.31,7.84,14.29,1.66,17.85,21.59
25.42,79.97,5.01,22.74,15.82,14.25,0.32,7.79,17.95,1.21,10.1,7.09
21.61,55.67,4.94,18.35,13.78,16.15,0.33,9.3,19.94,0.5,4.43,0.39
34.85,91.9,9.53,24.19,20.62,13.82,0.42,8.8,23.55,1.1,9.66,0.58
38.35,94.94,6.64,32.15,22.32,13.3,0.46,7.75,27.14,2.14,19.72,6.36
33.85,66.55,7.83,38.45,26.5,13.33,0.57,6.42,25.02,2.2,19.46,2.91
35.06,53.38,10.31,35.45,26.63,15.82,0.59,5.67,20.9,1.91,14.05,8.14
41.83,77.55,11.55,36.44,28.14,13.71,0.6,6.0,21.97,3.3,34.71,8.36
42.24,85.86,5.8,36.56,23.67,13.25,0.53,7.04,30.31,2.82,32.63,7.44
43.69,89.53,6.25,36.45,24.05,14.45,0.51,6.77,27.22,2.99,37.23,5.4
35.58,61.65,4.05,22.67,14.98,18.61,0.41,8.41,24.49,1.45,9.79,1.23
39.68,63.97,5.07,25.48,17.48,14.17,0.45,6.81,21.89,1.45,19.66,4.07
38.6,84.63,6.3,31.56,20.98,16.06,0.45,6.9,21.57,2.1,24.43,7.6
40.88,97.71,3.8,30.3,18.92,13.54,0.42,7.14,23.53,1.48,17.65,12.12
37.91,78.9,5.26,27.55,17.69,22.26,0.38,8.39,21.72,1.37,6.3,1.25
27.29,58.1,3.66,23.11,14.88,15.98,0.34,6.23,27.07,0.69,3.53,0.59
32.25,62.49,3.76,27.46,17.34,14.76,0.44,6.13,28.19,1.06,7.74,0.78
34.94,68.68,7.01,36.88,25.03,12.23,0.62,5.85,21.51,1.73,9.9,1.5
41.46,86.95,10.7,38.18,28.61,14.0,0.66,6.42,20.19,2.47,23.18,3.13
43.09,78.57,7.32,36.52,24.46,15.36,0.54,6.93,24.45,2.37,20.49,2.19
45.92,99.06,12.36,38.03,29.38,16.4,0.58,7.03,15.53,3.95,35.75,14.97
55.39,107.62,18.14,38.38,33.21,18.0,0.64,7.08,17.26,4.27,41.79,24.06
37.8,80.37,8.25,33.16,23.67,14.39,0.49,5.89,22.58,2.42,20.15,5.23
36.5,79.0,5.25,32.41,21.14,13.47,0.45,5.74,23.91,1.66,15.38,1.19
39.63,85.85,6.61,33.83,22.06,14.36,0.45,5.14,24.63,2.19,17.12,1.33
39.8,103.38,5.91,34.47,22.39,13.88,0.43,6.26,29.57,2.91,19.13,1.37
58.24,107.55,4.47,35.21,25.04,14.13,0.53,9.14,28.29,3.18,33.54,2.0
41.03,53.89,6.99,34.67,23.8,12.6,0.58,4.21,19.11,1.99,15.05,1.68
40.35,57.72,6.18,31.81,21.6,11.42,0.55,3.64,21.12,1.76,15.32,1.17
43.99,80.57,9.66,37.92,26.85,9.8,0.52,3.92,24.15,2.14,15.35,2.31
34.07,76.12,8.83,37.54,25.92,11.79,0.56,6.15,19.95,3.24,28.26,5.21
25.96,59.8,6.81,32.84,22.01,10.51,0.48,4.13,23.14,1.89,11.06,1.46
24.88,48.95,4.85,30.95,20.14,9.51,0.51,3.89,25.91,1.44,10.1,0.95
32.8,68.87,5.38,36.41,23.46,8.99,0.53,4.62,27.53,1.86,10.96,1.31
44.66,94.97,5.82,39.76,25.0,9.87,0.58,5.76,31.15,2.59,16.8,3.93
54.63,103.16,4.8,38.84,23.63,10.34,0.52,8.73,34.91,2.23,16.75,1.3
23.09,59.77,6.46,32.04,21.93,11.7,0.47,4.64,20.36,1.68,11.13,1.17
19.06,50.4,7.14,29.19,20.29,9.77,0.43,4.63,18.99,1.2,8.96,0.72
26.04,61.77,5.61,32.18,21.29,9.11,0.45,4.53,21.05,1.3,7.29,0.92
52.12,112.36,7.09,43.52,27.66,9.7,0.58,9.77,29.47,3.02,24.34,1.66
22.35,34.08,5.64,29.09,19.52,9.2,0.4,9.12,20.98,2.48,32.46,1.62
32.77,62.25,6.1,33.97,22.61,8.77,0.47,9.12,23.73,2.26,23.38,3.49
44.72,93.15,10.97,43.69,30.84,9.49,0.67,11.57,22.1,2.87,33.51,9.98
36.51,80.89,2.97,29.33,17.72,16.06,0.46,4.8,26.51,1.01,3.99,0.51
36.21,62.98,3.29,28.89,17.8,16.55,0.52,6.04,23.49,1.96,10.58,0.75
51.29,74.22,6.08,32.05,21.7,21.41,0.55,9.21,13.14,3.67,27.18,0.92
48.34,103.18,8.06,46.78,30.37,18.61,0.64,8.0,28.7,2.12,19.35,6.88
35.07,79.95,4.53,31.3,19.71,12.87,0.47,3.81,22.5,0.86,4.36,0.53
39.32,89.56,4.07,35.72,22.13,12.13,0.54,4.09,27.44,1.09,6.5,0.66
44.63,107.69,4.93,43.43,26.97,14.51,0.64,5.25,29.65,1.31,6.53,1.03
49.41,119.44,2.39,37.02,21.5,14.39,0.52,11.5,35.68,1.88,15.46,3.05
33.05,72.5,4.5,30.47,18.95,12.6,0.44,3.78,23.5,1.44,5.96,0.6
35.27,68.92,3.83,28.79,17.94,10.72,0.5,4.01,25.1,1.11,6.54,0.44
40.97,95.61,3.81,34.92,21.47,12.87,0.6,8.92,33.65,1.62,13.82,2.04
36.59,95.23,5.19,29.5,19.8,12.63,0.41,4.82,26.75,0.9,5.38,0.61
40.84,105.87,4.43,30.23,19.1,12.65,0.41,5.24,29.0,1.15,8.04,1.89
37.73,95.18,3.61,31.16,19.29,14.01,0.54,4.56,25.92,0.97,6.08,0.42
39.82,102.44,3.39,36.09,21.62,14.37,0.57,7.62,30.19,1.4,11.28,0.91
30.77,74.26,3.75,29.56,18.12,13.61,0.58,4.31,26.68,0.91,5.9,0.55
41.63,94.54,7.42,30.7,21.63,15.75,0.58,4.37,27.83,1.1,6.0,0.47
41.06,90.51,2.57,26.62,16.05,18.76,0.66,5.08,31.53,0.87,5.35,0.35
36.35,86.97,2.47,28.41,16.94,14.34,0.59,7.76,30.83,1.3,11.6,3.13
31.28,84.24,2.63,27.38,16.5,14.06,0.46,7.11,53.76,1.15,11.96,2.32
37.69,80.2,5.95,34.78,23.18,15.89,0.57,8.13,43.5,1.33,12.54,2.16
33.48,79.56,3.5,25.54,16.22,14.29,0.48,5.59,41.68,0.85,7.16,0.99
33.08,85.8,4.7,34.43,21.92,13.2,0.68,6.35,34.53,1.31,7.86,1.01
40.63,99.2,6.5,41.49,27.11,16.04,0.75,8.36,29.18,1.51,12.75,0.88
42.14,105.98,7.75,41.35,28.05,13.09,0.77,8.54,31.83,1.41,14.18,3.73
31.45,73.52,3.62,29.76,18.56,12.4,0.51,8.56,32.91,4.19,10.04,0.84
36.35,98.89,3.8,32.58,20.25,12.85,0.54,9.78,42.54,1.48,12.47,0.6
32.69,82.36,3.97,40.08,24.09,12.16,0.63,7.85,46.0,2.26,15.23,1.73
37.57,97.74,3.48,35.15,21.37,11.56,0.54,6.78,39.51,1.52,9.0,1.34
33.26,87.34,3.07,28.9,17.74,11.91,0.5,5.59,40.01,1.02,9.89,2.03
43.07,109.83,3.22,33.19,20.12,14.45,0.61,6.17,42.42,1.76,14.37,1.78
30.74,67.2,2.92,30.7,18.5,12.78,0.51,2.86,42.07,1.13,8.95,0.82
25.52,60.36,2.9,28.22,17.19,13.04,0.54,3.16,37.92,1.1,7.59,0.6
24.77,59.67,2.78,25.56,15.12,11.97,0.5,3.73,39.44,0.75,3.95,1.29
27.5,61.15,2.68,26.94,16.33,11.99,0.53,3.66,42.82,0.87,3.95,0.41
34.65,83.12,6.98,38.86,26.08,14.05,0.77,6.3,45.19,1.55,8.79,1.54
29.87,81.6,2.89,32.63,19.38,10.98,0.6,4.16,46.82,1.44,8.4,0.7
38.87,101.79,2.19,24.08,14.32,13.06,0.58,6.81,45.87,1.01,5.35,0.66
36.43,111.66,2.86,24.25,15.02,15.53,0.56,5.57,40.78,0.92,4.44,0.41
38.89,105.12,1.7,24.57,14.31,14.93,0.5,5.5,55.14,1.46,13.72,1.82
36.62,102.17,3.4,28.08,17.53,16.04,0.61,8.98,38.79,3.14,22.47,6.88
37.62,92.55,3.72,24.68,16.07,11.42,0.63,6.35,50.74,1.76,8.55,1.35
34.95,95.7,2.3,25.81,15.41,12.64,0.54,4.88,45.42,1.1,6.95,1.58
27.67,71.14,2.01,19.27,11.76,12.06,0.44,4.86,39.38,0.55,2.78,1.07
24.01,54.95,1.65,23.84,13.87,12.54,0.42,4.5,49.99,0.8,4.6,2.79
35.63,92.7,2.79,30.32,18.23,15.16,0.61,5.33,46.52,0.86,4.29,0.9
28.41,68.55,1.8,22.08,13.13,12.67,0.47,5.89,59.34,0.94,6.24,0.33
32.08,65.33,2.93,30.99,18.87,13.21,0.69,5.04,50.4,1.44,10.11,0.71
31.14,67.58,1.98,23.4,14.06,15.79,0.45,5.98,54.96,0.86,4.54,0.34
23.71,54.49,1.79,20.71,12.49,13.74,0.43,6.06,54.44,0.51,3.12,0.18
12.39,38.63,2.03,19.18,11.83,9.94,0.36,5.11,38.66,0.34,5.28,0.15
22.29,62.18,2.25,13.52,8.08,9.4,0.31,5.46,25.28,0.28,1.3,0.15
19.58,61.02,1.62,9.26,5.0,7.41,0.29,4.29,25.32,0.28,1.19,0.05
23.78,73.19,1.95,12.02,7.2,13.91,0.32,5.56,22.92,0.25,1.78,0.16
22.29,62.52,1.87,10.98,6.91,16.79,0.32,4.82,25.52,0.28,1.91,0.16
21.59,63.26,1.98,11.54,7.22,8.03,0.33,6.26,26.23,0.24,0.91,0.05
18.96,56.2,1.96,11.05,7.2,10.23,0.32,6.32,27.66,0.31,1.45,0.13
28.11,64.68,2.89,16.83,11.0,7.62,0.42,4.86,29.42,0.93,5.71,1.05
24.75,40.82,1.95,15.01,9.47,11.75,0.36,4.34,33.89,0.65,3.9,0.79
26.44,48.17,2.34,19.64,12.24,9.98,0.46,4.77,25.89,0.78,4.58,0.55
25.45,48.67,2.43,19.86,12.15,10.58,0.48,5.04,31.78,1.0,7.41,3.04
27.0,52.03,3.58,23.58,14.72,18.18,0.56,5.03,28.48,1.55,8.92,1.93
18.07,38.92,2.21,13.79,8.97,16.82,0.29,4.29,25.99,0.41,3.19,0.45
24.07,72.98,8.34,15.32,14.47,9.23,0.43,10.41,18.08,0.62,4.44,0.8
22.29,61.44,5.68,13.96,10.94,9.85,0.36,9.63,22.08,0.34,1.91,0.22
26.43,83.02,3.1,14.91,9.98,15.54,0.41,9.44,25.61,0.46,3.64,0.31
31.27,73.21,3.03,17.52,11.18,14.75,0.46,9.68,30.58,0.78,6.11,0.59
20.12,38.84,2.58,13.94,8.86,14.52,0.43,5.41,30.44,0.55,3.96,0.22
14.08,36.16,2.62,13.32,8.47,10.86,0.41,6.12,25.58,0.34,2.23,0.18
10.01,21.56,3.66,15.18,10.9,20.31,0.46,5.97,13.9,0.59,0.67,0.15
24.17,66.23,3.75,19.45,13.34,14.58,0.45,12.18,16.93,0.36,3.69,0.37
29.79,83.11,6.46,29.89,20.72,21.21,0.42,9.62,13.8,0.56,4.22,1.52
23.12,65.91,6.59,25.02,18.15,21.06,0.36,9.85,16.9,0.32,2.95,0.41
19.11,52.66,4.92,21.68,15.07,23.05,0.31,13.65,15.36,0.09,0.97,0.03
17.17,56.16,7.61,24.22,17.62,19.31,0.38,9.61,14.63,0.12,0.98,0.19
23.03,78.62,6.0,24.44,16.82,19.41,0.38,8.87,17.03,0.28,2.3,0.16
29.92,96.6,8.22,32.88,23.36,19.28,0.42,8.41,14.02,0.59,7.67,0.5
25.94,75.83,7.42,30.57,21.82,27.35,0.37,8.72,15.29,2.03,6.69,2.63
31.38,86.73,10.74,29.66,23.12,22.3,0.48,9.0,13.77,0.65,5.56,4.54
27.23,79.58,5.89,23.96,17.12,21.82,0.53,11.3,15.79,0.29,2.94,1.05
20.35,56.42,3.97,19.28,13.24,28.92,0.52,8.82,18.38,0.22,2.03,0.43
23.71,61.82,3.87,16.82,12.13,24.21,0.43,11.22,18.8,0.37,2.99,0.23
14.82,48.14,5.14,16.19,11.5,25.25,0.28,11.93,19.58,0.26,1.95,0.09
14.89,36.89,4.84,17.27,11.82,17.83,0.37,7.35,20.59,0.16,1.21,0.06
17.16,51.14,4.2,19.36,12.3,12.11,0.38,7.65,19.4,0.17,1.37,0.05
18.86,65.41,3.16,15.9,9.84,11.57,0.38,7.78,22.29,0.17,1.43,0.07
19.35,62.16,2.99,16.68,9.42,10.32,0.37,8.56,23.02,0.23,1.82,0.06
16.92,53.81,3.32,17.85,9.95,10.29,0.42,5.76,17.91,0.35,3.5,0.15
16.5,35.21,4.06,16.99,10.94,16.41,0.4,7.93,17.16,0.35,2.77,0.71
21.73,54.59,3.51,14.72,9.09,14.77,0.31,10.14,14.9,0.11,1.1,0.05
22.47,44.63,5.84,16.52,12.92,16.0,0.52,8.65,20.97,0.42,3.81,0.65
28.23,63.7,5.04,15.93,11.68,11.85,0.38,10.36,17.92,0.3,3.66,0.41
28.85,65.7,4.28,14.76,9.75,13.33,0.4,8.23,17.67,0.16,1.81,0.12
25.01,47.59,3.95,22.53,12.46,11.76,0.51,5.48,25.02,0.67,9.42,1.13
25.6,42.83,5.58,21.02,13.6,9.46,0.53,3.09,16.82,0.55,3.75,0.37
20.54,35.92,6.52,21.37,14.45,8.95,0.48,4.86,16.03,0.34,2.62,0.27
25.81,56.75,8.43,19.01,15.16,8.86,0.46,8.83,16.68,0.28,3.56,0.22
27.01,56.52,3.81,22.14,12.62,8.92,0.48,2.91,19.56,0.42,2.71,0.31
32.95,62.68,7.41,25.85,17.19,9.29,0.63,3.56,16.62,0.69,5.65,0.65
28.07,45.66,5.77,25.87,15.9,9.97,0.5,2.65,18.13,0.52,4.74,0.42
20.4,37.11,3.86,15.21,9.51,7.87,0.44,3.49,16.42,0.64,3.08,0.31
33.27,65.29,5.55,21.56,13.85,7.79,0.62,2.47,15.67,0.61,4.0,0.42
41.11,65.51,15.6,28.89,25.22,8.47,0.82,3.01,13.19,1.05,5.04,0.6
39.12,62.5,14.7,21.75,20.19,8.78,0.67,3.03,17.28,0.76,5.99,1.36
31.98,69.4,3.54,21.43,12.22,11.43,0.53,3.8,19.45,0.41,4.63,2.33
32.24,72.14,6.61,24.9,16.06,10.17,0.59,3.9,18.98,0.45,2.89,0.53
34.73,70.39,6.64,24.27,15.95,11.55,0.65,10.07,20.09,0.55,6.54,0.24
40.22,75.69,5.22,26.37,15.47,12.44,0.61,6.79,20.03,0.98,7.62,2.61
42.99,65.7,5.95,26.42,16.14,13.03,0.62,5.33,20.61,0.72,7.8,1.32
50.79,81.52,6.8,23.98,15.72,12.66,0.57,5.21,24.25,0.92,9.86,1.41
56.9,83.53,3.72,21.05,12.16,12.32,0.57,3.4,23.99,0.83,7.42,1.94
54.17,79.18,3.46,25.34,14.02,11.62,0.66,3.53,23.27,0.78,4.98,1.59
39.07,64.26,5.7,32.44,18.72,9.82,0.63,3.94,19.34,0.75,5.37,2.06
34.57,56.51,5.84,26.75,16.47,9.95,0.55,4.11,25.15,0.71,5.88,1.54
34.91,61.3,5.38,27.6,16.34,9.07,0.56,3.6,24.66,0.65,5.53,1.31
36.35,61.96,4.95,24.49,15.72,9.32,0.58,3.71,24.03,0.72,5.24,1.45
53.22,94.89,4.48,24.54,14.37,10.4,0.56,5.04,21.06,1.09,7.84,1.84
52.62,100.99,4.1,23.13,14.29,10.26,0.54,3.79,23.86,1.07,9.26,1.89
59.41,104.37,4.49,28.52,15.26,9.63,0.67,2.95,25.33,1.59,10.73,4.68
24.3,52.38,4.01,20.85,11.59,7.35,0.5,2.71,18.67,0.64,4.38,1.78
22.92,54.35,3.64,21.67,12.31,7.06,0.48,2.92,21.13,0.64,5.73,1.85
28.04,51.18,4.17,23.54,13.8,8.1,0.62,2.68,18.41,0.67,4.0,2.23
22.03,46.72,3.98,21.12,13.29,7.59,0.51,3.34,20.2,0.66,5.31,2.03
41.03,71.08,8.21,27.1,17.71,9.75,0.65,3.63,14.93,0.99,8.65,2.35
37.8,70.86,7.97,23.75,16.66,10.32,0.57,4.71,14.48,0.65,5.21,1.67
22.53,43.48,5.57,19.81,12.99,13.38,0.6,8.3,12.59,0.49,2.99,0.53
23.54,56.62,9.25,22.14,15.97,10.27,0.49,4.34,13.74,0.55,3.23,0.27
18.81,42.64,4.68,18.42,9.9,8.98,0.44,2.59,15.61,0.39,3.21,0.27
40.65,51.1,4.6,21.39,11.8,10.41,0.45,4.04,17.96,0.42,2.49,0.21
42.04,74.5,5.84,25.96,17.77,10.59,0.64,3.38,19.55,0.82,5.9,0.41
40.41,72.97,7.5,26.24,19.03,10.16,0.98,2.96,19.73,0.77,5.0,0.49
21.39,51.57,4.76,19.89,13.88,9.06,0.86,2.8,20.34,0.54,3.23,0.17
22.51,54.11,6.53,20.95,14.98,9.79,0.46,3.41,19.96,0.48,2.65,0.16
29.98,70.0,7.92,25.34,18.73,9.6,0.61,3.58,20.79,0.55,3.38,0.2
37.22,84.04,5.0,22.49,15.44,11.06,0.59,5.34,23.74,0.61,3.9,0.3
57.61,115.79,5.3,25.82,17.28,15.21,0.64,11.04,27.88,0.61,6.44,0.41
45.57,78.45,7.03,26.88,19.45,13.54,0.61,5.01,22.17,1.72,10.22,0.59
47.66,80.56,7.56,36.08,24.79,12.29,0.75,5.45,20.1,1.44,7.89,0.3
31.86,69.75,8.63,32.41,23.17,13.97,0.61,5.87,26.76,0.98,6.4,0.17
40.8,83.56,8.88,35.37,24.88,14.5,0.67,5.14,26.37,1.12,5.69,0.9
43.43,78.64,7.88,31.45,22.09,14.16,0.66,4.87,27.3,0.82,3.42,0.07
50.84,100.38,8.91,39.89,27.36,14.67,0.75,5.05,25.47,0.93,4.9,0.12
41.19,69.42,8.24,25.88,19.3,13.79,0.65,4.18,28.71,0.36,1.15,0.02
30.8,56.0,8.74,27.43,20.49,13.76,0.61,3.83,22.23,0.38,1.55,0.04
33.09,57.88,8.11,25.24,18.87,13.49,0.57,5.53,22.63,0.41,1.42,0.04
57.96,106.32,9.94,29.78,22.36,15.35,0.7,6.3,27.61,0.53,2.84,0.05
51.1,89.73,8.09,30.38,21.53,13.18,0.6,5.24,27.64,0.4,1.46,0.01
40.04,74.46,8.75,25.03,19.35,12.15,0.45,6.19,26.31,0.41,1.32,0.01
46.45,88.34,10.08,29.5,22.57,15.74,0.52,6.66,20.13,0.6,3.57,0.05
35.28,65.41,2.81,22.05,13.92,18.35,0.38,5.35,33.42,0.27,1.26,0.02
31.16,63.66,6.4,27.84,19.17,15.93,0.44,5.87,25.51,0.33,2.44,0.01
35.01,74.36,10.46,29.5,22.59,14.58,0.48,5.17,25.43,0.21,1.61,0.01
34.14,71.2,11.5,27.74,22.0,14.75,0.43,4.3,25.09,0.17,0.77,0.02
39.98,83.38,11.41,30.46,23.89,16.02,0.47,4.75,25.95,0.2,0.99,0.03
37.27,89.76,10.09,32.37,24.07,17.04,0.46,5.1,28.47,0.2,1.4,0.05
38.79,85.47,10.0,31.8,23.56,17.7,0.48,5.74,27.79,0.16,1.29,0.05
38.88,83.63,13.41,40.69,30.19,44.44,0.4,5.26,23.6,0.1,0.64,0.01
40.2,86.11,10.81,29.28,22.65,20.47,0.45,4.62,22.37,0.09,0.54,0.0
36.94,79.23,11.29,30.21,24.72,19.85,0.42,4.14,19.82,0.15,0.92,0.05
27.77,68.94,11.47,31.23,24.15,18.8,0.42,6.01,22.31,0.16,0.72,0.02
32.73,79.91,12.03,34.88,26.52,18.89,0.44,4.73,20.87,0.14,0.77,0.03
30.56,83.58,11.42,41.17,29.82,19.47,0.4,4.98,22.55,0.13,0.8,0.01
32.21,85.67,10.06,28.37,21.89,16.24,0.39,4.61,28.54,0.08,0.42,1.45
38.5,82.42,13.62,28.55,24.59,16.84,0.45,4.7,22.27,0.19,1.04,0.01
41.49,67.47,12.81,27.11,23.16,16.83,0.49,5.98,17.12,0.32,1.5,0.0
39.28,71.1,11.81,29.29,23.63,15.89,0.48,4.23,24.04,0.18,1.07,0.0
42.7,80.0,11.16,29.93,23.38,15.85,0.49,4.72,30.41,0.16,0.9,0.01
56.38,105.86,11.99,36.64,27.32,16.47,0.6,5.87,27.5,0.72,4.37,0.12
45.57,94.57,10.85,27.45,21.75,19.79,0.41,5.78,31.14,1.07,4.52,0.1
35.27,76.37,10.0,22.96,18.73,17.45,0.35,6.09,32.66,0.83,4.01,0.08
28.81,77.15,10.68,27.78,21.61,16.2,0.37,5.72,28.48,0.85,4.77,0.09
25.6,64.14,9.89,24.85,19.69,15.89,0.39,5.8,29.68,0.7,3.62,0.07
32.51,77.92,9.62,27.31,20.91,16.28,0.46,4.77,32.78,0.71,3.43,0.12
42.14,107.78,10.13,28.15,21.56,20.99,0.46,8.89,31.4,0.7,4.73,0.1
40.35,103.27,4.75,29.75,19.28,21.13,0.43,6.6,35.27,1.24,11.92,0.46
42.44,94.49,3.45,25.56,16.14,21.76,0.51,4.91,33.3,1.81,8.26,0.82
43.21,93.93,4.18,27.41,17.73,20.04,0.58,4.72,33.69,1.85,6.89,0.61
48.6,98.66,4.74,31.95,20.68,20.01,0.59,5.26,29.23,2.41,9.2,0.75
49.59,101.91,3.4,27.73,17.39,17.38,0.52,5.34,29.24,1.46,5.63,0.61
33.87,85.6,9.46,23.4,18.67,20.08,0.44,5.21,21.86,1.52,7.51,0.84
38.58,92.91,11.0,25.4,21.69,17.74,0.46,4.76,23.93,1.97,10.62,1.53
33.94,68.49,9.05,22.05,17.67,16.43,0.46,4.69,23.97,1.65,6.78,0.75
32.84,75.09,10.27,22.79,18.72,11.49,0.5,4.82,18.94,2.86,15.93,1.03
25.67,60.08,9.91,21.21,17.74,11.85,0.44,4.35,21.56,1.78,7.31,0.61
29.93,75.82,9.77,26.85,20.78,14.8,0.48,5.01,21.78,2.13,10.04,1.54
31.53,86.96,10.01,30.61,22.99,13.76,0.58,5.55,21.14,2.89,17.29,1.09
27.51,78.19,9.16,25.71,19.82,13.03,0.46,4.96,20.64,1.51,8.79,0.63
33.45,83.27,10.07,28.19,21.84,14.14,0.53,6.01,20.47,2.05,11.43,1.88
32.03,81.84,10.48,27.55,21.68,13.87,0.49,5.37,22.61,3.03,12.18,1.07
27.86,68.18,10.8,28.5,22.5,18.46,0.53,4.57,19.88,5.01,9.98,0.84
25.08,69.94,10.63,29.65,22.98,12.91,0.47,3.98,20.94,1.99,11.57,0.91
26.32,68.45,11.32,31.53,24.45,11.78,0.51,5.34,20.74,1.68,7.24,0.73
43.39,97.86,9.2,33.52,24.66,14.85,0.68,7.02,24.86,3.4,21.63,2.29
33.71,72.83,7.05,25.04,18.77,11.25,0.52,5.39,29.44,2.05,10.16,1.5
39.85,103.66,8.88,24.68,19.21,10.92,0.57,7.04,28.78,2.45,14.85,2.8
37.97,72.32,8.0,14.21,12.92,11.63,0.46,5.41,28.82,1.44,7.73,0.42
28.75,59.24,7.76,12.33,11.79,10.04,0.4,6.67,28.26,1.03,5.44,0.21
28.47,59.28,7.76,12.7,11.53,11.26,0.4,6.22,28.67,1.02,4.75,0.4
29.0,60.99,7.92,12.23,11.39,9.25,0.37,5.14,29.13,1.05,7.17,0.18
34.09,67.6,7.7,12.16,11.2,9.0,0.36,5.3,33.42,0.82,2.1,0.11
36.17,67.08,3.67,11.67,8.47,10.69,0.39,6.39,36.97,1.03,2.93,0.12
42.07,75.41,2.85,19.37,11.3,11.83,0.47,4.71,36.94,1.19,3.87,0.1
34.79,65.96,3.05,19.35,12.19,9.62,0.41,7.11,36.78,1.04,5.76,0.1
42.42,72.92,5.47,19.9,14.38,10.08,0.49,7.31,37.4,1.86,6.36,0.29
47.96,83.65,3.72,19.98,13.07,11.07,0.65,6.64,35.46,1.96,8.69,0.28
48.05,80.7,3.48,19.75,12.85,11.34,0.55,6.67,33.65,1.62,6.22,0.35
38.13,69.42,3.8,18.95,12.23,10.45,0.51,9.04,31.37,1.54,7.82,0.42
37.34,72.16,3.78,21.26,13.49,10.48,0.5,8.46,26.57,2.06,9.39,0.52
30.18,57.17,5.19,16.71,12.2,11.57,0.44,8.36,27.81,1.16,4.52,0.18
27.87,64.99,6.26,18.52,13.41,14.86,0.66,8.47,25.48,1.64,10.42,0.2
19.76,39.6,20.04,22.67,23.9,20.62,0.8,8.49,34.09,1.19,5.02,0.13
19.94,43.45,16.92,20.46,21.26,18.78,0.41,11.06,36.03,0.94,5.92,0.13
29.36,61.5,23.69,25.74,26.47,15.14,0.51,9.14,29.65,2.22,15.08,0.31
18.95,36.93,9.39,31.96,22.02,14.41,0.52,6.51,28.05,1.0,5.01,0.2
23.99,43.01,10.56,27.24,21.24,13.54,0.38,6.21,23.3,1.17,7.4,0.35
33.4,59.02,5.55,21.68,15.09,13.12,0.4,4.25,24.1,1.56,7.91,0.47
35.21,66.35,6.95,18.03,14.06,13.2,0.41,3.48,29.34,0.94,2.5,0.14
38.07,78.8,5.4,19.72,13.94,14.34,0.38,4.27,33.8,1.34,5.53,0.38
33.99,68.75,5.55,18.3,13.43,11.99,0.41,4.36,34.56,1.08,4.23,0.22
37.13,68.87,5.58,18.82,13.75,12.6,0.49,4.19,33.93,1.06,3.58,0.11
38.44,75.93,6.43,21.35,15.53,16.41,0.51,5.07,29.02,1.16,4.45,0.23
35.67,63.08,6.99,25.01,17.34,16.54,0.5,4.46,24.66,1.0,4.21,0.31
30.21,61.21,7.75,24.42,17.97,17.69,0.38,5.75,24.31,1.08,8.07,0.23
26.47,57.08,7.86,25.39,18.67,15.19,0.38,6.01,21.8,1.24,8.43,0.18
22.83,42.44,8.29,29.99,21.48,22.58,0.5,6.64,20.2,1.35,9.0,0.14
27.57,62.7,7.51,24.7,17.87,14.74,0.45,4.88,23.42,2.7,13.7,0.41
28.99,54.72,6.92,22.09,16.45,14.59,0.44,4.43,23.95,0.83,4.25,0.16
31.76,72.38,6.91,24.4,17.63,13.7,0.46,5.65,24.59,1.81,12.8,0.28
29.9,59.77,6.85,20.64,15.56,15.52,0.42,4.27,25.52,1.21,7.86,0.28
23.51,56.45,6.72,21.98,16.13,11.94,0.44,3.83,26.87,1.37,9.49,0.16
23.36,53.68,7.68,19.73,15.18,12.67,0.39,3.72,23.68,0.63,3.39,0.05
16.03,37.73,7.11,22.21,16.46,10.4,0.41,3.67,29.77,0.69,4.17,0.04
21.12,54.39,5.11,24.27,16.33,12.94,0.6,4.03,32.53,0.74,4.26,0.05
22.69,53.46,5.72,22.43,15.54,13.87,0.64,4.27,27.21,1.04,7.93,0.08
24.62,51.4,8.06,25.22,18.8,11.77,0.54,5.59,30.87,0.8,2.39,0.02
33.03,80.72,6.32,26.32,18.2,12.42,0.49,5.04,30.42,2.04,14.96,0.39
28.18,69.69,4.34,22.57,14.89,13.31,0.48,4.59,32.53,0.85,3.59,0.25
31.36,75.39,6.48,24.86,17.35,13.46,0.45,4.17,32.74,1.03,8.28,0.29
25.18,59.71,5.47,21.51,15.19,12.26,0.52,4.45,31.28,0.73,4.45,0.07
26.84,58.71,5.48,21.67,15.26,12.1,0.41,4.3,26.6,0.82,4.84,0.21
27.46,66.53,5.31,22.97,15.87,12.8,0.45,4.84,29.18,1.07,7.36,0.59
29.56,61.16,5.26,21.1,14.83,11.16,0.37,5.41,31.69,1.28,8.87,0.13
28.15,47.77,6.13,26.08,18.09,10.57,0.43,5.02,26.82,1.02,11.25,0.77
38.65,82.55,7.1,30.29,20.61,13.24,0.53,7.01,27.77,2.84,22.77,1.02
32.09,62.6,6.66,27.82,19.37,12.49,0.47,6.05,24.41,1.18,8.21,0.22
24.1,54.77,6.12,24.07,16.92,9.87,0.38,4.61,25.87,0.81,6.06,0.31
25.06,53.65,5.74,21.85,15.62,10.65,0.35,5.29,25.8,0.97,7.08,0.29
24.12,56.89,6.46,23.33,16.59,10.57,0.34,5.38,27.84,1.34,9.9,0.82
27.65,61.38,6.83,26.37,17.99,11.9,0.46,6.32,30.88,1.88,12.68,1.25
32.47,72.72,6.68,28.5,19.68,12.15,0.49,5.87,31.95,2.53,19.15,0.84
31.05,71.9,4.88,27.66,17.21,13.06,0.43,7.55,35.11,1.37,10.28,1.58
42.41,122.45,5.65,30.17,19.56,14.39,0.52,9.4,33.8,2.55,19.63,3.74
32.51,85.85,5.32,23.19,15.44,12.36,0.45,6.32,37.5,1.05,5.63,0.66
28.66,90.2,4.95,24.26,15.94,8.61,0.44,5.46,40.38,1.77,10.52,0.85
26.7,96.67,5.11,26.37,17.03,7.0,0.41,5.65,32.09,2.38,12.88,3.04
21.07,79.56,4.82,24.05,15.88,12.99,0.34,6.1,30.78,0.84,4.94,1.45
18.56,60.6,4.6,23.9,15.62,9.55,0.33,5.49,32.56,0.91,6.51,1.02
25.17,60.07,8.9,27.75,19.32,10.88,0.43,4.66,25.41,1.04,6.34,0.74
30.0,54.63,8.17,30.48,21.23,14.11,0.42,5.23,30.2,1.57,11.28,1.08
16.47,31.29,7.23,23.75,16.75,14.73,0.33,4.36,29.86,1.01,6.05,1.83
23.02,74.58,5.54,20.88,14.47,19.79,0.29,10.04,17.59,0.59,4.03,0.57
19.49,59.86,7.56,18.0,13.89,22.6,0.3,9.34,17.98,0.69,6.41,0.17
20.2,68.79,7.27,19.5,14.29,20.52,0.32,9.69,16.57,0.69,4.84,0.51
17.96,56.02,6.01,19.43,13.92,21.26,0.31,9.15,20.04,0.76,5.52,2.76
22.5,63.77,5.78,19.96,14.55,20.92,0.26,7.71,13.86,0.66,4.44,0.85
24.0,72.01,6.08,21.8,15.65,27.63,0.25,8.15,14.47,0.68,6.62,0.43
22.91,68.3,5.72,21.71,15.23,20.05,0.26,7.86,15.94,0.83,4.15,0.91
22.36,56.6,6.71,22.45,16.53,11.81,0.32,6.56,16.49,1.34,7.24,0.47
21.25,45.4,7.2,24.72,17.75,7.3,0.36,5.26,20.81,0.93,6.44,0.54
22.41,46.29,7.13,25.42,17.73,8.93,0.35,5.16,23.48,1.13,8.52,0.66
27.05,54.96,5.71,21.78,14.59,9.63,0.34,5.03,24.41,0.76,4.55,0.59
23.29,44.2,6.38,22.64,15.39,9.34,0.36,5.39,24.22,0.88,6.72,0.95
24.8,31.95,10.17,3.11,32.30912333307031,5.04,0.74,8.89,44.67,0.0,0.33,3.0701278234985114
32.3,47.4,9.64,3.27,32.30912333307031,3.8,0.68,8.39,39.16,0.0,0.17,3.0701278234985114
55.36,73.69,32.81,1.68,32.30912333307031,13.26,0.77,9.33,10.76,0.0,0.0,3.0701278234985114
47.62,79.52,17.574729662029362,0.01,32.30912333307031,0.89,0.73,9.15,9.38,3.280840304500585,8.700972080037227,3.0701278234985114
61.34,100.61,17.574729662029362,0.07,32.30912333307031,1.19,1.01,8.55,13.56,3.280840304500585,8.700972080037227,3.0701278234985114
36.51,65.54,17.574729662029362,28.560659061126955,32.30912333307031,0.63,0.82,9.33,4.17,3.280840304500585,8.700972080037227,3.0701278234985114
19.66,23.81,4.32,6.36,32.30912333307031,0.34,0.86,8.56,1.34,0.03,0.69,3.0701278234985114
25.14,26.17,4.69,6.02,32.30912333307031,1.12,0.89,9.53,1.35,0.04,0.46,3.0701278234985114
28.74,33.12,4.67,5.99,32.30912333307031,1.12,1.02,9.35,1.2,0.1,0.78,3.0701278234985114
39.4,51.67,9.59,3.67,32.30912333307031,28.45,0.86,10.11,1.17,0.0,0.34,3.0701278234985114
52.82,76.36,6.0,6.86,32.30912333307031,16.31,0.8,8.95,1.21,0.0,0.21,3.0701278234985114
56.88,91.07,0.98,10.75,32.30912333307031,6.45,0.74,9.28,1.27,0.0,0.19,3.0701278234985114
54.57,1.02,2.1,9.68,32.30912333307031,6.53,0.67,9.27,1.34,0.0,0.26,3.0701278234985114
46.43,118.12710293078135,1.48,10.14,32.30912333307031,5.6,0.64,9.35,1.7,0.0,0.11,3.0701278234985114
44.47,118.12710293078135,1.36,10.29,32.30912333307031,5.34,0.68,9.74,1.83,3.280840304500585,8.700972080037227,3.0701278234985114
33.25,34.01,6.66,10.95,32.30912333307031,1.49,0.74,9.56,1.35,0.0,0.0,3.0701278234985114
30.59,41.65,6.77,11.36,32.30912333307031,1.01,0.72,8.52,1.23,3.280840304500585,8.700972080037227,3.0701278234985114
45.02,64.8,9.85,15.55,32.30912333307031,3.02,0.8,9.44,1.85,0.0,0.0,3.0701278234985114
44.54,83.5,13.17,21.27,32.30912333307031,5.03,0.79,8.79,1.93,3.280840304500585,8.700972080037227,3.0701278234985114
33.83,76.56,13.4,21.08,32.30912333307031,5.31,0.77,9.18,1.47,0.0,0.64,3.0701278234985114
33.98,84.18,13.91,20.67,32.30912333307031,5.62,0.7,6.02,1.2,4.84,5.2,3.0701278234985114
30.57,89.06,13.15,15.02,32.30912333307031,5.81,0.42,4.2,1.11,0.52,0.79,3.0701278234985114
28.19,73.55,10.58,20.46,32.30912333307031,25.69,0.41,5.53,27.07,2.09,2.55,3.0701278234985114
18.78,55.4,6.13,23.7,32.30912333307031,17.67,0.17,5.45,27.04,0.0,0.06,3.0701278234985114
28.82,89.59,7.78,24.67,32.30912333307031,19.2,0.22,4.77,27.41,0.0,0.28,3.0701278234985114
26.78,80.29,9.45,24.5,32.30912333307031,19.91,0.34,5.6,39.14,0.0,0.56,3.0701278234985114
33.62,93.94,7.41,24.74,32.30912333307031,18.94,0.17,5.61,37.46,0.0,0.17,3.0701278234985114
67.45057794890306,118.12710293078135,17.574729662029362,28.560659061126955,32.30912333307031,23.48347601937197,2.2485982090856145,14.53197725590996,34.49143047551845,3.280840304500585,8.700972080037227,3.0701278234985114
35.78,91.05,2.83,30.79,32.30912333307031,16.67,0.62,5.2,20.42,0.0,0.05,3.0701278234985114
25.56,75.22,2.7,30.21,32.30912333307031,16.47,0.57,5.6,22.36,0.0,0.04,3.0701278234985114
28.29,84.76,2.51,29.39,32.30912333307031,16.15,0.53,5.43,24.65,0.0,0.01,3.0701278234985114
40.2,107.44,2.61,30.08,32.30912333307031,16.33,0.77,6.46,22.28,0.0,0.0,3.0701278234985114
34.1,101.56,2.42,30.02,32.30912333307031,16.23,0.62,9.28,25.1,0.0,0.16,3.0701278234985114
34.1,71.91,2.7,30.72,32.30912333307031,16.55,0.69,8.82,21.75,0.0,0.27,3.0701278234985114
34.1,87.22,2.84,31.43,32.30912333307031,16.81,0.72,8.46,20.05,0.0,0.42,3.0701278234985114
34.1,78.76,2.75,31.04,32.30912333307031,16.68,0.68,8.07,18.91,0.0,0.16,3.0701278234985114
34.1,111.8,2.62,31.13,32.30912333307031,16.64,0.65,8.04,21.13,0.0,0.4,3.0701278234985114
16.29,76.67,4.36,26.42,32.30912333307031,17.03,0.13,8.33,18.08,3.280840304500585,8.700972080037227,3.0701278234985114
21.38,105.84,4.73,27.74,32.30912333307031,17.57,0.18,8.84,22.85,3.280840304500585,8.700972080037227,3.0701278234985114
22.04,93.43,4.48,27.68,32.30912333307031,17.38,0.24,9.75,40.11,0.0,0.49,3.0701278234985114
50.0,86.61,11.91,35.41,32.30912333307031,55.21,0.21,7.46,15.87,0.0,0.08,3.0701278234985114
54.45,99.61,12.12,41.12,32.30912333307031,56.62,0.23,8.64,35.1,0.0,0.25,3.0701278234985114
45.26,91.97,11.56,37.89,32.30912333307031,50.76,0.19,6.85,36.47,0.0,0.04,3.0701278234985114
58.96,103.7,9.45,21.16,8.84,28.54,0.0,4.33,32.27,3.66,1.05,3.0701278234985114
43.67,81.34,6.87,15.56,6.9,18.2,0.0,13.63,50.24,1.61,0.77,3.0701278234985114
54.27,95.76,8.16,18.51,6.8,16.75,0.0,16.03,49.86,1.96,0.82,3.0701278234985114
43.25,84.63,7.24,14.84,7.71,13.65,0.0,13.97,54.35,2.25,0.83,3.0701278234985114
31.24,82.12,8.78,22.79,17.08,11.92,0.0,8.57,56.18,2.3,2.87,3.0701278234985114
33.67,76.99,12.09,47.97,51.47,26.16,0.65,10.76,61.55,0.54,2.85,3.0701278234985114
30.45,74.35,13.12,43.17,48.29,23.28,0.62,9.88,60.92,0.79,3.18,3.0701278234985114
32.75,93.2,8.88,39.37,45.3,23.9,0.68,10.32,66.18,0.82,4.06,3.0701278234985114
26.2,57.9,6.25,25.04,26.56,32.85,0.52,4.2,59.07,0.42,5.96,3.0701278234985114
27.64,67.81,9.52,39.4,38.41,21.54,0.68,7.09,43.98,0.29,3.42,3.0701278234985114
45.19,113.8,7.87,18.04,21.46,20.35,0.5,11.19,49.77,0.52,1.47,3.0701278234985114
52.05,93.53,8.35,18.64,26.99,30.81,0.64,8.21,58.03,0.46,3.35,3.0701278234985114
46.38,80.01,8.16,21.35,28.71,27.42,0.75,9.73,51.49,0.59,2.97,3.0701278234985114
53.68,70.62,11.58,23.61,35.14,25.29,0.8,9.54,23.74,0.81,3.7,3.0701278234985114
42.91,64.43,11.13,18.48,29.59,12.28,0.54,11.7,31.25,0.77,3.78,3.0701278234985114
45.51,75.61,11.12,16.82,27.94,11.13,0.48,11.0,34.1,0.69,3.95,3.0701278234985114
27.49,55.56,10.53,18.46,28.96,11.97,0.63,10.32,29.86,0.99,6.64,3.0701278234985114
26.18,59.32,10.44,18.85,29.28,11.89,0.62,8.47,32.24,0.51,2.26,3.0701278234985114
25.63,41.93,11.06,23.25,34.29,11.22,0.79,8.56,31.86,0.73,3.04,3.0701278234985114
39.39,52.99,10.17,21.92,32.03,14.39,0.65,9.6,33.6,1.16,5.34,3.0701278234985114
20.77,49.09,9.13,20.3,29.42,20.57,0.58,9.32,33.19,0.67,3.18,3.0701278234985114
25.27,50.27,9.51,19.14,28.64,21.18,0.74,9.16,29.67,1.06,4.4,3.0701278234985114
35.41,73.79,10.96,17.72,28.59,15.18,0.63,8.33,29.51,1.16,4.57,3.0701278234985114
22.64,51.94,9.29,16.73,25.95,10.57,0.6,6.87,20.56,0.38,1.71,3.0701278234985114
25.16,58.85,9.78,14.22,23.83,10.48,0.63,8.89,22.8,0.69,2.48,3.0701278234985114
35.17,56.67,9.85,13.68,23.47,9.7,0.58,12.59,23.79,0.67,2.87,3.0701278234985114
31.45,74.65,10.18,12.75,22.8,9.25,0.71,10.01,20.22,0.55,2.63,3.0701278234985114
28.7,54.06,16.12,19.36,29.37,15.3,0.75,9.74,36.08,0.62,2.39,3.0701278234985114
34.8,75.27,12.13,24.58,29.78,17.23,0.75,11.08,27.59,0.68,2.46,3.0701278234985114
37.53,82.0,10.89,23.6,29.95,11.67,0.66,7.66,24.11,0.41,6.35,3.0701278234985114
26.76,76.2,9.92,20.85,26.97,9.43,0.59,7.26,25.35,0.3,9.19,3.0701278234985114
35.63,98.64,8.9,20.43,25.81,9.12,0.65,7.17,33.16,0.4,12.26,3.0701278234985114
51.3,106.87,8.62,21.97,26.69,11.66,0.77,9.28,30.22,0.66,14.94,3.0701278234985114
32.28,50.48,6.91,14.35,18.06,13.96,0.61,8.93,33.85,0.53,13.99,3.0701278234985114
33.39,59.66,8.43,17.54,21.44,13.72,0.72,10.47,37.38,0.55,11.7,3.0701278234985114
25.88,54.67,16.21,19.22,31.7,12.38,0.82,10.13,22.25,0.67,16.31,3.0701278234985114
28.61,63.08,20.09,18.9,34.44,16.35,0.9,9.34,15.29,0.99,11.0,3.0701278234985114
29.54,74.71,12.06,20.9,28.59,16.55,0.82,10.09,20.84,0.93,12.88,3.0701278234985114
39.29,72.22,13.49,22.76,32.0,14.75,0.73,10.06,20.31,0.72,11.26,3.0701278234985114
28.67,54.46,14.49,21.23,31.76,12.91,0.67,10.24,15.52,0.43,8.18,3.0701278234985114
29.88,66.95,13.38,20.67,30.28,11.54,0.6,8.77,19.43,0.88,11.69,3.0701278234985114
29.4,66.07,14.17,21.68,31.42,11.29,0.59,9.0,18.62,0.91,12.97,3.0701278234985114
34.97,89.44,10.4,21.09,27.19,10.76,0.54,8.74,23.44,0.87,15.6,3.0701278234985114
42.25,121.42,15.81,23.04,33.68,11.73,0.75,9.08,22.87,1.1,13.54,3.0701278234985114
28.57,81.65,10.62,19.4,26.06,12.2,0.75,11.17,25.5,1.06,15.81,3.0701278234985114
31.62,82.3,12.87,19.36,28.09,11.93,0.62,11.67,21.7,0.44,7.17,3.0701278234985114
28.93,58.8,13.13,20.51,29.64,12.89,0.64,11.05,17.52,0.43,8.47,3.0701278234985114
30.21,52.13,13.19,24.24,33.47,14.5,0.66,10.92,15.95,0.53,9.48,3.0701278234985114
34.05,75.55,14.66,24.24,34.79,18.11,0.71,11.25,18.1,0.6,9.18,3.0701278234985114
45.64,125.37,13.25,22.44,32.17,16.1,0.75,11.59,18.88,0.59,6.94,3.0701278234985114
36.89,84.08,14.52,26.35,35.47,13.89,0.72,11.4,26.56,0.62,7.12,3.0701278234985114
29.7,66.71,11.65,18.53,27.38,14.45,0.73,10.5,25.61,0.6,5.1,3.0701278234985114
20.31,36.25,10.08,12.5,20.6,8.84,0.78,7.8,22.55,0.53,2.59,3.0701278234985114
32.94,69.66,13.01,15.6,26.34,9.7,0.78,8.4,13.27,0.72,3.76,3.0701278234985114
33.66,81.34,15.68,17.24,30.06,10.19,0.92,9.8,12.3,0.92,3.71,3.0701278234985114
36.18,86.86,13.38,18.96,28.13,11.99,0.69,10.89,18.57,0.59,3.83,3.0701278234985114
45.9,86.72,9.76,17.96,24.16,10.78,0.77,10.91,24.72,0.58,12.16,3.0701278234985114
43.96,95.56,8.63,22.94,28.2,11.46,0.71,8.59,34.71,0.55,15.77,3.0701278234985114
44.71,105.2,8.48,24.33,27.23,13.46,0.68,9.07,34.58,0.68,9.42,3.0701278234985114
17.46,42.51,7.65,14.55,21.02,24.27,0.72,11.13,27.01,0.76,3.21,3.0701278234985114
15.78,29.29,5.87,12.4,18.27,23.77,0.62,12.14,29.18,0.66,3.29,3.0701278234985114
22.0,49.27,14.5,18.08,29.72,21.8,0.89,10.45,18.05,0.92,3.24,3.0701278234985114
39.67,119.84,22.33,24.13,41.05,22.73,1.15,10.11,21.18,1.16,3.14,3.0701278234985114
42.72,80.8,10.7,38.22,36.73,17.55,0.97,8.75,34.36,0.77,4.01,3.0701278234985114
32.37,74.59,9.44,39.1,36.44,15.67,0.86,9.44,42.84,0.61,3.96,3.0701278234985114
37.28,80.6,14.33,43.15,44.32,15.5,0.81,9.86,37.65,0.78,5.21,3.0701278234985114
44.62,104.94,12.34,23.65,28.12,25.92,0.8,22.04,32.06,1.09,6.51,3.0701278234985114
43.55,89.54,48.46,18.45,50.12,18.55,0.72,10.26,42.7,0.6,4.25,3.0701278234985114
46.7,94.5,9.61,22.82,26.88,18.59,0.87,11.39,38.33,0.75,5.54,3.0701278234985114
35.72,90.54,8.7,17.64,20.78,17.94,0.86,12.95,52.58,0.87,8.53,3.0701278234985114
42.63,93.74,14.43,33.57,40.18,33.31,1.08,10.92,44.74,0.76,7.58,3.0701278234985114
39.78,79.48,13.32,37.37,43.88,27.04,1.09,14.24,45.13,0.68,4.43,3.0701278234985114
41.39,85.23,12.19,29.15,34.3,22.0,0.78,10.81,36.61,0.77,4.43,3.0701278234985114
35.97,77.06,12.59,33.33,38.14,21.36,0.8,15.47,49.95,0.84,4.66,3.0701278234985114
42.89,90.05,12.44,38.35,41.01,34.48,0.83,10.21,38.53,1.05,7.16,3.0701278234985114
38.31,82.02,12.34,38.24,40.99,36.83,0.89,8.98,49.36,0.84,7.67,3.0701278234985114
42.81,92.74,7.7,23.63,26.18,29.48,0.82,8.06,56.37,0.99,8.38,3.0701278234985114
38.07,88.21,20.05,38.55,52.11,36.07,1.18,10.61,36.86,1.13,8.38,3.0701278234985114
38.52,86.8,6.54,23.03,24.75,24.51,0.93,12.41,57.35,1.14,6.92,3.0701278234985114
41.91,106.43,7.53,30.92,31.52,22.96,0.81,11.72,53.06,0.85,5.87,3.0701278234985114
34.03,69.78,11.72,37.57,39.22,21.9,0.77,8.89,47.6,0.56,5.54,3.0701278234985114
32.24,97.93,12.25,35.03,38.82,22.95,0.76,10.52,50.46,0.56,5.18,3.0701278234985114
34.26,87.27,10.22,34.99,36.6,18.55,0.73,9.85,60.73,0.54,4.44,3.0701278234985114
25.64,48.73,13.75,23.52,31.78,26.11,0.84,16.52,44.18,0.31,3.75,3.0701278234985114
28.96,61.5,12.1,31.5,36.46,23.04,0.8,10.25,64.48,0.55,4.27,3.0701278234985114
47.02,104.64,10.16,29.24,32.94,21.56,0.75,10.71,54.82,0.56,3.92,3.0701278234985114
39.78,92.55,14.63,23.3,34.02,24.58,0.75,11.13,45.0,1.12,5.57,3.0701278234985114
48.64,111.48,8.3,25.95,30.63,21.71,0.65,11.93,59.75,1.22,5.24,3.0701278234985114
39.45,98.64,9.78,31.74,36.96,17.62,0.57,10.56,58.8,0.55,3.19,3.0701278234985114
40.69,86.77,10.76,34.54,40.5,45.19,0.67,8.84,43.95,0.98,2.9,3.0701278234985114
26.57,54.96,7.61,28.35,33.07,45.37,0.63,9.06,56.56,0.61,1.68,3.0701278234985114
38.09,91.31,9.06,35.04,38.6,41.39,0.61,10.31,51.37,0.62,1.35,3.0701278234985114
44.52,98.75,8.4,29.74,33.64,42.76,0.57,10.98,51.18,0.41,1.46,3.0701278234985114
39.03,83.67,9.71,25.39,30.95,45.06,0.64,11.51,27.18,0.37,1.79,3.0701278234985114
21.31,40.69,9.44,20.75,27.18,25.66,0.61,11.49,59.49,0.28,2.55,3.0701278234985114
28.24,63.58,9.55,26.32,32.95,18.87,0.78,11.13,55.22,0.43,2.6,3.0701278234985114
38.46,106.02,9.98,31.78,35.08,16.28,0.87,12.82,51.14,0.8,2.65,3.0701278234985114
28.09,63.19,4.25,22.66,22.46,20.43,0.85,16.07,64.54,0.46,2.77,3.0701278234985114
35.62,94.08,5.93,27.03,27.8,20.71,0.88,13.71,59.27,1.02,3.33,3.0701278234985114
41.72,113.38,6.15,19.03,21.74,15.46,0.61,9.51,46.82,0.21,2.41,3.0701278234985114
33.27,66.84,8.62,25.13,28.55,18.31,0.82,10.07,41.34,0.37,3.76,3.0701278234985114
30.64,72.35,10.48,24.95,30.26,19.62,0.78,8.85,28.3,0.39,3.94,3.0701278234985114
30.69,60.06,13.16,26.64,35.44,18.88,0.78,10.32,19.56,0.65,4.72,3.0701278234985114
29.18,63.56,10.58,31.21,36.05,19.29,0.72,9.95,26.79,0.28,3.88,3.0701278234985114
38.76,106.73,8.2,24.26,28.22,17.32,0.71,10.19,26.85,0.33,2.63,3.0701278234985114
41.74,95.25,6.31,18.84,21.36,12.52,0.63,9.5,33.44,0.16,2.7,3.0701278234985114
41.8,91.76,6.09,16.03,20.4,11.7,0.53,10.53,32.96,0.13,3.32,3.0701278234985114
47.34,110.12,6.96,17.61,22.24,11.86,0.68,11.22,27.63,0.21,3.37,3.0701278234985114
40.92,76.34,6.97,24.28,26.31,27.4,0.7,10.15,25.25,0.39,2.87,3.0701278234985114
34.56,64.03,6.1,22.09,23.66,26.98,0.63,9.0,32.9,0.26,1.89,3.0701278234985114
39.77,78.8,5.89,24.4,25.99,28.97,0.79,9.53,36.67,0.44,1.73,3.0701278234985114
37.12,88.64,5.9,13.91,17.29,26.05,0.64,8.87,47.16,0.29,1.62,3.0701278234985114
32.6,65.44,5.59,16.2,18.68,28.79,0.71,9.35,47.36,0.3,1.69,3.0701278234985114
33.02,57.44,4.54,18.46,18.66,27.45,0.69,9.17,51.68,0.35,1.72,3.0701278234985114
28.53,58.55,6.77,21.43,23.03,26.59,0.64,8.1,37.06,0.32,2.19,3.0701278234985114
21.37,38.6,5.3,19.92,20.97,29.61,0.71,8.02,35.23,0.55,1.44,3.0701278234985114
23.7,53.06,9.36,21.42,26.0,28.92,0.76,8.6,19.22,0.54,2.35,3.0701278234985114
28.4,60.43,9.81,26.29,32.51,32.4,0.75,8.92,15.36,0.59,3.76,3.0701278234985114
21.79,41.61,6.01,13.64,18.21,34.76,0.55,7.89,23.09,0.29,3.41,3.0701278234985114
16.61,34.12,6.55,13.3,16.18,29.2,0.7,8.26,27.28,0.48,2.31,3.0701278234985114
18.98,52.87,6.37,14.71,17.82,29.33,0.71,8.24,28.54,0.48,3.25,3.0701278234985114
24.33,63.57,6.16,14.11,17.5,31.03,0.7,8.88,30.62,0.47,3.81,3.0701278234985114
27.44,60.62,6.36,17.86,19.77,29.69,0.61,8.34,32.68,0.34,3.28,3.0701278234985114
20.99,51.22,8.73,22.98,25.14,27.83,0.66,8.18,22.16,0.44,3.12,3.0701278234985114
26.51,59.18,8.06,24.82,28.07,28.67,0.78,7.47,21.71,0.44,2.28,3.0701278234985114
23.6,53.25,7.02,19.95,23.81,28.04,0.67,7.01,20.28,0.3,3.13,3.0701278234985114
34.83,69.69,11.66,30.98,33.74,28.95,0.93,8.28,23.75,0.83,4.03,3.0701278234985114
23.5,52.14,9.42,25.4,27.75,27.69,0.76,9.06,24.22,0.34,3.18,3.0701278234985114
25.15,47.41,13.95,25.82,32.35,34.52,0.89,9.09,18.91,0.75,4.75,3.0701278234985114
24.36,52.15,11.34,23.75,27.25,26.44,0.71,9.29,22.95,0.65,3.93,3.0701278234985114
21.1,47.3,7.05,12.95,15.77,19.84,0.59,10.4,31.19,0.33,2.85,3.0701278234985114
14.15,39.86,7.27,15.62,18.86,25.69,0.63,9.93,23.46,0.21,2.83,3.0701278234985114
24.43,59.12,9.8,19.88,24.01,24.04,0.65,10.04,20.5,0.22,2.65,3.0701278234985114
38.82,86.92,13.3,26.56,31.6,26.58,0.82,10.25,20.06,0.42,3.26,3.0701278234985114
30.54,59.34,17.96,27.99,38.88,27.86,0.79,9.23,16.91,0.69,4.43,3.0701278234985114
27.07,51.56,10.36,23.46,28.87,29.62,0.64,9.48,27.44,0.3,3.26,3.0701278234985114
16.54,32.83,16.3,22.27,34.21,37.51,0.55,9.08,16.74,0.18,3.66,3.0701278234985114
22.73,50.61,15.54,23.25,33.83,32.57,0.55,9.01,17.44,0.13,2.73,3.0701278234985114
30.21,78.41,14.51,26.2,34.22,27.67,0.62,9.15,23.13,0.34,2.91,3.0701278234985114
32.54,83.01,10.84,33.57,34.93,26.99,0.68,10.06,29.8,0.36,2.96,3.0701278234985114
29.51,71.19,8.95,32.1,32.29,27.72,0.6,9.54,28.48,0.24,2.62,3.0701278234985114
33.85,74.26,10.06,29.1,33.3,29.05,0.79,10.17,25.45,0.45,3.25,3.0701278234985114
32.74,65.97,7.1,17.45,22.7,26.57,0.61,8.72,28.57,0.22,2.84,3.0701278234985114
34.66,65.64,6.12,19.5,23.69,27.63,0.61,8.85,29.54,0.2,2.88,3.0701278234985114
36.69,62.54,5.55,20.76,23.93,31.65,0.49,9.54,33.78,0.22,3.17,3.0701278234985114
19.12,47.48,9.62,28.33,31.24,38.26,0.64,9.8,26.62,0.36,3.68,3.0701278234985114
27.19,50.73,10.36,32.12,33.68,31.58,0.9,9.82,26.84,0.55,4.15,3.0701278234985114
26.9,54.28,7.79,24.19,25.67,40.1,0.68,9.43,32.48,0.58,3.99,3.0701278234985114
27.03,51.05,8.47,19.63,24.39,44.21,0.7,9.74,29.76,0.4,3.64,3.0701278234985114
25.61,53.09,8.99,24.11,27.99,43.81,0.66,10.29,30.07,0.46,3.19,3.0701278234985114
27.44,59.9,12.03,34.71,37.66,60.83,0.8,10.7,32.86,0.42,2.41,3.0701278234985114
29.95,62.25,10.83,30.08,36.69,56.24,0.68,10.36,26.63,0.47,4.85,3.0701278234985114
31.39,59.21,9.96,32.41,33.03,43.87,0.73,12.69,30.47,0.35,3.27,3.0701278234985114
44.03,80.25,11.97,37.61,41.12,48.18,0.82,11.02,30.72,0.63,3.68,3.0701278234985114
34.58,59.59,12.16,30.07,33.99,50.82,0.89,11.16,25.37,0.64,4.06,3.0701278234985114
36.95,63.85,8.97,24.27,26.21,48.38,0.73,10.06,27.44,0.59,3.67,3.0701278234985114
33.45,66.62,10.18,22.91,27.99,49.8,0.92,11.7,23.04,0.78,4.79,3.0701278234985114
27.09,59.48,11.48,26.06,31.55,55.72,0.7,10.67,21.93,0.64,4.66,3.0701278234985114
26.14,55.73,7.15,18.0,22.52,40.6,0.7,11.11,25.31,0.58,4.43,3.0701278234985114
34.8,70.51,7.42,24.82,29.5,49.54,0.93,11.36,33.16,0.67,5.55,3.0701278234985114
33.88,86.65,6.58,23.16,23.29,28.5,0.62,12.13,36.19,0.35,2.85,3.0701278234985114
37.92,77.7,7.03,24.3,24.16,29.15,0.65,11.6,38.34,0.39,3.08,3.0701278234985114
27.82,58.29,6.75,15.52,19.23,31.73,0.54,11.86,30.67,0.38,3.08,3.0701278234985114
28.04,53.45,10.54,16.66,24.8,44.9,0.62,12.44,19.33,0.55,4.72,3.0701278234985114
36.65,88.55,10.34,21.14,28.3,46.56,0.72,11.59,27.36,0.81,4.29,3.0701278234985114
44.2,91.4,12.13,29.12,31.57,39.13,0.71,9.63,24.31,0.63,3.52,3.0701278234985114
34.48,77.85,12.37,33.23,34.07,37.35,1.46,10.6,28.16,0.56,4.3,3.0701278234985114
31.61,62.65,8.54,26.98,28.04,34.53,0.85,9.82,39.37,0.46,3.73,3.0701278234985114
23.04,50.06,7.75,23.56,25.9,33.91,0.77,10.22,32.61,0.33,3.03,3.0701278234985114
26.26,54.39,8.58,23.14,26.76,36.24,0.73,10.25,34.98,0.37,3.79,3.0701278234985114
16.72,38.05,6.98,23.87,24.68,29.99,0.53,11.5,38.27,0.19,3.39,3.0701278234985114
21.94,54.24,9.32,24.33,28.41,37.07,0.64,12.02,35.83,0.3,3.85,3.0701278234985114
27.05,51.3,5.19,18.36,19.88,24.77,1.01,12.24,36.92,0.37,4.53,3.0701278234985114
23.12,41.7,6.99,18.45,20.19,25.72,0.73,9.78,25.91,0.36,4.06,3.0701278234985114
18.11,44.42,6.45,19.82,21.08,22.22,0.65,9.17,24.83,0.32,3.08,3.0701278234985114
17.51,41.82,5.82,19.45,20.77,26.38,0.68,10.11,24.43,0.47,3.24,3.0701278234985114
25.74,54.95,8.25,25.92,29.81,39.41,0.83,10.96,25.01,1.18,5.02,3.0701278234985114
31.01,72.81,10.98,34.89,38.69,45.45,0.75,11.96,30.88,2.03,9.83,3.0701278234985114
29.93,65.55,5.76,29.16,29.57,36.73,0.73,13.78,29.12,2.04,19.09,3.0701278234985114
30.87,66.13,10.12,34.98,37.66,40.5,0.93,11.67,34.1,2.6,21.62,3.0701278234985114
39.35,90.64,12.25,39.69,41.63,34.08,0.84,11.15,31.95,2.64,16.98,3.0701278234985114
35.31,73.74,6.87,28.17,28.26,29.62,0.71,11.8,45.97,1.24,5.94,3.0701278234985114
38.07,73.3,6.63,31.86,30.82,31.38,0.68,13.04,41.91,1.37,7.3,3.0701278234985114
43.01,95.61,6.94,33.6,31.97,30.55,0.91,12.0,42.05,1.36,7.77,3.0701278234985114
36.25,93.86,31.62,54.79,70.7,58.47,1.02,11.61,38.21,2.97,11.49,3.0701278234985114
33.21,67.13,8.25,32.5,34.56,25.85,0.68,15.75,41.45,1.67,7.57,3.0701278234985114
42.15,88.25,7.14,33.88,34.72,27.72,0.69,13.43,42.13,1.97,7.4,3.0701278234985114
41.92,85.13,8.82,33.78,33.14,28.82,0.8,14.38,40.94,2.11,6.3,3.0701278234985114
47.55,96.44,16.6,36.97,47.37,35.87,0.99,13.61,30.83,3.54,14.88,3.0701278234985114
29.05,74.88,11.58,33.15,38.33,35.28,0.66,10.34,38.69,2.57,15.1,3.0701278234985114
31.13,64.83,6.2,34.99,34.16,27.71,0.64,12.29,45.67,2.32,10.59,3.0701278234985114
39.21,88.47,8.04,43.62,42.59,34.49,0.86,12.79,50.83,2.9,12.28,3.0701278234985114
43.5,92.31,5.32,30.98,29.3,24.94,0.65,11.63,47.5,3.16,11.55,3.0701278234985114
43.27,94.23,6.41,38.57,37.59,31.23,0.76,11.55,48.08,3.13,5.98,3.0701278234985114
49.19,108.73,16.71,52.14,61.39,46.24,1.12,14.61,39.04,3.49,5.02,3.0701278234985114
35.76,82.95,14.49,39.05,45.77,31.32,0.86,13.84,49.54,2.34,4.39,3.0701278234985114
41.35,102.11,5.91,37.77,35.84,27.44,0.84,10.17,45.97,2.8,9.56,3.0701278234985114
28.2,58.37,7.1,35.56,38.02,25.95,0.72,7.4,53.34,1.59,3.87,3.0701278234985114
34.78,76.94,9.58,42.73,43.67,29.43,0.85,8.78,44.68,2.36,5.08,3.0701278234985114
39.16,84.15,7.8,44.11,45.15,32.35,1.01,11.34,42.47,2.44,6.49,3.0701278234985114
35.93,86.35,6.92,36.84,38.45,32.67,0.9,14.27,70.56,2.34,3.57,3.0701278234985114
29.46,64.82,6.66,26.74,27.95,32.29,0.86,13.6,66.29,2.45,15.81,3.0701278234985114
28.6,62.79,7.72,34.55,35.31,38.47,0.79,12.91,54.62,1.41,22.56,3.0701278234985114
31.86,71.4,13.14,48.35,50.35,53.93,0.86,12.72,40.75,1.09,18.05,3.0701278234985114
27.29,68.45,8.68,37.4,37.66,42.4,0.85,12.39,62.14,1.14,24.02,3.0701278234985114
30.17,78.51,10.32,38.51,38.91,42.83,0.81,12.01,64.83,1.2,29.55,3.0701278234985114
30.88,79.9,3.58,21.76,20.22,25.15,0.63,12.34,76.3,1.45,26.55,3.0701278234985114
30.18,72.28,4.71,25.34,25.5,27.4,0.86,11.74,73.03,1.38,28.13,3.0701278234985114
32.69,67.6,2.81,17.33,15.99,22.51,0.53,11.8,88.19,1.7,24.92,3.0701278234985114
36.05,73.5,3.11,19.51,19.12,23.11,0.63,13.09,72.65,1.81,24.24,3.0701278234985114
34.35,72.85,3.77,21.98,21.71,26.06,0.59,11.67,59.98,2.24,29.42,3.0701278234985114
26.0,57.46,3.25,15.39,15.89,21.49,0.5,9.47,47.16,1.84,27.84,3.0701278234985114
14.28,31.24,3.11,11.37,12.15,21.49,0.41,8.44,45.6,0.57,16.93,3.0701278234985114
9.12,19.14,3.22,11.22,12.8,23.28,0.47,10.15,35.1,0.42,27.62,3.0701278234985114
10.59,27.54,3.22,13.15,13.76,24.09,0.51,10.98,38.85,0.39,27.32,3.0701278234985114
12.92,35.04,2.89,12.12,12.51,17.71,0.39,11.87,53.13,0.26,22.29,3.0701278234985114
13.71,39.81,2.68,11.93,12.11,16.02,0.47,12.47,52.62,0.3,22.78,3.0701278234985114
21.58,46.95,3.27,18.7,18.65,24.67,0.67,13.55,44.5,0.99,23.68,3.0701278234985114
27.53,67.35,2.77,10.56,11.03,16.13,0.51,12.78,45.57,0.66,23.03,3.0701278234985114
21.65,44.31,2.64,10.65,10.98,15.93,0.58,14.8,46.11,0.3,17.7,3.0701278234985114
18.43,37.37,2.65,10.58,10.77,15.35,0.56,18.55,47.78,0.29,18.28,3.0701278234985114
19.85,48.46,3.36,16.92,16.84,22.44,0.74,14.75,41.64,0.94,22.84,3.0701278234985114
24.93,62.17,2.92,12.82,12.73,18.27,0.57,15.63,48.18,0.78,23.0,3.0701278234985114
31.2,81.56,3.07,12.75,13.24,18.84,0.54,14.14,51.63,0.92,18.76,3.0701278234985114
26.38,78.6,3.32,11.6,13.04,18.45,0.59,10.95,54.99,0.42,20.76,3.0701278234985114
20.07,54.61,3.14,11.44,12.48,17.55,0.49,11.39,53.07,0.25,11.44,3.0701278234985114
22.06,56.49,2.97,11.82,12.59,17.25,0.54,12.54,56.44,0.3,7.87,3.0701278234985114
24.47,63.6,3.25,13.66,14.13,19.72,0.5,13.53,53.28,0.5,12.65,3.0701278234985114
30.99,88.94,3.15,12.9,13.6,18.61,0.51,12.63,50.51,0.52,10.05,3.0701278234985114
28.61,80.61,3.06,11.97,12.76,17.73,0.62,12.14,52.32,0.57,7.24,3.0701278234985114
33.95,96.61,5.69,22.47,23.26,30.66,0.58,13.38,39.86,1.32,13.81,3.0701278234985114
32.07,92.25,4.27,18.99,19.22,25.6,0.6,12.39,43.41,1.33,12.14,3.0701278234985114
26.89,94.49,2.97,12.04,12.67,17.82,0.51,13.91,51.39,0.37,8.02,3.0701278234985114
26.15,51.02,3.4,12.31,13.26,18.62,0.6,11.72,52.65,0.31,7.01,3.0701278234985114
16.38,36.53,3.28,13.17,13.87,19.68,0.51,12.74,58.62,0.44,7.39,3.0701278234985114
20.81,50.6,3.1,13.76,14.74,19.34,0.61,12.06,65.96,0.71,0.63,3.0701278234985114
23.28,45.72,3.3,13.41,14.29,20.03,0.61,10.2,53.95,0.69,0.44,3.0701278234985114
23.18,54.55,4.46,17.09,18.71,24.62,0.58,12.13,42.34,0.64,0.89,3.0701278234985114
26.18,71.1,3.28,11.82,12.98,18.51,0.6,11.39,48.04,0.35,0.18,3.0701278234985114
30.22,76.78,4.34,15.25,17.25,22.76,0.63,12.68,42.95,1.08,0.77,3.0701278234985114
22.23,48.21,3.62,13.63,14.7,21.17,0.58,11.4,49.23,0.92,0.3,3.0701278234985114
25.22,50.57,3.07,13.61,14.18,20.34,0.73,12.19,59.58,0.89,0.44,3.0701278234985114
32.26,66.25,3.26,11.16,12.29,18.42,0.5,12.05,64.5,0.92,0.26,3.0701278234985114
37.27,109.34,3.43,15.91,16.14,21.59,0.44,14.83,40.61,0.26,0.38,3.0701278234985114
21.56,55.48,3.15,12.06,12.94,18.74,0.73,10.48,49.42,0.58,0.36,3.0701278234985114
22.36,49.15,2.55,12.5,11.81,17.57,0.52,8.98,52.07,0.45,0.61,3.0701278234985114
25.89,65.09,3.45,13.02,15.13,18.67,0.69,8.58,56.17,0.52,1.09,3.0701278234985114
24.88,49.74,3.99,17.72,19.46,23.66,0.78,10.18,53.48,1.14,1.6,3.0701278234985114
32.87,96.85,3.9,17.34,18.06,23.54,0.64,12.13,59.21,1.45,1.22,3.0701278234985114
23.63,45.03,5.25,18.54,20.34,25.77,0.87,10.83,52.76,0.58,1.04,3.0701278234985114
44.78,114.11,3.14,16.51,16.94,26.26,0.67,9.58,76.26,1.12,1.48,3.0701278234985114
28.51,60.0,5.79,14.04,17.65,27.27,0.61,9.69,65.28,1.46,0.74,3.0701278234985114
22.58,59.16,5.16,16.26,18.78,26.68,0.63,10.83,74.05,1.62,1.42,3.0701278234985114
31.13,68.89,5.09,18.46,20.31,28.59,0.58,10.95,69.32,1.45,2.13,3.0701278234985114
29.78,57.31,5.37,19.4,21.74,30.03,0.61,10.45,63.54,1.46,2.61,3.0701278234985114
21.7,38.46,5.42,16.42,19.71,31.03,0.68,9.47,72.53,1.01,1.52,3.0701278234985114
28.32,59.04,8.05,17.78,24.7,30.96,0.62,10.65,71.75,1.03,1.95,3.0701278234985114
29.8,74.68,6.2,14.66,19.36,26.29,0.64,9.48,61.08,0.72,1.39,3.0701278234985114
31.64,76.92,7.22,19.97,24.27,32.21,0.63,10.64,54.43,0.68,1.53,3.0701278234985114
35.26,80.86,5.64,18.84,21.12,28.89,0.62,9.52,57.35,0.58,0.61,3.0701278234985114
36.6,89.36,5.52,20.01,21.88,29.83,0.55,12.02,51.3,0.48,0.8,3.0701278234985114
33.19,89.02,5.72,16.68,19.56,27.02,0.65,9.72,54.61,0.37,0.76,3.0701278234985114
37.85,78.89,5.37,15.52,19.03,26.48,0.78,9.72,72.98,0.94,1.32,3.0701278234985114
32.72,80.35,4.68,21.05,20.81,30.1,0.79,9.5,71.61,0.88,1.15,3.0701278234985114
44.14,81.15,5.32,13.0,16.33,23.07,0.5,10.51,45.49,0.22,0.35,3.0701278234985114
34.32,67.36,5.51,16.12,18.65,25.6,0.68,10.04,53.53,0.47,0.79,3.0701278234985114
28.29,56.81,5.39,14.5,17.77,20.99,0.64,9.77,64.22,0.36,0.63,3.0701278234985114
24.06,51.1,5.83,14.37,17.57,21.54,0.7,9.68,46.24,0.67,1.21,3.0701278234985114
64.47,202.53,6.49,16.88,20.25,24.4,0.67,8.76,45.26,0.59,1.58,3.0701278234985114
28.33,76.66,6.15,14.72,18.14,21.82,0.59,9.96,39.12,0.23,0.59,3.0701278234985114
23.76,67.44,5.6,14.05,17.2,20.41,0.5,8.93,34.4,0.16,0.39,3.0701278234985114
30.58,77.3,6.21,16.63,19.5,22.7,0.55,10.59,39.21,0.22,0.47,3.0701278234985114
30.03,64.26,5.48,13.77,16.94,19.79,0.67,10.36,50.71,0.48,1.48,3.0701278234985114
58.79,103.68,5.19,10.88,14.16,17.41,0.54,5.19,53.68,0.22,0.46,3.0701278234985114
67.45057794890306,87.13,7.57,8.8,32.30912333307031,23.48347601937197,0.31,23.9,19.92,3.280840304500585,8.700972080037227,3.0701278234985114
67.45057794890306,121.63,7.67,8.69,32.30912333307031,23.48347601937197,0.3,38.21,19.84,3.280840304500585,8.700972080037227,3.0701278234985114
67.45057794890306,87.52,7.73,9.37,32.30912333307031,23.48347601937197,0.33,26.48,18.44,3.280840304500585,8.700972080037227,3.0701278234985114
67.45057794890306,94.15,7.57,8.57,32.30912333307031,23.48347601937197,0.3,59.65,29.28,3.280840304500585,8.700972080037227,3.0701278234985114
67.45057794890306,83.56,8.12,10.32,32.30912333307031,23.48347601937197,0.42,39.88,10.19,3.280840304500585,8.700972080037227,3.0701278234985114
67.45057794890306,78.74,7.94,8.95,32.30912333307031,23.48347601937197,0.3,30.16,5.72,3.280840304500585,8.700972080037227,3.0701278234985114
67.45057794890306,109.26,8.07,10.44,32.30912333307031,23.48347601937197,0.43,38.3,12.95,3.280840304500585,8.700972080037227,3.0701278234985114
67.45057794890306,97.97,7.88,10.04,32.30912333307031,23.48347601937197,0.34,53.68,12.18,3.280840304500585,8.700972080037227,3.0701278234985114
67.45057794890306,84.11,7.67,8.96,32.30912333307031,23.48347601937197,0.38,14.53197725590996,13.51,3.280840304500585,8.700972080037227,3.0701278234985114
67.45057794890306,138.42,7.91,9.26,32.30912333307031,23.48347601937197,0.29,14.53197725590996,17.73,3.280840304500585,8.700972080037227,3.0701278234985114
67.45057794890306,51.38,7.88,9.75,32.30912333307031,23.48347601937197,0.31,16.46,10.08,3.280840304500585,8.700972080037227,3.0701278234985114
67.45057794890306,63.41,8.13,9.33,32.30912333307031,23.48347601937197,0.32,11.59,11.76,3.280840304500585,8.700972080037227,3.0701278234985114
67.45057794890306,99.72,17.574729662029362,28.560659061126955,32.30912333307031,23.48347601937197,0.31,20.21,8.33,3.280840304500585,8.700972080037227,3.0701278234985114
67.45057794890306,53.05,7.06,11.28,32.30912333307031,23.48347601937197,0.35,14.2,34.49143047551845,3.280840304500585,8.700972080037227,3.0701278234985114
67.45057794890306,56.09,6.87,39.59,32.30912333307031,23.48347601937197,1.01,11.08,3.52,3.280840304500585,8.700972080037227,3.0701278234985114
67.45057794890306,79.33,6.8,8.06,32.30912333307031,23.48347601937197,0.27,11.9,34.49143047551845,3.280840304500585,8.700972080037227,3.0701278234985114
67.45057794890306,88.58,17.574729662029362,28.560659061126955,32.30912333307031,23.48347601937197,0.32,11.7,34.49143047551845,3.280840304500585,8.700972080037227,3.0701278234985114
67.45057794890306,58.74,8.42,8.64,32.30912333307031,6.91,0.3,43.95,12.69,3.280840304500585,8.700972080037227,3.0701278234985114
67.45057794890306,85.3,8.46,8.85,32.30912333307031,7.03,0.3,48.95,31.89,3.280840304500585,8.700972080037227,3.0701278234985114
67.45057794890306,28.06,7.59,8.1,32.30912333307031,6.74,0.35,77.74,8.06,3.280840304500585,8.700972080037227,3.0701278234985114
67.45057794890306,46.22,8.67,7.53,32.30912333307031,6.89,0.27,29.93,2.14,3.280840304500585,8.700972080037227,3.0701278234985114
67.45057794890306,105.91,15.03,7.78,32.30912333307031,7.91,0.51,61.32,33.31,3.280840304500585,8.700972080037227,3.0701278234985114
67.45057794890306,118.12710293078135,17.574729662029362,28.560659061126955,32.30912333307031,23.48347601937197,2.2485982090856145,14.53197725590996,34.49143047551845,3.280840304500585,8.700972080037227,3.0701278234985114
67.45057794890306,49.82,6.15,6.44,32.30912333307031,6.54,0.44,26.54,7.3,3.280840304500585,8.700972080037227,3.0701278234985114
67.45057794890306,65.94,6.64,6.0,32.30912333307031,6.56,0.33,19.91,6.12,3.280840304500585,8.700972080037227,3.0701278234985114
67.45057794890306,81.75,7.71,7.27,32.30912333307031,6.67,0.32,22.98,6.36,3.280840304500585,8.700972080037227,3.0701278234985114
67.45057794890306,86.9,7.74,7.44,32.30912333307031,6.71,0.28,24.14,7.53,3.280840304500585,8.700972080037227,3.0701278234985114
67.45057794890306,100.95,7.32,7.34,32.30912333307031,6.64,0.29,22.15,38.91,3.280840304500585,8.700972080037227,3.0701278234985114
67.45057794890306,89.74,7.5,7.05,32.30912333307031,6.68,0.3,21.22,5.38,3.280840304500585,8.700972080037227,3.0701278234985114
67.45057794890306,66.96,7.41,7.09,32.30912333307031,6.61,0.28,20.74,4.84,3.280840304500585,8.700972080037227,3.0701278234985114
67.45057794890306,69.66,7.4,7.32,32.30912333307031,6.67,0.34,29.04,11.75,3.280840304500585,8.700972080037227,3.0701278234985114
67.45057794890306,69.45,7.4,7.49,32.30912333307031,6.62,0.35,25.72,18.73,3.280840304500585,8.700972080037227,3.0701278234985114
67.45057794890306,59.99,7.24,7.47,32.30912333307031,6.63,0.33,21.44,17.16,3.280840304500585,8.700972080037227,3.0701278234985114
67.45057794890306,88.62,7.14,7.08,32.30912333307031,6.63,0.32,20.48,37.17,3.280840304500585,8.700972080037227,3.0701278234985114
67.45057794890306,112.81,7.39,7.61,32.30912333307031,6.64,0.33,17.07,28.38,3.280840304500585,8.700972080037227,3.0701278234985114
67.45057794890306,68.22,7.04,7.2,32.30912333307031,6.61,0.38,24.99,5.77,3.280840304500585,8.700972080037227,3.0701278234985114
67.45057794890306,49.91,7.1,7.43,32.30912333307031,6.6,0.46,27.94,5.78,3.280840304500585,8.700972080037227,3.0701278234985114
67.45057794890306,52.53,7.13,7.27,32.30912333307031,6.61,0.33,33.36,4.74,3.280840304500585,8.700972080037227,3.0701278234985114
67.45057794890306,74.82,7.15,6.83,32.30912333307031,6.64,0.32,19.31,10.31,3.280840304500585,8.700972080037227,3.0701278234985114
67.45057794890306,83.12,7.05,6.77,32.30912333307031,6.72,0.42,29.3,10.18,3.280840304500585,8.700972080037227,3.0701278234985114
67.45057794890306,50.86,7.09,7.11,32.30912333307031,6.58,0.26,22.57,23.63,3.280840304500585,8.700972080037227,3.0701278234985114
67.45057794890306,91.23,7.13,6.97,32.30912333307031,6.71,0.3,18.95,8.24,3.280840304500585,8.700972080037227,3.0701278234985114
67.45057794890306,120.11,7.16,7.06,32.30912333307031,6.62,0.37,20.09,14.72,3.280840304500585,8.700972080037227,3.0701278234985114
67.45057794890306,86.96,6.96,7.03,32.30912333307031,6.62,0.32,20.23,16.69,3.280840304500585,8.700972080037227,3.0701278234985114
67.45057794890306,70.68,6.71,6.88,32.30912333307031,6.59,0.34,15.93,13.74,3.280840304500585,8.700972080037227,3.0701278234985114
67.45057794890306,77.32,6.91,6.8,32.30912333307031,6.66,0.23,15.2,16.13,3.280840304500585,8.700972080037227,3.0701278234985114
67.45057794890306,97.55,6.89,7.47,32.30912333307031,6.62,0.38,42.88,19.68,3.280840304500585,8.700972080037227,3.0701278234985114
67.45057794890306,67.46,7.17,7.15,32.30912333307031,6.57,0.3,42.76,13.6,3.280840304500585,8.700972080037227,3.0701278234985114
67.45057794890306,106.0,7.09,6.92,32.30912333307031,6.58,0.0,28.26,14.02,3.280840304500585,8.700972080037227,3.0701278234985114
67.45057794890306,84.94,7.16,7.27,32.30912333307031,6.61,0.0,35.15,13.74,3.280840304500585,8.700972080037227,3.0701278234985114
67.45057794890306,67.82,7.07,7.1,32.30912333307031,6.64,0.0,30.67,12.45,3.280840304500585,8.700972080037227,3.0701278234985114
67.45057794890306,121.14,7.21,7.44,32.30912333307031,6.57,0.0,84.55,18.8,3.280840304500585,8.700972080037227,3.0701278234985114
24.75,38.27,9.14,9.7,32.30912333307031,6.28,0.0,14.53197725590996,17.35,3.280840304500585,8.700972080037227,3.0701278234985114
41.96,72.82,9.08,9.76,32.30912333307031,6.34,0.0,14.53197725590996,22.64,3.280840304500585,8.700972080037227,3.0701278234985114
60.04,105.56,9.01,9.63,32.30912333307031,6.35,0.0,14.53197725590996,22.17,3.280840304500585,8.700972080037227,3.0701278234985114
43.2,72.1,9.25,9.51,32.30912333307031,6.29,0.0,23.19,15.03,3.280840304500585,8.700972080037227,3.0701278234985114
58.96,106.55,9.09,9.5,32.30912333307031,6.32,0.0,18.48,14.35,3.280840304500585,8.700972080037227,3.0701278234985114
42.86,73.18,8.95,9.41,32.30912333307031,6.32,0.0,7.26,6.38,3.280840304500585,8.700972080037227,3.0701278234985114
58.39,105.21,9.14,9.82,32.30912333307031,6.3,0.0,8.47,19.25,3.280840304500585,8.700972080037227,3.0701278234985114
40.09,71.28,9.25,9.91,32.30912333307031,6.23,0.0,7.97,24.67,3.280840304500585,8.700972080037227,3.0701278234985114
38.16,68.99,9.21,9.69,32.30912333307031,6.31,0.0,7.65,16.92,3.280840304500585,8.700972080037227,3.0701278234985114
59.07,111.43,9.21,9.64,32.30912333307031,6.25,0.0,8.82,21.68,3.280840304500585,8.700972080037227,3.0701278234985114
45.24,93.14,8.89,9.42,32.30912333307031,6.31,0.0,6.47,22.27,3.280840304500585,8.700972080037227,3.0701278234985114
52.97,112.2,9.1,9.54,32.30912333307031,6.29,2.2485982090856145,12.56,17.84,3.280840304500585,8.700972080037227,3.0701278234985114
38.85,72.37,8.96,9.55,32.30912333307031,6.26,2.2485982090856145,8.22,15.51,3.280840304500585,8.700972080037227,3.0701278234985114
41.67,71.88,8.77,9.42,32.30912333307031,6.28,2.2485982090856145,7.3,14.91,3.280840304500585,8.700972080037227,3.0701278234985114
54.19,101.85,9.05,9.48,32.30912333307031,6.27,2.2485982090856145,9.89,14.99,3.280840304500585,8.700972080037227,3.0701278234985114
48.46,90.02,9.03,9.51,32.30912333307031,6.33,2.2485982090856145,7.57,9.0,3.280840304500585,8.700972080037227,3.0701278234985114
34.08,69.51,8.92,9.27,32.30912333307031,6.36,2.2485982090856145,5.82,60.32,3.280840304500585,8.700972080037227,3.0701278234985114
34.25,73.45,9.02,9.14,32.30912333307031,6.29,2.2485982090856145,6.77,64.38,3.280840304500585,8.700972080037227,3.0701278234985114
48.17,113.98,8.82,9.27,32.30912333307031,6.3,2.2485982090856145,10.17,31.23,3.280840304500585,8.700972080037227,3.0701278234985114
46.56,81.89,8.93,9.51,32.30912333307031,6.3,2.2485982090856145,9.66,24.09,3.280840304500585,8.700972080037227,3.0701278234985114
45.01,75.39,8.93,9.48,32.30912333307031,6.36,2.2485982090856145,9.72,14.63,3.280840304500585,8.700972080037227,3.0701278234985114
67.45057794890306,93.85,9.29,9.77,32.30912333307031,6.31,1.8,9.91,18.78,3.280840304500585,8.700972080037227,3.0701278234985114
67.45057794890306,44.95,7.83,7.67,32.30912333307031,6.58,1.55,4.06,30.95,3.280840304500585,8.700972080037227,3.0701278234985114
67.45057794890306,34.07,7.95,7.38,32.30912333307031,6.6,1.52,4.37,10.79,3.280840304500585,8.700972080037227,3.0701278234985114
67.45057794890306,49.95,7.97,7.89,32.30912333307031,6.47,1.58,10.78,10.31,3.280840304500585,8.700972080037227,3.0701278234985114
67.45057794890306,62.5,7.91,6.92,32.30912333307031,6.45,1.46,13.95,35.22,3.280840304500585,8.700972080037227,3.0701278234985114
67.45057794890306,25.75,8.44,8.96,32.30912333307031,6.28,1.27,4.2,6.09,3.280840304500585,8.700972080037227,3.0701278234985114
67.45057794890306,33.74,8.45,9.03,32.30912333307031,6.31,1.24,7.83,8.69,3.280840304500585,8.700972080037227,3.0701278234985114
67.45057794890306,40.08,8.75,8.94,32.30912333307031,6.3,1.31,4.42,12.35,3.280840304500585,8.700972080037227,3.0701278234985114
67.45057794890306,34.86,8.49,9.41,32.30912333307031,6.25,1.24,5.28,15.35,3.280840304500585,8.700972080037227,3.0701278234985114
67.45057794890306,36.28,8.65,9.34,32.30912333307031,6.27,1.27,4.72,4.59,3.280840304500585,8.700972080037227,3.0701278234985114
67.45057794890306,28.58,8.53,8.97,32.30912333307031,6.29,1.15,4.65,5.41,3.280840304500585,8.700972080037227,3.0701278234985114
67.45057794890306,30.11,8.58,9.12,32.30912333307031,6.26,1.39,3.66,7.2,3.280840304500585,8.700972080037227,3.0701278234985114
67.45057794890306,26.67,8.62,9.19,32.30912333307031,6.26,1.48,4.6,4.47,3.280840304500585,8.700972080037227,3.0701278234985114
67.45057794890306,118.12710293078135,17.574729662029362,28.560659061126955,32.30912333307031,23.48347601937197,2.2485982090856145,14.53197725590996,34.49143047551845,3.280840304500585,8.700972080037227,3.0701278234985114
67.45057794890306,22.78,8.65,9.39,32.30912333307031,6.25,1.39,5.05,16.15,3.280840304500585,8.700972080037227,3.0701278234985114
67.45057794890306,23.39,8.76,9.11,32.30912333307031,6.34,1.14,4.13,3.47,3.280840304500585,8.700972080037227,3.0701278234985114
67.45057794890306,26.68,8.71,9.32,32.30912333307031,6.33,1.39,3.88,3.84,3.280840304500585,8.700972080037227,3.0701278234985114
67.45057794890306,36.71,8.59,9.45,32.30912333307031,6.25,1.45,5.54,4.96,3.280840304500585,8.700972080037227,3.0701278234985114
67.45057794890306,18.43,8.59,9.42,32.30912333307031,6.21,1.35,4.75,3.16,3.280840304500585,8.700972080037227,3.0701278234985114
67.45057794890306,21.17,8.78,9.4,32.30912333307031,6.23,1.95,6.68,5.28,3.280840304500585,8.700972080037227,3.0701278234985114
67.45057794890306,34.14,8.72,9.53,32.30912333307031,6.25,1.54,5.12,8.38,3.280840304500585,8.700972080037227,3.0701278234985114
67.45057794890306,22.39,8.62,9.34,32.30912333307031,6.23,1.24,4.44,4.52,3.280840304500585,8.700972080037227,3.0701278234985114
11.0,26.22,8.78,9.44,32.30912333307031,6.25,1.72,3.3,5.96,3.280840304500585,8.700972080037227,3.0701278234985114
11.0,21.19,8.87,9.2,32.30912333307031,6.3,1.65,3.47,5.26,3.280840304500585,8.700972080037227,3.0701278234985114
12.17,23.54,8.64,9.22,32.30912333307031,6.28,1.06,3.47,5.45,3.280840304500585,8.700972080037227,3.0701278234985114
45.2,63.67,8.7,9.44,32.30912333307031,6.26,2.2485982090856145,3.86,3.29,3.280840304500585,8.700972080037227,3.0701278234985114
41.67,61.86,9.06,9.44,32.30912333307031,6.25,2.2485982090856145,3.28,3.03,3.280840304500585,8.700972080037227,3.0701278234985114
36.02,60.16,8.85,9.26,32.30912333307031,6.28,2.2485982090856145,3.51,3.13,3.280840304500585,8.700972080037227,3.0701278234985114
34.95,59.19,8.83,9.36,32.30912333307031,6.27,2.2485982090856145,3.5,7.06,3.280840304500585,8.700972080037227,3.0701278234985114
38.95,61.98,8.79,9.16,32.30912333307031,6.28,2.2485982090856145,3.5,3.61,3.280840304500585,8.700972080037227,3.0701278234985114
40.68,64.9,8.78,8.96,32.30912333307031,6.3,2.2485982090856145,3.65,3.35,3.280840304500585,8.700972080037227,3.0701278234985114
27.67,54.85,8.68,9.0,32.30912333307031,6.29,2.2485982090856145,3.62,8.25,3.280840304500585,8.700972080037227,3.0701278234985114
67.45057794890306,118.12710293078135,17.574729662029362,28.560659061126955,32.30912333307031,23.48347601937197,2.2485982090856145,14.53197725590996,34.49143047551845,3.280840304500585,8.700972080037227,3.0701278234985114
42.99,57.83,8.91,9.02,32.30912333307031,6.34,2.2485982090856145,4.47,18.56,3.280840304500585,8.700972080037227,3.0701278234985114
57.89,65.31,8.89,9.25,32.30912333307031,6.28,2.2485982090856145,5.05,58.6,3.280840304500585,8.700972080037227,3.0701278234985114
41.38,62.51,8.64,9.0,32.30912333307031,6.27,2.2485982090856145,4.73,64.11,3.280840304500585,8.700972080037227,3.0701278234985114
41.9,61.22,8.9,9.27,32.30912333307031,6.3,2.2485982090856145,5.61,34.49143047551845,3.280840304500585,8.700972080037227,3.0701278234985114
42.01,67.7,9.18,9.23,32.30912333307031,6.31,2.2485982090856145,5.42,34.49143047551845,3.280840304500585,8.700972080037227,3.0701278234985114
52.04,73.54,9.14,9.38,32.30912333307031,6.34,2.2485982090856145,5.48,50.65,3.280840304500585,8.700972080037227,3.0701278234985114
59.98,65.74,8.84,9.19,32.30912333307031,6.3,2.2485982090856145,5.61,41.85,3.280840304500585,8.700972080037227,3.0701278234985114
44.37,68.79,8.86,9.22,32.30912333307031,6.27,2.2485982090856145,5.42,38.53,3.280840304500585,8.700972080037227,3.0701278234985114
50.11,69.3,8.57,9.38,32.30912333307031,6.28,2.2485982090856145,6.32,21.78,3.280840304500585,8.700972080037227,3.0701278234985114
51.9,97.1,9.05,9.28,32.30912333307031,6.32,2.2485982090856145,6.01,49.86,3.280840304500585,8.700972080037227,3.0701278234985114
28.03,93.26,8.62,9.33,32.30912333307031,6.22,2.2485982090856145,5.04,33.36,3.280840304500585,8.700972080037227,3.0701278234985114
24.21,91.49,8.86,9.12,32.30912333307031,6.29,2.2485982090856145,4.51,17.29,3.280840304500585,8.700972080037227,3.0701278234985114
48.94,102.92,9.1,9.2,32.30912333307031,6.36,2.2485982090856145,6.24,18.68,3.280840304500585,8.700972080037227,3.0701278234985114
54.86,92.45,8.94,9.36,32.30912333307031,6.33,2.2485982090856145,6.76,21.78,3.280840304500585,8.700972080037227,3.0701278234985114
60.84,111.14,8.89,9.11,32.30912333307031,6.32,2.2485982090856145,4.92,43.44,3.280840304500585,8.700972080037227,3.0701278234985114
42.71,98.61,8.7,9.21,32.30912333307031,6.3,2.2485982090856145,6.06,56.02,3.280840304500585,8.700972080037227,3.0701278234985114
139.78,149.78,8.42,8.9,32.30912333307031,6.39,2.2485982090856145,24.45,57.9,3.280840304500585,8.700972080037227,3.0701278234985114
52.5,118.12710293078135,23.94,9.96,32.30912333307031,9.32,2.2485982090856145,25.02,25.01,3.280840304500585,8.700972080037227,3.0701278234985114
14.36,94.42,24.84,11.26,32.30912333307031,9.19,1.63,23.62,34.49143047551845,3.280840304500585,8.700972080037227,3.0701278234985114
13.14,87.6,24.89,11.62,32.30912333307031,8.73,1.27,30.24,27.14,3.280840304500585,8.700972080037227,3.0701278234985114
20.29,94.54,24.63,10.96,32.30912333307031,9.33,1.27,28.94,24.34,3.280840304500585,8.700972080037227,3.0701278234985114
20.39,95.32,24.73,10.38,32.30912333307031,9.55,0.98,25.71,27.77,3.280840304500585,8.700972080037227,3.0701278234985114
11.75,88.68,24.68,11.8,32.30912333307031,8.99,0.88,23.4,25.26,3.280840304500585,8.700972080037227,3.0701278234985114
18.84,98.46,25.19,10.59,32.30912333307031,9.11,0.87,28.11,27.76,3.280840304500585,8.700972080037227,3.0701278234985114
27.08,87.66,24.98,10.59,32.30912333307031,9.21,0.87,21.94,37.92,3.280840304500585,8.700972080037227,3.0701278234985114
61.12,84.04,24.37,10.41,32.30912333307031,9.24,1.08,29.95,36.11,3.280840304500585,8.700972080037227,3.0701278234985114
67.45057794890306,71.22,24.3,11.72,32.30912333307031,8.52,1.45,16.65,16.96,3.280840304500585,8.700972080037227,3.0701278234985114
67.45057794890306,69.94,25.21,10.31,32.30912333307031,9.19,1.5,16.16,20.05,3.280840304500585,8.700972080037227,3.0701278234985114
67.45057794890306,66.66,23.27,10.58,32.30912333307031,8.96,1.39,18.19,24.53,3.280840304500585,8.700972080037227,3.0701278234985114
67.45057794890306,73.82,23.73,10.78,32.30912333307031,9.69,1.41,17.7,29.79,3.280840304500585,8.700972080037227,3.0701278234985114
67.45057794890306,102.38,20.9,14.11,32.30912333307031,7.38,1.67,10.57,18.23,3.280840304500585,8.700972080037227,3.0701278234985114
53.08,97.71,31.15,43.92,77.16,13.66,1.08,20.68,14.28,3.280840304500585,0.0,3.0701278234985114
45.35,96.72,84.08,33.31,76.55,10.04,1.2,13.44,8.84,3.280840304500585,0.0,3.0701278234985114
48.39,85.13,43.2,18.53,39.28,2.01,1.26,21.0,14.62,3.280840304500585,0.0,3.0701278234985114
58.24,109.65,32.9,22.26,34.51,2.43,1.46,21.84,13.98,3.280840304500585,0.0,3.0701278234985114
38.21,97.42,98.1,0.61,74.98,2.69,1.42,17.33,1.58,3.280840304500585,0.0,3.0701278234985114
35.82,93.48,99.63,0.4,76.03,2.33,1.43,17.78,1.51,3.280840304500585,0.0,3.0701278234985114
29.44,76.06,116.9,0.01,88.9,5.55,1.05,21.6,1.66,3.280840304500585,0.0,3.0701278234985114
34.89,53.13,67.11,1.31,54.28,2.91,0.85,16.86,1.32,3.280840304500585,0.0,3.0701278234985114
24.16,46.07,65.96,1.52,53.5,1.57,0.85,17.02,1.42,3.280840304500585,0.0,3.0701278234985114
24.83,39.45,63.69,0.89,51.22,2.4,0.84,16.48,1.29,3.280840304500585,0.0,3.0701278234985114
18.62,29.48,66.07,1.04,53.27,2.71,0.82,16.53,1.29,3.280840304500585,0.01,3.0701278234985114
10.46,21.13,75.43,2.15,61.73,3.74,0.85,16.61,1.36,3.280840304500585,0.0,3.0701278234985114
14.02,23.28,77.87,2.41,63.9,3.44,0.88,16.77,1.29,3.280840304500585,0.0,3.0701278234985114
22.53,40.42,76.41,2.13,62.54,2.82,0.95,16.6,1.31,3.280840304500585,0.0,3.0701278234985114
15.99,40.0,74.32,1.94,60.71,3.26,0.89,16.83,1.32,3.280840304500585,0.0,3.0701278234985114
13.58,28.51,76.32,2.79,62.8,3.64,0.87,16.78,1.35,3.280840304500585,0.0,3.0701278234985114
15.42,27.99,78.05,3.66,64.67,3.7,0.88,16.71,1.28,3.280840304500585,0.0,3.0701278234985114
16.76,30.75,80.06,3.26,66.15,3.33,0.91,16.58,1.23,3.280840304500585,0.0,3.0701278234985114
29.88,47.4,82.83,3.46,68.56,3.01,0.95,16.55,1.28,3.280840304500585,0.0,3.0701278234985114
27.88,46.91,84.66,3.74,70.22,3.05,0.98,16.86,1.27,3.280840304500585,0.0,3.0701278234985114
17.69,32.39,86.73,4.34,72.24,3.31,0.92,16.74,1.27,3.280840304500585,0.0,3.0701278234985114
19.24,32.7,93.15,5.26,78.06,4.36,0.98,16.45,1.37,3.280840304500585,0.0,3.0701278234985114
20.29,31.14,91.69,4.44,76.43,3.61,0.98,17.05,1.35,3.280840304500585,0.0,3.0701278234985114
17.57,29.26,90.25,3.63,74.82,2.58,0.94,16.96,1.28,3.280840304500585,0.0,3.0701278234985114
25.49,39.15,91.17,4.16,75.85,2.47,0.98,16.86,1.35,3.280840304500585,0.0,3.0701278234985114
18.74,32.49,91.13,4.57,76.03,3.18,0.99,16.9,1.32,3.280840304500585,0.0,3.0701278234985114
13.76,25.64,79.03,8.93,70.82,7.34,1.02,13.07,1.3,3.280840304500585,0.0,3.0701278234985114
11.74,22.91,50.19,11.56,52.1,8.68,0.99,15.47,1.31,3.280840304500585,0.0,3.0701278234985114
15.58,25.83,35.74,6.25,36.59,4.58,1.05,16.45,1.26,3.280840304500585,0.0,3.0701278234985114
13.05,27.63,31.15,4.59,31.67,3.31,1.05,17.13,1.27,3.280840304500585,0.0,3.0701278234985114
18.36,40.0,32.54,5.34,33.21,3.18,1.05,16.75,1.26,3.280840304500585,0.0,3.0701278234985114
27.82,48.1,37.41,6.52,38.32,6.07,1.08,16.44,1.25,3.280840304500585,0.0,3.0701278234985114
17.1,31.3,38.94,7.58,40.06,5.62,1.07,16.74,1.3,3.280840304500585,0.0,3.0701278234985114
16.06,33.47,36.92,6.64,37.85,5.45,1.04,16.71,1.26,3.280840304500585,0.0,3.0701278234985114
12.18,24.74,37.57,7.14,38.6,5.3,0.99,16.62,1.23,3.280840304500585,0.0,3.0701278234985114
25.37,43.48,36.08,6.74,37.03,5.35,1.1,16.47,1.01,3.280840304500585,0.0,3.0701278234985114
15.63,36.21,37.02,6.42,37.91,5.35,1.05,16.7,0.48,3.280840304500585,0.0,3.0701278234985114
17.28,35.46,36.19,6.35,37.06,4.86,1.05,16.76,1.32,3.280840304500585,0.0,3.0701278234985114
25.3,39.08,37.01,6.48,37.91,5.27,1.08,17.04,1.31,3.280840304500585,0.0,3.0701278234985114
20.54,40.1,37.18,6.93,38.17,5.34,1.11,16.95,1.28,3.280840304500585,0.0,3.0701278234985114
26.15,45.89,39.0,7.48,40.1,7.13,1.21,17.05,1.34,3.280840304500585,0.0,3.0701278234985114
13.96,28.02,56.3,14.53,58.81,11.54,1.27,12.83,1.21,3.280840304500585,0.0,3.0701278234985114
20.77,32.4,49.74,10.54,51.45,9.29,1.25,12.68,1.28,3.280840304500585,0.0,3.0701278234985114
11.22,23.51,50.24,12.01,52.24,8.95,1.22,12.88,1.17,3.280840304500585,0.0,3.0701278234985114
23.25,49.33,55.13,13.63,57.46,11.38,1.4,12.62,1.3,3.280840304500585,0.0,3.0701278234985114
14.03,25.58,53.5,13.16,55.74,10.71,1.27,12.03,1.15,3.280840304500585,0.0,3.0701278234985114
20.94,39.4,56.17,13.69,58.51,11.06,1.36,12.29,1.26,3.280840304500585,0.0,3.0701278234985114
17.87,40.78,55.8,14.55,58.31,15.81,1.42,12.78,1.22,3.280840304500585,0.0,3.0701278234985114
11.95,19.19,63.18,16.34,66.05,13.7,1.32,12.42,1.27,3.280840304500585,0.0,3.0701278234985114
20.07,36.35,62.47,15.68,65.21,12.0,1.33,12.31,1.29,3.280840304500585,0.0,3.0701278234985114
21.02,30.74,67.43,18.09,70.65,13.02,1.37,12.1,1.08,3.280840304500585,0.01,3.0701278234985114
23.76,38.57,68.61,17.82,71.77,11.42,1.44,12.52,1.23,3.280840304500585,0.0,3.0701278234985114
13.62,38.16,68.23,17.45,71.32,10.34,1.43,12.36,1.24,3.280840304500585,0.0,3.0701278234985114
8.57,18.65,72.54,18.74,75.89,12.33,1.32,11.8,1.21,3.280840304500585,0.0,3.0701278234985114
12.14,22.3,75.45,20.6,79.17,14.97,1.37,12.26,1.03,3.280840304500585,0.0,3.0701278234985114
22.63,45.46,74.77,19.35,78.24,12.79,1.59,11.75,1.07,3.280840304500585,0.05,3.0701278234985114
16.35,47.41,75.5,18.87,78.87,12.64,1.4,11.88,1.16,3.280840304500585,0.0,3.0701278234985114
16.61,50.99,77.76,21.03,81.57,13.37,1.46,11.71,1.18,3.280840304500585,0.0,3.0701278234985114
10.84,20.53,70.82,18.85,74.19,11.28,1.33,13.17,1.2,3.280840304500585,0.0,3.0701278234985114
9.18,15.06,75.41,19.13,78.83,12.69,1.39,14.92,1.25,3.280840304500585,0.0,3.0701278234985114
9.81,19.41,77.15,20.44,80.84,11.57,1.43,14.53,1.22,3.280840304500585,0.0,3.0701278234985114
32.95,52.99,52.43,30.32,55.66,18.51,1.83,21.36,1.0,3.280840304500585,0.0,3.0701278234985114
27.31,43.64,54.34,31.36,57.67,19.33,1.72,21.5,1.07,3.280840304500585,0.0,3.0701278234985114
15.88,23.46,31.79,16.9,26.59,9.94,1.79,21.58,1.02,3.280840304500585,0.0,3.0701278234985114
21.57,32.58,10.44,5.93,8.84,0.83,1.72,20.4,0.99,3.280840304500585,0.0,3.0701278234985114
24.26,41.13,1.19,5.4,0.22,0.86,1.7,20.43,1.49,3.280840304500585,0.0,3.0701278234985114
11.84,16.96,17.574729662029362,5.18,0.0,0.92,1.39,20.1,1.32,3.280840304500585,0.0,3.0701278234985114
26.22,66.09,17.574729662029362,5.19,0.0,1.12,1.71,19.75,1.29,3.280840304500585,0.0,3.0701278234985114
17.36,33.77,7.7,3.12,0.9,23.48347601937197,1.64,20.01,0.94,3.280840304500585,0.0,3.0701278234985114
29.39,39.49,10.55,1.74,2.7,23.48347601937197,1.74,20.11,0.8,3.280840304500585,0.0,3.0701278234985114
24.31,45.85,9.39,1.59,2.73,23.48347601937197,1.66,19.76,0.71,3.280840304500585,0.0,3.0701278234985114
21.73,27.81,19.88,1.25,12.81,23.48347601937197,1.65,19.73,0.84,3.280840304500585,0.0,3.0701278234985114
22.44,41.2,32.27,1.65,26.2,23.48347601937197,1.65,20.6,1.16,3.280840304500585,0.0,3.0701278234985114
6.59,11.25,36.88,1.72,29.92,23.48347601937197,1.42,20.56,1.16,3.280840304500585,0.0,3.0701278234985114
15.96,24.5,31.49,1.89,27.35,23.48347601937197,1.52,21.21,1.46,3.280840304500585,0.0,3.0701278234985114
27.62,50.98,16.53,1.82,16.59,23.48347601937197,1.82,21.54,1.07,3.280840304500585,0.0,3.0701278234985114
17.16,39.28,17.74,1.88,17.82,23.48347601937197,1.64,21.17,1.37,3.280840304500585,0.0,3.0701278234985114
14.27,26.27,19.0,1.91,19.09,23.48347601937197,1.62,21.49,1.78,3.280840304500585,0.0,3.0701278234985114
16.29,26.08,21.97,2.06,22.09,23.48347601937197,1.64,21.19,1.59,3.280840304500585,0.0,3.0701278234985114
13.42,19.38,24.59,2.21,24.74,23.48347601937197,1.48,21.23,0.65,3.280840304500585,0.04,3.0701278234985114
19.95,38.86,27.75,2.36,27.92,23.48347601937197,1.64,19.74,0.74,3.280840304500585,0.0,3.0701278234985114
19.36,41.74,20.62,2.42,20.78,23.48347601937197,1.67,20.68,1.27,3.280840304500585,0.0,3.0701278234985114
29.0,50.87,3.26,34.03,45.29,3.59,0.98,10.32,30.99,4.64,0.88,3.0701278234985114
21.7,43.04,3.49,39.49,42.54,3.77,0.73,14.53197725590996,43.72,5.33,1.76,3.0701278234985114
23.09,46.49,3.69,33.03,36.72,3.88,0.98,14.53197725590996,41.65,6.78,2.23,3.0701278234985114
21.56,42.1,2.81,26.62,29.43,4.22,1.0,14.53197725590996,44.07,5.09,2.33,3.0701278234985114
30.28,54.89,2.49,43.03,45.52,2.87,0.81,14.53197725590996,63.88,7.12,2.6,3.0701278234985114
26.72,51.27,2.63,28.94,31.56,3.7,1.11,14.53197725590996,49.57,5.18,1.71,3.0701278234985114
24.37,40.66,6.12,32.93,39.05,2.12,1.15,14.53197725590996,36.86,4.92,1.06,3.0701278234985114
24.44,53.19,5.77,38.03,43.79,9.14,1.7,6.88,49.58,2.02,3.13,3.0701278234985114
31.68,60.16,4.46,38.39,43.04,6.52,1.42,1.31,13.47,3.76,5.52,3.0701278234985114
25.22,48.96,0.99,28.1,29.07,6.53,0.39,2.31,30.32,1.62,2.65,3.0701278234985114
30.5,46.08,1.27,37.12,38.33,3.19,0.38,2.29,34.84,2.05,4.41,3.0701278234985114
22.66,33.83,2.13,29.53,31.65,3.68,0.38,1.22,20.27,3.21,5.41,3.0701278234985114
27.7,57.99,0.47,14.31,14.73,3.71,0.32,11.14,37.19,0.71,1.61,3.0701278234985114
29.26,55.35,0.88,19.66,20.51,2.88,0.37,9.13,40.46,1.0,1.92,3.0701278234985114
33.61,53.17,7.07,31.37,38.44,3.36,0.43,2.12,17.4,2.4,3.39,3.0701278234985114
42.66,47.83,7.93,40.22,48.15,25.45,0.41,6.57,10.01,2.5,3.24,3.0701278234985114
40.26,65.18,6.53,48.65,55.18,1.52,0.44,1.09,20.83,6.83,12.34,3.0701278234985114
18.54,37.89,8.62,31.28,39.9,4.06,0.36,1.29,16.83,2.81,3.07,3.0701278234985114
18.81,38.66,7.32,34.69,42.01,1.93,0.37,1.23,14.0,5.82,4.23,3.0701278234985114
17.75,37.53,6.68,27.42,34.09,6.78,0.77,1.51,10.65,3.51,10.57,3.0701278234985114
23.92,47.38,7.67,33.06,40.73,2.84,0.71,2.74,16.67,1.72,9.22,3.0701278234985114
32.59,62.02,8.52,39.54,48.06,1.93,0.74,1.8,11.77,2.17,10.58,3.0701278234985114
23.63,37.21,11.55,31.38,42.93,2.47,0.75,1.61,7.44,2.12,10.05,3.0701278234985114
28.19,45.99,15.32,34.74,50.05,4.07,0.7,3.38,10.94,2.06,10.3,3.0701278234985114
40.4,65.45,10.06,39.5,49.56,4.21,0.77,1.82,15.32,2.14,11.96,3.0701278234985114
44.14,66.64,25.27,32.24,57.51,3.39,0.84,1.96,14.33,2.47,12.04,3.0701278234985114
33.26,58.03,3.76,41.89,45.64,3.78,1.07,1.45,21.16,3.08,8.2,3.0701278234985114
37.07,63.95,6.25,49.78,56.02,2.61,1.22,2.05,17.07,1.73,7.5,3.0701278234985114
29.1,39.94,7.5,47.49,54.99,5.9,1.16,2.12,16.27,2.02,7.61,3.0701278234985114
33.29,64.64,4.48,31.22,35.7,8.69,1.17,4.35,20.91,1.39,11.55,3.0701278234985114
41.84,86.59,8.4,35.44,43.84,6.62,1.31,4.48,17.05,1.68,10.21,3.0701278234985114
42.38,80.48,5.55,31.76,37.31,6.73,1.27,4.03,21.45,1.27,11.28,3.0701278234985114
33.39,57.79,8.47,35.27,43.75,5.99,1.4,1.89,12.39,1.79,17.18,3.0701278234985114
33.48,67.16,14.37,35.57,49.93,7.44,1.54,1.4,6.72,5.68,15.27,3.0701278234985114
15.58,34.3,5.41,27.7,33.1,5.44,1.23,1.24,13.31,3.15,14.22,3.0701278234985114
18.05,36.65,5.88,28.5,34.38,14.51,1.17,1.56,14.31,2.11,10.57,3.0701278234985114
17.7,39.71,7.34,35.14,42.47,11.48,1.27,1.58,10.88,3.4,11.59,3.0701278234985114
22.57,46.16,5.46,33.86,39.32,9.57,1.26,1.59,15.59,1.52,11.15,3.0701278234985114
19.17,41.21,5.27,24.94,30.21,9.27,1.23,1.61,12.25,1.27,13.4,3.0701278234985114
16.08,35.46,5.94,22.15,28.08,8.89,1.22,1.51,8.91,1.23,13.96,3.0701278234985114
14.69,29.3,7.33,31.05,39.0,18.23,1.2,1.23,6.46,3.46,10.11,3.0701278234985114
11.39,26.66,7.84,27.41,35.24,10.73,1.23,1.28,5.15,6.76,10.34,3.0701278234985114
6.93,19.88,4.24,18.78,23.01,11.82,1.13,1.41,10.69,4.4,11.83,3.0701278234985114
12.13,31.55,24.49,34.19,50.75,13.46,1.18,1.14,8.29,5.33,10.43,3.0701278234985114
16.13,35.59,5.86,29.94,35.8,10.77,1.25,1.35,10.76,2.18,11.96,3.0701278234985114
17.0,39.15,7.18,30.19,37.37,13.07,1.18,1.53,9.19,2.19,10.41,3.0701278234985114
27.16,54.35,11.16,37.33,48.49,10.9,1.34,1.61,4.15,2.57,11.19,3.0701278234985114
12.88,23.27,8.91,22.88,31.45,13.78,1.18,1.38,9.86,1.52,8.93,3.0701278234985114
8.15,25.76,6.41,27.65,34.06,14.38,1.21,1.11,8.99,1.78,9.9,3.0701278234985114
23.34,36.64,3.18,28.27,31.44,10.2,1.34,1.23,20.79,1.69,9.3,3.0701278234985114
30.55,48.8,4.04,31.51,35.54,8.77,1.26,3.31,23.28,1.13,9.54,3.0701278234985114
30.26,47.99,5.95,33.67,39.64,8.5,1.29,2.32,19.33,1.45,9.19,3.0701278234985114
20.94,39.66,9.95,31.93,41.87,7.49,1.24,1.39,8.12,1.89,11.4,3.0701278234985114
7.93,25.17,3.4,14.88,18.28,7.25,1.04,1.1,9.41,0.93,10.61,3.0701278234985114
7.05,26.27,5.23,20.95,26.22,8.73,1.09,1.06,10.7,1.79,9.76,3.0701278234985114
12.35,26.25,6.82,25.72,32.54,11.04,1.14,1.22,9.04,1.77,8.14,3.0701278234985114
14.53,32.85,14.8,33.06,47.86,11.51,1.03,1.13,6.92,2.7,7.6,3.0701278234985114
29.25,46.54,4.64,43.96,48.61,10.49,1.36,1.47,6.73,2.43,7.28,3.0701278234985114
33.6,58.22,7.34,38.01,45.35,8.74,1.34,1.21,10.8,4.09,8.18,3.0701278234985114
12.81,29.29,4.86,31.44,36.31,14.9,1.17,1.36,15.26,1.28,6.26,3.0701278234985114
17.66,28.39,4.15,32.41,36.56,14.17,1.22,1.52,16.29,1.34,9.81,3.0701278234985114
33.71,54.09,3.63,33.64,37.27,11.48,1.19,4.48,24.14,1.69,7.56,3.0701278234985114
49.03,75.89,16.46,47.85,64.3,9.74,1.47,2.42,12.78,2.92,8.33,3.0701278234985114
29.75,47.56,15.02,35.17,50.19,11.52,1.28,1.5,10.58,5.1,9.09,3.0701278234985114
11.17,27.02,4.37,21.96,26.34,17.8,1.01,1.45,20.46,3.11,8.65,3.0701278234985114
14.2,39.94,6.53,26.79,33.32,13.05,1.07,1.51,22.45,1.13,7.74,3.0701278234985114
20.14,45.48,5.23,22.62,27.85,9.91,1.24,1.74,18.62,1.13,9.21,3.0701278234985114
19.4,42.79,3.16,17.18,20.35,9.94,1.11,2.93,25.83,0.78,9.16,3.0701278234985114
29.06,51.97,3.38,19.42,22.8,9.24,1.15,6.43,26.92,0.87,8.63,3.0701278234985114
35.32,56.64,9.09,32.77,41.86,7.79,1.36,4.3,21.79,2.3,8.82,3.0701278234985114
46.23,73.8,5.1,36.36,41.46,7.05,1.41,4.68,20.71,2.54,8.9,3.0701278234985114
56.84,92.4,2.79,30.55,33.34,6.91,1.35,7.79,35.85,1.95,8.85,3.0701278234985114
55.87,87.69,19.02,50.13,69.15,6.38,1.61,3.36,20.22,4.42,9.04,3.0701278234985114
19.06,35.0,7.23,29.43,36.65,11.32,1.23,1.72,10.15,5.02,7.26,3.0701278234985114
7.63,15.53,3.36,20.0,23.36,10.34,1.04,1.63,24.51,1.89,6.75,3.0701278234985114
15.65,31.7,7.9,22.91,30.81,9.12,1.16,3.35,15.43,2.03,7.82,3.0701278234985114
19.86,43.42,16.33,19.38,34.33,9.17,1.11,5.47,13.41,1.69,8.46,3.0701278234985114
21.67,46.6,4.62,26.15,30.76,11.21,1.1,5.85,15.0,1.53,6.68,3.0701278234985114
35.85,63.79,10.5,42.61,53.11,7.76,1.28,3.73,15.07,5.0,6.71,3.0701278234985114
46.55,75.42,19.96,44.05,64.01,9.1,1.44,3.41,17.11,4.34,7.97,3.0701278234985114
57.59,88.21,12.61,49.83,62.43,4.8,1.55,2.82,16.0,4.08,8.9,3.0701278234985114
9.55,24.85,4.57,24.09,28.66,14.66,1.51,1.89,22.32,4.88,8.36,3.0701278234985114
22.46,32.48,4.35,18.66,23.01,14.83,1.08,2.62,22.45,2.58,7.98,3.0701278234985114
34.8,56.81,34.67,20.42,44.7,16.35,1.26,6.91,28.7,1.9,8.23,3.0701278234985114
48.46,76.41,11.78,36.96,46.1,16.14,1.21,9.41,28.02,2.37,5.97,3.0701278234985114
59.26,100.25,28.29,37.82,65.67,16.78,1.4,9.3,36.2,2.25,8.92,3.0701278234985114
28.53,47.29,6.67,47.55,54.22,20.77,0.91,2.7,22.42,3.62,9.22,3.0701278234985114
17.27,33.52,5.9,38.61,44.51,19.22,0.85,2.32,16.74,4.55,8.64,3.0701278234985114
9.37,27.49,7.04,39.91,46.95,17.75,0.75,2.49,23.47,3.61,9.21,3.0701278234985114
23.18,41.36,39.35,41.77,80.39,15.74,0.88,2.65,21.77,4.39,8.05,3.0701278234985114
30.55,51.67,3.55,42.36,45.91,17.79,0.84,5.9,32.05,1.87,7.28,3.0701278234985114
32.08,56.14,4.79,46.63,51.42,13.55,0.95,11.74,28.77,1.65,6.94,3.0701278234985114
102.66,136.51,12.66,56.58,69.23,13.23,1.06,16.7,39.33,4.91,11.13,3.0701278234985114
28.96,42.82,6.07,52.86,58.94,34.33,0.59,2.95,26.06,3.96,10.76,3.0701278234985114
36.08,52.25,15.77,56.9,72.67,32.36,0.73,5.14,23.41,5.46,12.17,3.0701278234985114
50.03,83.88,4.16,39.61,43.6,21.23,0.57,9.5,35.42,2.91,6.16,3.0701278234985114
54.17,105.96,4.24,36.1,40.34,22.53,0.56,5.71,28.42,4.76,8.34,3.0701278234985114
27.98,57.67,3.71,25.23,28.93,21.12,0.5,2.04,30.51,2.05,6.0,3.0701278234985114
47.53,89.35,5.26,35.26,40.57,19.12,0.61,3.68,23.58,3.15,10.25,3.0701278234985114
43.55,90.75,4.31,24.63,28.83,18.48,0.47,2.55,25.05,3.31,9.79,3.0701278234985114
41.47,80.25,4.66,26.11,30.77,15.35,0.43,4.67,19.76,2.86,9.2,3.0701278234985114
43.05,81.36,4.61,27.52,32.13,16.33,0.44,3.5,22.93,3.42,8.39,3.0701278234985114
41.82,82.13,9.49,49.86,59.35,20.13,0.54,9.6,29.98,4.01,10.3,3.0701278234985114
33.47,58.14,3.97,38.47,42.44,20.1,0.55,7.76,49.77,3.3,7.29,3.0701278234985114
34.9,64.37,4.43,41.84,46.27,20.36,0.5,7.44,42.33,2.65,8.39,3.0701278234985114
36.38,65.76,5.1,38.87,43.97,19.69,0.5,6.02,28.62,3.86,9.68,3.0701278234985114
30.36,55.27,5.91,42.5,48.41,19.36,0.55,2.42,23.1,5.64,12.96,3.0701278234985114
36.29,63.16,5.04,26.02,31.06,16.09,0.52,2.6,19.43,4.63,9.4,3.0701278234985114
34.96,61.52,5.49,27.69,33.18,15.03,0.5,3.84,19.96,3.65,8.74,3.0701278234985114
38.4,74.74,4.38,28.18,32.54,15.32,0.52,5.79,33.37,3.81,9.24,3.0701278234985114
37.68,63.15,3.1,21.81,24.9,17.45,0.48,4.64,33.32,2.45,6.64,3.0701278234985114
37.91,67.16,3.62,22.37,25.66,14.29,0.45,5.11,24.06,2.93,7.17,3.0701278234985114
52.47,101.54,4.18,23.38,27.57,13.11,0.45,5.58,26.09,3.85,7.75,3.0701278234985114
41.44,75.8,2.73,21.25,23.98,27.13,0.52,4.77,38.43,1.75,4.84,3.0701278234985114
47.76,85.76,3.57,36.57,40.14,29.99,0.58,8.1,37.74,4.51,7.46,3.0701278234985114
38.95,72.86,4.25,38.57,42.83,28.6,0.54,7.66,41.3,5.1,11.16,3.0701278234985114
36.62,66.55,3.65,31.87,35.54,26.55,0.46,5.21,25.59,5.25,7.91,3.0701278234985114
32.45,59.51,5.19,28.57,33.76,21.53,0.45,4.26,18.84,3.6,7.78,3.0701278234985114
40.39,79.62,4.9,27.81,32.7,21.9,0.44,3.16,19.95,4.14,8.53,3.0701278234985114
46.78,89.61,4.49,26.3,30.78,20.64,0.48,4.1,17.74,3.69,9.73,3.0701278234985114
37.93,77.14,4.58,18.8,23.38,15.87,0.42,3.48,15.98,2.1,6.68,3.0701278234985114
27.48,102.42,5.58,19.63,25.17,14.68,0.37,3.31,13.32,2.36,8.02,3.0701278234985114
19.24,94.91,5.14,20.4,25.54,13.34,0.36,2.76,20.71,1.94,6.77,3.0701278234985114
55.45,108.43,18.33,34.48,52.48,6.14,0.72,3.14,26.49,7.15,12.15,3.0701278234985114
47.28,97.99,2.79,10.62,13.4,6.27,0.42,1.62,33.51,2.28,5.16,3.0701278234985114
37.4,82.31,3.16,15.49,18.51,7.8,0.48,2.39,29.68,2.95,7.23,3.0701278234985114
42.19,88.6,3.26,18.89,22.07,6.9,0.5,1.78,27.24,5.89,11.91,3.0701278234985114
44.95,87.16,3.14,18.96,22.06,7.11,0.57,1.87,30.25,4.78,9.97,3.0701278234985114
52.68,96.98,3.25,16.16,19.35,6.73,0.52,1.64,27.0,5.33,11.85,3.0701278234985114
50.03,99.23,3.28,11.08,14.22,6.52,0.45,1.79,25.91,3.25,7.53,3.0701278234985114
51.42,96.62,3.45,10.61,13.94,7.14,0.47,2.71,28.2,0.8,5.28,3.0701278234985114
43.74,91.54,4.32,12.33,16.12,5.84,0.49,2.54,19.94,2.45,7.53,3.0701278234985114
38.55,88.64,3.42,12.6,15.96,5.18,0.5,1.78,17.88,3.45,10.64,3.0701278234985114
40.31,91.94,3.18,11.04,14.12,5.82,0.52,3.0,18.33,2.44,8.58,3.0701278234985114
32.48,72.04,2.98,8.92,11.85,6.08,0.47,2.35,22.57,2.59,8.51,3.0701278234985114
33.18,79.78,3.6,14.65,18.12,6.43,0.45,2.93,19.37,3.82,11.37,3.0701278234985114
30.37,66.61,3.69,16.78,20.42,7.0,0.49,2.61,21.3,4.27,12.23,3.0701278234985114
36.76,72.29,3.22,19.38,22.55,7.16,0.51,2.58,23.85,2.84,8.45,3.0701278234985114
47.25,92.1,3.36,13.59,16.86,6.88,0.47,2.36,22.65,2.82,11.37,3.0701278234985114
43.54,89.93,3.48,13.04,16.41,6.77,0.47,2.24,23.24,3.43,10.31,3.0701278234985114
44.23,87.26,2.7,11.82,14.49,5.26,0.5,2.25,28.21,3.63,11.96,3.0701278234985114
37.55,77.52,3.12,12.2,15.27,5.43,0.45,2.49,24.22,3.62,11.01,3.0701278234985114
31.79,71.66,4.08,10.25,13.98,5.67,0.4,2.38,19.31,7.51,27.05,3.14
36.25,69.53,3.74,17.79,20.47,4.15,0.4,2.88,26.32,23.57,76.04,6.68
28.84,57.42,10.7,14.42,23.31,5.08,0.36,2.42,24.97,20.8,7.24,3.0701278234985114
31.32,57.27,4.62,21.29,23.85,4.51,0.43,4.37,50.09,24.42,9.55,3.0701278234985114
31.93,60.06,7.66,15.65,23.2,4.6,0.37,3.28,31.57,26.78,23.91,4.44
27.66,47.01,4.04,18.32,19.24,5.0,0.39,1.7,24.38,21.83,64.98,10.19
31.08,48.86,28.0,17.2,38.47,11.48,0.42,2.49,34.29,2.56,7.77,3.0701278234985114
34.28,62.72,5.7,12.48,15.42,4.09,0.39,1.65,36.48,1.85,7.33,3.0701278234985114
31.04,58.4,17.04,14.17,31.43,5.64,0.36,1.6,37.01,3.39,7.21,3.39
32.61,64.75,4.36,11.68,13.89,3.7,0.36,2.74,34.14,8.02,5.21,3.59
43.52,75.56,6.69,24.24,26.81,4.38,0.54,3.09,51.71,9.79,8.75,3.76
37.14,65.3,9.93,20.89,28.59,4.88,0.35,1.96,32.21,8.33,5.66,3.72
31.52,60.8,5.08,14.72,17.01,3.76,0.38,3.11,43.72,5.93,5.2,3.24
50.58,107.48,3.53,23.6,20.77,4.15,0.55,3.31,39.69,7.87,7.57,3.5
50.99,92.07,3.23,24.86,27.94,4.01,0.52,2.0,42.01,20.92,7.71,3.58
41.77,77.35,4.83,28.04,32.58,5.14,0.54,1.86,21.76,21.69,8.35,3.97
19.24,38.81,3.69,20.06,23.52,7.04,0.43,1.5,19.79,39.76,6.44,3.49
17.54,35.32,18.47,13.16,28.63,8.49,0.34,1.73,19.44,36.69,5.05,3.02
26.09,53.43,5.97,15.61,21.56,6.98,0.34,2.1,27.77,22.53,6.23,2.88
21.93,52.12,9.22,13.39,18.13,9.67,0.33,2.72,24.77,21.68,5.28,2.64
19.68,44.36,11.01,11.86,19.87,9.77,0.3,2.67,23.9,19.35,7.64,2.74
22.86,49.27,18.44,15.6,35.56,13.5,0.33,3.46,24.76,13.01,7.53,3.06
31.59,58.52,5.62,20.55,25.12,10.93,0.47,4.35,41.54,17.96,8.26,3.13
44.03,76.1,6.27,21.47,27.27,9.08,0.64,3.01,37.1,22.66,10.7,4.13
47.54,82.48,12.15,25.12,36.89,8.65,0.74,3.3,18.37,16.23,11.82,4.32
23.16,48.3,8.37,16.39,24.62,10.15,0.57,2.59,21.87,12.81,7.76,3.08
20.48,39.15,3.98,17.47,21.37,11.78,0.52,3.08,39.28,17.08,16.03,3.64
32.09,63.73,3.71,18.55,22.15,15.54,0.55,5.49,41.44,15.47,8.77,3.88
27.6,54.31,4.63,17.39,21.98,20.3,0.53,4.27,26.66,15.64,8.28,4.19
28.76,52.07,5.7,22.06,27.72,19.7,0.56,6.02,24.02,16.35,10.22,3.37
19.65,40.85,4.91,14.68,19.28,15.27,0.45,5.95,24.19,16.01,5.87,3.12
27.94,60.83,3.9,16.38,20.08,12.06,0.41,6.28,31.58,12.24,8.12,2.95
26.94,60.03,6.57,17.39,23.29,19.4,0.45,7.35,29.94,11.82,8.67,2.92
26.2,52.69,6.54,19.62,25.18,18.51,0.5,5.65,28.51,12.57,10.03,3.0
28.7,56.45,26.66,21.13,40.14,28.25,0.46,5.54,26.62,12.5,10.17,3.0
29.63,57.5,6.38,20.11,23.87,21.76,0.44,8.5,29.95,11.8,10.67,2.97
35.3,69.72,4.92,17.32,20.46,30.05,0.46,7.89,38.28,13.11,9.87,3.08
41.91,75.46,3.17,17.21,20.05,55.39,0.48,12.4,48.42,11.14,6.75,2.85
45.48,92.7,6.2,25.17,29.17,73.45,0.49,11.54,47.41,10.04,8.76,2.53
43.74,82.52,17.84,28.64,42.47,65.71,0.63,8.71,32.89,11.76,12.41,3.63
44.18,81.77,7.49,20.98,28.47,11.54,0.48,4.01,19.82,10.48,13.75,3.58
15.02,30.29,5.11,14.16,19.27,13.53,0.37,2.56,19.86,11.55,7.93,2.78
25.98,47.27,3.74,13.27,17.02,8.99,0.4,5.23,28.79,11.38,6.29,2.54
36.9,63.34,4.5,31.77,35.93,8.03,0.54,9.84,32.75,16.49,14.12,3.53
32.16,50.27,5.97,27.46,33.43,10.25,0.52,4.1,22.94,14.99,9.99,2.93
25.09,40.45,11.42,26.5,37.9,9.98,0.54,3.04,19.16,16.68,11.03,3.55
23.4,48.28,7.12,25.37,32.49,8.49,0.52,3.43,21.95,15.76,11.99,2.71
23.61,44.79,12.28,25.41,36.5,9.46,0.5,5.62,23.09,15.5,10.93,2.84
25.22,40.82,21.74,21.29,38.44,18.44,0.62,4.23,13.88,16.62,13.59,8.27
39.37,62.25,12.69,24.23,34.72,13.94,0.78,2.99,17.31,15.88,10.45,4.74
33.97,57.32,8.16,22.84,29.84,10.98,0.7,2.75,18.39,15.09,9.27,3.31
25.88,45.47,15.26,24.85,40.29,12.46,0.6,3.4,13.95,14.78,12.3,3.16
32.78,58.33,15.57,30.56,46.0,9.02,0.71,5.93,19.0,15.26,12.28,3.87
29.86,51.62,11.43,25.7,36.39,11.79,0.65,5.07,11.21,12.66,8.35,3.1
25.81,40.62,4.66,17.72,22.47,8.42,0.47,4.27,17.42,26.05,6.78,2.23
27.99,47.39,6.3,19.07,25.53,11.58,0.55,2.63,17.18,28.03,7.25,2.42
30.31,52.58,6.57,19.12,24.58,10.14,0.43,3.01,18.13,19.61,8.45,2.28
31.91,55.66,12.33,22.73,29.36,10.05,0.44,3.74,17.54,19.99,11.98,1.66
18.15,30.42,17.68,21.49,35.75,10.61,0.5,2.54,16.79,20.93,14.42,2.18
18.41,32.41,14.48,36.97,36.9,15.53,0.52,2.6,13.15,25.91,12.7,1.99
24.71,40.02,15.78,21.28,35.58,11.55,0.5,3.24,16.55,22.24,11.61,1.63
14.31,29.09,15.18,19.6,33.02,9.74,0.44,2.95,14.89,24.05,12.51,2.18
15.99,32.01,26.78,19.0,42.46,15.43,0.5,2.98,12.49,26.67,13.6,2.73
18.34,50.45,4.77,18.52,23.26,10.47,0.39,4.57,33.92,4.74,14.66,1.08
22.12,54.31,4.55,15.75,20.26,8.36,0.34,7.32,41.67,3.65,12.61,0.87
20.66,46.43,5.18,15.05,20.24,10.92,0.37,5.23,26.68,4.07,11.02,0.92
20.57,44.33,14.74,23.75,38.48,11.8,0.55,5.1,20.25,19.7,18.25,2.64
26.92,54.04,23.25,24.46,46.95,12.86,0.6,6.07,19.36,23.85,21.22,3.39
22.27,39.76,9.48,18.8,28.26,11.41,0.52,3.85,23.79,21.59,18.45,2.16
32.51,61.75,9.06,24.88,33.94,12.94,0.57,8.09,25.58,23.34,18.4,2.84
53.48,90.6,10.78,26.72,37.62,12.05,0.7,7.47,33.08,25.44,20.5,2.53
38.11,65.5,7.29,26.61,33.91,12.51,0.6,5.36,24.73,20.31,17.84,2.17
32.16,58.42,5.25,20.46,25.58,13.25,0.49,7.52,35.75,18.67,16.67,1.72
36.38,66.53,14.07,25.99,40.0,11.1,0.69,5.51,28.48,22.68,19.39,2.34
41.4,76.92,12.93,26.84,39.51,9.86,0.67,4.99,25.91,23.75,21.06,2.61
33.22,65.76,9.47,24.83,34.22,8.97,0.67,4.4,26.62,25.1,21.82,2.52
25.16,55.33,16.23,21.42,37.51,9.89,0.66,4.05,22.52,24.95,21.71,2.72
11.61,30.49,6.4,15.09,21.29,9.3,0.38,4.14,19.3,24.99,19.94,1.82
14.75,52.87,16.19,19.56,35.72,9.22,0.62,4.72,16.92,30.08,26.22,2.78
37.23,66.97,37.6,26.81,62.43,11.88,0.94,5.52,23.79,25.97,26.71,4.9
50.03,85.23,23.48,34.86,58.24,12.26,0.86,6.51,21.23,24.3,35.75,4.02
17.39,42.0,8.01,20.41,28.21,14.18,0.46,4.27,22.57,16.84,27.51,1.37
33.33,63.66,10.15,26.3,36.42,10.78,0.66,6.74,14.61,19.16,33.62,2.22
11.92,34.15,7.48,15.9,21.94,16.9,0.43,5.26,30.06,17.32,25.69,1.02
19.4,43.14,6.53,19.76,25.71,13.62,0.51,6.03,37.37,11.66,17.12,1.51
31.74,81.19,31.45,29.62,59.18,12.38,0.95,8.63,21.54,9.67,17.3,2.82
47.11,96.07,50.89,40.23,89.54,30.58,1.29,11.3,9.01,29.35,40.74,2.95
45.0,89.71,19.39,45.61,65.07,28.23,0.67,11.59,37.56,9.06,16.74,2.17
34.26,71.62,15.34,33.77,49.13,25.91,0.68,9.3,33.35,7.67,14.45,1.71
36.1,72.34,20.44,29.89,50.34,24.57,0.6,8.44,21.39,6.9,12.41,1.56
32.81,58.09,8.91,25.75,34.7,24.09,0.67,8.05,27.46,6.85,11.84,1.56
37.96,73.49,20.34,30.23,50.59,23.21,0.8,9.51,31.98,5.63,12.38,1.57
23.34,55.65,7.32,26.71,33.42,23.08,0.54,11.89,47.47,3.34,9.39,1.0
16.18,30.44,5.32,17.81,22.63,19.72,0.38,8.37,57.24,2.0,7.4,0.54
29.31,56.35,6.39,17.95,24.39,20.61,0.53,10.22,62.0,3.04,7.53,0.65
33.21,52.19,5.56,13.92,19.53,19.63,0.52,9.68,48.07,3.4,7.69,0.66
53.01,77.59,5.92,15.94,21.92,19.44,0.57,12.52,44.48,4.3,9.36,1.01
37.02,60.49,5.62,14.36,20.02,19.23,0.52,6.8,47.17,2.77,7.92,0.7
46.57,77.11,6.29,15.71,21.9,18.62,0.57,11.46,58.18,3.34,6.79,0.76
42.51,62.04,5.02,11.91,16.97,17.94,0.56,7.73,59.02,2.23,5.97,0.43
43.08,71.67,5.13,13.25,18.42,17.37,0.62,7.33,58.44,3.05,7.42,0.66
38.78,70.1,5.08,14.7,19.83,16.75,0.41,9.56,49.58,2.78,6.73,0.56
39.33,74.46,4.97,11.32,16.34,16.76,0.39,13.28,63.72,2.14,5.68,0.36
23.45,48.43,4.95,11.92,16.93,16.23,0.34,10.0,57.56,1.95,6.44,0.44
20.26,43.54,4.75,12.71,17.5,15.23,0.33,12.12,74.55,1.77,6.3,0.39
19.11,37.8,4.27,9.24,13.56,15.46,0.38,8.23,51.65,1.63,6.95,0.34
18.03,39.16,4.5,8.65,13.21,15.25,0.35,7.51,45.52,1.44,6.46,0.33
23.56,57.98,4.83,8.48,13.35,14.97,0.34,6.94,44.6,1.87,6.03,0.33
24.5,48.39,4.29,7.64,11.98,14.12,0.38,6.8,42.03,1.74,5.65,0.26
26.65,50.91,3.7,6.37,10.12,12.72,0.37,5.31,36.61,1.82,5.97,0.29
24.33,55.61,3.81,8.17,12.02,12.38,0.37,6.88,38.78,1.95,6.21,0.35
30.15,62.36,4.49,11.56,16.09,13.6,0.41,6.99,37.99,2.83,6.99,0.55
21.85,45.57,3.88,7.8,11.72,13.43,0.34,7.69,39.34,1.25,6.02,0.29
13.35,31.37,3.83,8.77,12.64,13.4,0.32,8.07,51.59,1.06,5.73,0.28
11.81,24.7,4.05,12.3,16.42,12.34,0.34,6.26,41.06,1.97,7.0,0.46
16.18,29.16,3.96,10.21,14.22,12.43,0.34,9.8,39.33,1.68,5.95,0.37
15.3,29.63,4.0,8.68,12.72,12.36,0.33,7.45,47.67,1.41,5.6,0.31
15.74,27.95,3.86,8.54,12.4,12.13,0.34,6.61,48.65,1.63,5.36,0.31
16.66,31.0,4.25,10.52,14.83,12.57,0.36,6.04,35.37,2.18,7.26,0.55
13.88,29.3,3.87,9.11,13.02,12.71,0.31,7.42,38.95,1.42,5.63,0.33
10.46,25.57,3.84,8.2,12.09,12.52,0.29,5.88,37.78,1.19,5.39,0.31
18.04,32.98,3.94,9.23,13.21,13.04,0.38,5.76,42.05,1.76,6.28,0.47
12.66,27.77,3.83,10.21,14.08,11.21,0.36,6.73,42.34,1.63,6.03,0.37
16.77,34.69,3.92,9.68,13.65,11.0,0.32,5.95,41.97,1.77,6.12,0.41
16.16,32.48,3.81,8.03,11.89,11.47,0.34,6.29,51.29,1.18,5.2,0.27
21.76,44.67,3.85,8.27,12.16,11.28,0.36,5.5,48.86,1.41,5.48,0.29
19.3,42.14,3.03,6.6,9.66,9.96,0.34,5.4,41.11,1.32,5.09,0.2
19.21,41.4,3.21,8.78,12.05,8.35,0.38,6.44,60.31,2.0,6.99,0.47
29.09,59.6,3.64,9.97,13.65,7.25,0.38,10.2,63.85,2.29,5.57,0.43
24.23,53.11,3.24,6.96,10.29,7.27,0.29,8.82,38.78,1.54,4.04,0.23
16.61,41.75,3.24,5.56,8.86,7.09,0.26,5.95,27.15,1.14,4.47,0.22
17.5,38.8,3.27,8.17,11.5,9.76,0.36,5.79,34.45,1.51,8.98,0.68
15.02,37.46,3.19,6.76,10.0,11.59,0.33,4.99,30.64,1.18,8.63,0.57
14.29,32.47,3.11,7.76,10.93,11.53,0.37,5.52,35.27,1.58,8.81,0.69
12.76,34.52,5.64,10.59,14.75,10.78,0.34,7.45,33.19,1.7,11.9,0.62
14.58,33.88,8.19,12.35,15.08,10.95,0.35,8.73,40.32,1.6,9.31,0.54
16.0,36.33,3.2,7.42,10.67,8.89,0.33,7.57,28.36,1.31,12.77,0.79
16.85,41.15,10.63,14.22,15.68,10.68,0.36,6.88,40.43,1.82,12.76,0.8
24.22,48.4,4.92,10.9,13.06,8.74,0.39,6.07,40.49,2.23,12.85,0.89
23.13,43.41,5.1,14.77,18.2,8.64,0.43,9.67,31.1,4.0,15.46,1.52
19.63,43.1,4.22,9.72,13.94,9.12,0.35,16.76,26.42,2.9,14.02,1.08
16.98,50.87,5.6,9.37,14.09,11.66,0.35,5.9,23.51,1.89,11.23,1.04
15.53,43.63,7.41,6.83,13.74,10.32,0.32,7.69,20.39,1.19,7.14,0.67
34.61,118.12710293078135,2.27,10.34,4.22,23.48347601937197,2.46,10.54,57.06,0.11,0.21,3.0701278234985114
37.82,118.12710293078135,2.21,8.84,5.44,23.48347601937197,1.57,11.23,45.13,0.11,0.22,3.0701278234985114
18.09,118.12710293078135,2.07,8.72,4.14,23.48347601937197,1.32,12.89,24.63,0.13,0.25,3.0701278234985114
17.86,118.12710293078135,2.32,8.78,4.14,23.48347601937197,1.02,9.9,24.55,0.11,0.19,3.0701278234985114
19.69,118.12710293078135,3.1,8.54,4.47,23.48347601937197,1.39,11.34,24.12,0.11,0.22,3.0701278234985114
23.32,118.12710293078135,2.95,8.82,5.15,23.48347601937197,1.42,13.63,23.83,0.14,0.27,3.0701278234985114
18.64,118.12710293078135,3.17,11.83,4.22,23.48347601937197,1.42,12.53,25.73,0.12,0.25,3.0701278234985114
20.98,118.12710293078135,2.67,7.95,4.81,23.48347601937197,1.82,10.76,24.07,0.11,0.21,3.0701278234985114
21.6,118.12710293078135,2.5,8.15,4.44,23.48347601937197,2.42,12.16,24.9,0.12,0.24,3.0701278234985114
30.2,118.12710293078135,2.19,7.73,4.22,23.48347601937197,2.17,9.56,29.38,0.09,0.18,3.0701278234985114
43.58,118.12710293078135,3.53,7.52,4.47,23.48347601937197,1.32,9.06,33.51,0.09,0.18,3.0701278234985114
51.67,118.12710293078135,3.55,8.02,4.64,23.48347601937197,1.3,9.63,29.36,0.09,0.19,3.0701278234985114
34.61,118.12710293078135,8.78,9.57,4.22,23.48347601937197,1.36,8.21,16.36,0.09,0.17,3.0701278234985114
30.81,118.12710293078135,3.86,7.99,6.24,23.48347601937197,1.5,12.65,19.8,0.13,0.25,3.0701278234985114
32.36,118.12710293078135,3.76,9.07,6.24,23.48347601937197,1.39,15.15,20.69,0.15,0.3,3.0701278234985114
32.23,118.12710293078135,5.21,7.63,6.24,23.48347601937197,1.52,16.56,18.66,0.17,0.33,3.0701278234985114
31.72,118.12710293078135,4.89,7.54,6.24,23.48347601937197,1.4,13.12,19.63,0.13,0.26,3.0701278234985114
34.33,118.12710293078135,4.21,9.36,6.07,23.48347601937197,1.87,14.61,20.57,0.15,0.3,3.0701278234985114
21.08,118.12710293078135,17.59,10.27,4.22,23.48347601937197,1.51,8.69,21.76,0.14,0.22,3.0701278234985114
40.93,118.12710293078135,4.21,8.53,4.41,23.48347601937197,1.4,9.07,19.81,0.14,0.29,3.0701278234985114
43.9,118.12710293078135,4.87,8.32,4.3,23.48347601937197,1.32,7.68,19.74,0.12,0.23,3.0701278234985114
56.57,118.12710293078135,5.7,8.03,4.3,23.48347601937197,1.38,7.67,20.14,0.12,0.24,3.0701278234985114
45.44,118.12710293078135,4.09,8.5,4.22,23.48347601937197,1.2,6.67,19.86,0.11,0.21,3.0701278234985114
42.75,118.12710293078135,5.64,11.37,3.88,23.48347601937197,1.38,8.39,41.24,0.13,0.26,3.0701278234985114
46.2,118.12710293078135,5.57,9.23,3.78,23.48347601937197,1.4,9.94,40.33,0.16,0.28,3.0701278234985114
45.17,118.12710293078135,5.83,7.36,4.22,23.48347601937197,1.32,10.23,41.17,0.14,0.2,3.0701278234985114
46.76,118.12710293078135,6.0,7.21,4.22,23.48347601937197,1.26,6.86,42.08,0.13,0.16,3.0701278234985114
47.64,118.12710293078135,6.12,7.64,4.22,23.48347601937197,1.34,8.18,39.54,0.14,0.18,3.0701278234985114
28.26,118.12710293078135,4.18,5.87,3.72,23.48347601937197,1.62,2.54,14.26,2.65,2.65,3.0701278234985114
39.66,118.12710293078135,1.77,6.08,2.21,23.48347601937197,1.52,1.23,18.51,1.17,1.17,3.0701278234985114
48.54,118.12710293078135,2.51,4.55,2.21,23.48347601937197,1.44,2.2,31.76,2.2,2.2,3.0701278234985114
49.65,118.12710293078135,2.52,4.54,2.21,23.48347601937197,1.43,1.61,32.62,1.61,1.61,3.0701278234985114
42.27,118.12710293078135,2.47,4.6,2.21,23.48347601937197,1.61,2.1,32.05,2.1,2.1,3.0701278234985114
49.92,118.12710293078135,2.24,5.08,2.21,23.48347601937197,1.49,1.84,32.05,1.84,1.84,3.0701278234985114
53.63,118.12710293078135,12.82,10.14,4.22,23.48347601937197,5.89,6.39,46.48,3.280840304500585,8.700972080037227,3.0701278234985114
58.33,118.12710293078135,13.27,35.99,4.22,23.48347601937197,1.8,5.17,48.82,0.59,1.58,3.0701278234985114
180.93,118.12710293078135,3.69,31.37,8.55,23.48347601937197,1.26,5.03,29.41,0.57,8.700972080037227,3.0701278234985114
89.0,118.12710293078135,4.56,31.34,9.45,23.48347601937197,2.02,6.95,20.56,1.19,0.32,3.0701278234985114
49.41,118.12710293078135,5.03,25.36,4.22,23.48347601937197,1.18,6.25,18.96,0.28,8.700972080037227,3.0701278234985114
28.6,118.12710293078135,7.47,25.83,4.22,23.48347601937197,1.5,5.37,21.94,0.39,0.06,3.0701278234985114
31.64,118.12710293078135,16.91,32.15,4.33,23.48347601937197,2.03,4.84,21.32,0.49,0.12,3.0701278234985114
35.35,118.12710293078135,6.39,21.94,4.44,23.48347601937197,1.07,4.95,24.46,0.37,0.08,3.0701278234985114
27.85,118.12710293078135,3.61,22.38,5.23,23.48347601937197,1.05,3.75,47.5,0.16,0.08,3.0701278234985114
21.57,118.12710293078135,3.56,18.83,4.22,23.48347601937197,5.08,6.46,24.75,0.15,0.04,3.0701278234985114
37.68,118.12710293078135,4.76,24.6,4.32,23.48347601937197,1.81,5.56,27.15,0.25,0.23,3.0701278234985114
28.88,118.12710293078135,5.51,12.82,2.21,23.48347601937197,2.96,4.97,28.06,0.13,0.07,3.0701278234985114
17.7,118.12710293078135,2.39,16.99,6.07,23.48347601937197,1.04,15.07,33.26,0.29,0.03,3.0701278234985114
23.47,118.12710293078135,3.11,13.44,3.74,23.48347601937197,1.1,2.96,40.23,0.28,0.05,3.0701278234985114
38.89,118.12710293078135,2.17,26.34,3.96,23.48347601937197,1.62,3.38,30.99,0.31,0.04,3.0701278234985114
31.9,118.12710293078135,2.63,10.59,4.3,23.48347601937197,0.0,3.48,48.88,0.11,0.02,3.0701278234985114
42.06,118.12710293078135,4.27,20.21,6.24,23.48347601937197,2.42,5.8,26.36,0.48,0.26,3.0701278234985114
16.3,118.12710293078135,3.54,11.54,32.30912333307031,23.48347601937197,1.09,4.69,29.27,0.38,8.700972080037227,3.0701278234985114
18.26,118.12710293078135,2.54,9.67,32.30912333307031,23.48347601937197,1.16,5.4,22.85,0.3,8.700972080037227,3.0701278234985114
21.68,118.12710293078135,5.08,15.75,6.24,23.48347601937197,1.98,4.35,26.53,0.66,0.52,3.0701278234985114
22.27,118.12710293078135,4.3,16.84,32.30912333307031,23.48347601937197,2.78,6.08,15.09,0.18,1.16,3.0701278234985114
20.59,118.12710293078135,1.92,12.05,32.30912333307031,23.48347601937197,2.2485982090856145,4.15,17.73,0.14,0.15,3.0701278234985114
60.75,118.12710293078135,5.75,23.63,6.24,23.48347601937197,1.33,1.9,31.2,0.59,11.17,3.0701278234985114
43.91,118.12710293078135,2.95,17.78,32.30912333307031,23.48347601937197,1.16,1.67,29.99,0.6,16.84,3.0701278234985114
32.56,118.12710293078135,1.82,12.76,32.30912333307031,23.48347601937197,1.91,1.84,43.01,1.02,6.8,3.0701278234985114
40.9,118.12710293078135,3.23,15.78,32.30912333307031,23.48347601937197,1.41,1.79,32.45,0.48,8.700972080037227,3.0701278234985114
46.78,118.12710293078135,18.56,34.22,32.30912333307031,23.48347601937197,1.25,1.27,23.67,0.46,8.700972080037227,3.0701278234985114
22.25,118.12710293078135,6.23,18.85,32.30912333307031,23.48347601937197,1.26,1.88,23.46,0.37,8.700972080037227,3.0701278234985114
30.06,118.12710293078135,3.78,22.34,32.30912333307031,23.48347601937197,1.19,1.45,35.93,0.51,8.700972080037227,3.0701278234985114
39.09,118.12710293078135,3.3,22.75,32.30912333307031,23.48347601937197,1.22,1.68,25.89,0.51,8.700972080037227,3.0701278234985114
52.59,118.12710293078135,2.22,27.45,32.30912333307031,23.48347601937197,1.3,1.59,38.42,0.76,8.700972080037227,3.0701278234985114
41.44,118.12710293078135,2.01,25.43,32.30912333307031,23.48347601937197,1.41,1.51,39.37,0.47,8.700972080037227,3.0701278234985114
35.94,118.12710293078135,5.22,23.35,32.30912333307031,23.48347601937197,1.52,1.48,37.02,0.63,8.700972080037227,3.0701278234985114
38.71,118.12710293078135,6.11,25.44,32.30912333307031,23.48347601937197,1.24,1.93,41.12,0.54,8.700972080037227,3.0701278234985114
45.48,118.12710293078135,4.81,21.88,32.30912333307031,23.48347601937197,1.29,1.82,35.45,0.6,8.700972080037227,3.0701278234985114
21.04,118.12710293078135,10.14,17.45,6.24,23.48347601937197,2.34,3.91,24.85,0.4,1.04,3.0701278234985114
36.25,118.12710293078135,12.56,31.16,32.30912333307031,23.48347601937197,1.37,5.94,13.6,0.75,8.700972080037227,3.0701278234985114
55.18,118.12710293078135,13.83,26.15,32.30912333307031,23.48347601937197,1.84,7.16,20.33,0.53,0.25,3.0701278234985114
28.4,118.12710293078135,3.37,25.35,32.30912333307031,23.48347601937197,9.49,5.08,17.49,0.2,0.07,3.0701278234985114
17.35,118.12710293078135,2.51,20.01,32.30912333307031,23.48347601937197,3.29,4.92,24.59,0.12,0.58,3.0701278234985114
29.35,118.12710293078135,10.36,12.62,6.24,23.48347601937197,1.94,5.25,17.63,0.38,0.3,3.0701278234985114
36.11,118.12710293078135,10.32,14.55,6.24,23.48347601937197,1.81,5.51,17.84,0.53,0.13,3.0701278234985114
26.86,118.12710293078135,4.92,14.36,6.24,23.48347601937197,1.72,3.63,16.5,0.26,0.16,3.0701278234985114
37.28,118.12710293078135,5.72,18.13,6.24,23.48347601937197,1.32,3.77,24.91,0.42,0.03,3.0701278234985114
60.08,118.12710293078135,3.83,16.2,6.24,23.48347601937197,1.36,2.47,28.42,0.48,0.26,3.0701278234985114
54.69,118.12710293078135,8.36,27.75,6.24,23.48347601937197,1.4,3.15,24.69,0.44,0.08,3.0701278234985114
32.21,118.12710293078135,19.58,36.03,6.24,23.48347601937197,1.63,4.25,28.72,0.3,3.8,3.0701278234985114
60.85,118.12710293078135,11.95,40.89,11.19,23.48347601937197,1.59,4.13,26.41,0.42,1.7,3.0701278234985114
47.15,118.12710293078135,3.55,23.52,32.30912333307031,23.48347601937197,1.39,4.94,24.64,0.34,1.01,3.0701278234985114
58.33,118.12710293078135,12.29,29.05,32.30912333307031,23.48347601937197,1.24,4.2,43.07,1.15,3.02,3.0701278234985114
48.32,118.12710293078135,7.98,19.35,32.30912333307031,23.48347601937197,1.3,5.03,48.95,0.08,0.24,3.0701278234985114
57.72,118.12710293078135,5.16,8.69,6.24,23.48347601937197,1.97,3.67,35.16,1.1,1.38,3.0701278234985114
60.92,118.12710293078135,6.13,14.29,6.24,23.48347601937197,1.43,3.55,33.64,2.1,2.34,3.0701278234985114
40.0,118.12710293078135,6.3,9.02,6.24,23.48347601937197,1.09,4.13,50.48,0.7,0.68,3.0701278234985114
39.74,118.12710293078135,6.47,10.23,6.24,23.48347601937197,1.16,4.04,46.76,0.71,0.68,3.0701278234985114
45.04,118.12710293078135,3.62,12.7,6.24,23.48347601937197,1.2,4.09,8.36,2.91,4.5,3.0701278234985114
71.85,118.12710293078135,8.45,23.64,32.30912333307031,23.48347601937197,1.26,3.96,40.94,2.3,5.1,3.0701278234985114
51.28,118.12710293078135,6.61,14.26,32.30912333307031,23.48347601937197,1.15,4.08,17.81,1.39,2.93,3.0701278234985114
39.02,118.12710293078135,5.78,12.17,32.30912333307031,23.48347601937197,1.22,3.2,17.87,1.52,2.68,3.0701278234985114
38.85,118.12710293078135,6.04,12.47,32.30912333307031,23.48347601937197,1.3,3.04,17.94,1.49,2.68,3.0701278234985114
44.5,118.12710293078135,6.76,15.31,32.30912333307031,23.48347601937197,1.18,4.38,16.62,1.5,2.58,3.0701278234985114
47.07,118.12710293078135,6.99,14.71,32.30912333307031,23.48347601937197,1.4,4.0,17.99,1.59,2.99,3.0701278234985114
39.21,118.12710293078135,7.69,16.37,32.30912333307031,23.48347601937197,1.34,3.91,29.09,1.73,3.34,3.0701278234985114
38.16,118.12710293078135,10.09,20.32,32.30912333307031,23.48347601937197,2.65,4.42,19.08,2.0,4.21,3.0701278234985114
28.98,118.12710293078135,9.13,17.27,32.30912333307031,23.48347601937197,1.2,3.46,26.4,1.46,3.04,3.0701278234985114
28.2,118.12710293078135,7.78,13.45,32.30912333307031,23.48347601937197,1.42,3.35,22.26,1.56,3.14,3.0701278234985114
30.74,118.12710293078135,7.62,13.2,32.30912333307031,23.48347601937197,1.09,3.0,22.87,1.14,2.9,3.0701278234985114
24.48,118.12710293078135,9.65,21.06,32.30912333307031,23.48347601937197,1.26,3.59,14.5,0.63,2.6,3.0701278234985114
29.46,118.12710293078135,8.7,13.61,32.30912333307031,23.48347601937197,1.32,2.87,13.87,0.6,3.14,3.0701278234985114
25.21,118.12710293078135,8.83,13.3,32.30912333307031,23.48347601937197,1.34,3.66,13.64,0.59,2.48,3.0701278234985114
18.4,118.12710293078135,7.44,14.22,32.30912333307031,23.48347601937197,1.23,4.29,13.79,0.66,2.15,3.0701278234985114
30.2,118.12710293078135,9.35,16.64,32.30912333307031,23.48347601937197,1.37,3.61,12.47,0.59,2.32,3.0701278234985114
16.02,118.12710293078135,8.0,11.99,32.30912333307031,23.48347601937197,1.86,2.79,13.01,0.62,1.97,3.0701278234985114
28.37,118.12710293078135,8.84,15.31,32.30912333307031,23.48347601937197,1.35,4.0,16.19,0.66,1.99,3.0701278234985114
55.44,118.12710293078135,8.41,13.94,32.30912333307031,23.48347601937197,1.65,3.56,18.06,0.55,1.9,3.0701278234985114
57.07,118.12710293078135,8.81,15.99,32.30912333307031,23.48347601937197,1.59,3.67,14.93,0.5,1.68,3.0701278234985114
47.24,118.12710293078135,7.66,11.49,32.30912333307031,23.48347601937197,1.63,2.85,19.58,0.31,1.07,3.0701278234985114
40.79,118.12710293078135,8.68,14.62,32.30912333307031,23.48347601937197,1.98,2.19,15.33,0.46,1.53,3.0701278234985114
46.12,118.12710293078135,16.12,26.27,32.30912333307031,23.48347601937197,1.44,3.5,15.11,0.52,1.68,3.0701278234985114
41.46,118.12710293078135,19.46,29.1,32.30912333307031,23.48347601937197,1.93,3.99,11.18,0.47,1.56,3.0701278234985114
41.48,118.12710293078135,14.66,24.74,32.30912333307031,23.48347601937197,1.27,3.45,9.69,0.5,1.5,3.0701278234985114
56.67,118.12710293078135,15.64,25.77,32.30912333307031,23.48347601937197,4.62,3.79,9.71,0.43,1.31,3.0701278234985114
47.46,118.12710293078135,14.62,23.2,32.30912333307031,23.48347601937197,1.21,3.5,14.95,0.5,1.48,3.0701278234985114
45.11,118.12710293078135,16.78,26.67,32.30912333307031,23.48347601937197,1.25,3.35,12.65,0.5,1.53,3.0701278234985114
37.14,118.12710293078135,15.81,25.15,32.30912333307031,23.48347601937197,1.2,4.3,10.83,0.5,1.54,3.0701278234985114
46.49,118.12710293078135,12.49,31.82,32.30912333307031,23.48347601937197,1.13,4.31,10.83,0.83,2.03,3.0701278234985114
49.58,118.12710293078135,7.75,14.39,32.30912333307031,23.48347601937197,1.14,4.4,13.69,1.49,3.08,3.0701278234985114
38.49,118.12710293078135,10.44,21.49,32.30912333307031,23.48347601937197,1.91,3.64,10.35,1.49,3.1,3.0701278234985114
40.43,118.12710293078135,8.2,23.18,32.30912333307031,23.48347601937197,3.36,3.68,10.78,1.55,2.99,3.0701278234985114
28.38,118.12710293078135,9.31,14.31,32.30912333307031,23.48347601937197,1.18,4.39,10.29,0.76,1.98,3.0701278234985114
32.39,118.12710293078135,10.17,17.62,32.30912333307031,23.48347601937197,1.18,4.47,10.84,1.5,3.09,3.0701278234985114
37.85,118.12710293078135,12.39,23.02,32.30912333307031,23.48347601937197,1.57,4.55,9.17,1.49,3.08,3.0701278234985114
42.88,118.12710293078135,13.19,21.6,32.30912333307031,23.48347601937197,1.35,4.81,8.33,1.5,3.09,3.0701278234985114
26.24,118.12710293078135,9.44,24.89,32.30912333307031,23.48347601937197,1.83,5.63,8.35,1.5,3.07,3.0701278234985114
42.18,118.12710293078135,15.98,17.26,32.30912333307031,23.48347601937197,1.68,7.82,7.31,1.56,3.1,3.0701278234985114
38.97,118.12710293078135,9.37,30.55,32.30912333307031,23.48347601937197,1.47,6.97,10.19,1.55,3.1,3.0701278234985114
46.39,118.12710293078135,6.52,24.96,32.30912333307031,23.48347601937197,1.16,6.86,8.89,1.49,3.11,3.0701278234985114
67.23,118.12710293078135,6.26,41.39,32.30912333307031,23.48347601937197,1.71,7.68,6.52,1.66,3.13,3.0701278234985114
44.23,118.12710293078135,3.71,16.23,32.30912333307031,23.48347601937197,1.12,3.0,11.1,1.0,3.0,3.0701278234985114
47.44,118.12710293078135,6.93,40.65,32.30912333307031,23.48347601937197,0.88,6.18,13.03,1.26,2.85,3.0701278234985114
43.99,118.12710293078135,12.14,47.89,32.30912333307031,23.48347601937197,1.23,6.19,14.16,1.5,3.1,3.0701278234985114
43.33,118.12710293078135,22.04,46.85,32.30912333307031,23.48347601937197,1.32,6.27,8.38,1.51,3.1,3.0701278234985114
49.51,118.12710293078135,19.4,32.88,32.30912333307031,23.48347601937197,1.1,6.1,12.04,1.5,3.09,3.0701278234985114
34.82,118.12710293078135,14.23,50.54,32.30912333307031,23.48347601937197,1.15,6.41,11.49,1.56,3.11,3.0701278234985114
36.6,118.12710293078135,21.37,29.57,32.30912333307031,23.48347601937197,1.24,5.98,12.11,1.5,3.09,3.0701278234985114
21.59,118.12710293078135,24.06,72.49,32.30912333307031,23.48347601937197,1.29,5.97,13.56,1.49,3.11,3.0701278234985114
33.11,118.12710293078135,9.59,13.48,32.30912333307031,23.48347601937197,1.65,4.41,26.77,1.11,2.87,3.0701278234985114
20.76,118.12710293078135,7.39,14.04,32.30912333307031,23.48347601937197,1.62,4.62,18.1,1.5,3.1,3.0701278234985114
21.69,118.12710293078135,6.56,13.09,32.30912333307031,23.48347601937197,1.68,4.69,18.2,1.5,3.1,3.0701278234985114
25.72,118.12710293078135,8.26,11.18,32.30912333307031,23.48347601937197,1.62,4.61,14.84,1.7,3.14,3.0701278234985114
32.27,118.12710293078135,10.02,14.94,32.30912333307031,23.48347601937197,1.54,5.54,14.14,1.71,3.15,3.0701278234985114
41.31,118.12710293078135,6.4,19.7,32.30912333307031,23.48347601937197,1.31,5.11,14.73,1.5,3.11,3.0701278234985114
47.98,118.12710293078135,11.35,33.03,32.30912333307031,23.48347601937197,1.49,4.62,18.19,1.5,3.1,3.0701278234985114
48.66,118.12710293078135,12.7,31.39,32.30912333307031,23.48347601937197,1.17,5.11,15.15,1.54,3.11,3.0701278234985114
57.46,118.12710293078135,14.32,32.49,32.30912333307031,23.48347601937197,1.09,5.14,20.56,1.61,3.12,3.0701278234985114
59.67,118.12710293078135,14.04,43.52,32.30912333307031,23.48347601937197,1.13,5.02,19.36,1.73,3.14,3.0701278234985114
43.46,118.12710293078135,9.4,32.36,32.30912333307031,23.48347601937197,1.25,4.64,32.14,1.5,3.11,3.0701278234985114
44.81,118.12710293078135,12.03,33.74,32.30912333307031,23.48347601937197,1.16,4.83,31.59,1.5,3.11,3.0701278234985114
40.76,118.12710293078135,9.45,34.34,32.30912333307031,23.48347601937197,3.23,5.15,27.24,1.5,3.1,3.0701278234985114
41.19,118.12710293078135,9.36,25.2,32.30912333307031,23.48347601937197,1.33,4.93,16.73,2.21,3.01,3.0701278234985114
21.08,118.12710293078135,6.89,22.99,32.30912333307031,23.48347601937197,1.14,5.53,15.47,2.37,3.41,3.0701278234985114
30.87,118.12710293078135,5.69,13.79,32.30912333307031,23.48347601937197,1.33,5.59,12.27,2.34,3.46,3.0701278234985114
40.25,118.12710293078135,4.69,11.11,32.30912333307031,23.48347601937197,1.25,5.08,16.39,2.39,3.52,3.0701278234985114
33.76,118.12710293078135,5.04,12.3,32.30912333307031,23.48347601937197,1.26,4.72,19.63,2.5,3.61,3.0701278234985114
68.45,118.12710293078135,3.77,16.86,16.98,8.91,0.95,4.79,20.53,2.2,3.18,3.0701278234985114
42.05,118.12710293078135,8.89,25.47,23.2,9.52,0.96,7.04,20.42,2.49,7.57,3.0701278234985114
59.02,118.12710293078135,17.64,36.5,36.06,7.47,1.02,7.37,17.38,2.66,2.61,3.0701278234985114
36.82,118.12710293078135,13.82,33.17,29.06,30.16,0.4,8.35,33.5,0.0,0.0,3.0701278234985114
54.59,118.12710293078135,12.69,37.3,32.57,30.23,0.33,10.62,39.79,0.0,0.0,3.0701278234985114
58.68,118.12710293078135,12.39,41.55,35.76,30.18,0.35,10.04,39.31,0.0,0.0,3.0701278234985114
46.01,118.12710293078135,19.27,54.06,28.5,23.01,0.39,10.28,36.99,0.0,0.0,3.0701278234985114
45.38,118.12710293078135,24.68,64.43,33.45,23.03,0.36,10.9,33.33,0.0,0.0,3.0701278234985114
40.13,118.12710293078135,11.46,25.51,21.22,36.82,0.9,7.9,21.56,0.04,0.15,3.0701278234985114
39.75,118.12710293078135,11.5,26.48,21.76,36.86,0.83,7.89,27.47,0.04,0.16,3.0701278234985114
29.95,118.12710293078135,12.11,26.46,23.7,38.86,0.64,5.46,52.85,0.03,0.04,3.0701278234985114
35.47,118.12710293078135,12.14,27.49,24.25,38.9,0.71,5.36,41.84,0.01,0.03,3.0701278234985114
33.11,118.12710293078135,9.6,23.38,20.06,26.91,0.69,6.69,44.21,0.06,0.04,3.0701278234985114
32.77,118.12710293078135,10.77,25.75,22.32,25.53,0.85,6.62,57.39,0.04,0.05,3.0701278234985114
26.27,118.12710293078135,11.61,25.94,22.96,23.15,0.88,8.67,44.56,0.0,0.08,3.0701278234985114
27.48,118.12710293078135,11.78,27.2,23.02,21.18,0.87,6.54,45.58,0.02,0.08,3.0701278234985114
32.23,118.12710293078135,11.66,27.28,23.07,21.11,1.25,7.59,54.31,0.0,0.11,3.0701278234985114
29.57,118.12710293078135,10.58,27.09,22.15,22.87,1.02,5.74,50.48,0.0,0.05,3.0701278234985114
33.6,118.12710293078135,10.65,26.16,22.24,24.28,1.0,6.6,30.64,0.24,1.59,3.0701278234985114
40.93,118.12710293078135,9.95,27.34,21.78,27.17,0.73,7.75,22.34,0.36,0.23,3.0701278234985114
32.85,118.12710293078135,10.07,30.06,23.35,29.59,0.92,7.26,15.08,0.35,0.53,3.0701278234985114
24.25,118.12710293078135,10.68,29.87,24.11,29.57,0.94,6.49,13.76,0.31,0.47,3.0701278234985114
23.63,118.12710293078135,9.46,27.46,22.11,29.52,1.13,5.85,10.97,0.26,0.28,3.0701278234985114
22.34,118.12710293078135,10.1,32.02,24.99,29.71,1.22,6.36,8.76,0.25,0.33,3.0701278234985114
37.91,118.12710293078135,8.93,27.5,21.56,29.67,1.1,5.55,11.42,0.24,0.31,3.0701278234985114
28.26,118.12710293078135,9.83,27.73,22.52,29.67,1.08,6.31,12.88,0.25,0.35,3.0701278234985114
18.08,118.12710293078135,15.25,28.61,23.99,29.31,1.14,6.17,10.88,0.24,0.86,3.0701278234985114
46.07,118.12710293078135,12.5,28.22,24.8,29.56,1.09,6.35,13.84,0.26,0.63,3.0701278234985114
43.02,118.12710293078135,17.04,30.75,29.64,29.61,1.22,5.46,13.61,0.27,0.47,3.0701278234985114
40.79,118.12710293078135,16.02,30.41,28.56,29.7,1.11,5.51,12.36,0.28,0.48,3.0701278234985114
22.68,118.12710293078135,10.36,27.87,22.91,29.65,0.94,4.93,12.74,0.28,0.44,3.0701278234985114
18.21,118.12710293078135,10.67,28.27,23.39,23.68,0.68,5.77,38.62,0.24,0.29,3.0701278234985114
31.51,118.12710293078135,13.5,29.66,26.26,10.62,0.76,5.23,22.6,0.21,0.28,3.0701278234985114
42.01,118.12710293078135,11.51,28.11,23.74,11.25,0.74,5.51,11.97,0.25,0.33,3.0701278234985114
72.38,118.12710293078135,19.48,28.79,28.82,16.67,0.78,5.05,11.71,0.2,0.29,3.0701278234985114
32.23,118.12710293078135,11.91,26.33,20.13,22.93,0.68,7.87,16.2,1.89,0.25,3.0701278234985114
48.4,118.12710293078135,11.2,27.2,20.3,23.8,0.74,7.5,16.25,0.19,0.26,3.0701278234985114
49.25,118.12710293078135,9.35,36.65,24.73,28.87,0.92,6.57,15.47,0.22,0.38,3.0701278234985114
44.96,118.12710293078135,8.66,34.12,23.07,28.41,0.89,5.79,16.01,0.32,0.34,3.0701278234985114
33.21,118.12710293078135,9.78,41.08,27.27,28.62,0.92,5.97,7.65,0.23,0.26,3.0701278234985114
29.48,118.12710293078135,13.17,44.17,32.41,28.95,0.9,7.42,14.01,0.23,0.31,3.0701278234985114
52.39,118.12710293078135,18.35,44.57,38.36,30.87,0.97,8.37,22.36,0.19,0.43,3.0701278234985114
18.45,118.12710293078135,9.27,27.26,22.15,28.57,0.59,9.56,7.37,0.16,0.12,3.0701278234985114
42.07,118.12710293078135,8.79,27.52,24.31,28.91,0.62,9.14,6.19,0.14,1.33,3.0701278234985114
31.45,118.12710293078135,10.61,28.04,26.04,28.57,0.8,8.31,7.92,0.21,0.28,3.0701278234985114
31.04,118.12710293078135,10.83,24.24,24.15,24.98,0.68,7.8,8.9,0.12,0.21,3.0701278234985114
42.25,118.12710293078135,9.94,22.78,21.86,22.98,0.72,7.46,16.37,0.1,0.13,3.0701278234985114
35.86,118.12710293078135,11.84,25.31,24.86,23.08,0.86,7.19,10.55,0.08,1.65,3.0701278234985114
31.25,118.12710293078135,11.49,26.75,25.1,22.98,0.79,7.6,10.44,0.16,0.39,3.0701278234985114
29.39,118.12710293078135,9.89,27.9,25.05,26.02,0.65,12.86,9.56,1.79,0.22,3.0701278234985114
33.84,118.12710293078135,10.05,24.29,22.8,23.2,0.65,4.62,27.96,0.11,0.29,3.0701278234985114
32.44,118.12710293078135,11.48,24.84,24.35,22.97,0.75,5.17,24.95,0.1,0.3,3.0701278234985114
33.21,118.12710293078135,13.04,28.0,28.2,26.06,0.74,5.59,8.75,0.05,0.19,3.0701278234985114
22.04,118.12710293078135,9.7,30.23,26.38,28.68,0.87,6.26,9.44,0.1,0.29,3.0701278234985114
24.62,118.12710293078135,8.14,27.01,23.49,28.97,0.9,5.61,13.12,0.1,0.33,3.0701278234985114
16.66,118.12710293078135,7.44,28.0,23.79,28.83,0.82,5.03,14.32,0.09,0.21,3.0701278234985114
30.93,118.12710293078135,9.59,30.37,26.72,28.84,0.84,5.27,11.39,0.08,0.23,3.0701278234985114
41.71,118.12710293078135,10.46,29.19,26.07,28.44,0.99,6.44,9.69,0.1,0.46,3.0701278234985114
31.52,118.12710293078135,8.23,26.1,23.35,28.67,0.82,4.85,19.61,0.08,0.24,3.0701278234985114
36.95,118.12710293078135,7.69,26.09,22.8,28.72,0.99,5.0,18.05,0.07,0.12,3.0701278234985114
26.64,118.12710293078135,7.78,27.39,23.88,28.99,1.28,4.78,16.49,0.08,0.16,3.0701278234985114
39.0,118.12710293078135,7.65,26.62,23.46,28.84,1.33,4.54,13.89,0.09,0.1,3.0701278234985114
38.51,118.12710293078135,9.98,27.41,26.3,28.82,1.34,3.94,23.28,0.05,1.33,3.0701278234985114
39.92,118.12710293078135,9.17,25.74,24.72,28.85,0.72,3.62,17.88,0.04,0.07,3.0701278234985114
46.81,118.12710293078135,11.38,23.43,24.69,28.91,0.68,4.18,19.32,0.08,0.1,3.0701278234985114
55.15,118.12710293078135,6.95,23.31,21.17,29.28,0.76,3.95,20.7,0.08,0.09,3.0701278234985114
29.47,118.12710293078135,7.13,18.33,18.35,32.02,0.87,3.39,14.26,0.08,0.11,3.0701278234985114
55.13,118.12710293078135,7.6,21.84,20.88,32.16,1.11,3.36,20.64,0.09,0.16,3.0701278234985114
41.87,118.12710293078135,6.97,21.35,19.76,31.98,1.1,4.0,21.61,0.47,0.22,3.0701278234985114
48.72,118.12710293078135,5.91,30.36,20.43,15.26,1.05,6.65,43.57,0.25,0.82,3.0701278234985114
42.34,118.12710293078135,11.67,22.68,21.38,16.65,1.04,5.67,24.11,0.87,2.62,3.0701278234985114
50.97,118.12710293078135,9.37,28.71,22.71,12.51,1.57,7.37,26.49,0.56,1.47,3.0701278234985114
23.2,118.12710293078135,8.03,26.16,20.27,20.63,1.14,3.96,11.11,0.27,6.97,3.0701278234985114
35.86,118.12710293078135,7.54,25.66,19.6,24.23,1.26,4.57,14.5,0.28,1.43,3.0701278234985114
41.57,118.12710293078135,8.85,27.09,21.44,21.25,1.06,3.03,15.33,0.35,1.95,3.0701278234985114
47.8,118.12710293078135,8.85,28.82,22.39,24.89,1.22,3.82,20.69,0.31,7.05,3.0701278234985114
51.37,118.12710293078135,9.26,22.37,19.31,14.08,1.28,5.73,22.49,1.29,24.28,3.0701278234985114
54.98,118.12710293078135,8.07,22.05,18.16,12.2,1.11,5.81,17.6,0.93,11.9,3.0701278234985114
37.99,118.12710293078135,7.92,24.0,19.11,11.05,1.05,6.3,24.56,0.45,1.61,3.0701278234985114
45.67,118.12710293078135,7.87,25.97,20.11,10.56,0.88,5.03,28.11,0.41,0.88,3.0701278234985114
39.05,118.12710293078135,8.78,23.01,19.22,12.23,0.79,14.1,28.19,0.18,1.74,3.0701278234985114
40.14,118.12710293078135,9.26,22.39,19.31,10.91,1.0,14.27,36.33,0.47,4.23,3.0701278234985114
44.28,118.12710293078135,9.26,21.66,18.93,10.57,0.93,8.93,31.33,0.21,3.2,3.0701278234985114
23.53,118.12710293078135,9.2,23.2,19.7,10.27,0.92,3.98,33.65,0.03,1.28,3.0701278234985114
19.09,118.12710293078135,8.4,22.15,18.28,9.59,0.89,4.12,33.36,0.06,1.82,3.0701278234985114
22.01,118.12710293078135,7.63,19.05,16.74,9.43,0.83,5.05,37.51,0.14,0.71,3.0701278234985114
25.45,118.12710293078135,8.12,19.92,17.07,11.41,0.8,4.68,31.56,0.32,1.09,3.0701278234985114
36.63,118.12710293078135,7.7,17.69,15.18,11.46,1.12,5.19,20.97,0.74,0.74,3.0701278234985114
20.89,118.12710293078135,7.72,17.66,15.5,11.11,0.96,5.06,19.34,0.87,1.9,3.0701278234985114
24.05,118.12710293078135,7.49,19.71,16.47,10.88,1.05,4.65,28.68,0.87,2.01,3.0701278234985114
30.74,118.12710293078135,8.14,17.66,15.93,11.2,1.31,4.01,32.6,1.08,9.43,3.0701278234985114
46.89,118.12710293078135,7.34,20.03,16.54,11.31,1.16,4.28,22.55,0.68,4.21,3.0701278234985114
25.74,118.12710293078135,7.35,17.34,14.8,7.69,1.21,5.39,24.45,0.77,1.8,3.0701278234985114
26.5,118.12710293078135,9.22,17.16,15.0,7.49,1.62,6.02,25.04,0.65,1.29,3.0701278234985114
26.69,118.12710293078135,7.89,17.36,14.85,8.11,1.4,4.82,27.54,1.15,2.86,3.0701278234985114
33.83,118.12710293078135,8.92,18.28,15.57,6.67,1.8,5.09,24.37,0.68,4.12,3.0701278234985114
36.43,118.12710293078135,9.74,19.76,17.2,8.41,1.78,4.27,19.8,0.49,5.35,3.0701278234985114
27.22,118.12710293078135,5.93,19.13,14.93,11.24,1.08,3.71,33.65,0.63,2.86,3.0701278234985114
17.57,118.12710293078135,5.95,19.0,14.85,9.93,1.29,4.16,20.28,0.62,2.56,3.0701278234985114
21.25,118.12710293078135,5.61,18.33,14.21,8.33,1.1,3.89,20.82,0.46,2.23,3.0701278234985114
23.98,118.12710293078135,6.12,21.17,16.06,9.37,1.0,3.62,20.15,0.06,0.8,3.0701278234985114
34.31,118.12710293078135,6.27,22.21,16.71,9.56,1.07,4.15,21.69,0.03,0.51,3.0701278234985114
33.56,118.12710293078135,6.83,21.78,16.98,7.73,1.13,4.33,19.55,0.18,0.8,3.0701278234985114
32.74,118.12710293078135,14.01,30.85,24.17,40.16,1.08,4.27,19.34,0.34,0.97,3.0701278234985114
28.99,118.12710293078135,7.12,18.5,14.78,9.24,1.11,3.64,21.46,0.41,1.5,3.0701278234985114
32.59,118.12710293078135,6.27,19.81,15.58,7.21,1.13,4.61,28.83,2.41,5.82,3.0701278234985114
28.96,118.12710293078135,7.27,17.83,14.94,5.31,0.97,6.26,36.69,3.06,8.73,3.0701278234985114
24.95,118.12710293078135,7.32,15.28,13.25,4.16,0.78,5.98,43.38,2.9,10.45,3.0701278234985114
29.82,118.12710293078135,7.64,19.25,15.76,6.01,0.98,5.85,32.03,1.75,5.98,3.0701278234985114
36.52,118.12710293078135,6.56,24.37,18.06,11.7,1.03,5.08,29.05,1.62,6.2,3.0701278234985114
34.82,118.12710293078135,7.09,23.64,17.91,14.39,0.9,4.89,31.39,1.58,5.32,3.0701278234985114
34.99,118.12710293078135,5.49,23.51,16.36,13.87,1.54,4.56,29.97,1.4,5.75,3.0701278234985114
40.88,118.12710293078135,7.59,19.38,16.36,29.65,0.97,4.82,23.47,1.32,7.71,3.0701278234985114
33.81,118.12710293078135,7.65,20.93,16.04,29.66,0.93,5.87,24.92,1.34,6.56,3.0701278234985114
36.0,118.12710293078135,7.86,18.91,13.98,29.64,1.01,4.78,30.05,1.69,8.4,3.0701278234985114
41.64,118.12710293078135,8.65,17.35,17.78,29.6,1.09,4.83,29.74,1.17,4.39,3.0701278234985114
28.29,118.12710293078135,8.51,18.2,18.15,29.59,1.08,4.47,25.21,0.86,3.53,3.0701278234985114
22.19,118.12710293078135,8.11,18.21,17.51,29.6,1.1,4.21,25.75,1.35,4.24,3.0701278234985114
26.93,118.12710293078135,7.87,18.53,17.17,29.61,0.96,4.42,26.43,2.23,6.47,3.0701278234985114
35.24,118.12710293078135,8.21,18.6,17.79,29.6,1.02,4.65,35.66,2.1,5.48,3.0701278234985114
45.2,118.12710293078135,8.59,17.89,17.54,29.65,1.03,5.05,34.3,2.26,6.9,3.0701278234985114
50.13,118.12710293078135,8.53,17.84,17.39,30.15,1.03,4.06,31.22,2.0,5.63,3.0701278234985114
26.46,118.12710293078135,9.15,18.02,18.6,29.67,1.08,5.11,22.44,1.39,5.11,3.0701278234985114
30.97,118.12710293078135,8.7,17.13,17.46,29.58,0.97,5.13,30.95,1.63,4.34,3.0701278234985114
34.33,118.12710293078135,8.75,16.81,17.3,29.61,0.79,4.61,29.4,1.14,4.09,3.0701278234985114
28.45,118.12710293078135,9.25,18.11,18.48,22.78,0.91,4.71,24.53,2.32,8.04,3.0701278234985114
32.1,118.12710293078135,8.29,17.52,16.96,11.37,0.92,4.07,26.48,1.58,13.47,3.0701278234985114
25.43,118.12710293078135,7.94,19.72,16.64,11.58,1.09,4.59,32.39,1.2,5.12,3.0701278234985114
28.32,118.12710293078135,8.11,20.64,17.43,11.65,1.07,4.7,24.93,1.82,7.47,3.0701278234985114
33.75,118.12710293078135,7.97,22.21,18.19,11.25,1.01,5.28,19.91,1.46,5.77,3.0701278234985114
37.33,118.12710293078135,7.34,22.11,17.64,11.43,0.95,5.6,20.55,2.06,5.95,3.0701278234985114
28.43,118.12710293078135,7.34,21.21,17.14,11.36,0.97,4.85,23.77,2.86,11.33,3.0701278234985114
33.05,118.12710293078135,6.59,21.38,16.67,10.77,0.93,6.11,23.93,3.85,12.94,3.0701278234985114
34.53,118.12710293078135,7.4,22.6,17.82,2.88,1.03,4.99,22.55,2.42,8.71,3.0701278234985114
33.36,118.12710293078135,7.22,20.5,16.71,2.06,1.09,3.94,25.16,1.64,6.41,3.0701278234985114
21.75,118.12710293078135,7.97,18.64,16.24,2.02,0.91,4.19,26.03,1.05,3.61,3.0701278234985114
12.76,118.12710293078135,8.84,18.32,16.78,4.87,0.97,4.46,22.06,0.74,2.6,3.0701278234985114
16.17,118.12710293078135,8.89,16.9,16.12,22.98,0.84,3.04,23.48,0.81,1.95,3.0701278234985114
16.06,118.12710293078135,8.86,16.65,15.95,40.1,0.67,3.02,23.23,0.7,4.41,3.0701278234985114
17.44,118.12710293078135,8.96,21.12,18.41,40.69,0.78,3.9,19.91,0.56,2.11,3.0701278234985114
30.24,118.12710293078135,12.49,23.71,22.62,41.04,0.97,5.04,19.96,0.5,1.92,3.0701278234985114
29.31,118.12710293078135,7.96,22.62,18.41,40.73,0.81,3.73,23.17,1.49,5.85,3.0701278234985114
36.25,118.12710293078135,12.64,21.23,21.39,40.43,1.12,4.52,22.97,2.08,7.95,3.0701278234985114
40.55,118.12710293078135,20.62,21.78,28.13,38.64,1.35,4.4,21.49,2.49,10.99,3.0701278234985114
43.62,118.12710293078135,9.86,32.74,25.11,4.66,1.24,5.29,37.33,1.13,3.97,3.0701278234985114
50.0,118.12710293078135,8.1,35.33,25.25,8.96,1.28,6.44,35.12,0.53,9.79,3.0701278234985114
33.25,118.12710293078135,5.93,20.67,15.38,16.95,1.18,5.36,39.7,6.66,9.43,3.0701278234985114
61.96,118.12710293078135,4.58,24.5,16.55,16.71,1.08,6.77,37.03,12.94,12.44,3.0701278234985114
40.6,118.12710293078135,18.0,21.79,25.87,16.44,1.09,5.9,29.84,5.42,13.23,3.0701278234985114
44.07,118.12710293078135,22.6,19.24,28.06,19.62,1.1,6.45,34.5,3.39,3.06,3.0701278234985114
51.06,118.12710293078135,27.17,24.55,34.29,22.2,1.08,5.95,31.11,7.08,13.42,3.0701278234985114
45.85,118.12710293078135,10.59,8.91,12.92,30.36,1.0,7.84,25.53,5.48,1.02,3.0701278234985114
35.31,118.12710293078135,11.3,10.39,12.15,31.79,1.01,4.93,32.18,6.93,2.84,3.0701278234985114
33.5,118.12710293078135,8.42,8.84,10.26,34.24,0.99,5.46,38.54,21.56,2.8,3.0701278234985114
39.91,118.12710293078135,9.02,8.8,10.79,35.48,1.02,5.94,42.16,19.98,3.01,3.0701278234985114
46.17,118.12710293078135,8.17,8.99,11.2,35.37,1.01,6.21,37.28,13.26,4.59,3.0701278234985114
36.76,118.12710293078135,5.85,11.08,10.17,36.08,0.97,6.07,35.36,13.67,3.83,3.0701278234985114
37.82,118.12710293078135,4.98,10.56,9.6,37.7,0.99,6.43,33.08,16.74,4.79,3.0701278234985114
54.39,118.12710293078135,4.78,12.55,10.41,36.13,0.99,6.64,29.91,17.8,5.93,3.0701278234985114
46.26,118.12710293078135,4.23,11.21,9.2,37.59,0.99,6.49,31.38,14.41,3.69,3.0701278234985114
41.85,118.12710293078135,3.98,12.09,8.95,38.46,0.98,5.85,27.77,21.91,4.49,3.0701278234985114
46.3,118.12710293078135,4.27,17.44,12.6,34.95,1.01,6.72,27.87,12.12,7.4,3.0701278234985114
43.45,118.12710293078135,3.42,12.21,9.22,38.71,0.92,6.66,30.0,23.28,3.18,3.0701278234985114
53.91,118.12710293078135,3.07,15.51,10.61,38.32,1.0,7.23,37.27,7.4,3.47,3.0701278234985114
55.36,118.12710293078135,4.78,21.13,14.6,35.08,1.04,7.6,18.6,20.3,11.96,3.0701278234985114
49.13,118.12710293078135,2.34,14.48,9.47,42.2,1.03,6.62,19.7,28.58,6.37,3.0701278234985114
43.27,118.12710293078135,2.35,13.5,8.87,43.96,1.0,6.54,22.41,22.5,3.63,3.0701278234985114
52.6,118.12710293078135,2.63,16.38,10.81,41.15,1.0,6.36,23.51,28.26,6.74,3.0701278234985114
45.35,118.12710293078135,2.31,10.89,7.53,35.06,1.0,5.78,23.97,12.27,2.83,3.0701278234985114
29.19,118.12710293078135,2.09,12.94,8.48,32.95,0.96,6.16,23.11,12.08,3.53,3.0701278234985114
41.72,118.12710293078135,2.31,12.78,8.54,33.89,0.98,6.71,23.16,10.34,4.21,3.0701278234985114
44.77,118.12710293078135,2.19,13.74,8.89,31.81,1.0,6.54,23.39,9.76,2.69,3.0701278234985114
49.27,118.12710293078135,2.16,15.08,9.66,32.67,0.98,8.36,31.42,25.15,6.18,3.0701278234985114
45.79,118.12710293078135,2.26,11.85,7.72,33.17,1.0,5.44,28.24,11.95,3.2,3.0701278234985114
37.81,118.12710293078135,2.12,11.21,7.62,34.3,1.01,6.0,26.78,31.82,4.17,3.0701278234985114
39.83,118.12710293078135,2.13,11.84,7.91,34.11,1.0,7.72,28.22,10.43,3.08,3.0701278234985114
42.14,118.12710293078135,2.81,15.63,10.16,30.26,1.07,7.42,19.64,22.28,7.3,3.0701278234985114
35.49,118.12710293078135,2.14,13.75,8.83,20.34,0.99,6.38,21.55,23.12,6.62,3.0701278234985114
32.63,118.12710293078135,2.05,14.18,9.15,9.1,0.87,6.14,26.63,21.19,7.05,3.0701278234985114
39.25,118.12710293078135,2.97,13.8,8.98,8.23,0.85,6.02,33.77,14.76,6.08,3.0701278234985114
50.91,118.12710293078135,4.36,14.74,11.11,8.04,0.82,7.13,40.69,15.77,7.47,3.0701278234985114
46.61,118.12710293078135,5.07,9.2,9.12,9.63,1.08,4.95,36.09,0.69,12.08,3.0701278234985114
46.72,118.12710293078135,5.93,11.29,10.25,11.72,1.24,5.62,29.22,0.54,0.9,3.0701278234985114
37.56,118.12710293078135,7.98,12.38,10.77,10.74,1.15,4.31,26.35,0.59,0.78,3.0701278234985114
47.72,118.12710293078135,7.5,14.45,12.7,14.06,1.19,5.78,38.02,1.07,1.6,3.0701278234985114
48.38,118.12710293078135,10.32,16.23,16.23,15.72,1.07,5.57,40.95,1.05,2.03,3.0701278234985114
51.38,118.12710293078135,6.16,16.4,14.22,27.53,1.11,5.57,37.11,0.82,2.23,3.0701278234985114
31.01,118.12710293078135,8.3,14.54,14.95,21.37,1.13,5.69,30.8,4.66,4.01,3.0701278234985114
29.99,118.12710293078135,7.15,13.52,13.44,20.11,1.12,5.82,36.71,29.74,4.85,3.0701278234985114
53.23,118.12710293078135,7.15,16.9,15.53,21.85,1.12,6.52,34.27,24.99,24.48,3.0701278234985114
41.87,118.12710293078135,5.57,9.22,10.09,11.83,1.03,6.44,45.48,11.3,4.8,3.0701278234985114
46.39,118.12710293078135,5.99,11.68,11.5,11.74,1.07,6.84,48.03,11.1,11.6,3.0701278234985114
31.6,118.12710293078135,5.23,9.35,9.23,11.91,1.11,5.93,51.25,10.26,5.56,3.0701278234985114
39.69,118.12710293078135,7.56,12.42,12.46,11.71,1.14,6.76,46.7,7.81,7.39,3.0701278234985114
35.98,118.12710293078135,5.84,9.99,9.9,11.72,1.18,6.05,51.53,7.68,8.58,3.0701278234985114
35.25,118.12710293078135,6.23,8.1,9.18,11.89,1.07,5.3,48.21,13.7,6.18,3.0701278234985114
36.49,118.12710293078135,6.83,7.85,9.3,11.69,1.01,5.34,54.11,19.92,5.19,3.0701278234985114
29.43,118.12710293078135,7.07,7.92,9.59,11.8,1.06,5.08,49.52,15.74,3.9,3.0701278234985114
29.44,118.12710293078135,6.49,7.97,9.31,11.42,1.02,5.27,49.16,10.45,6.21,3.0701278234985114
34.52,118.12710293078135,7.86,11.73,12.35,11.8,1.11,5.17,47.86,5.96,9.41,3.0701278234985114
45.74,118.12710293078135,8.94,23.96,19.87,11.87,1.2,4.86,47.33,7.36,9.17,3.0701278234985114
38.9,118.12710293078135,7.93,20.1,17.02,11.9,0.98,3.97,46.84,8.8,12.49,3.0701278234985114
32.23,118.12710293078135,9.47,19.22,17.78,11.63,0.8,3.77,56.36,10.16,24.19,3.0701278234985114
34.58,118.12710293078135,10.39,17.67,17.6,11.68,0.81,2.85,56.4,10.98,13.78,3.0701278234985114
30.19,118.12710293078135,12.14,18.47,18.87,11.63,0.8,3.36,43.61,15.05,11.58,3.0701278234985114
38.27,118.12710293078135,6.14,11.94,11.95,11.79,0.72,4.31,41.17,21.78,7.49,3.0701278234985114
34.97,118.12710293078135,8.5,14.44,6.73,11.75,0.73,6.02,36.07,7.79,2.62,3.0701278234985114
18.44,118.12710293078135,23.53,22.6,46.03,23.48347601937197,1.3,22.0,34.0,0.29,8.700972080037227,3.0701278234985114
18.07,48.8,34.2,29.98,64.12,23.48347601937197,1.36,19.58,35.44,0.35,8.700972080037227,3.0701278234985114
18.55,62.07,34.5,28.9,63.4,23.48347601937197,1.35,18.59,35.91,0.44,8.700972080037227,3.0701278234985114
22.57,67.03,22.38,23.46,45.81,23.48347601937197,1.3,21.3,37.26,0.32,8.700972080037227,3.0701278234985114
23.57,71.8,21.08,25.71,46.8,23.48347601937197,1.26,24.83,36.59,0.44,8.700972080037227,3.0701278234985114
31.18,91.26,15.99,20.17,36.18,23.48347601937197,1.23,25.71,33.41,0.24,8.700972080037227,3.0701278234985114
24.22,79.1,36.41,30.02,66.43,23.48347601937197,1.36,21.32,39.09,0.62,8.700972080037227,3.0701278234985114
21.81,44.13,16.06,18.5,34.55,23.48347601937197,1.25,22.25,36.71,0.35,8.700972080037227,3.0701278234985114
14.93,52.51,15.19,18.23,33.43,23.48347601937197,1.22,20.01,35.06,0.5,8.700972080037227,3.0701278234985114
17.86,45.85,15.68,20.33,36.02,23.48347601937197,1.21,20.6,30.81,0.46,8.700972080037227,3.0701278234985114
24.73,74.2,14.94,18.24,33.18,23.48347601937197,1.25,15.89,40.12,0.49,8.700972080037227,3.0701278234985114
24.09,72.98,26.7,28.27,53.35,23.48347601937197,1.27,20.46,39.23,0.68,8.700972080037227,3.0701278234985114
23.97,88.35,25.5,23.79,49.3,23.48347601937197,1.32,24.61,34.83,0.5,8.700972080037227,3.0701278234985114
20.7,81.14,26.5,21.97,48.48,23.48347601937197,1.34,22.61,45.24,0.35,8.700972080037227,3.0701278234985114
19.01,79.33,14.42,19.69,34.1,23.48347601937197,1.27,24.7,43.26,0.63,8.700972080037227,3.0701278234985114
21.85,89.75,22.2,25.23,47.43,23.48347601937197,1.32,22.67,44.85,0.63,8.700972080037227,3.0701278234985114
24.32,93.09,14.02,15.9,31.4,23.48347601937197,1.31,23.83,53.32,0.38,8.700972080037227,3.0701278234985114
22.76,88.41,17.574729662029362,28.560659061126955,28.02,23.48347601937197,1.19,20.43,50.68,0.49,8.700972080037227,3.0701278234985114
15.38,56.32,17.574729662029362,28.560659061126955,23.02,23.48347601937197,1.06,20.99,49.28,0.64,8.700972080037227,3.0701278234985114
18.58,66.74,17.574729662029362,28.560659061126955,24.14,23.48347601937197,1.09,22.34,50.69,0.3,8.700972080037227,3.0701278234985114
15.53,18.64,17.574729662029362,28.560659061126955,27.73,23.48347601937197,1.23,26.74,159.18,0.26,8.700972080037227,3.0701278234985114
18.79,118.12710293078135,17.574729662029362,28.560659061126955,44.37,23.48347601937197,1.16,20.83,58.76,0.42,8.700972080037227,3.0701278234985114
20.14,118.12710293078135,17.574729662029362,28.560659061126955,38.76,23.48347601937197,1.18,20.35,50.01,0.34,8.700972080037227,3.0701278234985114
24.8,118.12710293078135,17.574729662029362,28.560659061126955,48.35,23.48347601937197,1.2,17.29,37.89,0.22,8.700972080037227,3.0701278234985114
19.38,118.12710293078135,17.574729662029362,28.560659061126955,47.49,23.48347601937197,1.46,20.91,45.83,0.47,8.700972080037227,3.0701278234985114
18.68,118.12710293078135,17.574729662029362,28.560659061126955,63.7,23.48347601937197,1.74,25.18,43.54,0.45,8.700972080037227,3.0701278234985114
19.98,118.12710293078135,17.574729662029362,28.560659061126955,47.38,23.48347601937197,1.46,24.02,41.12,0.67,8.700972080037227,3.0701278234985114
17.66,118.12710293078135,17.574729662029362,28.560659061126955,36.88,23.48347601937197,1.07,27.29,52.91,0.42,8.700972080037227,3.0701278234985114
45.54,118.12710293078135,17.574729662029362,28.560659061126955,56.91,23.48347601937197,1.28,27.62,39.81,0.51,8.700972080037227,3.0701278234985114
17.79,118.12710293078135,17.574729662029362,28.560659061126955,53.24,23.48347601937197,1.26,26.8,38.99,0.63,8.700972080037227,3.0701278234985114
19.26,118.12710293078135,17.574729662029362,28.560659061126955,95.53,23.48347601937197,1.43,30.11,42.27,0.51,8.700972080037227,3.0701278234985114
12.89,118.12710293078135,17.574729662029362,28.560659061126955,17.48,23.48347601937197,1.0,26.73,41.42,0.29,8.700972080037227,3.0701278234985114
18.02,118.12710293078135,17.574729662029362,28.560659061126955,21.61,23.48347601937197,1.05,26.76,45.42,0.37,8.700972080037227,3.0701278234985114
16.97,118.12710293078135,17.574729662029362,28.560659061126955,24.16,23.48347601937197,1.03,24.88,41.43,16.24,8.700972080037227,3.0701278234985114
19.16,118.12710293078135,17.574729662029362,28.560659061126955,33.52,23.48347601937197,1.05,21.68,36.74,0.43,8.700972080037227,3.0701278234985114
19.64,118.12710293078135,17.574729662029362,28.560659061126955,42.76,23.48347601937197,1.1,22.22,33.69,0.24,8.700972080037227,3.0701278234985114
15.87,43.53,30.34,27.43,57.08,23.48347601937197,1.4,20.43,35.72,0.75,8.700972080037227,3.0701278234985114
25.71,97.45,34.53,19.74,54.28,23.48347601937197,1.42,19.86,39.04,0.51,8.700972080037227,3.0701278234985114
22.86,82.67,12.38,9.35,21.72,23.48347601937197,1.15,17.32,40.96,0.39,8.700972080037227,3.0701278234985114
18.09,70.66,11.86,8.0,19.87,23.48347601937197,1.19,18.99,44.93,0.63,8.700972080037227,3.0701278234985114
17.52,61.23,41.22,22.69,63.92,23.48347601937197,1.45,20.7,35.33,0.69,8.700972080037227,3.0701278234985114
10.53,41.27,28.12,21.7,49.82,23.48347601937197,1.35,19.23,38.32,0.51,8.700972080037227,3.0701278234985114
13.38,55.71,13.15,9.81,22.96,23.48347601937197,1.19,18.61,48.68,0.36,8.700972080037227,3.0701278234985114
22.06,75.33,14.66,7.29,21.95,23.48347601937197,1.17,18.95,33.79,0.39,8.700972080037227,3.0701278234985114
18.54,71.0,12.86,14.83,24.8,23.48347601937197,1.21,19.25,34.73,0.33,8.700972080037227,3.0701278234985114
19.38,56.8,37.79,29.81,66.97,23.48347601937197,1.4,19.79,31.45,0.66,8.700972080037227,3.0701278234985114
16.59,66.72,28.83,20.94,49.77,23.48347601937197,1.49,16.63,28.51,0.62,8.700972080037227,3.0701278234985114
13.0,48.23,28.19,21.22,49.41,23.48347601937197,1.49,19.4,22.08,0.82,8.700972080037227,3.0701278234985114
13.78,48.89,30.97,22.09,53.06,23.48347601937197,1.37,15.46,22.38,0.55,8.700972080037227,3.0701278234985114
18.5,65.24,37.75,25.39,63.13,23.48347601937197,1.49,18.02,26.45,0.54,8.700972080037227,3.0701278234985114
14.71,52.86,11.34,13.29,24.63,23.48347601937197,1.17,15.13,29.09,0.27,8.700972080037227,3.0701278234985114
14.11,73.45,11.07,13.32,24.39,23.48347601937197,1.19,13.5,27.65,0.5,8.700972080037227,3.0701278234985114
14.53,70.33,10.98,15.53,26.52,23.48347601937197,1.17,12.65,26.26,0.41,8.700972080037227,3.0701278234985114
12.84,56.35,17.38,22.11,38.35,23.48347601937197,1.27,12.79,28.19,0.4,8.700972080037227,3.0701278234985114
67.45057794890306,118.12710293078135,36.66,35.28,32.30912333307031,23.48347601937197,1.41,14.53197725590996,34.49143047551845,0.56,8.700972080037227,3.0701278234985114
18.15,71.77,10.39,16.33,26.73,23.48347601937197,1.17,14.69,27.8,0.42,8.700972080037227,3.0701278234985114
15.31,69.04,10.59,16.32,26.92,23.48347601937197,1.16,12.03,24.34,0.5,8.700972080037227,3.0701278234985114
14.72,82.21,11.01,17.39,28.4,23.48347601937197,1.23,11.33,25.82,0.5,8.700972080037227,3.0701278234985114
19.26,93.35,10.72,16.22,26.96,23.48347601937197,1.2,11.48,26.07,1.25,8.700972080037227,3.0701278234985114
13.43,89.58,9.86,15.37,25.24,23.48347601937197,1.16,11.5,33.28,0.58,8.700972080037227,3.0701278234985114
15.67,77.37,10.53,16.43,26.96,23.48347601937197,1.17,11.43,30.01,0.46,8.700972080037227,3.0701278234985114
16.43,72.12,10.75,16.38,27.14,23.48347601937197,1.22,11.99,28.73,0.52,8.700972080037227,3.0701278234985114
23.32,60.58,9.09,17.66,26.75,23.48347601937197,1.25,11.67,25.99,0.67,8.700972080037227,3.0701278234985114
46.76,73.6,4.55,14.7,19.23,23.48347601937197,1.2,9.71,24.56,0.72,8.700972080037227,3.0701278234985114
16.52,67.74,10.53,18.31,28.85,23.48347601937197,1.24,11.57,27.49,0.71,8.700972080037227,3.0701278234985114
15.0,65.59,10.13,16.98,27.11,23.48347601937197,1.04,12.14,29.34,0.6,8.700972080037227,3.0701278234985114
15.37,58.9,10.26,16.35,26.61,23.48347601937197,1.02,11.8,24.89,0.74,8.700972080037227,3.0701278234985114
14.24,56.91,11.01,17.29,28.31,23.48347601937197,1.07,11.66,26.77,0.24,8.700972080037227,3.0701278234985114
15.24,53.79,13.13,16.18,29.31,23.48347601937197,1.1,13.08,18.72,0.51,8.700972080037227,3.0701278234985114
16.28,54.45,12.84,14.54,27.38,23.48347601937197,1.05,12.86,22.01,0.59,8.700972080037227,3.0701278234985114
15.88,62.28,16.02,13.72,29.75,23.48347601937197,1.15,12.88,21.87,0.57,8.700972080037227,3.0701278234985114
13.23,52.16,13.76,12.4,26.17,23.48347601937197,1.14,12.25,22.52,0.53,8.700972080037227,3.0701278234985114
14.11,53.33,15.2,12.74,27.95,23.48347601937197,1.14,13.07,22.15,0.39,8.700972080037227,3.0701278234985114
13.39,52.3,18.68,13.83,32.49,23.48347601937197,1.05,14.99,21.91,0.44,8.700972080037227,3.0701278234985114
15.45,50.4,14.19,11.65,25.84,23.48347601937197,1.15,12.34,21.34,0.67,8.700972080037227,3.0701278234985114
14.71,65.57,8.07,15.46,23.54,23.48347601937197,1.16,10.08,23.69,0.44,8.700972080037227,3.0701278234985114
14.87,56.31,11.9,32.71,45.5,23.48347601937197,1.2,20.19,33.07,1.02,8.700972080037227,3.0701278234985114
17.72,48.66,12.25,48.29,58.01,23.48347601937197,1.18,24.59,18.65,0.32,8.700972080037227,3.0701278234985114
10.36,44.69,12.66,20.48,27.66,23.48347601937197,1.19,10.93,28.24,0.27,8.700972080037227,3.0701278234985114
9.21,41.44,15.48,22.23,37.71,23.48347601937197,1.17,15.38,27.3,0.3,8.700972080037227,3.0701278234985114
11.21,43.37,16.13,14.63,30.76,23.48347601937197,1.2,12.42,27.19,0.36,8.700972080037227,3.0701278234985114
12.65,51.97,14.45,20.24,34.7,23.48347601937197,1.21,9.22,28.15,0.42,8.700972080037227,3.0701278234985114
13.33,54.43,12.68,20.09,32.78,23.48347601937197,1.2,9.64,26.99,0.29,8.700972080037227,3.0701278234985114
11.61,46.49,13.13,31.78,44.92,23.48347601937197,1.21,12.06,32.95,0.19,8.700972080037227,3.0701278234985114
12.59,48.67,13.29,20.2,33.44,23.48347601937197,1.22,10.6,35.23,0.3,8.700972080037227,3.0701278234985114
11.7,40.69,14.08,21.17,35.26,23.48347601937197,1.24,11.08,39.1,0.31,8.700972080037227,3.0701278234985114
9.7,42.34,12.42,20.86,33.28,23.48347601937197,1.22,11.92,38.31,0.29,8.700972080037227,3.0701278234985114
12.94,45.15,13.18,17.76,30.93,23.48347601937197,1.14,9.21,37.65,0.39,8.700972080037227,3.0701278234985114
26.83,90.14,16.22,22.03,38.26,23.48347601937197,1.12,14.45,44.31,0.31,8.700972080037227,3.0701278234985114
26.49,91.07,15.76,22.23,38.0,23.48347601937197,1.1,11.49,41.44,0.43,8.700972080037227,3.0701278234985114
23.72,74.6,14.51,21.08,35.6,23.48347601937197,1.09,11.53,41.28,0.34,8.700972080037227,3.0701278234985114
24.15,73.99,16.42,23.64,40.06,23.48347601937197,1.06,14.13,41.67,0.33,8.700972080037227,3.0701278234985114
22.94,84.4,15.52,19.22,34.74,23.48347601937197,1.02,11.74,44.15,0.33,8.700972080037227,3.0701278234985114
26.68,75.24,17.67,20.96,38.63,23.48347601937197,0.99,11.84,37.31,0.32,8.700972080037227,3.0701278234985114
30.76,69.36,18.75,24.6,43.35,23.48347601937197,1.02,13.7,46.32,0.33,8.700972080037227,3.0701278234985114
25.47,61.36,14.19,22.08,36.26,23.48347601937197,1.03,15.21,47.18,0.38,8.700972080037227,3.0701278234985114
23.11,62.32,16.75,26.84,43.6,23.48347601937197,1.01,15.22,45.22,0.28,8.700972080037227,3.0701278234985114
18.94,53.7,14.7,26.94,41.59,23.48347601937197,1.18,12.06,48.58,0.25,8.700972080037227,3.0701278234985114
25.28,55.95,14.09,26.13,40.23,23.48347601937197,1.33,14.85,49.66,0.28,8.700972080037227,3.0701278234985114
23.62,54.02,14.61,24.89,39.51,23.48347601937197,1.36,14.8,55.14,0.5,8.700972080037227,3.0701278234985114
26.46,65.51,36.47,30.42,66.89,23.48347601937197,1.44,14.13,49.99,0.47,8.700972080037227,3.0701278234985114
30.97,75.3,22.59,33.37,55.98,23.48347601937197,1.39,9.51,54.83,0.4,8.700972080037227,3.0701278234985114
28.58,70.91,10.63,32.46,43.09,23.48347601937197,1.31,7.65,45.71,0.29,8.700972080037227,3.0701278234985114
26.49,67.74,9.12,31.34,40.48,23.48347601937197,1.29,11.08,47.01,0.47,8.700972080037227,3.0701278234985114
25.69,61.92,12.02,29.3,41.33,23.48347601937197,1.31,11.4,48.2,0.35,8.700972080037227,3.0701278234985114
28.24,71.66,14.73,27.72,42.45,23.48347601937197,1.31,13.66,44.98,0.3,8.700972080037227,3.0701278234985114
24.03,56.21,13.42,25.98,39.41,23.48347601937197,1.32,12.45,47.94,0.41,8.700972080037227,3.0701278234985114
26.35,57.69,15.1,23.5,38.61,23.48347601937197,1.31,15.45,49.4,0.29,8.700972080037227,3.0701278234985114
23.49,54.7,17.67,20.7,38.38,23.48347601937197,1.31,14.73,42.47,0.39,8.700972080037227,3.0701278234985114
22.67,56.3,13.13,24.62,37.66,23.48347601937197,1.23,14.35,46.98,0.39,8.700972080037227,3.0701278234985114
25.5,60.73,10.1,26.53,35.96,23.48347601937197,0.98,13.51,43.64,0.28,8.700972080037227,3.0701278234985114
27.31,67.46,14.55,31.49,46.03,23.48347601937197,0.97,15.23,39.31,0.42,8.700972080037227,3.0701278234985114
26.77,64.56,13.03,30.32,43.35,23.48347601937197,0.99,15.65,42.69,0.37,8.700972080037227,3.0701278234985114
24.28,67.13,18.89,31.12,49.99,23.48347601937197,1.1,16.27,39.83,0.97,8.700972080037227,3.0701278234985114
21.84,63.71,55.28,26.24,80.08,23.48347601937197,1.27,12.41,24.91,1.3,8.700972080037227,3.0701278234985114
21.64,53.58,31.75,21.46,53.21,23.48347601937197,1.41,11.85,23.67,0.77,8.700972080037227,3.0701278234985114
19.28,48.32,34.93,21.2,56.14,23.48347601937197,1.44,17.7,25.68,0.84,8.700972080037227,3.0701278234985114
23.52,57.14,37.65,22.87,60.46,23.48347601937197,1.57,18.26,27.03,1.04,8.700972080037227,3.0701278234985114
20.37,68.0,27.73,21.88,49.61,23.48347601937197,1.62,13.13,30.21,0.91,8.700972080037227,3.0701278234985114
25.51,78.16,30.13,22.65,52.76,23.48347601937197,1.58,10.78,30.93,0.79,8.700972080037227,3.0701278234985114
17.68,55.13,20.54,23.5,44.02,23.48347601937197,1.39,10.29,28.35,0.54,8.700972080037227,3.0701278234985114
25.44,91.8,33.4,26.19,59.59,23.48347601937197,1.7,11.93,37.93,0.84,8.700972080037227,3.0701278234985114
31.22,59.71,16.24,21.98,38.19,23.48347601937197,1.35,17.08,49.13,0.55,8.700972080037227,3.0701278234985114
35.95,66.06,22.8,25.3,48.11,23.48347601937197,1.5,18.69,45.84,0.56,8.700972080037227,3.0701278234985114
33.86,77.88,26.2,25.06,51.09,23.48347601937197,1.55,14.14,36.72,0.62,8.700972080037227,3.0701278234985114
32.52,71.2,22.16,29.12,51.22,23.48347601937197,1.57,15.17,38.59,0.65,8.700972080037227,3.0701278234985114
37.21,76.15,40.21,33.05,73.08,23.48347601937197,1.58,13.64,49.45,0.84,8.700972080037227,3.0701278234985114
34.35,89.58,37.28,21.34,58.63,23.48347601937197,1.66,16.7,66.49,0.74,8.700972080037227,3.0701278234985114
37.39,78.33,27.56,30.41,57.99,23.48347601937197,1.71,13.1,55.14,1.89,8.700972080037227,3.0701278234985114
26.04,113.83,26.82,41.97,68.62,23.48347601937197,1.65,21.92,29.55,0.67,8.700972080037227,3.0701278234985114
16.82,81.35,41.82,7.43,49.26,23.48347601937197,1.64,7.72,73.28,0.36,8.700972080037227,3.0701278234985114
19.81,79.16,40.25,3.53,43.63,23.48347601937197,1.58,3.2,55.06,0.41,8.700972080037227,3.0701278234985114
18.03,65.91,46.92,7.2,54.07,23.48347601937197,1.44,3.15,37.28,0.35,8.700972080037227,3.0701278234985114
31.96,115.36,46.86,10.21,57.04,23.48347601937197,1.44,3.86,51.37,0.75,8.700972080037227,3.0701278234985114
29.55,100.84,20.58,5.19,25.73,23.48347601937197,1.5,28.83,21.98,0.55,8.700972080037227,3.0701278234985114
18.43,90.53,27.07,5.77,32.73,23.48347601937197,1.46,28.27,14.4,0.42,8.700972080037227,3.0701278234985114
19.8,87.09,24.96,2.49,27.18,23.48347601937197,1.43,29.66,13.07,0.82,8.700972080037227,3.0701278234985114
22.9,89.81,21.03,18.8,39.82,23.48347601937197,1.7,22.45,43.42,1.05,8.700972080037227,3.0701278234985114
16.91,66.3,33.32,19.55,52.88,23.48347601937197,1.72,22.44,21.67,0.53,8.700972080037227,3.0701278234985114
19.09,60.59,36.51,19.43,55.94,23.48347601937197,1.76,22.69,25.83,0.57,8.700972080037227,3.0701278234985114
17.84,66.09,43.1,21.09,64.19,23.48347601937197,1.78,22.87,14.0,0.57,8.700972080037227,3.0701278234985114
18.74,71.13,52.31,22.34,74.65,23.48347601937197,1.85,23.04,15.02,1.02,8.700972080037227,3.0701278234985114
16.1,59.23,44.91,21.77,66.69,23.48347601937197,1.78,23.21,21.22,0.43,8.700972080037227,3.0701278234985114
16.87,60.7,38.38,18.49,56.87,23.48347601937197,1.73,23.29,22.29,0.58,8.700972080037227,3.0701278234985114
14.22,52.28,40.36,17.8,58.16,23.48347601937197,1.77,23.47,19.22,0.4,8.700972080037227,3.0701278234985114
17.17,64.97,29.93,15.32,45.25,23.48347601937197,1.74,22.99,20.81,0.32,8.700972080037227,3.0701278234985114
22.32,76.97,44.14,20.93,65.09,23.48347601937197,1.83,23.7,24.64,1.52,8.700972080037227,3.0701278234985114
13.15,50.12,21.7,20.49,42.2,23.48347601937197,1.69,19.47,19.05,0.17,8.700972080037227,3.0701278234985114
21.44,88.17,37.19,34.18,71.36,23.48347601937197,1.82,20.13,32.75,0.32,8.700972080037227,3.0701278234985114
21.5,95.76,34.43,27.23,61.67,23.48347601937197,1.84,20.07,21.3,0.37,8.700972080037227,3.0701278234985114
21.17,69.22,35.8,23.45,59.26,23.48347601937197,1.89,20.28,14.96,0.57,8.700972080037227,3.0701278234985114
20.98,75.94,38.67,27.14,65.82,23.48347601937197,1.86,22.6,24.44,0.49,8.700972080037227,3.0701278234985114
18.09,71.69,42.5,22.31,64.82,23.48347601937197,1.84,24.63,32.45,0.27,8.700972080037227,3.0701278234985114
16.24,67.42,26.75,14.65,41.4,23.48347601937197,1.77,23.62,34.41,0.19,8.700972080037227,3.0701278234985114
17.48,57.09,25.69,15.74,41.43,23.48347601937197,1.76,22.37,31.8,0.19,8.700972080037227,3.0701278234985114
17.19,74.24,28.67,18.72,47.4,23.48347601937197,1.79,20.85,27.22,0.23,8.700972080037227,3.0701278234985114
26.23,99.86,53.5,24.73,78.23,23.48347601937197,1.94,24.2,22.74,0.47,8.700972080037227,3.0701278234985114
22.63,88.73,29.2,22.3,51.5,23.48347601937197,1.85,23.8,15.57,0.3,8.700972080037227,3.0701278234985114
21.86,85.4,31.26,19.2,50.47,23.48347601937197,1.84,24.52,18.42,0.33,8.700972080037227,3.0701278234985114
19.09,89.67,22.92,12.89,35.82,23.48347601937197,1.77,23.3,12.82,0.15,8.700972080037227,3.0701278234985114
17.93,85.82,29.42,14.87,44.64,23.48347601937197,1.8,19.09,11.7,0.34,8.700972080037227,3.0701278234985114
16.54,76.05,27.84,16.35,44.2,23.48347601937197,1.8,19.29,16.35,0.17,8.700972080037227,3.0701278234985114
14.8,71.97,21.85,9.55,31.4,23.48347601937197,1.79,19.68,17.61,0.16,8.700972080037227,3.0701278234985114
15.73,61.85,30.79,12.71,43.5,23.48347601937197,1.8,19.8,19.01,0.25,8.700972080037227,3.0701278234985114
13.48,52.14,37.16,13.09,50.76,23.48347601937197,1.82,21.62,21.85,0.29,8.700972080037227,3.0701278234985114
12.89,47.56,23.64,9.3,32.94,23.48347601937197,1.76,24.67,24.36,0.4,8.700972080037227,3.0701278234985114
10.95,46.73,26.4,11.28,37.68,23.48347601937197,1.76,24.3,11.22,0.29,8.700972080037227,3.0701278234985114
12.8,49.69,23.09,11.68,34.78,23.48347601937197,1.75,24.35,18.84,0.22,8.700972080037227,3.0701278234985114
12.96,45.38,32.79,19.48,52.27,23.48347601937197,1.78,24.31,16.01,0.25,8.700972080037227,3.0701278234985114
14.62,62.45,36.73,18.89,55.62,23.48347601937197,1.81,24.16,15.75,0.3,8.700972080037227,3.0701278234985114
18.73,70.93,23.25,14.77,38.03,23.48347601937197,1.77,24.34,15.94,0.21,8.700972080037227,3.0701278234985114
15.43,64.72,35.17,16.34,51.52,23.48347601937197,1.67,22.41,20.13,0.22,8.700972080037227,3.0701278234985114
15.19,64.91,30.53,15.87,46.41,23.48347601937197,1.45,22.61,22.69,0.28,8.700972080037227,3.0701278234985114
16.01,58.49,25.31,14.07,39.38,23.48347601937197,1.43,19.58,19.94,0.16,8.700972080037227,3.0701278234985114
15.25,64.12,40.23,18.31,58.54,23.48347601937197,1.5,18.85,14.32,0.23,8.700972080037227,3.0701278234985114
16.14,74.72,54.67,20.05,74.73,23.48347601937197,1.62,24.56,14.88,0.31,8.700972080037227,3.0701278234985114
12.37,58.55,38.35,20.27,58.63,23.48347601937197,1.54,23.69,15.65,0.25,8.700972080037227,3.0701278234985114
12.04,58.33,31.5,16.87,48.37,23.48347601937197,1.65,17.63,22.67,0.19,8.700972080037227,3.0701278234985114
14.62,69.48,25.94,14.59,39.98,23.48347601937197,1.79,11.05,15.14,0.19,8.700972080037227,3.0701278234985114
11.08,45.31,20.11,12.09,32.21,23.48347601937197,1.75,10.84,14.77,0.13,8.700972080037227,3.0701278234985114
25.61,55.67,37.17,13.9,51.08,23.48347601937197,1.78,11.83,17.17,0.17,8.700972080037227,3.0701278234985114
16.84,79.74,32.58,12.8,45.39,23.48347601937197,1.69,10.96,14.79,0.18,8.700972080037227,3.0701278234985114
14.03,60.49,25.71,10.11,35.83,23.48347601937197,1.41,12.41,26.22,0.11,8.700972080037227,3.0701278234985114
17.07,76.72,28.86,9.62,38.49,23.48347601937197,1.36,15.93,23.81,0.16,8.700972080037227,3.0701278234985114
18.11,86.81,29.58,9.78,39.36,23.48347601937197,1.45,14.91,23.04,0.14,8.700972080037227,3.0701278234985114
16.57,72.77,30.56,9.8,40.36,23.48347601937197,1.76,11.23,19.96,0.16,8.700972080037227,3.0701278234985114
14.93,60.16,25.94,9.83,35.78,23.48347601937197,1.7,11.33,26.66,0.92,8.700972080037227,3.0701278234985114
12.88,48.56,26.93,9.69,36.62,23.48347601937197,1.39,11.02,19.95,0.28,8.700972080037227,3.0701278234985114
13.92,48.68,31.28,11.04,42.32,23.48347601937197,1.45,13.74,31.89,0.23,8.700972080037227,3.0701278234985114
12.38,45.97,32.6,14.13,46.54,23.48347601937197,1.58,16.05,24.38,0.23,8.700972080037227,3.0701278234985114
12.49,43.71,32.2,13.65,45.85,23.48347601937197,1.6,16.32,24.89,0.24,8.700972080037227,3.0701278234985114
16.91,45.9,26.45,11.69,38.15,7.21,1.29,13.11,24.56,0.23,8.700972080037227,3.0701278234985114
14.51,49.54,16.3,7.05,23.25,7.47,0.68,7.54,18.91,0.92,8.700972080037227,3.0701278234985114
16.41,53.63,12.61,6.38,18.98,8.87,0.63,9.08,17.04,0.62,8.700972080037227,3.0701278234985114
12.41,57.2,17.28,8.5,25.75,10.61,0.58,9.9,18.84,1.16,8.700972080037227,3.0701278234985114
12.86,65.7,23.87,11.45,35.29,11.13,0.5,10.37,17.37,1.88,8.700972080037227,3.0701278234985114
14.42,77.47,25.34,11.93,36.46,9.55,0.52,8.74,18.69,1.77,8.700972080037227,3.0701278234985114
16.3,85.38,27.75,11.54,38.53,8.39,0.55,9.59,15.94,1.71,8.700972080037227,3.0701278234985114
18.41,75.69,27.33,20.97,48.3,16.2,0.68,9.76,22.76,2.26,8.700972080037227,3.0701278234985114
18.13,50.39,22.23,28.04,50.27,18.1,0.7,9.34,30.22,3.18,8.700972080037227,3.0701278234985114
15.48,46.88,25.57,19.26,44.77,17.14,0.63,9.46,20.67,2.3,8.700972080037227,3.0701278234985114
13.64,57.28,21.6,15.52,36.51,15.49,0.53,8.57,21.85,1.31,8.700972080037227,3.0701278234985114
15.87,56.1,23.48,13.6,36.99,14.05,0.53,9.5,13.58,2.08,8.700972080037227,3.0701278234985114
13.97,48.22,23.56,14.4,37.27,13.96,0.51,10.38,12.83,2.05,8.700972080037227,3.0701278234985114
11.64,55.6,17.38,9.91,26.09,10.25,0.33,9.73,14.62,0.97,8.700972080037227,3.0701278234985114
12.33,59.29,17.32,9.55,26.02,9.36,0.44,10.37,14.3,0.98,8.700972080037227,3.0701278234985114
14.3,52.99,17.55,11.91,29.1,8.75,0.51,10.39,14.79,1.09,8.700972080037227,3.0701278234985114
14.45,56.82,22.59,13.23,34.57,9.6,0.53,10.8,12.38,1.69,8.700972080037227,3.0701278234985114
15.98,82.29,27.03,11.25,35.37,8.91,0.48,10.9,13.0,1.41,8.700972080037227,3.0701278234985114
16.49,78.83,26.62,11.72,35.38,9.47,0.46,11.22,12.15,1.78,8.700972080037227,3.0701278234985114
19.33,88.55,25.32,13.33,35.7,10.41,0.46,11.19,13.26,1.71,8.700972080037227,3.0701278234985114
18.81,88.85,22.83,13.27,33.94,9.22,0.43,11.77,13.74,1.32,8.700972080037227,3.0701278234985114
20.36,80.85,20.8,15.53,36.33,8.51,0.54,12.04,13.16,1.69,8.700972080037227,3.0701278234985114
17.72,53.76,30.17,14.17,44.24,12.19,0.52,11.48,14.9,3.62,8.700972080037227,3.0701278234985114
15.04,49.61,27.65,13.16,40.77,12.07,0.47,11.63,13.43,2.06,8.700972080037227,3.0701278234985114
10.52,31.79,29.74,14.18,43.92,12.66,0.51,10.94,13.41,3.15,8.700972080037227,3.0701278234985114
7.2,31.49,21.04,11.4,32.43,8.71,0.44,9.39,16.47,1.49,8.700972080037227,3.0701278234985114
10.31,34.34,19.59,15.26,34.84,7.86,0.49,9.21,19.59,1.46,8.700972080037227,3.0701278234985114
11.91,39.11,22.59,15.23,35.8,7.93,0.53,9.42,14.72,1.76,8.700972080037227,3.0701278234985114
8.73,24.69,21.26,17.34,38.51,7.62,0.55,11.08,17.01,1.5,8.700972080037227,3.0701278234985114
9.86,21.58,27.78,19.56,47.34,11.71,0.59,12.53,14.59,1.72,8.700972080037227,3.0701278234985114
13.44,31.61,37.74,17.27,54.8,12.88,0.62,13.27,12.88,4.07,8.700972080037227,3.0701278234985114
16.28,43.96,44.97,14.32,58.4,10.29,0.72,12.93,12.16,2.91,8.700972080037227,3.0701278234985114
13.97,53.1,31.89,13.72,44.87,11.0,0.57,12.61,12.64,2.19,8.700972080037227,3.0701278234985114
10.48,46.43,20.99,11.91,30.74,7.73,0.42,11.13,14.05,1.11,8.700972080037227,3.0701278234985114
17.65,82.39,20.06,9.3,29.25,5.74,0.42,11.35,15.25,1.69,8.700972080037227,3.0701278234985114
9.78,54.07,22.01,12.64,34.24,6.49,0.44,11.47,14.2,2.13,8.700972080037227,3.0701278234985114
10.49,45.85,18.6,10.51,28.55,6.16,0.41,10.75,14.75,1.09,8.700972080037227,3.0701278234985114
8.69,28.14,25.96,12.99,38.82,6.27,0.47,9.36,12.85,1.9,8.700972080037227,3.0701278234985114
11.0,49.5,28.42,10.58,37.52,8.24,0.41,7.28,12.22,2.11,8.700972080037227,3.0701278234985114
11.6,48.04,24.42,11.89,35.3,6.75,0.44,7.21,13.87,2.13,8.700972080037227,3.0701278234985114
11.06,44.93,25.43,11.47,36.87,5.61,0.44,7.38,11.65,1.71,8.700972080037227,3.0701278234985114
9.18,43.54,26.83,9.99,36.79,5.43,0.44,8.0,13.45,1.74,8.700972080037227,3.0701278234985114
10.76,57.0,22.66,9.99,32.65,6.57,0.43,8.18,13.18,1.88,8.700972080037227,3.0701278234985114
11.46,51.18,28.27,9.44,37.71,7.03,0.45,8.32,11.87,1.63,8.700972080037227,3.0701278234985114
14.55,59.21,27.74,9.47,37.14,11.05,0.49,8.6,12.26,2.68,8.700972080037227,3.0701278234985114
14.07,62.65,24.18,11.3,35.47,14.42,0.46,9.19,12.41,1.95,8.700972080037227,3.0701278234985114
18.79,78.75,28.95,13.24,42.14,17.49,0.51,10.0,12.25,2.08,8.700972080037227,3.0701278234985114
18.67,57.53,32.17,16.96,49.09,17.58,0.62,9.35,12.88,2.7,8.700972080037227,3.0701278234985114
22.6,48.5,33.18,19.66,52.83,16.54,0.71,9.54,16.46,2.69,8.700972080037227,3.0701278234985114
11.58,32.14,21.45,16.13,37.5,16.04,0.55,8.73,17.35,2.18,8.700972080037227,3.0701278234985114
7.33,25.93,22.41,15.21,37.59,14.29,0.4,8.17,15.68,2.67,8.700972080037227,3.0701278234985114
7.93,22.05,22.44,13.77,36.2,13.52,0.28,7.67,15.25,2.83,8.700972080037227,3.0701278234985114
14.23,42.48,26.43,13.12,39.55,13.69,0.31,8.02,14.15,3.44,8.700972080037227,3.0701278234985114
11.83,41.53,21.56,10.47,32.01,12.09,0.27,8.06,14.63,3.58,8.700972080037227,3.0701278234985114
11.84,43.68,17.04,10.49,26.48,10.02,0.43,7.62,17.47,2.08,8.700972080037227,3.0701278234985114
14.16,53.66,17.06,9.9,25.59,9.87,0.46,8.41,16.94,2.15,8.700972080037227,3.0701278234985114
12.93,47.19,17.86,10.8,27.06,13.77,0.51,8.57,13.16,1.92,8.700972080037227,3.0701278234985114
10.37,32.95,23.37,12.72,33.95,15.65,0.46,7.7,15.39,1.87,8.700972080037227,3.0701278234985114
9.25,33.22,18.95,11.75,30.2,18.33,0.46,7.75,14.5,2.33,8.700972080037227,3.0701278234985114
9.44,38.95,18.22,10.59,27.45,16.59,0.43,7.93,14.61,2.14,8.700972080037227,3.0701278234985114
7.97,29.55,18.23,9.89,27.33,16.34,0.4,8.6,13.84,1.8,8.700972080037227,3.0701278234985114
11.9,41.42,18.87,9.02,26.81,12.44,0.42,10.04,12.85,1.58,8.700972080037227,3.0701278234985114
10.6,41.04,23.34,9.73,31.87,12.25,0.44,9.83,11.1,1.54,8.700972080037227,3.0701278234985114
12.73,51.39,24.49,9.14,32.45,11.54,0.43,9.37,12.52,1.17,8.700972080037227,3.0701278234985114
18.67,72.32,23.89,9.7,32.84,11.17,0.44,9.46,12.52,1.19,8.700972080037227,3.0701278234985114
18.48,66.95,19.78,8.54,28.11,10.95,0.43,9.26,11.43,1.38,8.700972080037227,3.0701278234985114
18.71,76.53,18.0,7.54,23.54,9.67,0.41,9.13,12.07,2.46,8.700972080037227,3.0701278234985114
15.56,62.75,19.14,7.74,25.2,8.21,0.43,8.71,12.19,1.31,8.700972080037227,3.0701278234985114
12.73,56.76,20.93,7.92,28.39,8.78,0.45,7.44,11.54,1.33,8.700972080037227,3.0701278234985114
13.07,52.56,28.81,10.19,38.17,10.04,0.54,8.19,9.89,1.5,8.700972080037227,3.0701278234985114
15.06,61.4,27.53,12.45,39.97,10.91,0.57,8.64,10.8,1.25,8.700972080037227,3.0701278234985114
11.75,47.84,23.11,10.33,33.42,10.23,0.53,9.53,12.32,1.3,8.700972080037227,3.0701278234985114
11.89,51.78,21.54,9.91,31.39,8.81,0.52,9.55,12.81,1.14,8.700972080037227,3.0701278234985114
13.3,64.05,17.68,9.24,26.81,8.8,0.52,7.74,13.62,1.3,8.700972080037227,3.0701278234985114
11.37,52.68,20.6,8.69,29.22,8.62,0.55,7.38,11.22,1.59,8.700972080037227,3.0701278234985114
11.44,53.12,23.24,9.8,32.29,10.27,0.54,8.07,10.44,2.04,8.700972080037227,3.0701278234985114
13.78,63.94,25.29,11.11,35.44,8.67,0.51,8.9,10.72,1.63,8.700972080037227,3.0701278234985114
15.77,53.39,21.95,11.06,32.19,5.67,0.52,8.59,11.15,1.69,8.700972080037227,3.0701278234985114
12.96,53.14,22.39,10.74,32.56,7.52,0.55,9.01,10.33,1.68,8.700972080037227,3.0701278234985114
16.01,52.92,23.11,11.58,34.04,12.92,0.6,9.56,9.38,2.93,8.700972080037227,3.0701278234985114
18.56,49.36,18.39,10.06,27.72,12.42,0.58,9.6,11.89,1.81,8.700972080037227,3.0701278234985114
12.37,47.31,24.17,11.86,35.08,12.82,0.69,11.14,8.11,2.95,8.700972080037227,3.0701278234985114
14.76,59.08,24.26,11.3,34.95,15.1,0.64,12.3,8.62,2.71,8.700972080037227,3.0701278234985114
13.53,55.06,22.73,10.38,32.22,14.52,0.35,11.97,10.51,2.24,8.700972080037227,3.0701278234985114
12.75,45.0,18.89,9.91,28.73,19.5,0.46,11.47,9.27,2.68,8.700972080037227,3.0701278234985114
13.24,46.32,22.52,10.03,32.28,15.95,0.66,11.13,8.93,2.43,8.700972080037227,3.0701278234985114
11.17,39.63,27.41,10.86,37.62,16.12,0.67,10.95,7.12,2.08,8.700972080037227,3.0701278234985114
11.53,42.24,23.87,11.28,34.6,15.21,0.63,11.18,8.93,1.55,8.700972080037227,3.0701278234985114
9.75,32.99,25.25,10.74,35.69,11.7,0.65,11.02,10.84,1.49,8.700972080037227,3.0701278234985114
12.12,41.22,24.24,9.33,32.13,9.82,0.71,10.89,8.56,1.83,8.700972080037227,3.0701278234985114
6.72,21.31,22.59,11.46,33.25,11.08,0.64,10.98,9.87,1.39,8.700972080037227,3.0701278234985114
7.68,20.72,16.94,12.01,28.84,12.63,0.62,11.23,9.36,1.14,8.700972080037227,3.0701278234985114
8.69,29.63,13.52,13.69,26.66,9.0,0.67,11.81,12.28,1.11,8.700972080037227,3.0701278234985114
12.07,46.77,14.4,12.67,26.77,9.16,0.57,12.02,9.24,1.22,8.700972080037227,3.0701278234985114
13.89,51.1,10.6,12.29,22.61,9.89,0.39,11.8,10.38,1.18,8.700972080037227,3.0701278234985114
14.62,47.04,20.44,13.79,33.46,10.31,0.52,12.02,7.52,1.27,8.700972080037227,3.0701278234985114
10.93,41.79,13.61,12.54,23.65,10.26,0.44,11.38,7.84,1.29,8.700972080037227,3.0701278234985114
12.93,39.62,24.34,13.82,38.08,11.37,0.54,12.0,7.08,1.3,8.700972080037227,3.0701278234985114
13.24,54.5,17.51,12.13,29.52,11.01,0.46,11.58,9.01,1.13,8.700972080037227,3.0701278234985114
10.85,32.85,18.68,17.71,35.25,9.14,0.62,11.31,12.04,1.12,8.700972080037227,3.0701278234985114
11.95,45.25,31.62,13.78,44.35,19.52,0.57,12.4,7.17,1.25,8.700972080037227,3.0701278234985114
16.24,43.48,31.84,12.93,44.44,15.38,0.59,11.46,8.24,1.11,8.700972080037227,3.0701278234985114
17.95,42.66,36.78,17.44,52.32,14.89,0.8,12.06,7.93,1.36,8.700972080037227,3.0701278234985114
21.73,38.49,15.81,30.97,46.79,13.33,0.83,11.61,18.46,1.44,8.700972080037227,3.0701278234985114
14.94,34.2,17.92,21.94,39.84,17.44,0.75,10.98,10.91,1.65,8.700972080037227,3.0701278234985114
12.09,33.0,20.6,16.97,37.44,15.24,0.47,8.75,11.09,2.07,8.700972080037227,3.0701278234985114
15.09,44.55,15.96,15.95,31.9,12.04,0.45,6.85,11.12,2.98,8.700972080037227,3.0701278234985114
18.6,57.85,20.12,13.64,33.08,13.89,0.55,7.6,8.68,2.6,8.700972080037227,3.0701278234985114
15.04,59.47,21.42,12.38,32.84,11.16,0.57,7.4,9.33,3.68,8.700972080037227,3.0701278234985114
16.9,37.22,20.46,22.09,42.0,11.57,0.67,7.63,10.74,2.99,8.700972080037227,3.0701278234985114
17.28,39.46,22.87,19.61,41.89,19.44,0.67,7.97,10.72,3.29,8.700972080037227,3.0701278234985114
16.15,56.33,28.85,11.75,39.43,14.04,0.47,8.57,8.0,2.56,8.700972080037227,3.0701278234985114
17.62,52.25,27.17,14.41,40.88,13.22,0.66,8.76,8.22,2.01,8.700972080037227,3.0701278234985114
24.77,64.32,24.94,18.88,42.97,13.33,0.71,9.19,10.65,2.11,8.700972080037227,3.0701278234985114
32.11,74.94,30.47,23.52,52.77,17.09,1.19,9.91,15.35,2.48,8.700972080037227,3.0701278234985114
35.13,77.75,27.92,27.19,53.84,14.61,0.83,11.47,27.28,2.67,8.700972080037227,3.0701278234985114
45.48,88.32,17.51,26.69,42.85,14.0,0.84,10.13,26.16,2.47,8.700972080037227,3.0701278234985114
21.6,49.28,17.6,27.88,45.09,13.27,1.02,10.08,20.53,2.33,8.700972080037227,3.0701278234985114
39.03,81.82,22.43,33.69,55.32,13.7,0.89,11.46,24.9,2.62,8.700972080037227,3.0701278234985114
28.56,48.57,34.93,24.93,59.86,19.56,1.08,11.67,8.47,4.52,8.700972080037227,3.0701278234985114
15.09,29.91,26.82,21.0,46.26,21.13,1.19,11.06,8.69,4.25,8.700972080037227,3.0701278234985114
17.75,41.34,20.91,20.24,39.17,19.3,1.03,10.82,15.31,4.92,8.700972080037227,3.0701278234985114
17.92,44.55,19.12,22.87,40.4,15.09,1.04,10.54,15.92,5.61,8.700972080037227,3.0701278234985114
17.85,41.64,39.34,18.52,55.43,16.18,0.89,11.87,7.6,6.3,8.700972080037227,3.0701278234985114
30.71,72.1,41.44,24.2,63.53,17.51,1.04,12.45,8.38,6.06,8.700972080037227,3.0701278234985114
20.04,46.59,24.72,23.05,47.77,16.19,0.93,10.47,6.84,4.28,8.700972080037227,3.0701278234985114
25.58,57.91,35.65,18.86,54.15,15.37,0.91,9.45,8.26,5.53,8.700972080037227,3.0701278234985114
53.5,91.27,23.72,17.36,40.97,17.58,0.68,9.61,13.97,6.46,8.700972080037227,3.0701278234985114
40.81,84.5,19.68,25.09,44.63,13.88,0.83,13.26,16.87,5.47,8.700972080037227,3.0701278234985114
25.37,77.85,23.35,26.43,49.77,14.51,0.8,14.56,11.5,5.92,8.700972080037227,3.0701278234985114
16.55,57.59,20.48,25.78,44.17,14.82,0.65,14.62,13.02,4.59,8.700972080037227,3.0701278234985114
11.99,39.96,18.12,23.12,41.17,16.57,0.64,14.22,9.88,5.09,8.700972080037227,3.0701278234985114
20.09,62.74,25.17,23.86,48.84,17.7,0.72,15.36,10.7,5.97,8.700972080037227,3.0701278234985114
28.41,66.83,21.88,26.02,47.57,13.52,0.84,13.21,16.42,5.52,8.700972080037227,3.0701278234985114
36.96,76.94,12.57,30.58,42.93,14.93,0.85,15.39,22.29,5.24,8.700972080037227,3.0701278234985114
19.26,52.22,9.35,20.79,30.05,13.56,0.61,9.31,13.36,5.55,8.700972080037227,3.0701278234985114
12.19,41.81,13.33,22.57,35.9,11.76,0.61,8.53,15.25,5.65,8.700972080037227,3.0701278234985114
27.12,73.34,18.64,31.47,50.12,13.91,0.8,8.97,14.44,6.41,8.700972080037227,3.0701278234985114
49.51,98.73,26.17,30.33,56.49,13.09,1.02,9.21,21.17,5.78,8.700972080037227,3.0701278234985114
49.87,109.16,22.61,33.59,56.18,18.07,0.89,10.19,25.2,6.39,8.700972080037227,3.0701278234985114
36.33,97.67,21.17,26.54,46.51,18.73,0.7,6.28,30.25,4.48,8.700972080037227,3.0701278234985114
30.53,91.62,18.69,30.43,49.11,15.37,0.65,6.32,37.85,3.56,8.700972080037227,3.0701278234985114
34.16,84.73,15.66,31.54,47.2,16.18,0.66,5.95,37.14,3.36,8.700972080037227,3.0701278234985114
51.0,115.87,21.31,41.19,62.5,15.45,0.68,6.3,38.68,3.72,8.700972080037227,3.0701278234985114
25.47,81.69,27.08,21.6,45.51,19.6,0.64,8.01,22.79,3.72,8.700972080037227,3.0701278234985114
19.77,97.0,13.46,22.88,34.71,16.2,0.56,4.22,37.65,1.54,8.700972080037227,3.0701278234985114
16.04,74.65,13.42,19.18,32.6,14.87,0.43,11.07,24.98,3.28,8.700972080037227,3.0701278234985114
18.59,80.55,17.93,24.74,42.67,14.78,0.49,10.72,22.72,3.65,8.700972080037227,3.0701278234985114
23.81,108.48,12.31,30.64,42.95,14.74,0.5,7.84,34.81,3.03,8.700972080037227,3.0701278234985114
21.08,84.44,32.78,14.85,45.69,22.48,0.5,6.6,19.03,7.94,8.700972080037227,3.0701278234985114
20.14,67.91,23.5,16.51,38.19,20.59,0.47,11.0,24.3,4.4,8.700972080037227,3.0701278234985114
16.75,53.27,12.44,9.46,20.96,16.68,0.36,12.08,27.87,3.0,8.700972080037227,3.0701278234985114
23.48,64.7,9.84,11.07,20.27,14.84,0.42,12.02,32.77,3.54,8.700972080037227,3.0701278234985114
35.58,92.81,10.91,12.34,22.74,13.82,0.52,8.75,38.04,4.72,8.700972080037227,3.0701278234985114
30.86,77.24,10.93,11.34,21.67,11.97,0.5,8.32,31.58,5.05,8.700972080037227,3.0701278234985114
27.82,65.48,11.52,11.3,21.6,11.6,0.43,10.16,26.73,6.4,8.700972080037227,3.0701278234985114
24.81,69.65,8.32,8.64,16.85,11.1,0.4,7.19,35.76,3.78,8.700972080037227,3.0701278234985114
28.14,67.46,7.49,11.9,19.07,11.2,0.48,7.55,38.94,3.96,8.700972080037227,3.0701278234985114
23.43,66.1,6.46,9.89,16.35,9.98,0.42,7.27,47.85,4.05,8.700972080037227,3.0701278234985114
23.57,63.65,7.59,9.66,17.25,9.82,0.43,6.86,39.26,4.34,8.700972080037227,3.0701278234985114
25.36,63.61,9.69,9.0,18.14,10.37,0.46,7.26,29.17,3.88,8.700972080037227,3.0701278234985114
20.08,58.94,9.72,7.77,17.03,10.35,0.4,6.55,31.73,3.3,8.700972080037227,3.0701278234985114
26.27,77.19,8.63,8.62,16.94,9.96,0.43,6.84,37.54,3.7,8.700972080037227,3.0701278234985114
24.33,83.88,8.18,7.58,15.5,9.2,0.39,6.49,29.94,3.31,8.700972080037227,3.0701278234985114
24.7,78.44,9.35,7.94,16.89,8.72,0.42,6.47,28.5,3.52,8.700972080037227,3.0701278234985114
27.36,73.53,10.76,8.48,18.47,8.25,0.44,6.67,28.81,3.65,8.700972080037227,3.0701278234985114
20.82,54.45,10.49,6.55,16.46,7.73,0.36,7.06,23.34,3.76,8.700972080037227,3.0701278234985114
24.1,79.61,12.88,6.24,18.28,7.31,0.36,7.06,18.93,3.68,8.700972080037227,3.0701278234985114
29.52,98.54,14.47,6.72,20.06,7.97,0.37,6.95,14.77,4.37,8.700972080037227,3.0701278234985114
28.3,93.39,14.81,6.81,20.89,9.05,0.38,8.89,15.14,3.24,8.700972080037227,3.0701278234985114
25.89,83.39,12.95,6.96,19.36,8.32,0.37,8.49,20.75,3.34,8.700972080037227,3.0701278234985114
29.54,82.21,12.22,7.98,19.82,6.82,0.44,7.97,21.8,2.65,8.700972080037227,3.0701278234985114
28.26,81.99,12.69,9.13,21.29,6.12,0.45,7.79,20.04,4.69,8.700972080037227,3.0701278234985114
25.58,75.31,14.18,9.18,22.44,6.31,0.44,7.39,16.16,4.16,8.700972080037227,3.0701278234985114
26.89,81.61,14.12,10.47,23.66,7.83,0.53,7.61,18.91,4.12,8.700972080037227,3.0701278234985114
26.61,66.58,14.66,9.77,23.66,8.03,0.72,7.78,19.93,6.08,8.700972080037227,3.0701278234985114
20.55,55.03,12.42,9.16,21.06,6.81,0.59,6.73,19.32,6.9,8.700972080037227,3.0701278234985114
20.54,53.53,15.73,7.89,22.75,6.21,0.64,6.36,16.09,7.81,8.700972080037227,3.0701278234985114
18.48,52.34,14.47,8.08,21.9,7.02,0.63,6.34,16.7,4.53,8.700972080037227,3.0701278234985114
19.99,63.75,12.36,9.07,21.07,7.11,0.65,6.79,21.48,6.9,8.700972080037227,3.0701278234985114
25.7,81.0,13.28,10.38,23.34,9.29,0.7,7.88,20.19,5.79,8.700972080037227,3.0701278234985114
18.64,54.81,15.42,6.97,21.67,10.49,0.57,7.59,23.39,5.45,8.700972080037227,3.0701278234985114
18.03,52.92,17.22,6.11,22.57,8.12,0.41,8.4,22.45,4.32,8.700972080037227,3.0701278234985114
19.8,54.84,18.58,6.99,24.9,7.04,0.4,10.28,19.66,3.45,8.700972080037227,3.0701278234985114
20.82,47.88,17.53,6.09,22.62,6.92,0.38,11.57,18.66,4.22,8.700972080037227,3.0701278234985114
16.78,44.63,15.01,6.5,20.87,6.74,0.32,12.46,23.08,5.06,8.700972080037227,3.0701278234985114
19.05,51.09,17.43,8.25,24.82,6.13,0.36,14.12,22.98,14.21,8.700972080037227,3.0701278234985114
17.23,45.04,15.92,5.72,20.66,6.06,0.34,14.37,17.94,8.98,8.700972080037227,3.0701278234985114
19.82,50.93,13.63,7.66,20.73,6.12,0.35,13.98,25.02,16.93,8.700972080037227,3.0701278234985114
21.01,57.68,19.66,6.68,28.03,5.42,0.36,14.49,24.01,13.9,8.700972080037227,3.0701278234985114
20.8,53.42,15.49,6.96,21.92,5.42,0.33,15.2,17.54,4.34,8.700972080037227,3.0701278234985114
15.53,43.76,14.86,5.54,19.46,5.4,0.31,14.47,18.53,2.59,8.700972080037227,3.0701278234985114
13.15,39.87,17.89,5.44,24.58,4.84,0.28,12.43,16.06,2.28,8.700972080037227,3.0701278234985114
12.02,34.64,15.73,5.28,19.74,5.47,0.27,12.04,15.22,2.57,8.700972080037227,3.0701278234985114
11.2,42.66,24.49,6.59,28.82,6.16,0.29,10.62,16.25,2.83,8.700972080037227,3.0701278234985114
12.09,55.6,22.12,6.71,26.12,5.28,0.3,12.95,17.43,2.19,8.700972080037227,3.0701278234985114
14.3,52.48,23.01,6.24,25.71,4.3,0.35,20.98,19.58,2.77,8.700972080037227,3.0701278234985114
15.26,60.85,20.66,5.62,22.25,3.93,0.38,29.68,21.41,2.9,8.700972080037227,3.0701278234985114
14.21,54.67,17.02,5.12,18.7,4.03,0.3,32.49,21.56,3.11,8.700972080037227,3.0701278234985114
13.08,49.13,26.93,3.32,27.04,3.19,0.3,32.18,19.12,2.98,8.700972080037227,3.0701278234985114
16.85,57.84,28.97,6.4,32.83,3.6,0.36,28.8,18.86,3.15,8.700972080037227,3.0701278234985114
13.72,51.68,32.32,5.73,35.71,3.53,0.34,37.37,18.22,2.8,8.700972080037227,3.0701278234985114
14.67,53.52,21.01,7.35,27.59,3.73,0.28,29.05,19.43,2.08,8.700972080037227,3.0701278234985114
15.23,56.14,21.05,9.24,29.15,2.91,0.29,21.85,15.53,2.3,8.700972080037227,3.0701278234985114
17.67,62.36,19.37,9.47,28.12,4.07,0.31,26.61,15.69,3.23,8.700972080037227,3.0701278234985114
30.44,109.67,29.33,9.88,37.14,4.49,0.31,14.56,18.71,2.7,8.700972080037227,3.0701278234985114
21.3,74.82,15.73,9.61,22.49,4.34,0.26,15.6,24.78,2.11,8.700972080037227,3.0701278234985114
15.36,65.41,22.2,9.44,28.68,4.19,0.28,14.24,19.74,1.68,8.700972080037227,3.0701278234985114
14.14,48.48,22.15,11.07,31.18,5.56,0.28,14.07,19.82,2.2,8.700972080037227,3.0701278234985114
16.44,43.01,15.41,12.93,26.23,4.12,0.27,12.22,20.84,1.89,8.700972080037227,3.0701278234985114
14.78,43.77,13.97,11.9,24.26,3.23,0.26,12.06,21.34,0.8,8.700972080037227,3.0701278234985114
15.18,52.48,16.39,10.89,27.1,3.29,0.29,10.33,18.87,1.0,8.700972080037227,3.0701278234985114
12.33,44.41,14.5,10.01,24.05,3.11,0.25,9.66,18.56,0.64,8.700972080037227,3.0701278234985114
11.81,53.97,13.1,9.36,21.39,3.07,0.25,8.85,19.15,0.7,8.700972080037227,3.0701278234985114
12.64,60.01,15.81,8.14,23.68,3.08,0.24,8.57,18.75,0.62,8.700972080037227,3.0701278234985114
11.7,49.07,16.71,8.74,25.38,4.51,0.21,6.44,19.01,0.71,8.700972080037227,3.0701278234985114
12.21,46.97,15.52,7.43,22.69,4.61,0.22,6.76,18.17,0.52,8.700972080037227,3.0701278234985114
8.99,41.07,13.06,6.51,19.4,3.39,0.31,6.9,15.63,1.56,8.700972080037227,3.0701278234985114
21.94,46.59,13.56,16.61,30.17,4.66,0.43,7.71,23.44,1.92,8.700972080037227,3.0701278234985114
11.26,33.01,16.89,16.35,33.24,13.01,0.31,11.64,23.29,1.54,8.700972080037227,3.0701278234985114
10.46,31.78,20.73,11.19,31.51,8.08,0.38,13.66,10.47,1.8,8.700972080037227,3.0701278234985114
10.36,27.75,21.91,12.43,34.3,11.9,0.39,13.49,10.05,1.62,8.700972080037227,3.0701278234985114
9.87,25.02,18.38,12.87,31.24,10.7,0.38,10.2,10.15,1.88,8.700972080037227,3.0701278234985114
9.59,22.68,16.53,13.97,30.5,10.33,0.44,11.24,13.5,1.88,8.700972080037227,3.0701278234985114
14.69,54.73,20.58,11.74,32.26,12.19,0.42,10.96,8.68,2.49,8.700972080037227,3.0701278234985114
11.97,52.15,14.78,8.43,23.03,10.46,0.34,10.72,8.3,0.9,8.700972080037227,3.0701278234985114
9.27,41.0,11.95,9.94,21.69,9.36,0.32,11.43,9.32,1.11,8.700972080037227,3.0701278234985114
12.61,47.23,15.68,10.56,26.17,9.03,0.39,8.82,8.49,2.26,8.700972080037227,3.0701278234985114
9.56,32.9,17.96,14.83,32.78,13.97,0.38,5.01,9.94,1.4,8.700972080037227,3.0701278234985114
8.73,30.22,22.24,11.76,34.0,12.7,0.4,4.77,9.34,1.89,8.700972080037227,3.0701278234985114
11.84,43.79,23.7,9.81,32.92,8.94,0.4,5.19,7.88,1.7,8.700972080037227,3.0701278234985114
13.82,47.1,25.81,8.6,33.63,17.45,0.42,7.66,6.02,0.73,8.700972080037227,3.0701278234985114
18.04,63.72,28.29,8.58,36.07,26.69,0.43,10.36,5.68,0.82,8.700972080037227,3.0701278234985114
12.33,44.84,27.15,8.06,34.78,26.5,0.38,10.58,5.76,0.85,8.700972080037227,3.0701278234985114
7.88,27.51,26.58,7.94,34.42,23.94,0.38,11.11,5.84,0.47,8.700972080037227,3.0701278234985114
4.66,13.87,25.25,8.02,33.25,19.89,0.36,13.4,6.94,0.73,8.700972080037227,3.0701278234985114
3.84,11.28,27.64,5.57,33.21,23.6,0.37,13.18,6.68,0.78,8.700972080037227,3.0701278234985114
41.42,118.12710293078135,3.58,14.03,17.61,23.48347601937197,0.59,1.88,39.7,0.11,0.49,0.17
68.82,118.12710293078135,5.17,14.49,19.66,23.48347601937197,1.29,2.01,25.75,0.24,0.95,0.7
44.05,118.12710293078135,32.73,22.03,54.76,23.48347601937197,2.08,7.45,14.57,0.25,1.04,0.85
56.57,118.12710293078135,8.83,18.2,27.03,23.48347601937197,0.68,2.95,17.41,0.13,0.6,0.22
57.6,118.12710293078135,15.69,23.22,38.91,23.48347601937197,1.19,2.25,19.63,0.23,0.82,0.62
45.54,118.12710293078135,28.05,20.88,48.93,23.48347601937197,0.6,2.11,7.78,0.11,0.43,0.17
49.11,118.12710293078135,99.66,35.89,135.55,23.48347601937197,2.61,18.06,15.71,0.18,0.75,0.54
56.72,118.12710293078135,15.93,17.69,33.62,23.48347601937197,0.94,2.13,9.52,0.16,0.63,0.4
43.43,118.12710293078135,6.75,11.39,18.15,23.48347601937197,0.54,2.02,9.68,0.08,0.39,0.13
40.43,118.12710293078135,9.65,12.21,21.86,23.48347601937197,0.69,2.0,9.03,0.11,0.49,0.26
64.13,118.12710293078135,28.17,19.68,47.85,23.48347601937197,1.15,2.36,8.43,0.2,0.79,0.6
44.97,118.12710293078135,5.58,6.45,10.71,23.48347601937197,0.82,2.2,10.54,0.14,0.63,0.37
54.18,118.12710293078135,7.07,11.76,17.63,23.48347601937197,0.93,2.18,7.71,0.16,0.65,0.4
53.0,118.12710293078135,14.1,18.64,32.73,23.48347601937197,1.02,1.68,9.54,0.16,0.71,0.39
41.62,118.12710293078135,16.36,14.88,29.4,23.48347601937197,0.96,2.28,7.94,0.15,0.68,0.41
26.99,118.12710293078135,10.6,11.28,21.89,23.48347601937197,0.81,0.98,10.34,0.13,0.63,0.32
33.32,118.12710293078135,20.84,11.75,32.6,23.48347601937197,0.84,1.03,12.35,0.12,0.62,0.31
35.8,118.12710293078135,36.12,24.01,60.15,23.48347601937197,1.43,0.83,10.7,0.22,1.06,0.8
36.83,118.12710293078135,16.51,19.66,36.16,23.48347601937197,0.93,0.61,9.73,0.15,0.81,0.39
38.57,118.12710293078135,25.2,23.07,48.28,23.48347601937197,1.66,9.27,17.78,0.17,0.88,0.46
36.43,118.12710293078135,21.22,19.98,41.2,23.48347601937197,0.98,2.67,17.52,0.1,0.67,0.19
54.38,118.12710293078135,12.93,25.4,38.33,23.48347601937197,0.98,2.22,11.25,0.16,0.8,0.36
38.8,118.12710293078135,10.16,13.13,23.29,23.48347601937197,0.89,2.27,13.56,0.12,0.64,0.23
45.36,118.12710293078135,9.04,17.56,26.61,23.48347601937197,0.79,2.11,15.97,0.12,0.74,0.24
31.62,118.12710293078135,20.94,18.12,39.07,23.48347601937197,0.87,2.58,10.36,0.15,0.81,0.39
35.66,118.12710293078135,40.37,20.77,61.05,23.48347601937197,1.07,2.23,9.71,0.16,0.71,0.55
67.45057794890306,118.12710293078135,17.574729662029362,28.560659061126955,32.30912333307031,23.48347601937197,2.2485982090856145,14.53197725590996,34.49143047551845,3.280840304500585,8.700972080037227,3.0701278234985114
83.0,118.12710293078135,2.02,3.25,5.28,23.48347601937197,1.19,3.93,7.61,0.1,0.62,0.17
45.22,118.12710293078135,8.06,16.61,19.88,23.48347601937197,0.38,5.52,12.34,0.06,0.67,0.11
24.27,118.12710293078135,14.32,20.42,39.73,23.48347601937197,0.27,3.5,1.9,0.04,0.32,0.12
48.47,118.12710293078135,14.63,25.61,45.4,23.48347601937197,0.41,3.45,2.35,0.06,0.54,0.24
46.4,118.12710293078135,14.64,21.29,41.89,23.48347601937197,0.07,5.08,2.16,0.06,0.44,0.19
42.42,118.12710293078135,19.87,20.6,40.18,23.48347601937197,0.08,5.83,4.56,0.01,0.11,0.02
43.54,118.12710293078135,23.46,36.0,29.03,23.48347601937197,0.29,8.42,31.24,0.08,0.74,0.22
67.45057794890306,118.12710293078135,17.574729662029362,28.560659061126955,0.0,23.48347601937197,0.0,14.53197725590996,34.49143047551845,0.0,0.0,0.0
34.85,118.12710293078135,16.81,78.12,30.42,23.48347601937197,0.76,39.0,54.57,2.57,33.8,12.75
55.72,118.12710293078135,16.48,76.11,29.72,23.48347601937197,1.1,40.03,38.71,2.78,38.58,11.66
57.51,118.12710293078135,9.39,63.66,22.19,23.48347601937197,0.76,42.75,48.06,2.2,32.43,8.29
44.58,118.12710293078135,10.65,64.3,23.11,23.48347601937197,0.73,34.38,59.27,1.91,30.3,8.47
40.99,118.12710293078135,15.75,78.54,29.89,23.48347601937197,1.06,39.4,65.75,2.34,37.63,9.98
41.66,118.12710293078135,24.65,70.17,33.13,23.48347601937197,1.43,46.2,44.08,3.11,31.33,17.37
49.47,118.12710293078135,29.43,76.16,38.51,23.48347601937197,1.11,50.3,59.46,3.42,34.94,19.97
42.91,118.12710293078135,21.59,76.62,32.93,23.48347601937197,1.1,78.96,64.46,3.05,35.86,16.1
42.47,118.12710293078135,16.85,66.91,27.56,23.48347601937197,0.99,56.12,73.45,2.91,37.5,14.98
35.55,118.12710293078135,23.0,65.36,30.87,23.48347601937197,1.13,46.43,61.17,2.98,34.55,16.35
32.38,118.12710293078135,19.67,62.68,28.16,23.48347601937197,0.95,54.19,66.19,2.67,33.67,14.92
38.21,118.12710293078135,26.1,69.82,33.92,23.48347601937197,1.01,55.64,63.25,2.97,36.34,16.44
36.05,118.12710293078135,24.04,70.8,32.92,23.48347601937197,1.04,51.68,66.44,2.85,34.18,15.04
27.92,118.12710293078135,17.22,47.06,22.64,23.48347601937197,0.75,51.57,64.92,2.36,37.3,12.44
34.29,118.12710293078135,18.25,56.8,25.78,23.48347601937197,0.96,51.78,60.64,2.49,35.61,12.9
46.88,118.12710293078135,15.65,53.6,23.38,23.48347601937197,0.83,48.07,49.99,2.64,35.79,12.3
32.39,118.12710293078135,9.79,43.78,17.28,23.48347601937197,0.57,55.45,51.77,1.96,33.48,8.43
41.54,118.12710293078135,19.11,58.33,29.98,23.48347601937197,0.77,80.07,47.33,2.35,33.07,11.31
42.89,118.12710293078135,18.62,49.65,23.87,23.48347601937197,0.91,51.81,45.76,2.3,34.1,11.48
44.28,118.12710293078135,27.56,62.4,34.55,23.48347601937197,0.99,44.84,38.21,2.6,40.5,11.95
31.96,118.12710293078135,8.78,34.19,14.17,23.48347601937197,0.59,32.85,54.35,2.0,39.52,8.37
36.94,118.12710293078135,8.27,47.85,17.41,23.48347601937197,0.79,21.96,60.49,1.88,31.58,8.43
47.02,118.12710293078135,9.77,53.54,19.79,23.48347601937197,0.75,8.74,59.21,2.23,39.24,8.94
39.54,118.12710293078135,6.82,38.33,14.06,23.48347601937197,0.54,12.44,62.02,1.9,37.59,7.13
51.7,118.12710293078135,21.75,57.25,28.01,23.48347601937197,1.14,15.77,54.92,2.57,33.72,12.1
49.62,118.12710293078135,13.64,55.92,22.75,23.48347601937197,0.85,28.32,62.45,2.63,36.2,12.81
54.43,118.12710293078135,18.45,62.25,27.33,23.48347601937197,1.13,20.96,56.19,2.38,33.85,10.83
44.42,118.12710293078135,17.24,52.32,24.01,23.48347601937197,0.91,15.27,66.4,3.11,34.57,18.76
45.02,118.12710293078135,21.84,65.15,30.11,23.48347601937197,1.03,12.46,68.98,2.71,29.97,16.18
44.0,118.12710293078135,22.18,53.17,27.22,23.48347601937197,1.25,23.49,32.29,2.87,36.92,13.99
37.12,118.12710293078135,23.83,63.72,30.96,23.48347601937197,1.2,22.72,28.27,2.45,33.32,12.58
41.99,118.12710293078135,22.59,67.01,31.06,23.48347601937197,1.16,18.95,31.71,2.63,32.91,13.59
40.25,118.12710293078135,27.91,61.59,32.87,23.48347601937197,1.39,27.3,44.41,3.12,39.8,16.53
34.96,118.12710293078135,21.28,56.85,27.63,23.48347601937197,1.12,26.1,38.71,2.59,37.93,14.03
60.08,118.12710293078135,15.84,62.34,25.75,23.48347601937197,1.29,23.52,37.62,2.96,39.6,13.79
48.25,118.12710293078135,27.97,62.11,33.05,23.48347601937197,1.35,23.76,38.9,3.15,42.76,15.42
39.88,118.12710293078135,24.68,63.67,31.46,23.48347601937197,1.1,25.61,43.08,2.9,36.25,15.1
45.77,118.12710293078135,22.17,55.96,27.94,23.48347601937197,1.04,25.03,46.24,2.38,30.99,12.15
51.74,118.12710293078135,25.88,66.97,39.83,23.48347601937197,1.06,23.2,51.99,3.17,34.28,17.41
44.76,118.12710293078135,15.41,60.42,25.01,23.48347601937197,0.54,22.43,60.39,2.68,38.06,12.84
41.48,118.12710293078135,23.99,61.41,30.47,23.48347601937197,0.76,23.72,47.48,2.59,40.97,11.66
46.91,118.12710293078135,15.63,59.32,24.84,23.48347601937197,0.75,25.16,56.79,2.71,37.2,12.52
53.07,118.12710293078135,27.25,79.4,37.1,23.48347601937197,1.07,20.93,63.92,2.97,40.09,13.53
38.81,118.12710293078135,20.27,58.4,27.41,23.48347601937197,0.61,24.32,64.26,2.64,33.62,14.55
62.79,118.12710293078135,18.26,66.51,28.32,23.48347601937197,0.77,25.23,58.94,2.7,33.33,13.21
57.38,118.12710293078135,9.91,38.85,16.07,23.48347601937197,0.46,31.92,57.12,1.91,32.98,6.87
50.11,118.12710293078135,7.38,28.31,11.82,23.48347601937197,0.29,24.67,57.25,1.83,37.85,6.15
56.67,118.12710293078135,16.06,51.0,22.73,23.48347601937197,0.78,27.39,66.06,1.95,33.29,7.7
58.11,118.12710293078135,12.1,53.26,21.13,23.48347601937197,0.96,18.57,62.03,2.28,35.93,8.63
32.7,118.12710293078135,17.15,44.91,22.03,23.48347601937197,0.68,24.72,62.77,2.64,36.96,13.1
49.15,118.12710293078135,21.93,56.49,27.93,23.48347601937197,0.89,24.0,58.28,2.54,37.99,11.96
49.34,118.12710293078135,20.33,26.7,21.5,23.48347601937197,0.91,49.93,49.47,1.43,16.43,5.49
36.33,118.12710293078135,6.19,19.86,8.9,23.48347601937197,1.04,46.52,74.02,1.09,13.41,4.19
36.0,118.12710293078135,7.81,8.24,6.87,23.48347601937197,0.47,45.04,34.61,1.3,14.76,4.83
47.48,118.12710293078135,6.33,4.67,5.06,23.48347601937197,1.37,35.21,50.18,1.34,13.56,5.0
46.78,118.12710293078135,6.7,4.27,5.17,23.48347601937197,1.37,36.1,43.51,1.46,13.72,5.37
35.77,118.12710293078135,4.72,4.74,4.11,23.48347601937197,1.29,43.49,58.13,1.26,14.47,5.1
46.92,118.12710293078135,6.28,8.92,12.06,23.48347601937197,1.06,44.91,62.49,1.07,10.66,4.32
35.11,118.12710293078135,15.63,107.12,37.23,23.48347601937197,0.99,40.85,63.56,1.11,6.41,4.59
58.89,118.12710293078135,13.31,130.09,41.76,23.48347601937197,1.21,36.54,72.63,1.15,5.89,4.16
46.94,118.12710293078135,14.29,64.57,25.39,23.48347601937197,1.24,41.75,44.53,1.22,6.68,4.4
28.36,118.12710293078135,9.7,29.2,13.45,23.48347601937197,1.29,39.41,37.78,1.28,7.85,6.32
30.29,118.12710293078135,8.13,17.13,9.37,23.48347601937197,1.33,40.41,41.17,1.25,7.66,5.94
28.35,118.12710293078135,24.1,72.32,33.35,23.48347601937197,1.26,38.72,48.25,1.27,7.53,5.54
21.55,118.12710293078135,25.67,55.05,29.84,23.48347601937197,1.15,41.43,50.11,1.02,6.15,4.52
31.08,118.12710293078135,22.68,67.18,31.15,23.48347601937197,1.35,42.36,50.54,1.21,6.89,5.3
22.25,118.12710293078135,7.8,42.71,15.78,23.48347601937197,0.78,39.39,55.5,0.81,5.2,3.81
22.96,118.12710293078135,11.72,37.84,24.83,23.48347601937197,0.7,45.34,52.73,0.58,3.8,2.89
34.54,118.12710293078135,19.44,64.18,28.42,23.48347601937197,1.24,42.24,35.66,1.08,6.62,4.78
27.84,118.12710293078135,17.07,56.03,28.32,23.48347601937197,0.92,39.76,37.84,0.93,5.52,4.12
27.66,118.12710293078135,5.47,45.62,15.13,23.48347601937197,0.9,41.62,26.32,0.66,4.73,2.4
37.65,118.12710293078135,10.85,63.5,23.04,23.48347601937197,1.48,40.31,26.21,0.92,5.49,3.75
35.29,118.12710293078135,6.06,16.08,7.83,23.48347601937197,1.58,45.66,42.55,1.09,6.16,4.62
32.74,118.12710293078135,7.12,37.66,14.08,23.48347601937197,0.76,47.5,49.1,0.74,4.59,3.18
28.02,118.12710293078135,4.56,32.94,11.29,23.48347601937197,0.65,48.65,55.26,0.71,4.19,2.89
19.6,118.12710293078135,8.07,24.2,11.16,23.48347601937197,0.85,46.38,50.14,0.87,5.69,3.61
21.78,118.12710293078135,9.59,23.23,11.84,23.48347601937197,1.02,47.08,46.57,0.97,6.41,4.38
24.54,118.12710293078135,7.3,20.1,9.63,23.48347601937197,1.08,50.09,53.02,1.03,6.94,4.98
27.05,118.12710293078135,6.02,17.07,8.08,23.48347601937197,1.04,48.48,60.18,1.02,6.3,4.4
35.84,118.12710293078135,7.17,16.74,8.69,23.48347601937197,1.34,50.54,72.16,1.16,7.14,4.9
29.84,118.12710293078135,12.27,37.9,17.26,23.48347601937197,1.14,47.15,47.99,1.1,6.89,4.96
28.04,118.12710293078135,12.3,28.46,14.84,23.48347601937197,1.44,50.33,54.32,1.18,7.27,5.31
39.24,118.12710293078135,8.71,23.98,11.49,23.48347601937197,1.51,51.44,55.98,1.4,8.63,6.86
34.23,118.12710293078135,4.95,11.16,5.89,23.48347601937197,0.98,49.91,43.71,1.2,7.27,5.61
24.31,118.12710293078135,32.29,26.56,31.8,23.48347601937197,1.16,48.39,45.82,1.23,7.77,5.78
25.84,118.12710293078135,23.71,57.14,29.18,23.48347601937197,1.17,49.99,50.92,1.16,7.54,5.38
47.01,118.12710293078135,11.78,43.94,18.53,23.48347601937197,1.3,51.21,49.99,1.25,7.58,5.75
46.19,118.12710293078135,59.67,118.9,66.99,23.48347601937197,2.61,55.33,82.8,1.77,11.83,9.48
50.89,118.12710293078135,19.31,73.32,30.71,23.48347601937197,1.32,55.74,34.49143047551845,2.0,10.05,6.74
31.61,118.12710293078135,23.31,61.76,30.12,23.48347601937197,1.01,46.06,34.49143047551845,15.47,67.03,53.19
35.74,118.12710293078135,32.53,61.48,35.64,23.48347601937197,0.8,45.57,34.49143047551845,15.99,65.43,60.4
42.49,118.12710293078135,28.02,76.49,36.8,23.48347601937197,1.89,46.24,34.49143047551845,16.92,70.06,64.5
52.05,118.12710293078135,22.29,72.68,32.34,23.48347601937197,1.25,45.51,34.49143047551845,8.88,34.79,29.18
36.47,118.12710293078135,24.98,65.54,32.13,23.48347601937197,1.19,46.92,34.49143047551845,8.14,34.17,28.63
50.3,118.12710293078135,27.85,84.54,38.78,23.48347601937197,1.58,49.13,34.49143047551845,10.78,41.13,38.34
47.28,118.12710293078135,23.78,66.1,31.56,23.48347601937197,1.16,49.37,34.49143047551845,8.09,32.54,27.24
27.46,118.12710293078135,22.0,39.59,23.6,23.48347601937197,0.79,46.43,34.49143047551845,0.0,0.0,0.0
29.0,118.12710293078135,16.55,31.88,18.3,23.48347601937197,0.77,46.68,34.49143047551845,0.0,0.0,0.0
28.33,118.12710293078135,13.44,24.5,14.5,23.48347601937197,0.89,46.41,34.49143047551845,0.0,0.0,0.0
20.58,118.12710293078135,7.44,15.2,8.34,23.48347601937197,0.54,47.0,34.49143047551845,0.0,0.0,0.0
20.74,118.12710293078135,5.49,13.35,6.78,23.48347601937197,0.47,47.79,34.49143047551845,0.0,0.0,0.0
27.64,118.12710293078135,7.43,15.0,8.39,23.48347601937197,0.88,49.61,34.49143047551845,0.0,0.0,0.0
31.0,118.12710293078135,33.68,46.08,35.97,23.48347601937197,1.24,54.38,34.49143047551845,3.280840304500585,8.700972080037227,3.0701278234985114
45.73,118.12710293078135,18.73,63.18,27.73,23.48347601937197,1.04,61.27,34.49143047551845,3.280840304500585,8.700972080037227,3.0701278234985114
50.6,118.12710293078135,16.28,51.14,23.13,23.48347601937197,1.17,58.14,34.49143047551845,3.280840304500585,8.700972080037227,3.0701278234985114
39.7,68.63,62.01,40.56,57.98,20.16,1.18,10.52,12.79,2.22,5.19,0.6
29.1,81.98,9.94,50.82,25.29,13.37,0.62,11.6,11.82,0.49,3.94,0.29
35.36,92.03,7.69,55.75,24.29,12.52,0.53,11.76,15.52,0.77,3.92,0.63
12.37,39.29,66.2,11.68,58.88,11.3,0.39,8.63,31.79,0.55,3.05,0.14
25.92,73.06,63.49,17.72,58.97,8.21,0.52,5.92,32.27,1.69,4.6,1.1
27.04,77.1,15.25,11.81,13.18,6.03,0.44,7.47,40.16,1.53,5.97,1.74
20.15,51.75,80.95,15.72,35.29,6.47,0.58,4.52,29.06,2.03,4.18,1.1
10.78,40.55,78.07,13.74,45.29,3.39,0.67,3.22,21.9,2.39,8.54,0.43
19.81,67.2,65.21,15.32,46.35,7.78,0.72,2.88,20.13,2.5,6.79,0.73
18.17,74.52,56.15,19.35,42.41,7.15,0.74,2.8,24.1,2.18,3.41,0.66
32.56,76.26,59.8,29.06,34.96,5.55,0.58,3.15,31.17,1.9,1.81,0.59
19.01,59.73,82.57,24.21,48.94,6.72,0.45,3.25,25.75,1.39,1.82,0.59
15.19,47.85,50.79,11.2,35.51,6.82,0.45,2.82,22.01,1.36,1.49,0.55
14.44,46.28,19.32,6.91,12.47,16.67,0.45,2.86,20.51,1.24,1.1,0.52
16.17,40.55,25.09,16.17,19.3,11.62,0.71,2.76,18.5,1.46,1.65,0.61
17.75,41.77,25.75,37.94,23.62,5.01,0.87,2.76,22.24,1.57,1.62,0.67
19.12,47.75,27.08,37.94,25.83,3.54,0.87,2.68,16.42,1.61,3.45,0.75
24.18,48.41,39.74,25.77,27.81,1.78,0.85,4.87,13.52,1.95,3.16,0.79
16.14,39.71,36.11,17.66,24.26,2.52,0.66,4.65,15.81,1.72,4.28,0.46
20.07,53.61,21.9,15.51,28.38,6.77,0.61,4.49,23.19,1.55,6.39,0.55
12.76,40.37,16.83,15.13,25.68,5.98,0.45,3.73,16.65,1.33,2.14,0.81
15.42,39.87,20.33,25.06,33.47,3.11,0.74,3.79,20.83,1.76,4.13,1.28
20.71,57.47,25.82,26.84,36.15,4.76,0.86,3.75,25.08,1.35,3.48,0.91
25.62,55.48,22.42,25.52,33.97,2.74,0.77,3.24,28.08,1.2,3.5,0.7
27.71,68.29,16.14,26.48,28.9,2.76,0.95,2.98,14.75,1.95,4.68,1.18
23.16,39.8,10.37,25.68,24.65,3.13,0.79,2.92,19.42,1.17,3.84,0.86
17.71,63.73,9.47,23.01,22.28,1.91,0.87,3.63,23.39,1.09,3.07,0.97
19.27,57.42,30.19,18.13,36.76,2.05,0.72,3.92,17.37,1.18,2.9,1.24
17.24,42.83,42.4,20.51,47.69,2.26,0.88,3.6,17.5,1.51,4.91,1.74
29.76,60.68,42.12,27.5,52.04,1.59,0.83,3.91,21.7,1.58,8.59,2.02
35.42,57.82,44.5,31.15,57.72,1.14,0.82,3.99,25.76,1.73,5.5,2.14
8.57,16.29,1.23,3.58,1.46,3.64,0.18,5.27,40.85,0.12,0.49,3.0701278234985114
9.93,18.77,1.19,3.56,1.5,3.64,0.2,5.2,44.41,0.14,0.49,3.0701278234985114
16.97,26.93,1.12,3.55,1.57,3.67,0.53,5.87,31.82,0.6,1.75,3.0701278234985114
17.43,26.69,1.13,3.5,1.52,3.67,0.46,5.98,43.49,0.48,1.35,3.0701278234985114
67.45057794890306,31.21,17.574729662029362,28.560659061126955,0.0,23.48347601937197,0.27,5.5,50.34,0.0,0.0,3.0701278234985114
67.45057794890306,33.73,17.574729662029362,28.560659061126955,0.0,23.48347601937197,0.3,5.56,44.83,0.0,0.0,3.0701278234985114
67.45057794890306,27.61,17.574729662029362,28.560659061126955,0.0,23.48347601937197,0.52,5.55,33.87,0.0,0.0,3.0701278234985114
15.29,24.25,1.14,3.56,1.56,3.65,0.3,6.41,36.76,0.26,0.6,3.0701278234985114
23.3,32.77,1.12,3.55,1.58,3.65,0.43,6.5,38.16,0.5,0.84,3.0701278234985114
26.66,39.31,1.14,3.58,1.57,3.66,0.31,6.58,42.52,0.31,0.36,3.0701278234985114
33.46,45.42,1.12,3.51,1.53,3.64,0.29,6.59,51.02,0.22,0.38,3.0701278234985114
23.1,37.19,1.14,3.56,1.56,3.66,0.22,6.73,83.65,0.1,0.17,3.0701278234985114
25.22,42.73,1.14,3.54,1.55,3.65,0.31,6.81,67.23,0.24,0.57,3.0701278234985114
32.95,54.63,1.14,3.51,1.51,3.66,0.46,6.99,51.26,0.5,1.0,3.0701278234985114
18.23,27.05,1.18,3.52,1.5,3.64,0.41,7.2,41.31,0.44,0.95,3.0701278234985114
57.08,38.59,0.85,2.82,1.28,2.89,0.36,7.76,29.71,0.55,0.51,3.0701278234985114
35.92,48.29,0.87,2.74,1.21,2.79,0.47,7.73,25.08,0.56,0.58,3.0701278234985114
38.86,50.15,0.91,2.84,1.23,2.91,0.43,8.02,23.68,0.53,0.53,3.0701278234985114
22.65,31.34,0.73,2.31,0.7,2.34,0.22,6.48,26.21,0.27,0.14,3.0701278234985114
33.34,45.46,0.77,2.41,1.05,2.47,0.25,7.36,47.44,0.23,0.09,3.0701278234985114
21.45,32.41,0.78,2.53,1.1,2.63,0.18,7.93,66.61,0.12,0.01,3.0701278234985114
29.71,39.33,0.8,2.57,1.13,2.65,0.22,7.82,63.05,0.16,0.04,3.0701278234985114
21.25,28.61,0.78,2.47,1.08,2.54,0.29,7.12,34.88,0.22,0.26,3.0701278234985114
20.72,23.23,0.74,2.37,1.05,2.44,0.22,6.9,42.67,0.17,0.16,3.0701278234985114
15.63,27.13,0.88,2.87,1.29,2.95,0.23,8.51,59.45,0.1,0.08,3.0701278234985114
35.99,49.54,0.92,2.91,1.24,2.96,0.53,8.38,43.53,89.49,89.66,3.0701278234985114
43.41,54.6,0.78,2.6,1.19,2.67,0.34,7.61,36.05,432.05,431.87,3.0701278234985114
44.81,55.75,0.82,2.68,1.21,2.68,0.33,7.66,39.22,438.01,437.77,3.0701278234985114
46.64,59.12,0.75,2.48,1.12,2.54,0.56,7.15,27.42,199.03,198.74,3.0701278234985114
64.17,79.29,0.71,2.35,1.04,2.43,0.63,7.0,18.39,0.59,0.2,3.0701278234985114
42.77,57.84,0.75,2.44,1.09,2.48,0.33,7.37,45.61,0.33,0.04,3.0701278234985114
40.96,56.13,0.74,2.4,1.07,2.46,0.35,7.23,37.35,0.33,0.15,3.0701278234985114
47.55,62.01,0.76,2.46,1.08,2.53,0.27,7.6,39.34,0.33,0.06,3.0701278234985114
48.24,67.47,0.97,3.05,1.32,3.12,0.33,9.46,55.75,0.4,0.03,3.0701278234985114
60.08,84.81,1.02,3.2,1.37,3.25,0.55,10.06,48.78,0.6,0.22,3.0701278234985114
49.49,63.41,0.92,2.97,1.33,3.04,0.56,9.26,38.52,0.48,0.13,3.0701278234985114
54.66,73.95,1.0,3.29,1.51,3.33,0.53,10.3,55.25,0.49,0.12,3.0701278234985114
40.34,59.42,0.94,3.14,1.43,3.19,0.41,9.73,61.01,0.38,0.15,3.0701278234985114
58.11,83.5,0.99,3.18,1.41,3.25,0.57,10.34,55.06,0.55,0.17,3.0701278234985114
48.94,68.35,0.84,2.67,1.18,2.7,0.37,8.91,38.07,0.37,0.02,3.0701278234985114
25.93,34.99,0.93,2.85,1.22,2.95,0.26,9.69,43.66,0.25,0.02,3.0701278234985114
47.14,63.22,0.97,3.03,1.29,3.12,0.58,10.2,35.73,0.43,0.08,3.0701278234985114
42.01,58.81,0.94,2.82,1.18,2.94,0.56,9.85,36.5,0.46,0.09,3.0701278234985114
40.08,56.09,0.87,2.71,1.17,2.78,0.4,9.24,37.57,0.34,0.09,3.0701278234985114
49.07,66.7,0.76,2.41,1.07,2.46,0.52,7.98,34.74,165.49,165.37,3.0701278234985114
54.68,75.38,0.74,2.38,1.06,2.41,0.35,7.96,57.89,222.54,222.11,3.0701278234985114
17.87,27.19,0.84,2.7,1.2,2.81,0.35,3.25,33.5,404.68,404.3,3.0701278234985114
18.63,26.41,0.86,2.64,1.14,2.72,0.22,3.66,39.09,449.38,449.14,3.0701278234985114
27.68,36.86,0.88,2.65,1.11,2.72,0.24,4.23,46.9,427.39,427.38,3.0701278234985114
35.37,48.33,0.83,2.61,1.15,2.7,0.31,4.21,43.83,432.94,433.02,3.0701278234985114
26.75,40.42,0.81,2.55,1.09,2.59,0.2,3.85,51.06,429.17,428.99,3.0701278234985114
32.17,53.68,0.85,2.64,1.15,2.71,0.23,3.85,48.89,445.83,445.84,3.0701278234985114
26.31,34.09,0.88,2.77,1.22,2.85,0.32,3.99,41.7,435.09,434.92,3.0701278234985114
27.32,36.11,0.89,2.78,1.21,2.86,0.25,4.09,52.14,454.85,454.85,3.0701278234985114
26.77,35.27,0.87,2.74,1.17,2.82,0.22,3.57,44.61,421.26,421.04,3.0701278234985114
20.66,35.48,0.93,2.91,1.22,2.98,0.17,3.94,60.41,417.51,417.51,3.0701278234985114
28.03,42.96,0.99,3.08,1.34,3.19,0.31,4.76,51.74,443.63,443.63,3.0701278234985114
39.77,59.85,1.03,3.11,1.31,3.2,0.29,5.22,54.05,455.03,454.12,3.0701278234985114
23.77,38.5,0.99,2.94,1.23,3.05,0.23,5.02,54.63,448.59,448.87,3.0701278234985114
29.84,47.21,0.8,2.35,0.97,2.42,0.22,4.93,44.23,429.29,428.81,3.0701278234985114
38.98,55.72,0.81,2.34,0.96,2.4,0.28,4.68,40.9,428.49,428.04,3.0701278234985114
53.61,75.81,0.91,2.58,1.02,2.72,0.32,5.3,49.53,430.75,430.66,3.0701278234985114
27.04,42.2,0.88,2.55,1.02,2.61,0.21,4.85,44.13,435.9,435.94,3.0701278234985114
23.18,42.06,0.86,2.53,1.04,2.57,0.21,5.4,36.23,281.93,281.84,3.0701278234985114
44.98,72.82,0.92,2.7,1.1,2.77,0.31,6.61,27.41,6.76,6.78,3.0701278234985114
52.21,75.5,0.83,2.48,1.03,2.56,0.33,5.23,16.58,0.11,0.15,3.0701278234985114
50.46,75.63,0.91,2.73,1.16,2.86,0.33,6.69,20.88,0.09,0.16,3.0701278234985114
58.49,81.35,0.88,2.62,1.1,2.69,0.33,5.41,10.43,0.09,0.04,3.0701278234985114
21.25,31.3,0.8,2.44,1.03,2.5,0.21,4.43,15.74,0.12,0.06,3.0701278234985114
50.05,62.4,0.92,2.8,1.18,2.87,0.3,5.86,4.6,0.16,0.04,3.0701278234985114
44.29,55.51,0.89,2.64,1.09,2.74,0.28,5.86,9.19,0.14,0.03,3.0701278234985114
42.54,66.9,0.87,2.57,1.07,2.67,0.26,6.69,13.36,0.05,0.04,3.0701278234985114
33.4,60.85,0.85,2.45,0.99,2.53,0.19,6.37,11.65,0.03,0.02,3.0701278234985114
30.23,58.07,0.88,2.46,0.96,2.56,0.21,7.51,13.33,0.11,0.12,3.0701278234985114
53.16,89.47,0.89,2.52,0.98,2.58,0.35,9.03,12.08,0.14,0.1,3.0701278234985114
46.79,81.02,0.9,2.55,1.0,2.64,0.3,8.82,22.65,0.07,0.03,3.0701278234985114
34.47,74.98,0.98,2.83,1.14,2.95,0.23,10.68,38.21,0.02,0.02,3.0701278234985114
34.03,65.56,1.0,2.87,1.14,3.01,0.21,9.04,25.1,0.02,0.02,3.0701278234985114
25.6,49.2,0.92,2.67,0.28,2.79,0.05,7.86,18.67,0.01,0.02,3.0701278234985114
15.92,24.05,0.95,2.68,1.05,2.78,0.16,8.29,24.17,0.05,0.15,3.0701278234985114
23.75,34.49,0.97,2.72,1.06,2.82,0.19,8.27,21.21,0.1,0.1,3.0701278234985114
22.77,33.82,0.91,2.59,1.01,2.68,0.2,7.81,33.07,0.09,0.1,3.0701278234985114
24.24,45.38,0.91,2.55,0.99,2.64,0.19,8.8,27.29,0.0,0.0,3.0701278234985114
13.55,20.53,1.07,3.1,1.25,3.17,0.17,5.0,34.91,0.01,0.04,3.0701278234985114
39.69,133.54,10.25,10.7,9.8,12.03,1.62,34.72,43.94,0.0,0.0,3.0701278234985114
34.41,81.16,56.69,20.36,41.96,32.72,1.62,57.56,15.98,0.0,0.0,3.0701278234985114
45.11,70.31,51.52,3.5,29.43,28.91,1.65,53.17,16.11,0.0,0.0,3.0701278234985114
37.37,98.75,28.46,7.91,24.23,29.58,1.87,43.48,23.55,0.0,0.0,3.0701278234985114
51.56,96.27,9.68,8.79,14.61,27.75,1.75,43.16,22.65,0.0,0.0,3.0701278234985114
39.03,73.5,47.86,8.79,42.01,38.3,1.66,49.11,23.49,0.0,0.0,3.0701278234985114
38.9,92.05,13.21,33.4,31.09,25.61,1.65,55.71,14.33,0.0,0.0,3.0701278234985114
32.69,62.61,22.6,6.21,21.93,28.19,1.6,42.03,21.26,0.0,0.0,3.0701278234985114
39.91,84.57,16.44,10.59,9.34,14.47,1.71,29.27,12.84,0.0,0.0,3.0701278234985114
25.78,84.37,18.02,9.89,11.65,14.18,1.68,27.9,9.61,0.0,0.0,3.0701278234985114
31.1,86.26,46.97,24.09,33.93,19.82,1.64,28.88,6.28,0.0,0.0,3.0701278234985114
36.97,94.18,21.51,12.13,16.91,14.32,1.71,27.79,10.35,0.0,0.0,3.0701278234985114
49.37,98.48,17.37,14.27,19.01,13.0,1.94,35.35,10.14,0.0,0.0,3.0701278234985114
22.6,84.21,17.574729662029362,28.560659061126955,0.0,23.48347601937197,0.0,14.53197725590996,34.49143047551845,0.0,0.0,3.0701278234985114
21.94,141.33,17.574729662029362,28.560659061126955,0.0,23.48347601937197,0.0,14.53197725590996,34.49143047551845,0.0,0.0,3.0701278234985114
2.65,51.95,17.574729662029362,28.560659061126955,0.0,23.48347601937197,0.0,14.53197725590996,34.49143047551845,0.0,0.0,3.0701278234985114
11.88,39.4,17.574729662029362,28.560659061126955,0.0,23.48347601937197,0.0,14.53197725590996,34.49143047551845,0.0,0.0,3.0701278234985114
7.17,118.12710293078135,14.73,28.560659061126955,6.45,20.36,2.28,14.53197725590996,19.98,0.0,0.0,3.0701278234985114
67.45057794890306,118.12710293078135,17.574729662029362,28.560659061126955,32.30912333307031,23.48347601937197,2.2485982090856145,14.53197725590996,34.49143047551845,3.280840304500585,8.700972080037227,3.0701278234985114
18.61,92.87,14.92,15.79,21.64,6.42,0.81,23.31,4.47,0.0,8.700972080037227,3.0701278234985114
23.3,87.02,4.3,18.33,18.42,6.08,1.16,23.6,5.88,0.0,8.700972080037227,3.0701278234985114
27.72,102.66,4.53,17.63,19.17,6.16,1.18,22.86,11.12,0.0,8.700972080037227,3.0701278234985114
21.91,69.03,24.95,15.82,49.26,11.45,1.27,22.88,2.98,0.0,8.700972080037227,3.0701278234985114
16.34,66.35,14.04,13.18,25.14,6.81,1.21,21.3,2.03,0.0,8.700972080037227,3.0701278234985114
24.64,122.64,40.61,10.26,41.1,8.07,0.67,24.84,6.4,0.0,8.700972080037227,3.0701278234985114
29.72,117.76,15.97,11.28,27.13,6.98,0.87,22.79,6.29,0.0,8.700972080037227,3.0701278234985114
32.36,106.2,37.02,3.88,39.08,8.23,0.92,24.52,3.98,0.0,8.700972080037227,3.0701278234985114
20.23,99.04,22.66,8.52,31.16,7.44,1.24,25.12,4.25,0.0,8.700972080037227,3.0701278234985114
17.58,71.05,27.05,6.48,33.53,7.69,1.45,25.07,3.59,0.0,8.700972080037227,3.0701278234985114
23.99,49.42,49.51,6.6,38.96,15.17,1.56,26.7,4.69,0.0,8.700972080037227,3.0701278234985114
15.8,53.89,27.15,6.43,33.58,7.68,1.17,25.0,4.03,0.0,8.700972080037227,3.0701278234985114
14.22,54.79,25.82,7.01,32.83,7.59,0.97,23.26,7.11,0.0,8.700972080037227,3.0701278234985114
18.3,76.28,33.55,6.12,37.17,8.04,0.97,24.88,2.16,0.0,8.700972080037227,3.0701278234985114
15.44,65.11,39.81,5.37,47.07,9.42,1.04,23.97,5.83,0.0,8.700972080037227,3.0701278234985114
20.9,94.58,25.84,7.01,32.85,7.61,1.08,22.56,4.39,0.0,8.700972080037227,3.0701278234985114
31.6,111.06,45.17,6.97,34.79,9.79,1.37,23.95,4.5,0.0,8.700972080037227,3.0701278234985114
20.54,61.42,27.4,6.35,33.75,7.69,1.63,25.7,1.93,0.0,8.700972080037227,3.0701278234985114
25.09,57.48,30.06,5.15,35.21,7.82,1.62,26.38,1.84,0.0,8.700972080037227,3.0701278234985114
18.32,59.72,27.63,7.14,33.9,7.7,0.88,27.14,1.9,0.0,8.700972080037227,3.0701278234985114
19.94,79.01,37.72,6.0,40.15,8.19,0.75,28.29,2.81,0.0,8.700972080037227,3.0701278234985114
17.26,38.61,41.49,5.62,46.81,8.74,1.53,27.6,1.15,0.0,8.700972080037227,3.0701278234985114
12.41,37.57,33.87,3.42,37.29,8.06,1.59,29.07,0.31,0.0,8.700972080037227,3.0701278234985114
23.24,76.33,30.41,5.53,35.46,7.86,1.67,29.21,1.3,0.0,8.700972080037227,3.0701278234985114
24.06,105.08,28.84,5.71,34.54,7.78,1.87,30.3,1.21,0.0,8.700972080037227,3.0701278234985114
18.98,100.29,31.42,4.52,35.93,7.92,1.41,31.64,0.81,0.0,8.700972080037227,3.0701278234985114
15.95,89.91,28.91,5.64,34.56,7.78,1.35,31.65,0.89,0.0,8.700972080037227,3.0701278234985114
23.79,111.89,32.63,6.51,36.78,7.96,1.44,32.02,1.71,0.0,8.700972080037227,3.0701278234985114
13.09,53.43,45.05,1.68,43.59,8.66,1.34,33.66,1.35,0.0,8.700972080037227,3.0701278234985114
18.53,47.83,54.34,3.28,48.54,9.63,1.28,34.0,2.69,0.0,8.700972080037227,3.0701278234985114
17.05,63.46,49.06,0.63,45.63,8.89,1.19,34.16,1.98,0.0,8.700972080037227,3.0701278234985114
16.44,68.09,47.67,1.57,44.88,8.81,1.21,33.57,2.59,0.0,8.700972080037227,3.0701278234985114
21.6,103.03,30.12,7.21,35.01,7.77,1.29,34.15,1.86,0.0,8.700972080037227,3.0701278234985114
28.79,80.01,40.48,8.7,38.69,8.86,1.61,35.14,3.06,0.0,8.700972080037227,3.0701278234985114
14.82,35.74,36.53,9.75,38.85,8.09,1.7,35.14,0.86,0.0,8.700972080037227,3.0701278234985114
11.48,41.59,23.92,7.89,31.65,7.42,1.51,35.31,0.87,0.0,8.700972080037227,3.0701278234985114
18.42,52.96,24.65,9.11,31.99,7.47,1.73,35.69,1.13,0.0,8.700972080037227,3.0701278234985114
11.7,38.46,25.02,8.67,32.21,7.49,1.47,35.23,0.9,0.0,8.700972080037227,3.0701278234985114
14.68,51.36,23.18,9.02,31.22,7.4,1.38,34.89,1.53,0.0,8.700972080037227,3.0701278234985114
17.89,65.25,20.67,9.22,29.89,7.27,1.43,36.37,0.75,0.0,8.700972080037227,3.0701278234985114
6.76,34.75,18.0,10.5,28.36,7.09,1.47,37.2,0.45,0.0,8.700972080037227,3.0701278234985114
18.39,62.34,16.56,10.94,27.49,7.0,1.81,37.47,3.23,0.0,8.700972080037227,3.0701278234985114
12.77,44.56,18.03,10.31,28.34,7.09,1.82,37.9,0.93,0.0,8.700972080037227,3.0701278234985114
8.61,32.05,18.5,10.09,28.59,7.1,1.56,37.65,1.56,0.0,8.700972080037227,3.0701278234985114
14.06,48.93,15.19,11.57,26.74,6.92,1.7,37.79,1.92,0.0,8.700972080037227,3.0701278234985114
23.24,50.97,32.94,6.3,36.78,7.95,1.82,37.34,2.25,0.0,8.700972080037227,3.0701278234985114
20.26,46.83,47.26,0.21,44.81,8.8,1.92,42.11,1.66,0.0,8.700972080037227,3.0701278234985114
13.98,39.26,41.56,3.19,41.55,8.45,1.66,43.81,1.28,0.0,8.700972080037227,3.0701278234985114
17.65,69.73,22.56,8.45,30.81,7.34,1.64,43.0,1.45,0.0,8.700972080037227,3.0701278234985114
15.9,48.96,53.49,3.07,48.3,9.18,0.36,50.6,7.23,0.0,8.700972080037227,3.0701278234985114
16.31,34.9,63.63,3.79,55.48,16.02,0.89,28.68,0.77,0.0,8.700972080037227,3.0701278234985114
21.0,55.36,33.27,4.19,36.99,8.0,1.21,16.49,0.47,0.55,8.700972080037227,3.0701278234985114
20.71,53.8,31.78,4.34,36.07,7.91,1.56,63.23,0.95,1.0,8.700972080037227,3.0701278234985114
29.07,50.96,26.09,7.61,32.81,7.57,1.31,51.39,1.08,1.7,8.700972080037227,3.0701278234985114
21.03,53.23,44.8,0.69,43.31,8.66,1.39,12.1,0.81,3.72,8.700972080037227,3.0701278234985114
15.76,35.12,42.97,7.03,48.64,9.07,1.34,9.21,1.05,1.23,8.700972080037227,3.0701278234985114
14.08,33.83,23.47,8.28,31.31,7.37,0.96,25.88,0.5,0.27,8.700972080037227,3.0701278234985114
24.15,62.87,22.48,8.45,30.93,7.38,1.03,36.23,0.5,0.42,8.700972080037227,3.0701278234985114
30.58,83.52,40.31,6.79,41.69,8.29,1.24,31.3,0.38,0.55,8.700972080037227,3.0701278234985114
24.97,48.36,40.44,6.38,40.75,8.36,1.06,20.39,0.69,0.04,8.700972080037227,3.0701278234985114
19.09,49.49,30.97,5.69,35.6,7.86,1.09,10.59,0.84,1.05,8.700972080037227,3.0701278234985114
25.07,68.49,22.3,9.61,30.88,7.39,1.39,8.71,1.52,1.15,8.700972080037227,3.0701278234985114
24.05,70.29,22.82,8.36,31.17,7.41,1.2,7.27,1.21,0.4,8.700972080037227,3.0701278234985114
21.42,72.21,23.0,8.24,31.25,7.43,1.12,5.2,1.41,0.02,8.700972080037227,3.0701278234985114
14.39,42.47,22.52,8.74,30.99,7.41,0.86,2.13,1.23,0.0,8.700972080037227,3.0701278234985114
14.17,41.25,38.62,8.53,50.22,15.1,0.93,2.36,1.18,1.7,8.700972080037227,3.0701278234985114
14.16,51.9,54.81,8.24,47.05,10.54,1.04,1.73,0.82,0.01,8.700972080037227,3.0701278234985114
27.94,88.7,39.76,1.13,40.61,8.4,1.15,2.47,1.52,0.0,8.700972080037227,3.0701278234985114
18.51,48.95,76.8,1.28,58.22,14.49,1.24,2.92,1.18,5.74,8.700972080037227,3.0701278234985114
8.01,19.24,39.83,0.86,40.64,8.4,1.0,2.39,1.28,0.0,8.700972080037227,3.0701278234985114
0.04,14.3,17.574729662029362,28.560659061126955,0.0,23.48347601937197,0.65,1.29,17.17,0.43,8.700972080037227,3.0701278234985114
21.72,52.51,18.88,9.95,28.83,7.15,1.1,26.97,12.19,0.0,8.700972080037227,3.0701278234985114
35.44,59.78,20.13,9.32,29.44,7.18,1.87,27.91,12.11,0.0,8.700972080037227,3.0701278234985114
31.35,63.08,23.07,8.01,31.08,7.37,1.54,29.04,11.31,0.0,8.700972080037227,3.0701278234985114
22.01,54.65,22.3,8.37,30.67,7.34,1.04,27.53,11.19,0.0,8.700972080037227,3.0701278234985114
23.79,53.64,16.79,11.21,27.27,7.01,0.94,24.68,13.32,0.0,8.700972080037227,3.0701278234985114
33.81,46.52,15.68,11.51,27.05,6.98,1.12,25.07,12.35,0.0,8.700972080037227,3.0701278234985114
26.6,53.13,14.95,11.69,26.63,6.97,1.06,27.02,11.41,0.0,8.700972080037227,3.0701278234985114
36.24,61.92,15.7,11.35,27.05,6.99,1.77,34.1,12.4,0.07,8.700972080037227,3.0701278234985114
25.48,54.3,15.31,11.59,26.9,6.96,1.34,34.65,12.14,0.0,8.700972080037227,3.0701278234985114
20.56,48.44,19.3,9.83,29.13,7.2,1.01,31.49,10.81,0.0,8.700972080037227,3.0701278234985114
17.03,54.11,20.9,9.06,29.96,7.31,0.89,27.92,10.0,0.0,8.700972080037227,3.0701278234985114
17.15,44.69,42.42,7.86,43.87,8.66,1.33,27.69,11.84,1.78,8.700972080037227,3.0701278234985114
25.94,59.42,30.2,5.03,35.23,7.8,1.81,30.33,12.29,0.0,8.700972080037227,3.0701278234985114
25.45,49.73,28.38,5.86,34.24,7.76,1.61,30.71,13.15,0.0,8.700972080037227,3.0701278234985114
29.78,62.68,30.34,4.99,35.33,7.83,1.38,30.06,12.28,0.0,8.700972080037227,3.0701278234985114
23.65,74.15,36.26,2.31,38.54,8.16,1.12,34.5,11.73,0.0,8.700972080037227,3.0701278234985114
42.24,70.38,5.4,2.94,8.34,1.82,1.15,1.28,7.68,0.0,8.700972080037227,3.0701278234985114
30.6,50.98,3.75,3.4,7.11,1.67,1.13,0.74,2.14,0.0,8.700972080037227,3.0701278234985114
35.26,58.77,8.05,5.04,13.09,1.36,0.92,36.57,22.98,0.0,8.700972080037227,3.0701278234985114
51.87,86.44,9.2,4.55,13.75,1.43,1.11,29.07,36.42,0.0,8.700972080037227,3.0701278234985114
25.69,42.83,11.6,3.55,15.12,1.56,1.28,35.28,14.81,0.0,8.700972080037227,3.0701278234985114
44.79,74.63,10.53,4.0,14.5,1.5,1.46,28.14,16.84,0.0,8.700972080037227,3.0701278234985114
36.24,60.44,28.47,3.77,30.86,2.84,1.45,52.31,4.48,0.0,8.700972080037227,3.0701278234985114
17.33,28.74,15.83,3.27,17.61,1.78,1.09,50.27,3.67,0.0,8.700972080037227,3.0701278234985114
14.84,24.72,123.37,4.46,125.74,12.33,1.09,47.91,4.44,0.0,8.700972080037227,3.0701278234985114
21.92,36.53,12.25,4.01,15.48,1.58,1.68,45.85,12.0,0.0,8.700972080037227,3.0701278234985114
25.92,43.19,14.2,3.53,16.56,1.71,1.41,34.41,34.99,0.0,8.700972080037227,3.0701278234985114
8.29,13.8,16.37,4.2,17.81,1.83,1.12,68.67,45.6,0.0,8.700972080037227,3.0701278234985114
17.16,28.61,13.06,6.67,15.39,3.35,1.3,66.04,16.04,0.0,8.700972080037227,3.0701278234985114
15.41,25.67,15.91,12.44,15.51,7.1,1.36,73.67,31.67,0.0,8.700972080037227,3.0701278234985114
13.25,22.09,0.45,13.15,10.78,6.74,1.15,57.9,18.02,0.0,8.700972080037227,3.0701278234985114
27.46,65.46,1.32,5.45,0.31,13.07,1.68,2.1,37.47,0.0,8.700972080037227,3.0701278234985114
67.45057794890306,14.1,62.42,5.05,5.2,13.6,1.77,14.53197725590996,35.77,0.0,8.700972080037227,3.0701278234985114
11.1,20.65,50.3,17.35,54.18,5.48,2.02,14.53197725590996,47.93,0.0,8.700972080037227,3.0701278234985114
43.5,107.07,5.4,16.83,15.71,11.26,1.56,14.19,49.75,0.0,8.700972080037227,3.0701278234985114
55.5,152.81,5.35,17.67,14.58,11.11,1.43,14.7,48.57,0.0,8.700972080037227,3.0701278234985114
15.28,30.56,9.14,15.14,9.61,11.52,0.73,16.18,34.49143047551845,0.0,8.700972080037227,3.0701278234985114
18.99,37.99,27.5,15.18,23.45,12.0,1.6,17.11,34.49143047551845,0.0,8.700972080037227,3.0701278234985114
21.93,43.85,5.81,16.96,17.02,11.36,1.49,23.83,34.49143047551845,0.0,8.700972080037227,3.0701278234985114
19.4,38.8,2.57,16.09,16.86,11.42,1.42,24.92,34.49143047551845,0.0,8.700972080037227,3.0701278234985114
20.16,40.33,4.07,17.06,15.51,11.24,1.44,27.39,34.49143047551845,0.0,8.700972080037227,3.0701278234985114
17.5,35.01,0.87,17.87,14.36,11.11,1.4,28.26,34.49143047551845,0.0,8.700972080037227,3.0701278234985114
17.81,35.62,1.63,17.41,14.99,11.17,1.44,29.36,34.49143047551845,0.0,8.700972080037227,3.0701278234985114
18.36,36.72,0.83,19.34,12.42,10.91,1.48,32.82,34.49143047551845,0.0,8.700972080037227,3.0701278234985114
18.46,36.91,2.4,17.33,15.16,11.18,1.41,27.42,34.49143047551845,0.0,8.700972080037227,3.0701278234985114
13.62,27.22,13.42,18.2,14.44,11.09,1.65,25.28,34.49143047551845,0.0,8.700972080037227,3.0701278234985114
20.12,40.25,88.2,20.72,28.91,11.89,1.7,24.77,34.49143047551845,0.0,8.700972080037227,3.0701278234985114
17.13,34.24,68.89,19.09,20.98,11.47,1.52,26.43,34.49143047551845,0.0,8.700972080037227,3.0701278234985114
20.04,40.07,36.63,18.68,16.25,11.17,1.7,28.07,34.49143047551845,0.0,8.700972080037227,3.0701278234985114
67.45057794890306,118.12710293078135,17.574729662029362,28.560659061126955,32.30912333307031,23.48347601937197,2.2485982090856145,14.53197725590996,34.49143047551845,3.280840304500585,8.700972080037227,3.0701278234985114
22.1,27.63,8.76,21.74,30.52,23.48347601937197,0.92,15.83,34.49143047551845,0.0,8.700972080037227,3.0701278234985114
19.14,23.89,10.48,19.37,12.44,23.48347601937197,0.55,16.3,34.49143047551845,0.0,8.700972080037227,3.0701278234985114
13.58,16.97,17.574729662029362,28.560659061126955,0.0,23.48347601937197,0.52,16.61,34.49143047551845,0.0,8.700972080037227,3.0701278234985114
14.12,17.63,10.62,20.28,6.98,23.48347601937197,0.3,17.07,40.03,0.0,8.700972080037227,3.0701278234985114
12.02,14.99,7.69,25.5,21.6,4.62,0.46,17.23,44.58,0.0,8.700972080037227,3.0701278234985114
13.17,16.46,7.31,21.5,28.81,7.93,0.93,17.52,44.96,0.0,8.700972080037227,3.0701278234985114
20.75,25.94,8.17,21.95,15.89,6.73,1.18,18.62,48.87,0.0,8.700972080037227,3.0701278234985114
24.88,31.07,17.574729662029362,28.560659061126955,0.0,23.48347601937197,1.55,21.33,48.55,0.0,8.700972080037227,3.0701278234985114
20.37,25.46,22.82,19.64,18.96,10.23,1.59,20.79,46.84,0.0,8.700972080037227,3.0701278234985114
18.62,23.26,21.24,26.53,47.6,4.45,1.3,14.34,28.77,0.0,8.700972080037227,3.0701278234985114
22.43,68.32,1.88,5.41,4.38,23.48347601937197,0.7,3.49,19.37,3.280840304500585,8.700972080037227,3.0701278234985114
19.08,55.04,1.9,4.62,3.99,23.48347601937197,0.59,3.18,18.33,3.280840304500585,8.700972080037227,3.0701278234985114
18.61,49.78,1.9,5.92,4.69,23.48347601937197,0.65,3.9,16.48,3.280840304500585,8.700972080037227,3.0701278234985114
33.78,47.71,1.83,8.49,6.0,23.48347601937197,0.75,3.98,16.13,3.280840304500585,8.700972080037227,3.0701278234985114
14.47,31.62,1.93,5.13,4.3,23.48347601937197,0.53,3.57,18.74,3.280840304500585,8.700972080037227,3.0701278234985114
19.42,60.83,2.08,6.97,5.4,23.48347601937197,0.58,3.28,16.23,3.280840304500585,8.700972080037227,3.0701278234985114
18.97,43.6,2.03,5.2,4.42,23.48347601937197,0.51,4.34,15.52,3.280840304500585,8.700972080037227,3.0701278234985114
17.01,54.44,1.99,5.59,4.59,23.48347601937197,0.55,4.07,14.13,3.280840304500585,8.700972080037227,3.0701278234985114
16.93,56.6,2.09,6.06,4.93,23.48347601937197,0.64,3.97,17.05,3.280840304500585,8.700972080037227,3.0701278234985114
23.75,67.58,1.72,8.78,6.05,23.48347601937197,0.73,5.0,16.17,3.280840304500585,8.700972080037227,3.0701278234985114
20.52,48.62,1.82,6.48,4.91,23.48347601937197,0.63,4.02,14.58,3.280840304500585,8.700972080037227,3.0701278234985114
23.5,54.37,2.07,6.58,5.11,23.48347601937197,0.72,4.85,12.89,3.280840304500585,8.700972080037227,3.0701278234985114
18.25,41.35,2.18,4.51,4.17,23.48347601937197,0.77,4.49,17.21,3.280840304500585,8.700972080037227,3.0701278234985114
15.15,46.53,1.9,7.58,5.56,23.48347601937197,0.99,4.19,14.17,3.280840304500585,8.700972080037227,3.0701278234985114
15.12,39.14,1.88,5.82,4.62,23.48347601937197,0.98,3.37,14.65,3.280840304500585,8.700972080037227,3.0701278234985114
13.43,31.64,1.85,7.14,5.29,23.48347601937197,0.95,3.93,13.62,3.280840304500585,8.700972080037227,3.0701278234985114
10.74,28.85,1.94,6.67,5.1,23.48347601937197,0.91,4.48,14.84,3.280840304500585,8.700972080037227,3.0701278234985114
13.58,34.99,1.99,5.42,4.5,23.48347601937197,0.9,4.55,16.75,3.280840304500585,8.700972080037227,3.0701278234985114
20.1,48.43,1.8,8.85,6.14,23.48347601937197,0.96,4.86,15.6,3.280840304500585,8.700972080037227,3.0701278234985114
13.97,32.81,1.79,6.53,4.9,23.48347601937197,0.99,4.37,18.68,3.280840304500585,8.700972080037227,3.0701278234985114
19.93,41.81,1.88,7.83,5.66,23.48347601937197,1.01,4.32,16.63,3.280840304500585,8.700972080037227,3.0701278234985114
18.52,41.59,1.76,7.6,5.45,23.48347601937197,1.03,3.56,17.88,3.280840304500585,8.700972080037227,3.0701278234985114
11.07,30.8,1.9,6.83,4.84,23.48347601937197,0.98,4.14,18.51,3.280840304500585,8.700972080037227,3.0701278234985114
21.49,44.62,2.03,7.14,5.44,23.48347601937197,0.96,4.39,22.88,3.280840304500585,8.700972080037227,3.0701278234985114
31.15,66.18,1.97,5.99,4.78,23.48347601937197,0.93,4.57,21.49,3.280840304500585,8.700972080037227,3.0701278234985114
31.42,73.12,1.97,7.69,5.69,23.48347601937197,0.97,2.91,8.0,3.280840304500585,8.700972080037227,3.0701278234985114
26.05,61.52,1.74,6.57,4.91,23.48347601937197,0.92,4.47,20.27,3.280840304500585,8.700972080037227,3.0701278234985114
20.75,44.38,1.75,5.95,4.57,23.48347601937197,0.93,3.45,13.81,3.280840304500585,8.700972080037227,3.0701278234985114
22.3,47.14,1.83,7.16,5.28,23.48347601937197,0.99,3.91,21.56,3.280840304500585,8.700972080037227,3.0701278234985114
13.49,28.83,1.88,6.05,4.69,23.48347601937197,0.9,4.34,19.78,3.280840304500585,8.700972080037227,3.0701278234985114
12.91,37.2,1.88,6.51,4.97,23.48347601937197,0.92,2.99,13.21,3.280840304500585,8.700972080037227,3.0701278234985114
12.49,34.71,1.91,5.47,4.46,23.48347601937197,0.88,2.41,16.58,3.280840304500585,8.700972080037227,3.0701278234985114
10.66,27.65,1.57,6.45,4.69,23.48347601937197,0.95,4.88,16.88,3.280840304500585,8.700972080037227,3.0701278234985114
11.18,22.79,1.98,5.06,4.05,23.48347601937197,0.88,3.49,13.82,3.280840304500585,8.700972080037227,3.0701278234985114
17.58,43.83,1.88,6.14,4.77,23.48347601937197,0.93,4.03,6.26,3.280840304500585,8.700972080037227,3.0701278234985114
24.04,63.07,1.89,6.59,5.05,23.48347601937197,1.01,3.47,27.62,3.280840304500585,8.700972080037227,3.0701278234985114
20.15,54.52,1.92,5.74,4.61,23.48347601937197,1.02,4.07,7.17,3.280840304500585,8.700972080037227,3.0701278234985114
13.5,51.49,1.98,4.72,4.1,23.48347601937197,0.97,2.73,3.95,3.280840304500585,8.700972080037227,3.0701278234985114
8.98,33.47,2.05,4.48,4.05,23.48347601937197,0.91,4.6,2.62,3.280840304500585,8.700972080037227,3.0701278234985114
9.04,24.65,1.86,6.43,4.92,23.48347601937197,1.0,3.69,4.14,3.280840304500585,8.700972080037227,3.0701278234985114
9.19,22.29,1.88,6.86,5.13,23.48347601937197,0.95,3.78,3.7,3.280840304500585,8.700972080037227,3.0701278234985114
12.52,34.19,1.77,7.47,5.37,23.48347601937197,0.92,3.21,5.1,3.280840304500585,8.700972080037227,3.0701278234985114
17.94,48.67,1.89,6.53,5.01,23.48347601937197,0.98,3.69,7.45,3.280840304500585,8.700972080037227,3.0701278234985114
18.93,52.14,1.98,4.1,3.8,23.48347601937197,0.9,4.01,7.69,3.280840304500585,8.700972080037227,3.0701278234985114
14.23,35.43,1.83,5.36,4.33,23.48347601937197,0.99,5.05,7.59,3.280840304500585,8.700972080037227,3.0701278234985114
16.04,34.39,2.05,5.27,4.46,23.48347601937197,0.95,4.07,7.61,3.280840304500585,8.700972080037227,3.0701278234985114
20.62,48.9,2.02,3.49,3.49,23.48347601937197,0.88,4.31,7.71,3.280840304500585,8.700972080037227,3.0701278234985114
18.4,45.75,2.03,4.12,3.82,23.48347601937197,0.93,4.99,7.6,3.280840304500585,8.700972080037227,3.0701278234985114
8.76,19.97,1.96,3.32,3.24,23.48347601937197,0.85,4.29,7.6,3.280840304500585,8.700972080037227,3.0701278234985114
16.14,35.68,1.68,7.97,5.45,23.48347601937197,0.98,3.41,7.75,3.280840304500585,8.700972080037227,3.0701278234985114
10.8,28.79,1.82,5.63,4.46,23.48347601937197,1.01,4.2,7.71,3.280840304500585,8.700972080037227,3.0701278234985114
12.77,27.17,1.91,6.42,4.96,23.48347601937197,0.95,3.63,7.7,3.280840304500585,8.700972080037227,3.0701278234985114
11.01,25.92,1.97,3.96,3.71,23.48347601937197,0.94,4.34,7.7,3.280840304500585,8.700972080037227,3.0701278234985114
12.56,28.58,2.03,4.97,4.3,23.48347601937197,1.03,5.03,7.67,3.280840304500585,8.700972080037227,3.0701278234985114
8.51,23.44,2.0,3.9,3.7,23.48347601937197,0.96,2.25,7.62,3.280840304500585,8.700972080037227,3.0701278234985114
8.73,20.83,1.74,5.63,4.38,23.48347601937197,0.94,4.41,7.63,3.280840304500585,8.700972080037227,3.0701278234985114
9.23,21.98,1.86,5.25,4.29,23.48347601937197,0.93,2.97,7.69,3.280840304500585,8.700972080037227,3.0701278234985114
15.46,37.03,1.93,6.97,5.22,23.48347601937197,1.01,3.4,7.56,3.280840304500585,8.700972080037227,3.0701278234985114
12.07,34.22,2.0,4.8,4.12,23.48347601937197,1.07,3.29,7.68,3.280840304500585,8.700972080037227,3.0701278234985114
8.79,21.48,1.98,4.65,4.06,23.48347601937197,0.91,4.86,7.59,3.280840304500585,8.700972080037227,3.0701278234985114
11.3,29.78,1.96,5.39,4.4,23.48347601937197,0.97,2.94,7.71,3.280840304500585,8.700972080037227,3.0701278234985114
11.08,38.16,1.96,3.64,3.51,23.48347601937197,0.95,4.08,7.63,3.280840304500585,8.700972080037227,3.0701278234985114
9.43,27.48,1.89,4.74,4.04,23.48347601937197,0.95,5.44,7.73,3.280840304500585,8.700972080037227,3.0701278234985114
11.33,31.36,2.06,4.83,4.24,23.48347601937197,0.93,4.72,7.66,3.280840304500585,8.700972080037227,3.0701278234985114
17.54,44.17,1.89,7.23,5.36,23.48347601937197,0.97,4.32,7.74,3.280840304500585,8.700972080037227,3.0701278234985114
21.19,48.97,1.95,5.81,4.67,23.48347601937197,0.93,4.32,7.62,3.280840304500585,8.700972080037227,3.0701278234985114
19.5,44.41,1.94,5.29,4.39,23.48347601937197,0.91,3.99,7.57,3.280840304500585,8.700972080037227,3.0701278234985114
27.77,52.61,2.0,7.08,5.39,23.48347601937197,1.08,3.72,7.65,3.280840304500585,8.700972080037227,3.0701278234985114
19.74,45.45,2.08,8.78,6.33,2.97,1.03,3.44,7.67,3.280840304500585,8.700972080037227,3.0701278234985114
14.03,29.29,2.45,5.99,5.17,2.85,0.97,3.44,7.71,3.280840304500585,8.700972080037227,3.0701278234985114
12.72,24.1,2.14,8.17,6.06,2.5,1.13,2.91,7.53,3.280840304500585,8.700972080037227,3.0701278234985114
11.84,29.61,1.96,6.39,4.98,2.39,0.97,4.15,7.62,3.280840304500585,8.700972080037227,3.0701278234985114
10.28,24.03,1.91,4.43,3.89,2.22,0.97,3.74,7.57,3.280840304500585,8.700972080037227,3.0701278234985114
26.32,36.52,1.76,8.44,5.92,4.06,1.15,3.77,7.6,3.280840304500585,8.700972080037227,3.0701278234985114
24.01,37.06,2.02,7.14,5.43,4.15,1.06,2.76,7.71,3.280840304500585,8.700972080037227,3.0701278234985114
22.38,35.06,1.93,8.94,6.32,4.36,1.12,4.25,7.77,3.280840304500585,8.700972080037227,3.0701278234985114
25.48,40.5,1.93,10.28,7.04,4.86,1.18,3.45,7.77,3.280840304500585,8.700972080037227,3.0701278234985114
30.17,45.71,1.94,9.8,6.78,4.21,1.31,4.07,7.76,3.280840304500585,8.700972080037227,3.0701278234985114
19.39,24.78,2.04,6.54,5.13,4.03,1.05,4.12,7.69,3.280840304500585,8.700972080037227,3.0701278234985114
26.15,41.97,1.89,12.03,7.88,4.04,1.24,3.64,7.7,3.280840304500585,8.700972080037227,3.0701278234985114
19.07,29.74,1.94,11.58,7.73,4.0,1.11,4.55,7.74,3.280840304500585,8.700972080037227,3.0701278234985114
13.15,28.67,1.94,14.55,9.29,4.06,1.27,5.68,7.82,3.280840304500585,8.700972080037227,3.0701278234985114
16.32,27.27,2.02,10.9,7.43,4.03,1.11,3.63,7.76,3.280840304500585,8.700972080037227,3.0701278234985114
29.27,45.25,1.93,12.12,8.01,3.8,1.27,3.75,7.77,3.280840304500585,8.700972080037227,3.0701278234985114
30.27,46.57,2.07,9.55,6.76,4.18,1.16,5.03,7.72,3.280840304500585,8.700972080037227,3.0701278234985114
42.35,59.01,1.97,10.23,7.04,6.27,1.25,3.97,7.66,3.280840304500585,8.700972080037227,3.0701278234985114
53.64,76.8,2.0,13.97,9.06,6.2,1.21,5.2,7.77,3.280840304500585,8.700972080037227,3.0701278234985114
57.66,78.67,2.06,12.42,8.28,6.47,1.23,3.92,7.83,3.280840304500585,8.700972080037227,3.0701278234985114
49.5,69.39,1.9,14.55,9.24,4.84,1.23,4.87,7.81,3.280840304500585,8.700972080037227,3.0701278234985114
59.27,83.82,1.91,13.2,8.57,4.17,1.25,6.18,7.73,3.280840304500585,8.700972080037227,3.0701278234985114
39.43,59.98,2.0,6.98,5.33,3.68,1.13,3.1,7.67,3.280840304500585,8.700972080037227,3.0701278234985114
27.4,48.04,1.83,9.87,6.73,4.08,1.16,4.69,7.82,3.280840304500585,8.700972080037227,3.0701278234985114
17.99,31.01,2.02,9.95,6.92,5.17,1.08,4.99,7.75,3.280840304500585,8.700972080037227,3.0701278234985114
27.16,42.44,1.79,12.26,7.9,4.46,1.28,3.12,7.81,3.280840304500585,8.700972080037227,3.0701278234985114
40.15,61.21,1.89,13.04,8.42,4.85,1.31,5.1,7.76,3.280840304500585,8.700972080037227,3.0701278234985114
62.96,89.2,1.96,12.84,8.4,5.1,1.28,4.89,7.84,3.280840304500585,8.700972080037227,3.0701278234985114
32.04,48.66,1.87,13.53,8.6,4.63,1.43,3.41,7.76,3.280840304500585,8.700972080037227,3.0701278234985114
32.23,48.34,1.9,8.82,6.23,4.19,1.23,1.52,7.9,3.280840304500585,8.700972080037227,3.0701278234985114
4.23,11.05,2.0,4.08,3.79,4.77,0.97,3.02,7.97,3.280840304500585,8.700972080037227,3.0701278234985114
9.7,15.05,2.01,6.78,5.23,4.23,0.92,2.93,7.89,3.280840304500585,8.700972080037227,3.0701278234985114
8.62,29.16,2.02,8.07,5.93,3.99,1.08,4.19,7.88,3.280840304500585,8.700972080037227,3.0701278234985114
67.45057794890306,41.84,1.98,9.14,6.47,3.64,1.22,3.92,7.84,3.280840304500585,8.700972080037227,3.0701278234985114
67.45057794890306,53.82,2.04,7.84,5.83,3.81,1.26,4.96,7.76,3.280840304500585,8.700972080037227,3.0701278234985114
44.97,61.09,1.92,5.31,4.38,11.16,1.31,1.45,7.82,3.280840304500585,8.700972080037227,3.0701278234985114
33.94,49.68,1.87,5.57,4.48,12.28,1.21,4.71,8.03,3.280840304500585,8.700972080037227,3.0701278234985114
54.94,73.21,2.04,5.73,4.7,10.85,1.26,4.33,8.07,3.280840304500585,8.700972080037227,3.0701278234985114
40.99,58.23,2.05,6.38,4.97,7.4,1.3,3.43,7.63,3.280840304500585,8.700972080037227,3.0701278234985114
48.17,66.47,1.97,8.35,6.01,8.03,1.4,3.99,7.55,3.280840304500585,8.700972080037227,3.0701278234985114
49.07,68.19,2.27,8.52,6.2,7.14,1.26,3.07,10.52,3.280840304500585,8.700972080037227,3.0701278234985114
52.59,69.96,1.99,7.28,5.38,6.56,1.23,3.38,7.27,3.280840304500585,8.700972080037227,3.0701278234985114
53.21,71.95,2.05,6.68,5.17,6.14,1.25,4.12,8.78,3.280840304500585,8.700972080037227,3.0701278234985114
33.58,46.85,2.19,5.68,4.7,6.6,1.15,3.96,15.67,3.280840304500585,8.700972080037227,3.0701278234985114
39.14,56.57,2.24,4.42,4.16,6.23,1.27,5.13,21.79,3.280840304500585,8.700972080037227,3.0701278234985114
26.11,41.88,2.24,5.42,4.65,6.11,1.16,3.44,34.32,3.280840304500585,8.700972080037227,3.0701278234985114
40.41,59.38,2.27,3.96,3.93,5.83,1.31,4.1,34.25,3.280840304500585,8.700972080037227,3.0701278234985114
33.34,49.75,2.31,4.35,4.2,5.38,1.0,5.42,39.37,3.280840304500585,8.700972080037227,3.0701278234985114
47.76,64.2,2.33,3.86,3.95,5.05,1.07,3.39,37.88,3.280840304500585,8.700972080037227,3.0701278234985114
60.35,79.85,2.21,7.01,4.26,9.86,1.31,3.44,41.78,3.280840304500585,8.700972080037227,3.0701278234985114
57.45,78.75,1.89,10.46,7.11,11.36,1.36,6.04,67.08,3.280840304500585,8.700972080037227,3.0701278234985114
55.36,89.49,1.69,14.22,8.92,6.62,0.89,7.52,32.93,3.280840304500585,8.700972080037227,3.0701278234985114
61.78,99.88,1.67,11.75,7.61,7.78,0.88,9.01,49.57,3.280840304500585,8.700972080037227,3.0701278234985114
49.7,71.88,1.67,13.8,8.7,6.94,0.92,6.7,35.46,3.280840304500585,8.700972080037227,3.0701278234985114
55.14,93.88,1.67,12.09,7.76,6.82,0.94,7.87,61.4,3.280840304500585,8.700972080037227,3.0701278234985114
52.43,89.88,1.71,11.41,7.45,5.81,0.91,7.27,52.53,3.280840304500585,8.700972080037227,3.0701278234985114
41.4,71.72,1.79,11.18,7.41,4.84,0.94,4.22,47.85,3.280840304500585,8.700972080037227,3.0701278234985114
30.24,47.29,1.66,14.71,9.07,4.22,0.89,5.42,36.32,3.280840304500585,8.700972080037227,3.0701278234985114
42.41,63.08,1.81,15.58,9.72,4.92,0.95,6.25,51.88,3.280840304500585,8.700972080037227,3.0701278234985114
42.91,65.34,1.83,12.29,7.92,5.96,0.95,3.92,45.62,3.280840304500585,8.700972080037227,3.0701278234985114
41.06,70.25,1.82,20.97,12.65,5.38,0.88,4.78,38.89,3.280840304500585,8.700972080037227,3.0701278234985114
55.79,86.42,1.72,19.57,11.81,8.94,0.94,6.77,48.7,3.280840304500585,8.700972080037227,3.0701278234985114
62.38,95.91,1.71,18.51,11.2,8.47,0.93,6.77,50.03,3.280840304500585,8.700972080037227,3.0701278234985114
41.22,84.58,1.67,20.75,12.31,7.17,1.08,5.26,49.33,3.280840304500585,8.700972080037227,3.0701278234985114
45.86,72.11,1.57,20.96,12.37,6.63,1.04,4.7,54.5,3.280840304500585,8.700972080037227,3.0701278234985114
52.27,82.45,1.65,18.84,11.31,6.34,1.14,7.58,56.25,3.280840304500585,8.700972080037227,3.0701278234985114
47.75,89.49,1.67,17.82,10.8,7.27,0.88,9.69,63.23,3.280840304500585,8.700972080037227,3.0701278234985114
41.55,90.78,1.69,20.09,12.02,6.86,0.98,8.05,55.44,3.280840304500585,8.700972080037227,3.0701278234985114
51.15,90.74,1.63,18.48,11.06,8.57,1.02,8.96,55.15,3.280840304500585,8.700972080037227,3.0701278234985114
67.45057794890306,118.12710293078135,17.574729662029362,28.560659061126955,32.30912333307031,23.48347601937197,2.2485982090856145,14.53197725590996,34.49143047551845,3.280840304500585,8.700972080037227,3.0701278234985114
36.46,72.7,1.7,15.34,9.49,7.58,0.87,7.94,45.0,3.280840304500585,8.700972080037227,3.0701278234985114
30.47,63.66,1.69,16.4,10.1,6.49,0.9,8.48,49.22,3.280840304500585,8.700972080037227,3.0701278234985114
27.73,68.91,1.59,15.53,9.56,6.34,1.02,6.84,40.94,3.280840304500585,8.700972080037227,3.0701278234985114
36.2,69.71,1.68,13.31,8.43,5.54,1.06,7.48,44.56,3.280840304500585,8.700972080037227,3.0701278234985114
39.89,72.3,1.71,13.26,8.42,5.51,0.96,10.33,55.98,3.280840304500585,8.700972080037227,3.0701278234985114
57.24,92.26,1.69,13.21,8.38,6.03,0.96,8.62,62.81,3.280840304500585,8.700972080037227,3.0701278234985114
46.58,94.17,1.62,13.94,8.7,7.11,1.05,8.75,53.78,3.280840304500585,8.700972080037227,3.0701278234985114
56.15,95.3,1.62,13.27,8.35,6.97,1.05,7.85,50.74,3.280840304500585,8.700972080037227,3.0701278234985114
57.18,91.27,1.62,14.89,9.23,6.99,1.08,7.87,51.6,3.280840304500585,8.700972080037227,3.0701278234985114
52.59,91.55,1.64,15.59,9.61,5.51,1.12,5.89,47.42,3.280840304500585,8.700972080037227,3.0701278234985114
56.09,90.79,1.65,11.94,7.44,6.04,1.1,8.26,51.29,3.280840304500585,8.700972080037227,3.0701278234985114
52.85,89.77,1.64,15.05,9.29,5.68,1.04,9.76,59.25,3.280840304500585,8.700972080037227,3.0701278234985114
44.16,74.65,1.66,15.94,9.79,4.27,1.18,10.69,41.66,3.280840304500585,8.700972080037227,3.0701278234985114
25.16,41.85,1.63,15.51,9.43,3.63,1.22,4.27,27.62,3.280840304500585,8.700972080037227,3.0701278234985114
18.74,36.01,1.55,11.66,7.47,4.69,0.94,5.86,29.59,3.280840304500585,8.700972080037227,3.0701278234985114
13.15,27.9,1.65,8.65,5.92,4.97,0.76,4.85,29.45,3.280840304500585,8.700972080037227,3.0701278234985114
17.31,32.91,1.57,8.18,5.45,5.47,1.0,4.3,28.14,3.280840304500585,8.700972080037227,3.0701278234985114
20.51,38.78,1.71,11.64,7.5,5.31,0.87,5.38,33.22,3.280840304500585,8.700972080037227,3.0701278234985114
27.78,45.87,1.63,13.71,8.61,3.66,1.0,4.79,33.06,3.280840304500585,8.700972080037227,3.0701278234985114
22.23,40.88,1.56,13.36,8.26,4.15,1.15,6.05,31.39,3.280840304500585,8.700972080037227,3.0701278234985114
40.89,66.78,1.74,15.58,9.7,5.47,1.18,5.52,42.72,3.280840304500585,8.700972080037227,3.0701278234985114
42.91,66.95,1.66,13.82,8.68,5.71,1.17,5.64,40.37,3.280840304500585,8.700972080037227,3.0701278234985114
30.46,58.81,1.73,9.81,6.61,4.87,1.1,6.17,42.66,3.280840304500585,8.700972080037227,3.0701278234985114
31.97,76.01,1.67,9.99,6.63,4.58,1.12,5.32,38.36,3.280840304500585,8.700972080037227,3.0701278234985114
30.17,81.22,1.68,12.55,7.86,4.23,0.93,5.45,33.2,3.280840304500585,8.700972080037227,3.0701278234985114
41.77,84.28,1.66,13.53,8.56,5.2,1.19,4.98,41.53,3.280840304500585,8.700972080037227,3.0701278234985114
44.52,77.71,1.72,16.65,10.22,5.18,1.18,5.59,54.65,3.280840304500585,8.700972080037227,3.0701278234985114
43.41,71.97,1.63,14.58,9.05,4.77,1.47,5.05,46.2,3.280840304500585,8.700972080037227,3.0701278234985114
35.1,61.25,1.77,14.14,8.95,6.25,1.36,5.43,35.77,3.280840304500585,8.700972080037227,3.0701278234985114
27.92,64.64,1.72,9.95,6.69,4.08,0.8,8.77,42.71,3.280840304500585,8.700972080037227,3.0701278234985114
28.27,63.12,1.77,8.04,5.71,3.87,0.82,7.8,42.65,3.280840304500585,8.700972080037227,3.0701278234985114
33.99,67.92,1.66,11.49,7.43,4.21,0.89,6.01,60.0,3.280840304500585,8.700972080037227,3.0701278234985114
43.66,78.18,1.64,10.07,6.71,4.47,0.99,8.52,43.56,3.280840304500585,8.700972080037227,3.0701278234985114
15.2,35.43,1.94,10.9,7.33,4.31,0.95,6.68,36.52,3.280840304500585,8.700972080037227,3.0701278234985114
18.61,32.92,3.44,9.08,7.27,3.98,0.86,6.4,33.77,3.280840304500585,8.700972080037227,3.0701278234985114
15.54,30.35,2.63,14.89,10.05,3.7,1.12,5.33,28.84,3.280840304500585,8.700972080037227,3.0701278234985114
9.71,25.04,2.73,10.86,8.0,5.17,0.82,5.77,36.91,3.280840304500585,8.700972080037227,3.0701278234985114
17.78,31.97,2.78,11.68,8.47,3.85,0.84,5.38,33.24,3.280840304500585,8.700972080037227,3.0701278234985114
17.81,32.97,2.76,12.86,9.06,4.23,0.88,5.76,35.33,3.280840304500585,8.700972080037227,3.0701278234985114
21.46,37.77,2.73,14.32,9.84,4.07,0.95,6.29,29.03,3.280840304500585,8.700972080037227,3.0701278234985114
30.07,56.12,2.77,18.95,12.32,3.96,1.13,5.61,32.06,3.280840304500585,8.700972080037227,3.0701278234985114
19.84,41.6,2.79,12.49,8.92,4.44,0.94,5.74,34.88,3.280840304500585,8.700972080037227,3.0701278234985114
16.04,37.06,2.67,14.91,10.11,3.72,0.99,5.67,34.04,3.280840304500585,8.700972080037227,3.0701278234985114
26.07,52.84,2.67,14.21,9.72,3.99,0.95,7.09,42.16,3.280840304500585,8.700972080037227,3.0701278234985114
28.02,53.8,2.64,11.86,8.46,3.93,0.83,6.37,37.8,3.280840304500585,8.700972080037227,3.0701278234985114
26.83,58.59,2.64,13.39,9.24,3.85,0.88,7.11,43.28,3.280840304500585,8.700972080037227,3.0701278234985114
21.79,57.52,2.76,9.46,7.24,3.21,0.85,6.11,39.92,3.280840304500585,8.700972080037227,3.0701278234985114
24.34,52.44,2.81,12.39,8.88,3.42,0.78,4.82,44.63,3.280840304500585,8.700972080037227,3.0701278234985114
29.15,72.46,2.76,12.32,8.8,3.41,0.88,6.16,45.22,3.280840304500585,8.700972080037227,3.0701278234985114
35.06,72.5,2.85,14.31,9.88,3.14,0.93,6.46,44.64,3.280840304500585,8.700972080037227,3.0701278234985114
35.77,68.55,2.71,14.79,10.0,2.83,1.12,5.78,38.39,3.280840304500585,8.700972080037227,3.0701278234985114
46.14,76.45,2.84,11.89,8.64,3.24,1.03,7.98,40.11,3.280840304500585,8.700972080037227,3.0701278234985114
29.38,59.65,2.91,11.71,8.61,3.37,0.86,6.53,42.29,3.280840304500585,8.700972080037227,3.0701278234985114
23.65,53.26,2.94,8.97,7.16,3.41,0.77,6.11,41.94,3.280840304500585,8.700972080037227,3.0701278234985114
64.52,56.07,2.82,9.89,7.55,2.91,0.84,5.52,43.25,3.280840304500585,8.700972080037227,3.0701278234985114
22.42,50.04,2.82,12.9,9.16,3.45,0.91,5.02,51.25,3.280840304500585,8.700972080037227,3.0701278234985114
28.82,55.18,2.78,9.75,7.44,3.67,0.89,6.05,55.05,3.280840304500585,8.700972080037227,3.0701278234985114
26.48,46.4,2.98,9.51,7.47,3.76,0.89,6.5,58.65,3.280840304500585,8.700972080037227,3.0701278234985114
18.29,30.75,2.86,9.51,7.39,3.1,0.86,5.61,38.56,3.280840304500585,8.700972080037227,3.0701278234985114
16.81,30.01,2.87,11.28,8.33,2.83,0.87,6.59,35.64,3.280840304500585,8.700972080037227,3.0701278234985114
13.97,27.82,2.89,9.77,7.55,2.92,0.88,5.77,33.45,3.280840304500585,8.700972080037227,3.0701278234985114
23.21,42.75,2.9,13.19,9.36,2.66,1.01,5.79,34.32,3.280840304500585,8.700972080037227,3.0701278234985114
11.28,28.12,2.79,11.06,8.15,2.63,0.86,6.3,30.24,3.280840304500585,8.700972080037227,3.0701278234985114
12.24,28.73,2.97,10.15,7.71,2.9,0.96,6.78,27.94,3.280840304500585,8.700972080037227,3.0701278234985114
9.12,21.4,2.89,9.79,7.48,3.11,0.88,6.54,27.47,3.280840304500585,8.700972080037227,3.0701278234985114
9.35,23.59,3.04,8.45,6.96,3.55,0.8,7.13,34.91,3.280840304500585,8.700972080037227,3.0701278234985114
10.52,24.27,3.05,12.44,9.09,4.38,0.77,6.43,40.44,3.280840304500585,8.700972080037227,3.0701278234985114
26.65,46.65,2.92,15.18,10.45,3.81,1.06,7.11,41.88,3.280840304500585,8.700972080037227,3.0701278234985114
28.45,50.52,3.08,10.55,8.1,3.65,0.95,6.16,39.76,3.280840304500585,8.700972080037227,3.0701278234985114
21.54,33.39,3.27,8.35,7.1,3.32,0.96,4.77,34.53,3.280840304500585,8.700972080037227,3.0701278234985114
8.96,23.2,3.2,8.44,6.91,3.27,0.89,5.58,31.18,3.280840304500585,8.700972080037227,3.0701278234985114
13.25,30.44,3.16,6.8,6.06,3.57,0.9,5.87,29.52,3.280840304500585,8.700972080037227,3.0701278234985114
10.25,24.91,3.55,3.92,4.59,3.65,0.86,4.19,30.25,3.280840304500585,8.700972080037227,3.0701278234985114
15.69,35.89,3.73,5.86,3.19,1.78,1.0,5.19,35.44,3.280840304500585,8.700972080037227,3.0701278234985114
18.72,43.92,3.37,12.91,4.66,2.28,0.88,6.47,43.48,3.280840304500585,8.700972080037227,3.0701278234985114
22.04,45.18,2.97,12.1,8.85,3.99,0.89,6.99,46.45,3.280840304500585,8.700972080037227,3.0701278234985114
25.68,65.82,2.84,11.73,8.54,4.65,0.95,6.68,41.31,3.280840304500585,8.700972080037227,3.0701278234985114
12.04,17.46,3.1,17.27,11.59,4.28,0.6,3.77,53.64,3.280840304500585,8.700972080037227,3.0701278234985114
22.6,44.1,2.88,15.31,10.47,2.75,0.95,5.08,54.81,3.280840304500585,8.700972080037227,3.0701278234985114
10.94,27.03,2.94,8.48,6.89,2.12,0.74,4.98,56.46,3.280840304500585,8.700972080037227,3.0701278234985114
13.24,40.0,3.0,7.56,6.47,3.52,1.0,5.22,50.82,3.280840304500585,8.700972080037227,3.0701278234985114
14.46,41.09,3.08,7.98,6.53,4.01,0.89,5.53,43.54,3.280840304500585,8.700972080037227,3.0701278234985114
14.78,32.33,3.1,12.02,8.92,3.44,0.86,4.93,40.51,3.280840304500585,8.700972080037227,3.0701278234985114
18.75,42.4,2.8,15.81,10.54,3.65,1.0,5.15,32.53,3.280840304500585,8.700972080037227,3.0701278234985114
17.99,36.25,2.85,16.73,11.14,3.44,1.01,6.04,26.52,3.280840304500585,8.700972080037227,3.0701278234985114
13.59,27.32,3.1,16.03,10.85,3.04,0.86,5.44,28.29,3.280840304500585,8.700972080037227,3.0701278234985114
16.7,30.1,2.79,17.41,11.47,2.6,0.92,5.28,29.15,3.280840304500585,8.700972080037227,3.0701278234985114
17.04,37.16,2.97,22.39,14.09,2.32,1.08,5.86,24.34,3.280840304500585,8.700972080037227,3.0701278234985114
17.49,33.78,3.24,14.35,10.11,2.67,0.92,6.22,26.6,3.280840304500585,8.700972080037227,3.0701278234985114
15.77,27.33,2.73,19.38,12.49,3.26,0.73,6.53,20.39,3.280840304500585,8.700972080037227,3.0701278234985114
13.57,43.69,3.22,9.14,7.38,2.87,0.89,4.84,26.3,3.280840304500585,8.700972080037227,3.0701278234985114
10.75,40.67,3.19,2.08,3.59,2.36,0.6,6.0,28.03,3.280840304500585,8.700972080037227,3.0701278234985114
13.4,53.74,3.01,9.16,7.3,2.12,0.86,5.95,24.44,3.280840304500585,8.700972080037227,3.0701278234985114
13.5,39.6,3.08,13.25,9.46,1.65,0.79,4.97,25.84,3.280840304500585,8.700972080037227,3.0701278234985114
12.34,28.76,3.12,14.24,10.07,1.48,0.71,5.94,27.71,3.280840304500585,8.700972080037227,3.0701278234985114
13.09,38.2,3.06,14.69,10.31,1.54,0.93,5.25,24.01,3.280840304500585,8.700972080037227,3.0701278234985114
15.52,63.21,2.99,12.1,8.82,1.51,0.93,6.17,20.66,3.280840304500585,8.700972080037227,3.0701278234985114
16.72,49.12,3.03,10.55,7.92,1.42,0.71,5.1,25.56,3.280840304500585,8.700972080037227,3.0701278234985114
20.49,44.95,3.04,12.9,9.3,1.84,0.77,6.0,28.31,3.280840304500585,8.700972080037227,3.0701278234985114
19.2,45.68,3.05,14.11,9.99,2.13,0.98,5.57,30.81,3.280840304500585,8.700972080037227,3.0701278234985114
17.08,44.56,3.12,13.06,9.49,2.71,0.74,5.87,27.3,3.280840304500585,8.700972080037227,3.0701278234985114
15.29,25.55,3.1,10.06,7.85,2.53,0.81,5.83,29.0,3.280840304500585,8.700972080037227,3.0701278234985114
15.12,39.79,3.24,5.81,5.72,2.89,0.94,5.67,24.74,3.280840304500585,8.700972080037227,3.0701278234985114
13.41,39.18,3.26,2.6,3.96,2.54,0.83,5.64,22.35,3.280840304500585,8.700972080037227,3.0701278234985114
14.5,34.99,3.53,5.59,5.83,3.13,0.67,6.63,26.13,3.280840304500585,8.700972080037227,3.0701278234985114
15.49,35.9,3.1,10.12,7.91,4.25,0.8,5.16,35.28,3.280840304500585,8.700972080037227,3.0701278234985114
23.0,43.26,3.11,9.57,7.62,2.94,0.83,6.47,30.42,3.280840304500585,8.700972080037227,3.0701278234985114
18.41,42.32,3.16,6.67,6.12,2.42,0.88,6.52,28.5,3.280840304500585,8.700972080037227,3.0701278234985114
19.07,40.65,2.94,7.66,6.46,2.48,0.8,5.86,28.1,3.280840304500585,8.700972080037227,3.0701278234985114
18.6,46.16,3.02,8.43,6.94,2.39,0.78,6.89,31.54,3.280840304500585,8.700972080037227,3.0701278234985114
16.08,44.91,3.13,8.66,7.15,1.89,0.78,5.85,29.99,3.280840304500585,8.700972080037227,3.0701278234985114
10.73,27.82,3.1,14.09,9.82,1.69,0.81,6.66,27.51,3.280840304500585,8.700972080037227,3.0701278234985114
17.48,36.89,2.81,12.2,8.77,1.72,0.84,7.0,30.21,3.280840304500585,8.700972080037227,3.0701278234985114
16.18,39.8,2.99,10.8,8.03,1.94,0.87,5.75,28.53,3.280840304500585,8.700972080037227,3.0701278234985114
17.58,46.58,3.02,11.87,8.77,2.25,0.92,5.02,26.85,3.280840304500585,8.700972080037227,3.0701278234985114
13.54,35.93,2.98,9.67,7.42,1.79,0.81,6.38,33.87,3.280840304500585,8.700972080037227,3.0701278234985114
14.45,46.7,2.98,11.27,8.41,1.73,0.76,5.93,34.64,3.280840304500585,8.700972080037227,3.0701278234985114
18.23,62.76,3.1,8.35,6.96,2.0,0.82,5.89,34.21,3.280840304500585,8.700972080037227,3.0701278234985114
67.45057794890306,58.53,3.08,4.55,4.92,2.0,0.74,5.17,34.36,3.280840304500585,8.700972080037227,3.0701278234985114
18.71,65.29,2.87,6.27,5.67,1.95,0.91,6.24,32.27,3.280840304500585,8.700972080037227,3.0701278234985114
13.41,43.0,2.89,5.95,5.51,1.85,0.8,5.13,30.19,3.280840304500585,8.700972080037227,3.0701278234985114
14.85,40.29,2.95,8.08,6.68,1.82,0.74,6.06,27.3,3.280840304500585,8.700972080037227,3.0701278234985114
18.51,54.71,2.92,8.08,6.65,2.13,0.95,5.73,30.96,3.280840304500585,8.700972080037227,3.0701278234985114
17.59,50.25,3.09,5.91,5.66,2.25,0.87,5.23,30.49,3.280840304500585,8.700972080037227,3.0701278234985114
13.55,37.53,2.91,5.95,5.53,2.21,0.93,5.99,28.73,3.280840304500585,8.700972080037227,3.0701278234985114
13.44,25.9,2.87,12.14,8.65,1.82,1.02,5.48,27.66,3.280840304500585,8.700972080037227,3.0701278234985114
14.91,39.67,2.94,15.24,10.4,1.65,1.07,5.96,24.5,3.280840304500585,8.700972080037227,3.0701278234985114
14.62,36.35,2.86,10.09,7.69,1.96,0.95,4.65,29.3,3.280840304500585,8.700972080037227,3.0701278234985114
18.7,37.27,2.83,8.53,6.83,1.89,0.98,5.55,26.01,3.280840304500585,8.700972080037227,3.0701278234985114
19.14,42.58,2.89,8.14,6.69,1.84,1.04,6.02,27.58,3.280840304500585,8.700972080037227,3.0701278234985114
11.14,33.81,2.96,4.41,4.62,2.02,1.06,5.43,29.14,3.280840304500585,8.700972080037227,3.0701278234985114
9.04,28.54,2.81,5.17,4.99,1.97,1.0,4.48,27.11,3.280840304500585,8.700972080037227,3.0701278234985114
9.51,30.15,2.95,5.07,4.6,1.8,1.05,5.95,30.42,3.280840304500585,8.700972080037227,3.0701278234985114
11.16,25.2,2.9,7.21,6.1,1.87,1.12,6.03,30.15,3.280840304500585,8.700972080037227,3.0701278234985114
9.21,39.6,2.87,8.03,6.5,1.79,1.16,4.98,29.02,3.280840304500585,8.700972080037227,3.0701278234985114
8.67,27.55,2.8,3.96,4.31,1.95,1.05,4.96,30.69,3.280840304500585,8.700972080037227,3.0701278234985114
11.88,31.22,2.91,3.27,4.07,2.21,1.15,5.82,31.29,3.280840304500585,8.700972080037227,3.0701278234985114
10.35,29.91,2.98,4.77,4.93,2.13,1.14,4.93,30.56,3.280840304500585,8.700972080037227,3.0701278234985114
10.5,31.66,2.81,7.6,6.25,2.04,1.4,5.75,28.25,3.280840304500585,8.700972080037227,3.0701278234985114
6.88,28.88,2.91,5.1,5.02,2.09,1.29,5.72,30.65,3.280840304500585,8.700972080037227,3.0701278234985114
6.0,42.0,2.85,2.62,3.18,1.56,0.44,6.13,20.32,3.280840304500585,8.700972080037227,3.0701278234985114
6.92,27.58,2.78,6.8,5.87,2.19,1.17,4.56,27.92,3.280840304500585,8.700972080037227,3.0701278234985114
10.26,28.14,2.93,7.48,5.73,2.19,1.36,5.12,31.71,3.280840304500585,8.700972080037227,3.0701278234985114
9.45,30.3,2.92,5.9,5.5,2.09,1.42,5.57,30.22,3.280840304500585,8.700972080037227,3.0701278234985114
11.81,39.35,2.8,6.29,5.62,2.07,1.78,5.11,28.91,3.280840304500585,8.700972080037227,3.0701278234985114
17.56,46.05,2.91,4.72,4.87,2.32,1.13,5.51,33.17,3.280840304500585,8.700972080037227,3.0701278234985114
14.31,43.2,2.78,5.11,4.98,2.17,1.01,6.5,32.85,3.280840304500585,8.700972080037227,3.0701278234985114
21.91,50.41,2.97,5.3,5.24,2.31,1.13,6.51,35.73,3.280840304500585,8.700972080037227,3.0701278234985114
15.88,42.72,3.01,4.2,4.64,2.22,1.73,5.95,37.06,3.280840304500585,8.700972080037227,3.0701278234985114
10.58,33.98,2.93,5.04,5.06,2.27,0.82,6.49,36.37,3.280840304500585,8.700972080037227,3.0701278234985114
20.16,41.24,2.93,5.23,5.16,2.44,0.64,6.38,35.02,3.280840304500585,8.700972080037227,3.0701278234985114
18.13,47.25,2.8,5.98,5.45,2.43,0.91,6.35,30.68,3.280840304500585,8.700972080037227,3.0701278234985114
23.44,56.07,2.94,7.1,6.16,2.72,0.79,5.98,34.09,3.280840304500585,8.700972080037227,3.0701278234985114
19.24,52.38,2.93,4.64,4.85,2.7,0.78,6.07,35.3,3.280840304500585,8.700972080037227,3.0701278234985114
20.49,50.48,2.89,6.64,5.87,2.61,0.81,6.02,35.03,3.280840304500585,8.700972080037227,3.0701278234985114
20.0,51.27,2.97,5.82,5.51,2.62,0.77,5.56,38.92,3.280840304500585,8.700972080037227,3.0701278234985114
22.06,55.46,2.8,6.44,5.69,2.46,0.81,5.48,37.14,3.280840304500585,8.700972080037227,3.0701278234985114
16.12,52.45,2.92,6.96,6.08,2.39,0.79,6.72,36.66,3.280840304500585,8.700972080037227,3.0701278234985114
17.55,45.48,2.88,6.46,5.73,2.47,0.9,6.0,31.62,3.280840304500585,8.700972080037227,3.0701278234985114
17.14,43.17,3.0,4.86,4.99,2.83,0.78,5.5,37.88,3.280840304500585,8.700972080037227,3.0701278234985114
67.45057794890306,118.12710293078135,17.574729662029362,28.560659061126955,32.30912333307031,23.48347601937197,2.2485982090856145,14.53197725590996,34.49143047551845,3.280840304500585,8.700972080037227,3.0701278234985114
22.24,60.76,2.95,8.42,6.83,2.6,0.76,5.19,40.49,3.280840304500585,8.700972080037227,3.0701278234985114
24.4,67.26,2.9,7.36,6.27,2.5,0.85,5.86,44.4,3.280840304500585,8.700972080037227,3.0701278234985114
25.5,68.99,2.98,7.82,6.58,2.57,0.88,6.73,38.85,3.280840304500585,8.700972080037227,3.0701278234985114
28.03,72.04,2.87,9.43,7.34,2.63,0.93,6.44,42.35,3.280840304500585,8.700972080037227,3.0701278234985114
28.44,64.05,2.8,8.62,6.84,3.08,0.81,7.36,41.8,3.280840304500585,8.700972080037227,3.0701278234985114
19.46,43.68,3.04,6.65,6.0,3.19,0.81,7.35,42.2,3.280840304500585,8.700972080037227,3.0701278234985114
12.38,35.01,2.88,7.9,6.53,2.54,0.84,6.07,31.54,3.280840304500585,8.700972080037227,3.0701278234985114
17.14,39.68,2.74,8.21,6.6,2.65,0.84,5.56,32.06,3.280840304500585,8.700972080037227,3.0701278234985114
14.31,32.57,2.89,6.06,5.57,2.39,0.88,5.05,36.96,3.280840304500585,8.700972080037227,3.0701278234985114
20.42,60.69,2.92,6.71,5.94,2.33,0.83,5.15,40.99,3.280840304500585,8.700972080037227,3.0701278234985114
21.49,56.28,2.77,6.82,5.87,2.5,0.9,5.45,36.52,3.280840304500585,8.700972080037227,3.0701278234985114
13.45,30.23,2.88,4.45,4.63,2.53,0.75,5.68,31.89,3.280840304500585,8.700972080037227,3.0701278234985114
16.64,29.76,2.69,7.85,6.28,2.39,0.87,5.26,32.13,3.280840304500585,8.700972080037227,3.0701278234985114
24.56,45.89,2.64,9.65,7.28,2.62,0.95,5.71,36.49,3.280840304500585,8.700972080037227,3.0701278234985114
24.19,47.71,2.91,6.06,5.56,2.9,0.86,6.39,37.66,3.280840304500585,8.700972080037227,3.0701278234985114
22.38,41.11,2.86,6.63,5.74,2.69,0.96,5.6,44.87,3.280840304500585,8.700972080037227,3.0701278234985114
26.0,45.3,2.9,7.34,6.2,2.51,0.94,5.42,36.45,3.280840304500585,8.700972080037227,3.0701278234985114
15.29,27.84,2.83,7.36,6.2,2.53,0.97,5.54,40.25,3.280840304500585,8.700972080037227,3.0701278234985114
21.93,35.57,2.82,8.24,6.66,2.83,0.96,5.25,31.92,3.280840304500585,8.700972080037227,3.0701278234985114
23.75,43.0,2.86,9.79,7.53,2.58,1.14,4.94,29.32,3.280840304500585,8.700972080037227,3.0701278234985114
17.33,31.2,2.76,7.0,5.91,2.9,0.89,4.85,27.34,3.280840304500585,8.700972080037227,3.0701278234985114
18.9,34.18,3.05,9.29,7.24,3.83,1.1,5.22,27.8,3.280840304500585,8.700972080037227,3.0701278234985114
14.12,29.82,2.78,11.08,8.16,3.6,0.86,5.37,28.68,3.280840304500585,8.700972080037227,3.0701278234985114
20.59,39.69,2.8,20.9,13.29,2.99,0.95,4.93,5.93,3.280840304500585,8.700972080037227,3.0701278234985114
30.33,50.39,2.8,8.2,6.57,3.15,1.16,5.57,8.34,3.280840304500585,8.700972080037227,3.0701278234985114
12.48,24.47,2.82,6.03,5.38,2.9,1.03,3.92,8.3,3.280840304500585,8.700972080037227,3.0701278234985114
13.27,26.54,2.7,7.97,6.42,2.7,1.01,5.68,8.62,3.280840304500585,8.700972080037227,3.0701278234985114
15.1,26.27,2.74,9.25,7.12,2.6,1.01,5.59,11.0,3.280840304500585,8.700972080037227,3.0701278234985114
15.43,34.46,2.77,9.88,7.47,2.6,1.04,6.49,11.47,3.280840304500585,8.700972080037227,3.0701278234985114
35.94,50.68,2.64,9.85,7.38,2.84,1.09,5.53,9.94,3.280840304500585,8.700972080037227,3.0701278234985114
38.58,67.44,2.96,8.94,7.13,3.21,1.02,5.73,10.98,3.280840304500585,8.700972080037227,3.0701278234985114
36.93,63.53,2.98,6.78,5.97,2.82,0.98,5.31,8.87,3.280840304500585,8.700972080037227,3.0701278234985114
30.14,52.64,2.91,4.82,4.88,2.39,0.96,6.65,6.88,3.280840304500585,8.700972080037227,3.0701278234985114
31.75,53.57,2.87,4.55,4.71,3.08,1.05,6.64,5.58,3.280840304500585,8.700972080037227,3.0701278234985114
19.06,35.04,2.77,6.51,5.65,3.22,1.04,5.55,7.8,3.280840304500585,8.700972080037227,3.0701278234985114
12.74,28.26,2.79,7.11,6.03,2.83,1.02,5.91,10.68,3.280840304500585,8.700972080037227,3.0701278234985114
16.07,30.33,2.9,4.4,4.19,2.98,0.84,5.69,8.91,3.280840304500585,8.700972080037227,3.0701278234985114
12.9,30.94,2.98,4.3,4.48,3.14,0.97,6.48,7.44,3.280840304500585,8.700972080037227,3.0701278234985114
13.8,28.76,2.86,6.48,5.5,3.16,1.01,5.7,6.57,3.280840304500585,8.700972080037227,3.0701278234985114
19.09,31.72,3.11,8.11,6.18,2.72,1.05,6.15,7.22,3.280840304500585,8.700972080037227,3.0701278234985114
17.97,33.12,3.1,4.94,5.14,2.65,0.86,5.12,6.58,3.280840304500585,8.700972080037227,3.0701278234985114
30.73,56.61,3.08,8.79,6.83,2.43,1.25,5.1,7.49,3.280840304500585,8.700972080037227,3.0701278234985114
45.62,72.5,3.05,7.7,6.54,2.53,1.31,5.23,7.77,3.280840304500585,8.700972080037227,3.0701278234985114
49.67,84.26,3.21,4.42,4.85,2.79,1.2,5.75,9.52,3.280840304500585,8.700972080037227,3.0701278234985114
51.29,90.58,3.4,3.88,4.6,3.05,1.21,5.84,20.02,3.280840304500585,8.700972080037227,3.0701278234985114
46.33,83.3,3.12,4.02,4.48,5.39,1.09,5.96,16.3,3.280840304500585,8.700972080037227,3.0701278234985114
42.05,68.11,2.85,5.92,5.37,2.71,1.19,5.16,6.09,3.280840304500585,8.700972080037227,3.0701278234985114
43.92,77.95,2.78,11.63,8.4,3.48,1.44,5.56,8.85,3.280840304500585,8.700972080037227,3.0701278234985114
11.3,27.28,2.93,9.86,7.58,2.8,1.13,5.2,36.9,3.280840304500585,8.700972080037227,3.0701278234985114
26.4,45.52,2.8,6.96,5.91,2.73,1.34,10.4,35.11,3.280840304500585,8.700972080037227,3.0701278234985114
54.98,78.08,2.78,8.5,6.62,2.56,1.4,7.32,34.42,3.280840304500585,8.700972080037227,3.0701278234985114
46.01,65.46,5.14,10.97,8.93,3.47,1.39,7.09,40.15,3.280840304500585,8.700972080037227,3.0701278234985114
49.17,73.19,5.07,13.16,10.13,4.52,1.72,6.52,40.54,3.280840304500585,8.700972080037227,3.0701278234985114
40.86,60.82,5.88,7.95,8.77,5.26,1.5,6.32,37.02,3.280840304500585,8.700972080037227,3.0701278234985114
35.16,53.9,4.57,6.01,6.88,5.76,1.41,11.07,45.94,3.280840304500585,8.700972080037227,3.0701278234985114
36.27,54.12,3.99,3.33,4.35,6.15,1.2,4.37,47.14,3.280840304500585,8.700972080037227,3.0701278234985114
44.3,63.39,4.32,5.14,5.46,5.62,1.19,15.51,54.61,3.280840304500585,8.700972080037227,3.0701278234985114
43.66,59.67,4.23,5.85,5.83,5.3,1.19,4.1,64.4,3.280840304500585,8.700972080037227,3.0701278234985114
61.59,87.3,4.22,5.51,5.95,5.33,1.28,5.6,64.07,3.280840304500585,8.700972080037227,3.0701278234985114
51.3,76.59,3.56,8.59,3.5,5.04,1.29,4.48,51.17,3.280840304500585,8.700972080037227,3.0701278234985114
46.81,64.32,3.27,3.31,3.9,3.58,1.24,5.66,41.59,3.280840304500585,8.700972080037227,3.0701278234985114
32.55,47.35,4.39,4.72,5.55,4.24,1.23,15.55,36.38,3.280840304500585,8.700972080037227,3.0701278234985114
19.99,35.46,4.62,7.13,6.63,3.88,1.24,7.98,36.24,3.280840304500585,8.700972080037227,3.0701278234985114
22.19,36.16,4.21,6.98,6.15,3.44,1.21,4.72,43.78,3.280840304500585,8.700972080037227,3.0701278234985114
31.18,48.44,3.94,4.82,5.54,3.3,1.3,6.1,44.21,3.280840304500585,8.700972080037227,3.0701278234985114
31.22,49.24,4.03,4.23,5.3,3.41,1.18,11.65,46.36,3.280840304500585,8.700972080037227,3.0701278234985114
19.58,37.35,4.72,5.88,6.68,3.43,1.25,6.56,32.03,3.280840304500585,8.700972080037227,3.0701278234985114
27.44,44.34,3.54,3.54,4.29,3.29,1.2,5.53,41.98,3.280840304500585,8.700972080037227,3.0701278234985114
58.93,85.65,4.16,8.74,7.11,3.67,1.5,14.75,45.51,3.280840304500585,8.700972080037227,3.0701278234985114
67.45057794890306,72.64,4.45,7.27,7.49,4.71,1.65,14.93,45.71,3.280840304500585,8.700972080037227,3.0701278234985114
42.7,69.66,4.62,6.21,7.02,4.95,1.61,8.44,51.9,3.280840304500585,8.700972080037227,3.0701278234985114
35.04,53.63,5.18,5.67,7.22,3.83,1.73,4.07,39.66,3.280840304500585,8.700972080037227,3.0701278234985114
28.12,47.04,4.44,6.54,6.76,3.75,1.79,20.81,41.63,3.280840304500585,8.700972080037227,3.0701278234985114
52.82,81.14,0.93,8.6,5.33,5.76,0.81,5.02,64.39,3.280840304500585,8.700972080037227,3.0701278234985114
40.59,72.21,0.92,5.78,3.82,4.97,0.6,2.44,74.93,3.280840304500585,8.700972080037227,3.0701278234985114
41.14,72.15,0.99,7.31,4.58,4.61,0.71,4.7,71.42,3.280840304500585,8.700972080037227,3.0701278234985114
34.56,59.82,0.97,7.12,4.43,4.19,0.69,4.24,64.37,3.280840304500585,8.700972080037227,3.0701278234985114
39.99,67.14,0.95,8.55,5.3,4.53,0.76,4.75,69.67,3.280840304500585,8.700972080037227,3.0701278234985114
39.42,64.31,0.96,6.61,4.22,5.43,0.67,4.04,67.59,3.280840304500585,8.700972080037227,3.0701278234985114
46.75,74.89,0.93,10.87,6.31,5.26,0.92,7.43,58.98,3.280840304500585,8.700972080037227,3.0701278234985114
42.5,69.57,1.21,10.77,6.4,4.72,0.93,4.78,58.86,3.280840304500585,8.700972080037227,3.0701278234985114
37.67,57.39,1.0,8.61,5.22,5.47,0.85,2.12,58.54,3.280840304500585,8.700972080037227,3.0701278234985114
46.17,72.17,1.03,8.5,5.31,5.5,0.75,7.82,64.32,3.280840304500585,8.700972080037227,3.0701278234985114
37.03,59.82,1.01,8.72,5.33,4.39,0.78,16.43,42.33,3.280840304500585,8.700972080037227,3.0701278234985114
32.65,60.12,0.9,9.33,5.5,4.81,0.85,5.14,46.91,3.280840304500585,8.700972080037227,3.0701278234985114
36.0,64.67,0.9,10.87,6.22,4.85,0.86,1.96,51.21,3.280840304500585,8.700972080037227,3.0701278234985114
38.32,73.93,1.08,11.0,6.33,5.02,0.86,2.77,71.82,3.280840304500585,8.700972080037227,3.0701278234985114
45.27,82.9,0.87,9.2,5.41,5.67,0.84,5.15,61.49,3.280840304500585,8.700972080037227,3.0701278234985114
44.81,78.98,0.98,8.54,5.27,5.2,0.84,6.64,71.49,3.280840304500585,8.700972080037227,3.0701278234985114
36.43,65.73,0.9,6.59,4.18,4.68,0.73,7.9,69.86,3.280840304500585,8.700972080037227,3.0701278234985114
32.9,64.89,0.93,5.37,3.61,4.33,0.67,2.44,53.57,3.280840304500585,8.700972080037227,3.0701278234985114
31.41,61.82,0.92,6.46,4.06,3.91,0.66,2.23,60.2,3.280840304500585,8.700972080037227,3.0701278234985114
27.75,57.21,0.91,5.33,3.42,4.3,0.67,1.86,51.1,3.280840304500585,8.700972080037227,3.0701278234985114
35.35,67.65,0.92,5.28,3.52,4.45,0.67,6.33,54.39,3.280840304500585,8.700972080037227,3.0701278234985114
22.44,50.94,0.99,6.19,3.95,4.44,0.59,6.93,64.79,3.280840304500585,8.700972080037227,3.0701278234985114
23.74,54.29,1.02,7.86,4.75,4.71,0.68,5.78,58.99,3.280840304500585,8.700972080037227,3.0701278234985114
28.5,60.73,0.95,6.58,4.19,4.82,0.55,3.81,71.74,3.280840304500585,8.700972080037227,3.0701278234985114
37.34,68.04,0.9,7.22,4.44,4.76,0.69,5.49,69.58,3.280840304500585,8.700972080037227,3.0701278234985114
40.97,68.32,0.91,5.93,3.88,4.44,0.65,3.18,66.22,3.280840304500585,8.700972080037227,3.0701278234985114
33.72,67.47,0.92,5.64,3.63,3.95,0.63,2.09,60.65,3.280840304500585,8.700972080037227,3.0701278234985114
31.09,74.96,0.89,5.82,3.74,3.61,0.67,2.03,59.96,3.280840304500585,8.700972080037227,3.0701278234985114
31.38,88.46,1.02,5.44,3.69,3.45,0.58,4.06,67.86,3.280840304500585,8.700972080037227,3.0701278234985114
30.46,68.2,0.96,6.55,4.11,3.45,0.74,3.83,60.34,3.280840304500585,8.700972080037227,3.0701278234985114
35.12,63.12,0.97,4.7,3.29,3.32,0.64,3.72,63.59,3.280840304500585,8.700972080037227,3.0701278234985114
44.45,69.4,0.8,5.6,3.57,3.29,0.76,5.66,62.83,3.280840304500585,8.700972080037227,3.0701278234985114
21.33,58.71,0.9,4.75,3.16,3.1,0.62,1.49,57.22,3.280840304500585,8.700972080037227,3.0701278234985114
19.0,67.2,0.92,4.76,3.24,2.87,0.57,1.92,49.41,3.280840304500585,8.700972080037227,3.0701278234985114
26.06,60.76,0.91,4.95,3.31,3.77,0.66,4.36,61.11,3.280840304500585,8.700972080037227,3.0701278234985114
29.97,70.94,0.9,5.95,3.73,3.76,0.75,9.61,56.11,3.280840304500585,8.700972080037227,3.0701278234985114
36.67,72.46,0.93,5.46,3.63,3.58,0.66,3.83,64.88,3.280840304500585,8.700972080037227,3.0701278234985114
48.85,96.27,0.86,8.47,5.07,4.01,0.83,4.84,94.17,3.280840304500585,8.700972080037227,3.0701278234985114
39.88,85.38,1.05,8.76,5.31,4.57,0.86,4.17,97.28,3.280840304500585,8.700972080037227,3.0701278234985114
44.04,88.36,0.95,7.15,4.39,4.09,0.83,5.28,66.07,3.280840304500585,8.700972080037227,3.0701278234985114
35.14,72.39,0.84,6.12,3.87,3.55,0.83,6.37,58.82,3.280840304500585,8.700972080037227,3.0701278234985114
33.45,65.23,0.93,7.64,4.4,3.32,0.89,7.03,48.67,3.280840304500585,8.700972080037227,3.0701278234985114
31.39,62.21,0.89,7.05,4.35,3.41,0.89,7.4,45.72,3.280840304500585,8.700972080037227,3.0701278234985114
30.52,59.9,0.91,6.56,4.13,3.62,0.85,7.34,58.3,3.280840304500585,8.700972080037227,3.0701278234985114
32.33,61.19,0.9,6.83,4.27,3.95,0.86,4.13,67.81,3.280840304500585,8.700972080037227,3.0701278234985114
32.25,64.78,0.82,5.21,3.36,4.26,0.8,2.66,65.11,3.280840304500585,8.700972080037227,3.0701278234985114
28.49,59.02,0.77,4.06,2.77,3.73,0.7,2.74,63.12,3.280840304500585,8.700972080037227,3.0701278234985114
32.02,65.3,0.91,6.34,3.99,3.39,0.86,2.6,55.99,3.280840304500585,8.700972080037227,3.0701278234985114
30.55,67.23,0.87,4.85,3.23,2.96,0.72,3.36,56.69,3.280840304500585,8.700972080037227,3.0701278234985114
28.72,67.02,1.04,5.81,3.66,3.12,0.57,3.37,61.46,3.280840304500585,8.700972080037227,3.0701278234985114
35.69,75.77,0.91,6.38,3.93,3.27,0.81,2.35,47.74,3.280840304500585,8.700972080037227,3.0701278234985114
33.98,75.12,0.93,5.16,3.4,2.95,0.72,1.99,53.96,3.280840304500585,8.700972080037227,3.0701278234985114
34.94,85.28,0.88,4.84,3.09,2.84,0.84,1.17,50.38,3.280840304500585,8.700972080037227,3.0701278234985114
37.82,81.64,0.84,3.35,2.46,2.52,0.75,1.55,51.96,3.280840304500585,8.700972080037227,3.0701278234985114
39.22,79.24,0.9,4.18,2.96,2.57,0.82,1.44,47.12,3.280840304500585,8.700972080037227,3.0701278234985114
44.11,82.12,0.86,4.98,3.27,2.59,0.77,1.58,46.11,3.280840304500585,8.700972080037227,3.0701278234985114
40.78,81.81,0.88,4.95,3.31,2.6,0.74,2.69,49.93,3.280840304500585,8.700972080037227,3.0701278234985114
25.46,50.68,0.9,5.51,3.61,2.91,0.79,1.84,49.66,3.280840304500585,8.700972080037227,3.0701278234985114
19.34,44.72,1.02,6.03,3.64,2.55,0.74,5.9,42.11,3.280840304500585,8.700972080037227,3.0701278234985114
22.06,50.03,0.84,5.6,3.58,2.63,0.76,1.01,42.45,3.280840304500585,8.700972080037227,3.0701278234985114
29.36,66.82,0.83,3.86,2.69,3.2,0.63,1.28,51.91,3.280840304500585,8.700972080037227,3.0701278234985114
29.4,71.05,0.96,4.31,2.97,3.16,0.7,2.87,47.6,3.280840304500585,8.700972080037227,3.0701278234985114
29.84,67.66,0.87,4.12,2.82,2.95,0.84,1.95,49.38,3.280840304500585,8.700972080037227,3.0701278234985114
29.96,62.29,0.89,4.54,3.11,2.73,0.89,1.98,54.35,3.280840304500585,8.700972080037227,3.0701278234985114
27.02,59.77,0.78,3.83,2.65,2.6,0.85,1.15,58.07,3.280840304500585,8.700972080037227,3.0701278234985114
28.08,65.59,0.79,4.4,2.91,2.83,0.86,1.13,46.32,3.280840304500585,8.700972080037227,3.0701278234985114
29.0,60.17,2.7,5.62,3.22,2.97,0.86,1.02,49.61,3.280840304500585,8.700972080037227,3.0701278234985114
29.11,60.55,1.62,5.77,3.29,3.06,0.91,2.54,48.69,3.280840304500585,8.700972080037227,3.0701278234985114
27.8,54.56,1.62,5.62,3.22,3.05,0.88,2.66,45.55,3.280840304500585,8.700972080037227,3.0701278234985114
25.36,51.86,1.62,7.6,4.31,3.11,1.01,1.8,37.88,3.280840304500585,8.700972080037227,3.0701278234985114
27.7,56.55,1.56,6.93,3.7,2.87,0.94,1.79,39.21,3.280840304500585,8.700972080037227,3.0701278234985114
23.75,44.77,1.13,6.31,3.78,3.23,0.88,0.64,44.07,3.280840304500585,8.700972080037227,3.0701278234985114
19.82,42.03,1.48,5.74,3.32,3.13,0.96,0.63,44.89,3.280840304500585,8.700972080037227,3.0701278234985114
6.75,32.47,1.66,5.4,3.11,2.74,0.97,1.39,47.52,3.280840304500585,8.700972080037227,3.0701278234985114
67.45057794890306,28.21,1.53,5.51,3.15,2.42,0.94,1.2,47.61,3.280840304500585,8.700972080037227,3.0701278234985114
20.85,41.85,2.03,5.2,3.03,3.2,0.95,1.41,52.09,3.280840304500585,8.700972080037227,3.0701278234985114
14.08,28.42,1.56,5.06,2.94,3.5,0.72,1.59,60.65,3.280840304500585,8.700972080037227,3.0701278234985114
20.29,40.08,1.62,6.53,3.86,3.5,0.93,2.48,55.08,3.280840304500585,8.700972080037227,3.0701278234985114
22.56,44.12,1.54,6.67,3.76,3.22,0.82,4.42,53.82,3.280840304500585,8.700972080037227,3.0701278234985114
23.4,53.12,1.09,5.21,3.25,3.13,0.89,2.4,55.52,3.280840304500585,8.700972080037227,3.0701278234985114
24.68,59.62,1.2,8.44,4.88,3.11,1.04,0.78,44.53,3.280840304500585,8.700972080037227,3.0701278234985114
24.35,59.02,1.5,4.8,2.83,2.88,0.98,3.05,39.2,3.280840304500585,8.700972080037227,3.0701278234985114
23.93,56.52,1.06,5.78,12.73,2.8,0.89,2.75,47.45,3.280840304500585,8.700972080037227,3.0701278234985114
21.05,49.07,1.53,6.15,3.47,2.65,1.03,2.96,55.71,3.280840304500585,8.700972080037227,3.0701278234985114
20.83,49.94,1.48,4.25,2.87,2.69,0.93,2.37,51.43,3.280840304500585,8.700972080037227,3.0701278234985114
31.21,87.96,1.01,4.94,12.15,2.63,1.09,3.95,38.65,3.280840304500585,8.700972080037227,3.0701278234985114
34.33,103.25,1.65,6.93,3.83,2.47,1.02,2.85,41.05,3.280840304500585,8.700972080037227,3.0701278234985114
29.95,97.18,1.62,3.39,2.38,2.48,0.8,3.27,47.52,3.280840304500585,8.700972080037227,3.0701278234985114
28.5,88.32,2.11,3.87,2.66,2.6,1.02,3.25,34.79,3.280840304500585,8.700972080037227,3.0701278234985114
24.2,67.7,1.2,4.36,6.91,2.36,0.98,2.34,33.48,3.280840304500585,8.700972080037227,3.0701278234985114
22.41,64.57,1.45,5.45,3.09,2.47,0.84,2.03,39.01,3.280840304500585,8.700972080037227,3.0701278234985114
21.15,56.44,2.38,5.88,3.3,2.4,0.87,2.32,48.23,3.280840304500585,8.700972080037227,3.0701278234985114
19.17,54.42,1.41,5.04,2.85,2.59,0.82,1.81,40.41,3.280840304500585,8.700972080037227,3.0701278234985114
17.72,48.58,1.38,4.43,2.55,2.53,0.78,2.31,45.35,3.280840304500585,8.700972080037227,3.0701278234985114
15.1,44.81,1.09,3.33,7.04,2.33,0.87,1.96,32.67,3.280840304500585,8.700972080037227,3.0701278234985114
15.51,44.75,1.44,4.64,2.68,2.35,0.95,1.44,33.63,3.280840304500585,8.700972080037227,3.0701278234985114
15.45,45.92,1.37,4.66,2.7,2.38,1.31,3.05,36.62,3.280840304500585,8.700972080037227,3.0701278234985114
15.62,46.85,1.41,4.06,2.29,1.84,0.64,6.34,39.76,3.280840304500585,8.700972080037227,3.0701278234985114
27.99,62.22,1.99,6.66,3.96,1.97,0.81,3.95,29.81,3.280840304500585,8.700972080037227,3.0701278234985114
31.07,72.77,1.24,5.52,3.06,1.99,0.72,4.4,36.36,3.280840304500585,8.700972080037227,3.0701278234985114
26.95,64.09,1.66,6.85,3.94,1.8,0.68,3.89,38.44,3.280840304500585,8.700972080037227,3.0701278234985114
19.94,51.78,0.89,4.18,2.38,1.82,0.67,5.65,28.39,3.280840304500585,8.700972080037227,3.0701278234985114
15.06,31.31,0.62,5.71,2.83,2.07,0.38,5.51,31.63,3.280840304500585,8.700972080037227,3.0701278234985114
9.71,29.58,0.71,12.1,6.97,1.79,0.64,2.22,39.82,3.280840304500585,8.700972080037227,3.0701278234985114
29.1,77.25,1.19,4.62,2.56,1.8,0.54,2.62,28.04,3.280840304500585,8.700972080037227,3.0701278234985114
27.92,76.55,0.84,3.13,2.05,1.64,0.55,2.02,39.68,3.280840304500585,8.700972080037227,3.0701278234985114
25.3,78.76,1.32,4.33,2.43,1.57,0.68,0.83,38.47,3.280840304500585,8.700972080037227,3.0701278234985114
20.1,49.86,1.38,4.67,2.58,1.56,0.62,1.22,32.62,3.280840304500585,8.700972080037227,3.0701278234985114
22.08,54.8,0.87,2.76,1.86,1.63,0.62,2.22,30.08,3.280840304500585,8.700972080037227,3.0701278234985114
10.76,27.21,1.02,3.46,1.99,1.99,0.59,1.02,36.69,3.280840304500585,8.700972080037227,3.0701278234985114
13.93,33.76,0.99,4.5,2.43,1.48,0.74,1.74,29.83,3.280840304500585,8.700972080037227,3.0701278234985114
6.51,25.46,1.22,4.26,2.35,1.3,0.71,1.44,33.93,3.280840304500585,8.700972080037227,3.0701278234985114
9.9,23.83,1.28,4.48,2.44,1.29,0.55,2.22,33.91,3.280840304500585,8.700972080037227,3.0701278234985114
5.75,22.78,0.66,1.35,1.15,9.82,0.43,2.28,21.71,3.280840304500585,8.700972080037227,3.0701278234985114
23.62,55.51,0.72,2.15,8.74,6.04,0.65,2.4,13.52,3.280840304500585,8.700972080037227,3.0701278234985114
13.04,50.75,1.44,2.32,5.42,6.75,0.63,0.65,14.73,3.280840304500585,8.700972080037227,3.0701278234985114
6.33,27.34,1.09,3.63,11.09,5.24,0.63,1.64,21.12,3.280840304500585,8.700972080037227,3.0701278234985114
11.48,38.57,0.95,3.32,11.1,3.27,0.81,1.87,14.24,3.280840304500585,8.700972080037227,3.0701278234985114
15.2,49.52,0.97,3.42,11.24,3.23,0.78,1.69,16.23,3.280840304500585,8.700972080037227,3.0701278234985114
10.82,26.83,0.9,3.69,7.24,2.45,0.64,1.34,22.66,3.280840304500585,8.700972080037227,3.0701278234985114
11.84,33.66,0.88,4.49,7.65,2.32,0.68,0.41,23.55,3.280840304500585,8.700972080037227,3.0701278234985114
24.32,49.88,1.13,6.3,8.58,2.55,0.82,0.96,33.61,3.280840304500585,8.700972080037227,3.0701278234985114
23.27,50.61,0.88,5.22,8.03,2.19,0.77,1.54,23.15,3.280840304500585,8.700972080037227,3.0701278234985114
10.93,29.01,1.09,3.86,12.46,1.51,0.64,0.77,28.26,3.280840304500585,8.700972080037227,3.0701278234985114
8.52,29.39,1.18,4.25,2.36,1.48,0.73,1.97,25.37,3.280840304500585,8.700972080037227,3.0701278234985114
7.62,21.08,0.86,3.24,1.84,1.84,0.57,1.03,29.77,3.280840304500585,8.700972080037227,3.0701278234985114
10.07,26.21,1.0,3.39,1.92,1.69,0.56,0.89,34.61,3.280840304500585,8.700972080037227,3.0701278234985114
13.25,29.58,0.72,3.99,2.24,1.71,0.7,1.33,31.47,3.280840304500585,8.700972080037227,3.0701278234985114
17.72,39.38,0.63,3.92,2.11,1.77,0.77,1.1,25.1,3.280840304500585,8.700972080037227,3.0701278234985114
12.16,35.43,1.0,4.98,2.75,1.74,0.88,2.38,24.0,3.280840304500585,8.700972080037227,3.0701278234985114
19.32,43.83,0.94,5.0,7.81,1.74,0.96,0.68,25.25,3.280840304500585,8.700972080037227,3.0701278234985114
14.56,44.4,0.92,3.32,11.82,1.61,0.92,0.42,23.69,3.280840304500585,8.700972080037227,3.0701278234985114
12.96,39.89,0.73,3.99,7.08,1.55,1.12,1.3,21.95,3.280840304500585,8.700972080037227,3.0701278234985114
10.63,35.98,0.96,3.76,2.11,1.53,1.67,1.23,20.01,3.280840304500585,8.700972080037227,3.0701278234985114
9.24,45.88,0.92,3.85,2.21,1.21,0.77,1.72,22.3,3.280840304500585,8.700972080037227,3.0701278234985114
13.06,44.31,0.94,3.9,11.36,1.54,0.83,0.59,19.2,3.280840304500585,8.700972080037227,3.0701278234985114
14.64,48.38,1.11,2.87,1.59,1.37,0.67,1.07,21.47,3.280840304500585,8.700972080037227,3.0701278234985114
10.62,34.72,1.02,2.93,6.77,1.55,0.68,1.87,20.78,3.280840304500585,8.700972080037227,3.0701278234985114
9.83,27.68,0.75,3.28,1.95,1.54,0.68,1.32,22.28,3.280840304500585,8.700972080037227,3.0701278234985114
8.62,29.48,1.31,3.81,2.03,1.81,0.68,1.93,24.38,3.280840304500585,8.700972080037227,3.0701278234985114
8.51,23.3,0.9,4.02,7.36,1.79,0.72,1.89,23.87,3.280840304500585,8.700972080037227,3.0701278234985114
4.8,16.95,1.08,3.29,1.97,1.89,0.51,0.71,31.41,3.280840304500585,8.700972080037227,3.0701278234985114
9.0,21.22,1.03,3.85,2.12,1.85,0.59,2.11,30.56,3.280840304500585,8.700972080037227,3.0701278234985114
15.08,33.7,0.93,3.66,2.28,1.82,0.6,2.15,33.88,3.280840304500585,8.700972080037227,3.0701278234985114
10.74,28.25,0.91,3.35,1.9,1.8,0.63,0.95,28.9,3.280840304500585,8.700972080037227,3.0701278234985114
21.0,40.48,0.96,5.03,2.75,1.55,0.81,1.17,24.18,3.280840304500585,8.700972080037227,3.0701278234985114
21.45,42.58,0.86,3.74,2.15,1.64,0.72,0.55,26.49,3.280840304500585,8.700972080037227,3.0701278234985114
19.93,39.9,0.97,4.98,2.78,1.49,0.74,1.43,27.55,3.280840304500585,8.700972080037227,3.0701278234985114
6.9,18.76,1.22,3.35,1.96,1.52,0.71,2.02,26.6,3.280840304500585,8.700972080037227,3.0701278234985114
9.75,21.27,0.9,3.98,2.09,1.42,0.7,1.65,30.35,3.280840304500585,8.700972080037227,3.0701278234985114
27.82,23.28,0.9,3.75,2.15,1.31,0.7,1.05,27.47,3.280840304500585,8.700972080037227,3.0701278234985114
14.76,30.21,0.87,3.96,2.13,1.47,0.72,1.23,26.98,3.280840304500585,8.700972080037227,3.0701278234985114
9.84,26.69,1.11,3.51,1.94,1.27,0.81,1.03,16.1,3.280840304500585,8.700972080037227,3.0701278234985114
11.17,27.66,0.97,3.32,1.95,1.23,0.84,1.21,15.35,3.280840304500585,8.700972080037227,3.0701278234985114
15.35,23.82,0.96,3.68,2.0,1.02,0.77,0.99,16.2,3.280840304500585,8.700972080037227,3.0701278234985114
11.81,21.87,1.21,3.52,2.07,1.2,0.81,0.61,12.12,3.280840304500585,8.700972080037227,3.0701278234985114
9.23,19.67,0.94,3.35,1.91,1.07,0.78,1.81,13.47,3.280840304500585,8.700972080037227,3.0701278234985114
13.71,27.82,0.89,4.12,7.48,1.04,0.82,2.75,15.58,3.280840304500585,8.700972080037227,3.0701278234985114
12.5,29.74,0.75,3.08,1.83,1.16,0.77,1.04,17.62,3.280840304500585,8.700972080037227,3.0701278234985114
14.83,30.69,0.77,2.7,1.62,1.27,0.8,1.22,15.78,3.280840304500585,8.700972080037227,3.0701278234985114
13.42,29.57,0.96,3.34,1.92,1.21,0.8,0.63,19.0,3.280840304500585,8.700972080037227,3.0701278234985114
19.32,32.68,1.02,3.66,2.05,1.16,0.87,0.89,23.53,3.280840304500585,8.700972080037227,3.0701278234985114
18.6,34.76,0.81,4.01,2.24,1.25,0.94,0.82,19.0,3.280840304500585,8.700972080037227,3.0701278234985114
9.92,22.19,1.08,3.57,1.95,1.24,0.85,1.09,19.97,3.280840304500585,8.700972080037227,3.0701278234985114
8.66,22.42,0.94,3.64,2.07,1.26,0.93,1.81,19.32,3.280840304500585,8.700972080037227,3.0701278234985114
17.5,33.56,0.96,3.44,2.03,1.41,0.88,1.0,20.32,3.280840304500585,8.700972080037227,3.0701278234985114
15.18,36.12,0.88,3.01,1.8,1.44,0.82,1.52,23.26,3.280840304500585,8.700972080037227,3.0701278234985114
10.28,20.84,0.92,2.99,1.74,1.37,0.99,1.13,20.1,3.280840304500585,8.700972080037227,3.0701278234985114
4.78,22.3,1.43,3.09,1.95,1.16,1.13,2.08,20.74,3.280840304500585,8.700972080037227,3.0701278234985114
10.07,22.76,1.12,4.03,2.26,1.15,1.07,1.85,25.34,3.280840304500585,8.700972080037227,3.0701278234985114
13.82,26.74,1.07,4.22,2.49,1.17,1.24,1.98,26.03,3.280840304500585,8.700972080037227,3.0701278234985114
15.46,32.4,0.89,4.81,2.62,1.33,1.08,0.89,30.49,3.280840304500585,8.700972080037227,3.0701278234985114
18.97,33.81,0.96,3.63,2.09,1.51,1.01,0.64,36.42,3.280840304500585,8.700972080037227,3.0701278234985114
15.58,29.1,0.95,3.57,2.08,1.54,1.33,0.94,32.53,3.280840304500585,8.700972080037227,3.0701278234985114
16.49,30.45,0.77,3.69,2.17,1.83,0.89,1.17,36.25,3.280840304500585,8.700972080037227,3.0701278234985114
17.66,28.85,0.67,4.29,2.44,1.81,0.97,0.51,36.78,3.280840304500585,8.700972080037227,3.0701278234985114
15.35,31.23,0.84,4.26,2.39,1.86,0.9,0.75,32.22,3.280840304500585,8.700972080037227,3.0701278234985114
16.49,33.07,0.7,3.0,1.9,1.86,0.85,1.42,33.96,3.280840304500585,8.700972080037227,3.0701278234985114
13.44,28.23,0.81,3.25,1.93,1.72,0.75,1.79,36.08,3.280840304500585,8.700972080037227,3.0701278234985114
7.99,19.94,0.64,3.36,1.94,1.84,0.7,0.89,37.35,3.280840304500585,8.700972080037227,3.0701278234985114
15.64,34.77,1.0,4.8,2.6,2.03,0.9,1.73,29.73,3.280840304500585,8.700972080037227,3.0701278234985114
18.4,33.61,0.98,4.23,2.42,2.02,0.84,0.95,40.39,3.280840304500585,8.700972080037227,3.0701278234985114
12.32,29.79,0.7,4.47,2.5,1.88,0.9,2.16,29.86,3.280840304500585,8.700972080037227,3.0701278234985114
8.51,28.76,0.94,4.36,7.54,1.57,0.97,1.38,13.35,3.280840304500585,8.700972080037227,3.0701278234985114
9.63,21.86,0.66,2.97,6.73,1.78,0.75,1.55,15.9,3.280840304500585,8.700972080037227,3.0701278234985114
17.32,28.23,0.85,4.47,2.49,3.24,0.95,1.04,14.38,3.280840304500585,8.700972080037227,3.0701278234985114
16.53,29.12,0.85,4.47,7.6,3.38,1.09,0.92,15.67,3.280840304500585,8.700972080037227,3.0701278234985114
17.68,33.51,1.04,4.57,2.55,2.64,1.07,1.93,21.96,3.280840304500585,8.700972080037227,3.0701278234985114
8.59,20.77,0.76,4.52,2.56,2.39,0.91,1.25,20.8,3.280840304500585,8.700972080037227,3.0701278234985114
27.8,23.21,0.77,3.85,2.23,1.9,0.94,1.18,18.36,3.280840304500585,8.700972080037227,3.0701278234985114
14.56,118.12710293078135,0.94,3.87,2.21,1.85,0.96,0.95,25.87,3.280840304500585,8.700972080037227,3.0701278234985114
67.45057794890306,13.9,0.85,3.4,2.04,1.73,0.81,0.68,28.29,3.280840304500585,8.700972080037227,3.0701278234985114
67.45057794890306,16.67,0.88,3.28,1.9,2.3,0.81,1.21,25.61,3.280840304500585,8.700972080037227,3.0701278234985114
16.05,22.5,0.84,3.44,2.03,2.08,0.81,1.72,30.12,3.280840304500585,8.700972080037227,3.0701278234985114
8.03,21.1,1.09,4.11,2.38,1.98,0.91,1.43,26.67,3.280840304500585,8.700972080037227,3.0701278234985114
24.0,33.55,0.59,3.58,2.22,1.8,1.16,2.18,26.54,3.280840304500585,8.700972080037227,3.0701278234985114
41.09,37.78,0.65,3.14,2.04,1.66,1.0,0.73,25.26,3.280840304500585,8.700972080037227,3.0701278234985114
39.27,36.28,0.52,2.34,1.61,1.69,0.84,1.29,23.88,3.280840304500585,8.700972080037227,3.0701278234985114
30.64,42.3,0.53,2.52,1.74,1.62,0.85,1.58,27.95,3.280840304500585,8.700972080037227,3.0701278234985114
14.82,35.83,0.52,3.14,2.03,1.48,1.13,1.47,26.25,3.280840304500585,8.700972080037227,3.0701278234985114
18.2,33.99,0.52,2.43,1.65,1.35,1.02,1.11,27.21,3.280840304500585,8.700972080037227,3.0701278234985114
3.18,10.54,0.53,2.55,1.65,1.3,0.76,0.97,31.97,3.280840304500585,8.700972080037227,3.0701278234985114
7.75,12.23,0.63,2.88,1.93,1.3,0.82,1.07,39.53,3.280840304500585,8.700972080037227,3.0701278234985114
13.74,28.72,0.67,4.03,2.49,1.46,1.03,2.54,27.43,3.280840304500585,8.700972080037227,3.0701278234985114
22.02,37.35,0.58,3.87,2.47,1.55,1.04,5.44,30.05,3.280840304500585,8.700972080037227,3.0701278234985114
19.35,31.71,0.88,2.6,1.89,1.42,0.95,9.18,34.48,3.280840304500585,8.700972080037227,3.0701278234985114
17.01,27.28,0.93,2.92,2.11,1.6,0.92,9.53,36.96,3.280840304500585,8.700972080037227,3.0701278234985114
26.2,50.49,0.97,3.85,2.52,1.77,1.09,10.17,37.51,3.280840304500585,8.700972080037227,3.0701278234985114
21.36,50.81,0.92,3.98,2.57,1.97,1.1,9.44,41.04,3.280840304500585,8.700972080037227,3.0701278234985114
21.4,45.02,0.9,3.18,2.18,2.09,0.95,9.01,40.88,3.280840304500585,8.700972080037227,3.0701278234985114
19.01,47.27,0.96,3.47,2.26,2.61,1.08,8.21,32.8,3.280840304500585,8.700972080037227,3.0701278234985114
14.52,31.08,0.88,2.51,1.84,2.47,1.01,9.28,35.34,3.280840304500585,8.700972080037227,3.0701278234985114
9.64,30.39,0.94,2.16,1.68,2.38,1.02,8.68,32.36,3.280840304500585,8.700972080037227,3.0701278234985114
18.73,39.27,0.92,3.25,2.14,3.16,1.12,9.43,38.87,3.280840304500585,8.700972080037227,3.0701278234985114
21.32,49.25,0.92,4.56,2.93,4.71,1.26,8.44,34.03,3.280840304500585,8.700972080037227,3.0701278234985114
39.67,67.61,0.94,5.78,3.49,4.29,1.83,10.05,35.31,3.280840304500585,8.700972080037227,3.0701278234985114
13.55,27.57,0.88,2.59,1.87,2.85,0.83,7.1,27.76,3.280840304500585,8.700972080037227,3.0701278234985114
30.45,51.91,0.52,4.45,2.53,2.67,1.06,7.93,31.24,3.280840304500585,8.700972080037227,3.0701278234985114
25.22,45.85,5.19,14.47,10.82,5.04,1.08,8.84,25.21,3.280840304500585,8.700972080037227,3.0701278234985114
22.23,43.29,10.09,17.41,17.46,12.84,1.01,9.3,28.4,3.280840304500585,8.700972080037227,3.0701278234985114
24.63,39.84,12.3,21.11,21.23,11.54,1.09,9.27,24.04,3.280840304500585,8.700972080037227,3.0701278234985114
16.2,35.35,10.12,21.44,19.49,11.82,1.12,9.61,27.77,3.280840304500585,8.700972080037227,3.0701278234985114
22.78,53.49,15.77,23.24,23.25,11.04,1.5,8.61,17.12,3.280840304500585,8.700972080037227,3.0701278234985114
19.88,49.09,8.13,18.38,16.26,11.36,1.13,9.27,32.53,3.280840304500585,8.700972080037227,3.0701278234985114
20.91,42.3,10.11,20.14,18.93,10.05,1.24,8.56,29.64,3.280840304500585,8.700972080037227,3.0701278234985114
23.36,47.81,12.82,26.13,24.32,11.06,1.32,9.23,33.3,3.280840304500585,8.700972080037227,3.0701278234985114
39.81,65.38,11.52,24.52,22.41,11.69,1.3,9.93,32.06,3.280840304500585,8.700972080037227,3.0701278234985114
22.79,40.69,12.94,21.22,21.79,10.36,1.2,8.17,29.61,3.280840304500585,8.700972080037227,3.0701278234985114
22.79,49.72,10.07,21.72,19.74,10.26,1.29,8.76,27.88,3.280840304500585,8.700972080037227,3.0701278234985114
11.23,25.41,11.01,20.93,20.08,7.95,1.1,7.86,22.96,3.280840304500585,8.700972080037227,3.0701278234985114
11.17,13.3,7.47,9.46,11.05,8.1,0.8,7.79,24.27,3.280840304500585,8.700972080037227,3.0701278234985114
16.88,31.62,10.56,16.98,17.62,8.71,1.12,8.27,27.85,3.280840304500585,8.700972080037227,3.0701278234985114
25.81,51.14,17.12,24.3,26.85,7.4,1.63,9.56,21.71,3.280840304500585,8.700972080037227,3.0701278234985114
27.99,52.39,17.56,23.43,26.66,8.48,1.47,8.54,26.59,3.280840304500585,8.700972080037227,3.0701278234985114
37.99,58.52,12.38,17.64,19.31,9.35,1.2,8.2,32.49,3.280840304500585,8.700972080037227,3.0701278234985114
32.3,58.0,8.9,18.07,16.84,10.18,1.14,8.98,58.08,3.280840304500585,8.700972080037227,3.0701278234985114
24.68,64.6,8.0,21.04,17.66,10.57,1.34,9.09,39.31,3.280840304500585,8.700972080037227,3.0701278234985114
17.82,39.35,8.27,14.82,14.57,9.93,1.16,8.48,40.55,3.280840304500585,8.700972080037227,3.0701278234985114
17.78,44.54,10.73,24.86,21.91,9.65,1.33,9.68,43.46,3.280840304500585,8.700972080037227,3.0701278234985114
27.24,57.7,10.02,23.66,20.7,11.18,1.33,9.46,45.3,3.280840304500585,8.700972080037227,3.0701278234985114
34.11,59.92,10.47,24.62,21.56,11.78,1.4,9.49,40.34,3.280840304500585,8.700972080037227,3.0701278234985114
27.66,49.24,9.75,23.7,20.5,11.67,1.4,9.24,42.26,3.280840304500585,8.700972080037227,3.0701278234985114
39.57,61.92,8.91,21.3,18.53,11.86,1.44,9.56,41.61,3.280840304500585,8.700972080037227,3.0701278234985114
17.89,42.06,8.57,14.27,14.52,9.53,1.3,8.33,32.31,3.280840304500585,8.700972080037227,3.0701278234985114
19.4,46.41,12.46,21.04,21.28,10.09,1.47,8.9,31.46,3.280840304500585,8.700972080037227,3.0701278234985114
32.25,63.77,12.38,26.23,23.97,10.36,1.56,11.62,40.86,3.280840304500585,8.700972080037227,3.0701278234985114
29.26,51.31,6.96,12.41,12.22,12.02,1.2,7.76,43.04,3.280840304500585,8.700972080037227,3.0701278234985114
34.5,66.25,8.7,30.54,23.3,11.91,1.49,11.15,47.89,3.280840304500585,8.700972080037227,3.0701278234985114
21.36,48.09,11.13,22.06,20.74,12.28,1.39,10.05,38.84,3.280840304500585,8.700972080037227,3.0701278234985114
29.94,57.02,10.27,24.17,21.16,12.42,1.56,9.48,29.93,3.280840304500585,8.700972080037227,3.0701278234985114
38.11,63.31,9.09,21.6,18.84,12.0,1.53,9.74,46.2,3.280840304500585,8.700972080037227,3.0701278234985114
44.8,68.62,9.91,23.69,20.62,12.09,1.66,9.65,42.96,3.280840304500585,8.700972080037227,3.0701278234985114
36.39,58.38,8.72,16.66,15.91,13.11,1.56,9.57,46.83,3.280840304500585,8.700972080037227,3.0701278234985114
12.52,38.64,8.87,16.21,15.81,11.92,1.59,9.48,47.93,3.280840304500585,8.700972080037227,3.0701278234985114
32.54,62.85,16.91,29.29,28.18,14.12,1.63,8.58,37.06,3.280840304500585,8.700972080037227,3.0701278234985114
40.42,68.57,11.58,26.8,23.62,10.18,1.49,9.03,40.43,3.280840304500585,8.700972080037227,3.0701278234985114
35.96,65.09,9.66,23.08,20.09,12.88,1.41,10.15,42.93,3.280840304500585,8.700972080037227,3.0701278234985114
36.18,60.26,9.42,21.04,18.82,13.5,0.96,8.78,37.71,3.280840304500585,8.700972080037227,3.0701278234985114
39.12,65.79,12.86,24.75,23.57,14.34,0.76,8.87,34.07,3.280840304500585,8.700972080037227,3.0701278234985114
30.58,55.05,10.39,19.58,18.82,13.76,0.92,7.68,46.14,3.280840304500585,8.700972080037227,3.0701278234985114
27.03,43.67,8.19,17.5,15.92,13.76,0.85,8.36,43.66,3.280840304500585,8.700972080037227,3.0701278234985114
36.85,74.23,12.41,27.71,24.79,13.68,1.12,9.65,36.49,3.280840304500585,8.700972080037227,3.0701278234985114
30.37,59.51,14.76,30.16,28.0,11.43,1.12,9.47,35.13,3.280840304500585,8.700972080037227,3.0701278234985114
16.57,37.56,7.44,15.99,14.51,10.52,0.84,7.55,35.46,3.280840304500585,8.700972080037227,3.0701278234985114
31.99,57.01,11.33,23.64,21.74,10.42,0.99,8.15,40.21,3.280840304500585,8.700972080037227,3.0701278234985114
46.1,65.95,10.7,24.85,21.84,10.2,1.06,8.58,33.62,3.280840304500585,8.700972080037227,3.0701278234985114
35.23,55.43,11.59,30.0,25.34,10.54,1.01,9.89,46.81,3.280840304500585,8.700972080037227,3.0701278234985114
34.52,50.54,8.91,22.22,19.01,11.28,0.82,10.6,50.65,3.280840304500585,8.700972080037227,3.0701278234985114
45.18,72.0,9.89,26.77,22.24,13.4,0.97,9.13,51.15,3.280840304500585,8.700972080037227,3.0701278234985114
48.75,85.45,9.38,26.54,21.71,12.97,0.91,8.56,58.43,3.280840304500585,8.700972080037227,3.0701278234985114
61.78,90.09,8.02,25.43,20.0,13.8,1.06,8.77,58.14,3.280840304500585,8.700972080037227,3.0701278234985114
47.74,74.82,10.18,27.92,23.08,13.92,0.97,8.71,54.89,3.280840304500585,8.700972080037227,3.0701278234985114
38.16,69.87,9.09,24.09,20.17,14.39,0.95,8.61,54.29,3.280840304500585,8.700972080037227,3.0701278234985114
31.66,59.79,11.3,24.82,22.34,17.61,0.88,9.17,46.57,3.280840304500585,8.700972080037227,3.0701278234985114
28.79,56.6,9.67,23.12,20.12,17.17,0.94,8.79,38.07,3.280840304500585,8.700972080037227,3.0701278234985114
31.86,58.42,12.36,24.67,23.15,15.22,1.15,7.65,29.1,3.280840304500585,8.700972080037227,3.0701278234985114
25.78,52.01,11.01,22.73,20.99,12.71,1.04,8.05,34.92,3.280840304500585,8.700972080037227,3.0701278234985114
22.57,55.34,11.28,22.81,21.27,12.35,0.99,8.46,37.51,3.280840304500585,8.700972080037227,3.0701278234985114
25.61,53.17,12.37,23.56,22.52,11.63,1.06,8.76,33.38,3.280840304500585,8.700972080037227,3.0701278234985114
30.53,60.35,9.63,21.07,19.01,11.88,1.06,7.8,36.8,3.280840304500585,8.700972080037227,3.0701278234985114
29.85,65.88,10.49,22.96,20.7,11.39,1.03,7.75,41.96,3.280840304500585,8.700972080037227,3.0701278234985114
29.88,55.09,8.15,17.18,15.71,9.91,0.85,8.42,52.55,3.280840304500585,8.700972080037227,3.0701278234985114
28.72,59.45,8.98,20.0,17.9,10.35,0.87,9.13,53.33,3.280840304500585,8.700972080037227,3.0701278234985114
38.14,80.21,8.58,22.43,18.86,11.06,0.97,8.24,53.45,3.280840304500585,8.700972080037227,3.0701278234985114
55.14,91.03,8.9,26.53,21.31,10.71,1.13,9.48,52.46,3.280840304500585,8.700972080037227,3.0701278234985114
50.29,88.7,7.82,20.44,17.2,11.9,1.07,9.09,53.25,3.280840304500585,8.700972080037227,3.0701278234985114
43.18,86.73,8.62,23.19,19.26,14.26,1.05,8.28,56.73,3.280840304500585,8.700972080037227,3.0701278234985114
42.92,71.66,8.23,18.95,16.72,14.53,0.92,7.65,51.58,3.280840304500585,8.700972080037227,3.0701278234985114
32.97,57.62,8.1,16.57,15.36,14.34,0.83,7.72,55.43,3.280840304500585,8.700972080037227,3.0701278234985114
38.13,68.97,9.36,24.45,20.58,14.4,1.04,7.37,47.23,3.280840304500585,8.700972080037227,3.0701278234985114
30.37,53.71,9.94,20.46,18.92,14.86,0.88,9.16,44.03,3.280840304500585,8.700972080037227,3.0701278234985114
36.27,62.33,8.88,19.56,17.58,13.96,1.0,8.28,41.08,3.280840304500585,8.700972080037227,3.0701278234985114
27.97,60.73,8.36,17.95,16.31,13.32,0.87,8.51,46.71,3.280840304500585,8.700972080037227,3.0701278234985114
32.0,56.28,9.4,16.95,16.61,12.38,0.92,9.66,40.6,3.280840304500585,8.700972080037227,3.0701278234985114
38.32,61.92,9.56,17.99,17.3,13.06,0.98,10.1,48.19,3.280840304500585,8.700972080037227,3.0701278234985114
36.14,60.54,7.77,18.42,16.08,11.37,0.95,10.59,51.13,3.280840304500585,8.700972080037227,3.0701278234985114
39.01,70.15,9.95,23.63,20.62,12.64,1.02,11.91,46.07,3.280840304500585,8.700972080037227,3.0701278234985114
36.41,64.86,4.89,22.49,15.94,12.89,1.09,10.17,44.08,3.280840304500585,8.700972080037227,3.0701278234985114
42.33,69.38,9.31,21.5,21.6,14.09,1.15,8.53,43.74,3.280840304500585,8.700972080037227,3.0701278234985114
37.2,63.63,8.61,22.65,27.09,10.73,0.87,5.63,48.64,3.280840304500585,8.700972080037227,3.0701278234985114
44.53,70.41,7.0,20.72,23.14,8.17,0.86,4.36,50.41,3.280840304500585,8.700972080037227,3.0701278234985114
51.95,80.15,8.14,17.85,19.38,9.31,1.02,8.11,46.08,3.280840304500585,8.700972080037227,3.0701278234985114
42.38,67.89,6.82,23.28,25.09,8.31,0.73,5.63,63.0,3.280840304500585,8.700972080037227,3.0701278234985114
40.38,67.59,7.61,25.06,27.45,8.77,0.66,6.48,69.11,3.280840304500585,8.700972080037227,3.0701278234985114
48.83,74.67,7.79,27.54,29.23,9.11,0.82,6.87,55.25,3.280840304500585,8.700972080037227,3.0701278234985114
38.85,62.19,9.43,25.97,30.22,10.67,0.79,7.58,43.76,3.280840304500585,8.700972080037227,3.0701278234985114
44.96,68.21,9.26,26.83,30.14,11.39,1.01,6.61,47.92,3.280840304500585,8.700972080037227,3.0701278234985114
32.33,49.54,8.26,22.12,26.02,8.9,0.75,5.49,55.44,3.280840304500585,8.700972080037227,3.0701278234985114
36.26,58.64,10.44,25.2,30.68,10.46,0.99,5.74,42.28,3.280840304500585,8.700972080037227,3.0701278234985114
36.83,61.57,8.61,27.32,30.7,9.83,1.02,6.29,51.43,3.280840304500585,8.700972080037227,3.0701278234985114
38.81,60.79,7.97,24.06,27.43,8.65,1.03,5.08,54.66,3.280840304500585,8.700972080037227,3.0701278234985114
38.7,68.88,8.74,28.39,31.28,9.67,1.29,5.78,46.5,3.280840304500585,8.700972080037227,3.0701278234985114
32.56,55.13,6.52,17.26,20.74,8.65,0.98,6.67,50.62,3.280840304500585,8.700972080037227,3.0701278234985114
30.9,59.61,8.8,23.26,27.52,9.85,1.39,5.51,47.03,3.280840304500585,8.700972080037227,3.0701278234985114
28.39,50.14,11.74,24.1,31.6,12.44,1.82,4.75,35.92,3.280840304500585,8.700972080037227,3.0701278234985114
30.49,58.67,10.1,19.07,25.21,11.85,0.73,4.42,27.06,3.280840304500585,8.700972080037227,3.0701278234985114
32.73,55.47,8.31,15.07,15.69,8.02,0.84,6.27,24.6,3.280840304500585,8.700972080037227,3.0701278234985114
28.37,54.46,7.83,10.35,10.24,9.36,0.97,6.45,30.78,3.280840304500585,8.700972080037227,3.0701278234985114
26.95,54.84,7.45,15.07,12.49,7.42,1.05,6.92,37.24,3.280840304500585,8.700972080037227,3.0701278234985114
37.64,62.34,7.18,18.15,15.96,8.27,1.08,6.41,39.97,3.280840304500585,8.700972080037227,3.0701278234985114
29.75,56.42,6.12,17.57,17.83,7.97,1.1,6.12,40.62,3.280840304500585,8.700972080037227,3.0701278234985114
31.49,59.96,6.37,17.69,17.78,7.33,1.05,7.67,44.33,3.280840304500585,8.700972080037227,3.0701278234985114
29.1,54.95,5.68,19.15,19.63,7.22,1.08,7.02,50.3,3.280840304500585,8.700972080037227,3.0701278234985114
31.04,60.48,5.34,15.33,15.23,7.63,0.92,8.57,47.0,3.280840304500585,8.700972080037227,3.0701278234985114
25.49,53.51,7.55,11.74,12.35,10.8,0.74,8.75,43.06,3.280840304500585,8.700972080037227,3.0701278234985114
30.67,60.2,5.67,16.04,14.77,9.49,0.93,8.27,45.65,3.280840304500585,8.700972080037227,3.0701278234985114
39.09,70.74,5.32,15.24,15.24,7.25,1.03,7.16,41.94,3.280840304500585,8.700972080037227,3.0701278234985114
20.54,47.79,6.42,16.74,18.01,7.09,1.04,7.17,41.09,3.280840304500585,8.700972080037227,3.0701278234985114
25.51,52.54,7.94,15.12,15.9,7.78,0.97,7.53,45.49,3.280840304500585,8.700972080037227,3.0701278234985114
31.27,61.65,6.1,16.67,18.68,6.93,1.06,6.45,45.88,3.280840304500585,8.700972080037227,3.0701278234985114
30.55,59.67,5.83,13.65,15.88,6.37,0.97,5.17,42.77,3.280840304500585,8.700972080037227,3.0701278234985114
27.46,49.53,11.34,10.02,12.15,6.42,0.88,5.66,45.7,3.280840304500585,8.700972080037227,3.0701278234985114
27.12,54.5,4.9,11.21,12.5,5.09,0.96,5.54,40.42,3.280840304500585,8.700972080037227,3.0701278234985114
21.74,41.48,6.99,8.39,9.77,5.09,0.87,6.32,42.23,3.280840304500585,8.700972080037227,3.0701278234985114
25.26,46.73,7.27,7.82,10.05,4.87,0.85,5.9,38.14,3.280840304500585,8.700972080037227,3.0701278234985114
25.07,46.63,5.59,8.44,11.58,4.91,0.88,5.55,42.63,3.280840304500585,8.700972080037227,3.0701278234985114
29.67,52.78,3.34,8.37,11.17,3.86,0.96,4.42,53.93,3.280840304500585,8.700972080037227,3.0701278234985114
28.9,54.61,3.34,8.43,11.03,4.26,0.94,5.04,49.23,3.280840304500585,8.700972080037227,3.0701278234985114
18.2,45.16,3.57,9.41,9.53,6.06,0.77,5.81,36.25,3.280840304500585,8.700972080037227,3.0701278234985114
20.38,48.86,7.66,8.49,10.76,7.48,0.72,7.88,35.2,3.280840304500585,8.700972080037227,3.0701278234985114
19.28,49.22,7.39,7.91,10.18,7.1,0.65,6.65,40.33,3.280840304500585,8.700972080037227,3.0701278234985114
15.98,48.32,7.47,7.98,10.28,7.32,0.67,6.46,36.55,3.280840304500585,8.700972080037227,3.0701278234985114
23.01,56.02,7.49,7.13,9.85,8.01,0.68,7.38,38.57,3.280840304500585,8.700972080037227,3.0701278234985114
27.02,56.3,5.27,7.28,9.19,6.64,0.6,6.11,46.56,3.280840304500585,8.700972080037227,3.0701278234985114
28.89,55.61,5.38,8.15,11.04,5.46,0.48,5.47,44.84,3.280840304500585,8.700972080037227,3.0701278234985114
25.56,46.5,5.46,9.01,12.11,5.33,0.46,4.28,37.6,3.280840304500585,8.700972080037227,3.0701278234985114
16.88,31.28,4.32,10.18,13.71,5.55,0.32,4.24,30.17,3.280840304500585,8.700972080037227,3.0701278234985114
18.57,35.34,5.7,9.56,12.7,4.97,0.46,6.0,34.58,3.280840304500585,8.700972080037227,3.0701278234985114
18.85,37.62,5.44,8.86,12.09,4.39,0.47,5.79,51.56,3.280840304500585,8.700972080037227,3.0701278234985114
19.06,45.18,3.37,7.91,9.92,4.37,0.52,5.76,46.01,3.280840304500585,8.700972080037227,3.0701278234985114
17.15,43.1,5.35,7.61,10.94,4.08,0.51,5.4,39.11,3.280840304500585,8.700972080037227,3.0701278234985114
20.62,49.68,5.58,7.52,11.12,4.2,0.5,5.29,35.92,3.280840304500585,8.700972080037227,3.0701278234985114
22.32,46.43,3.16,6.32,8.44,4.12,0.49,5.43,39.28,3.280840304500585,8.700972080037227,3.0701278234985114
24.24,52.42,5.43,7.3,10.89,4.0,0.51,5.7,43.58,3.280840304500585,8.700972080037227,3.0701278234985114
23.55,49.73,5.5,6.46,10.24,4.02,0.49,6.31,40.95,3.280840304500585,8.700972080037227,3.0701278234985114
18.34,35.83,5.47,5.66,9.68,4.04,0.46,5.28,36.84,3.280840304500585,8.700972080037227,3.0701278234985114
14.81,26.14,5.08,6.76,10.11,6.7,0.5,6.13,40.74,3.280840304500585,8.700972080037227,3.0701278234985114
13.37,21.02,5.0,6.13,9.38,5.66,0.42,5.17,42.84,3.280840304500585,8.700972080037227,3.0701278234985114
13.77,31.6,5.61,8.41,12.1,6.16,0.49,5.74,32.43,3.280840304500585,8.700972080037227,3.0701278234985114
15.9,30.51,5.53,8.4,12.05,5.94,0.48,5.72,33.23,3.280840304500585,8.700972080037227,3.0701278234985114
15.73,38.65,3.5,7.8,9.99,5.83,0.43,5.51,30.46,3.280840304500585,8.700972080037227,3.0701278234985114
18.42,41.47,7.02,8.36,13.06,5.89,0.45,5.31,30.76,3.280840304500585,8.700972080037227,3.0701278234985114
23.19,57.7,5.3,6.97,10.66,5.54,0.4,5.57,35.45,3.280840304500585,8.700972080037227,3.0701278234985114
14.13,34.27,5.6,8.98,12.48,5.65,0.49,5.5,42.41,3.280840304500585,8.700972080037227,3.0701278234985114
23.84,44.32,6.27,10.01,13.8,5.73,0.44,5.62,44.55,3.280840304500585,8.700972080037227,3.0701278234985114
18.54,34.48,6.17,9.67,13.35,5.93,0.51,5.52,38.97,3.280840304500585,8.700972080037227,3.0701278234985114
20.57,48.19,6.28,9.52,13.56,5.84,0.46,5.32,39.23,3.280840304500585,8.700972080037227,3.0701278234985114
17.43,43.59,5.67,8.01,11.8,5.71,0.45,5.29,34.11,3.280840304500585,8.700972080037227,3.0701278234985114
23.64,48.64,5.75,7.73,11.75,5.78,0.49,5.4,40.83,3.280840304500585,8.700972080037227,3.0701278234985114
18.36,47.16,3.01,5.68,7.91,5.59,0.46,5.36,38.72,3.280840304500585,8.700972080037227,3.0701278234985114
25.86,47.67,16.54,8.81,23.24,16.12,0.45,5.42,36.06,3.280840304500585,8.700972080037227,3.0701278234985114
25.74,54.3,26.19,9.57,33.73,26.08,0.47,5.23,42.54,3.280840304500585,8.700972080037227,3.0701278234985114
20.76,45.58,26.29,11.07,34.8,26.58,0.58,5.68,37.83,3.280840304500585,8.700972080037227,3.0701278234985114
18.51,47.43,27.93,11.05,35.5,25.58,0.51,6.11,29.32,3.280840304500585,8.700972080037227,3.0701278234985114
13.96,36.69,26.05,10.21,33.45,25.69,0.47,5.19,24.44,3.280840304500585,8.700972080037227,3.0701278234985114
15.85,39.05,26.69,11.5,35.24,26.23,0.58,5.46,26.44,3.280840304500585,8.700972080037227,3.0701278234985114
14.9,37.16,25.59,7.09,30.83,24.99,0.43,5.92,30.16,3.280840304500585,8.700972080037227,3.0701278234985114
13.68,34.67,26.22,10.53,33.99,25.61,0.53,5.88,24.78,3.280840304500585,8.700972080037227,3.0701278234985114
19.88,52.48,17.16,11.7,24.11,16.68,0.6,5.73,26.32,3.280840304500585,8.700972080037227,3.0701278234985114
15.39,38.91,4.45,11.0,13.08,5.94,0.53,5.26,28.47,3.280840304500585,8.700972080037227,3.0701278234985114
16.76,40.97,6.48,11.74,15.27,6.67,0.49,6.17,34.35,3.280840304500585,8.700972080037227,3.0701278234985114
15.99,31.34,6.23,10.75,14.13,5.68,0.56,5.78,43.58,3.280840304500585,8.700972080037227,3.0701278234985114
15.08,40.82,5.27,6.28,9.96,4.69,0.43,5.91,48.44,3.280840304500585,8.700972080037227,3.0701278234985114
15.7,33.81,6.32,10.31,14.04,6.0,0.53,4.94,47.64,3.280840304500585,8.700972080037227,3.0701278234985114
20.75,44.22,6.86,9.92,14.03,6.27,0.49,4.88,37.95,3.280840304500585,8.700972080037227,3.0701278234985114
20.26,39.46,7.83,10.53,15.48,6.47,0.52,5.15,31.41,3.280840304500585,8.700972080037227,3.0701278234985114
16.68,41.6,8.02,12.73,17.23,6.64,0.54,5.29,27.19,3.280840304500585,8.700972080037227,3.0701278234985114
17.4,40.45,7.21,12.44,16.15,5.96,0.56,6.18,27.9,3.280840304500585,8.700972080037227,3.0701278234985114
12.51,32.58,6.63,12.63,14.93,5.98,0.64,5.53,24.31,3.280840304500585,8.700972080037227,3.0701278234985114
9.86,29.67,8.67,11.45,14.94,5.48,0.61,7.33,26.96,3.280840304500585,8.700972080037227,3.0701278234985114
26.26,46.15,7.89,11.41,16.28,6.37,0.46,6.22,17.69,3.280840304500585,8.700972080037227,3.0701278234985114
24.39,46.31,13.27,12.67,19.7,6.84,0.58,7.66,17.99,3.280840304500585,8.700972080037227,3.0701278234985114
27.92,57.72,10.42,12.51,19.56,8.53,0.54,5.72,15.06,3.280840304500585,8.700972080037227,3.0701278234985114
23.96,48.74,9.26,12.01,17.99,7.9,0.55,6.18,19.28,3.280840304500585,8.700972080037227,3.0701278234985114
34.68,67.22,8.14,12.35,16.73,7.21,0.5,6.54,23.23,3.280840304500585,8.700972080037227,3.0701278234985114
28.01,51.15,8.43,13.57,17.71,7.3,0.51,6.14,27.5,3.280840304500585,8.700972080037227,3.0701278234985114
35.33,84.31,16.95,44.35,34.22,12.06,0.84,5.07,25.24,4.87,9.37,4.74
33.25,77.65,23.32,45.37,39.49,12.77,1.0,8.79,18.38,5.51,9.55,5.84
26.64,69.68,11.03,36.51,26.0,12.82,0.88,9.97,27.98,4.12,6.82,3.48
23.92,70.52,13.89,39.01,29.35,12.46,0.89,9.72,24.73,3.87,7.32,3.62
28.42,84.49,11.59,42.76,29.47,13.49,1.09,8.99,27.01,5.19,7.9,4.1
35.71,75.77,13.83,48.4,33.88,13.12,1.07,9.33,28.83,6.9,10.03,5.72
37.09,98.23,14.05,49.9,34.78,13.3,1.09,9.28,33.36,5.24,8.33,7.04
46.5,96.07,14.93,49.36,35.16,13.99,1.09,11.05,39.16,4.86,7.42,3.35
22.75,58.38,11.05,37.72,26.61,16.37,0.79,25.13,32.89,4.48,9.85,2.39
21.85,68.36,26.31,31.72,34.93,12.91,0.98,28.09,18.39,6.27,10.57,5.93
23.4,81.96,15.24,29.87,25.91,11.19,1.11,31.45,20.92,6.81,12.52,5.14
29.12,77.05,8.21,30.77,21.1,15.58,0.89,26.82,41.79,4.09,6.99,2.75
22.44,68.42,15.19,37.52,29.94,10.37,1.15,30.72,37.79,6.08,13.25,6.73
16.53,44.53,18.54,29.24,28.07,11.49,0.94,46.26,16.92,4.85,11.16,4.6
18.76,43.55,23.96,29.85,32.4,9.98,1.04,29.69,13.1,6.12,9.84,7.44
23.64,52.09,22.64,31.32,32.14,11.62,1.1,26.89,13.39,5.46,10.17,5.97
27.8,82.45,18.95,34.95,31.16,11.67,1.25,32.89,17.76,6.37,9.77,7.33
24.73,89.99,15.38,33.23,27.66,11.63,1.17,32.63,21.29,5.98,9.28,6.34
25.74,86.21,13.79,31.69,25.72,7.13,0.96,34.28,25.35,4.49,7.81,3.91
30.37,92.09,14.75,34.63,27.86,17.47,1.07,27.96,22.94,6.13,8.35,5.49
23.39,85.46,10.64,29.54,16.74,13.05,0.64,35.36,29.24,3.0,6.54,2.73
39.42,107.82,21.52,53.0,17.44,15.32,0.62,47.11,28.33,4.2,5.26,4.51
27.92,78.98,14.5,35.64,28.18,13.08,1.07,35.46,25.98,5.08,11.15,5.51
25.7,80.46,20.26,39.56,34.38,12.96,1.15,26.2,24.28,5.81,11.49,6.69
28.17,101.92,17.67,38.75,32.06,11.37,1.03,32.12,28.17,5.48,13.77,5.61
30.39,89.86,11.86,38.65,29.1,12.71,0.86,38.41,42.86,5.81,12.14,4.7
30.35,77.62,14.44,35.76,28.26,10.98,0.79,28.78,44.58,5.45,9.42,6.04
32.44,72.64,17.68,28.77,27.26,12.54,0.64,30.59,41.06,5.45,8.77,6.11
17.78,63.29,10.06,23.5,18.95,10.75,0.39,28.17,35.82,4.07,6.89,4.2
9.53,32.93,6.68,12.87,11.25,10.66,0.43,11.18,43.5,2.29,5.1,2.25
8.91,34.51,6.21,12.77,10.85,9.96,0.41,11.8,41.29,2.47,5.75,2.48
10.56,35.2,8.47,12.97,12.65,9.48,0.47,12.63,38.43,2.59,5.66,2.73
26.85,54.03,12.01,27.72,22.46,9.75,0.6,27.67,48.49,5.18,8.47,4.42
29.45,66.39,12.64,38.84,28.34,8.69,0.8,37.97,41.44,6.62,10.09,6.41
26.88,74.2,9.94,30.88,22.46,8.49,0.64,36.41,39.52,6.53,10.93,5.11
26.75,57.16,18.67,32.96,29.98,7.5,0.79,27.0,19.97,6.09,14.76,6.54
37.11,57.14,13.96,26.57,23.37,8.45,0.46,21.12,17.67,5.35,17.46,3.31
42.7,101.98,15.86,42.25,32.4,11.0,0.7,31.11,40.2,6.75,15.49,6.61
46.08,91.88,12.73,36.83,27.44,12.77,0.69,34.53,40.09,5.72,13.73,6.06
63.33,98.79,26.4,41.67,39.99,13.62,1.06,30.31,27.79,8.25,15.32,8.53
22.89,54.42,16.53,28.03,25.98,17.05,0.59,18.84,27.81,5.33,9.74,5.88
28.28,55.62,18.71,23.62,25.46,11.15,0.73,15.97,32.27,4.33,7.98,5.72
13.46,27.95,6.94,14.2,12.09,10.1,0.51,12.08,42.39,3.52,6.14,3.86
24.93,47.83,9.28,25.39,19.28,9.54,0.58,20.6,37.3,4.47,7.64,4.05
33.68,71.78,13.95,36.89,28.37,10.65,0.78,35.63,25.04,6.41,12.52,6.06
39.38,79.07,11.08,36.34,25.96,9.04,0.66,41.44,31.44,5.68,11.58,4.7
12.67,27.2,5.69,8.62,8.45,15.01,0.42,15.35,38.02,1.75,4.06,1.93
19.93,33.15,10.92,20.31,18.05,11.57,0.94,15.79,35.97,3.58,6.16,4.18
27.57,55.19,16.3,35.71,29.57,9.9,1.27,19.36,22.13,5.84,11.56,6.62
23.78,51.23,11.29,26.18,21.16,9.16,1.02,15.03,30.47,5.32,7.71,5.0
36.71,64.6,26.67,36.36,39.43,8.64,1.3,19.0,25.59,6.74,13.52,10.04
40.24,72.92,20.02,38.29,35.6,12.82,1.01,16.68,25.81,6.77,14.69,8.62
53.43,101.42,24.25,44.43,40.98,15.85,1.03,25.07,20.23,7.69,15.89,8.64
37.61,79.35,27.42,42.34,41.06,16.35,0.76,13.62,19.19,6.28,11.41,8.87
50.36,102.59,37.53,50.06,53.46,14.86,1.23,20.11,11.78,7.22,13.5,10.4
43.12,87.66,18.73,42.1,34.46,14.2,0.82,19.9,16.01,6.67,15.84,6.63
45.73,92.35,23.78,40.62,38.55,14.28,1.06,22.14,26.02,7.23,14.21,6.92
44.44,81.9,4.92,25.0,18.04,14.71,0.86,7.73,26.08,4.04,10.17,4.43
44.81,74.15,4.97,24.3,15.52,12.08,0.79,14.42,44.42,3.77,5.9,2.84
58.43,96.69,4.27,29.01,19.39,11.75,0.97,10.38,52.16,4.74,7.05,4.1
37.5,65.46,4.61,19.09,13.81,10.7,0.77,7.61,34.08,3.21,6.48,2.88
29.34,53.15,5.17,18.55,13.97,10.38,0.77,9.45,36.52,3.31,6.3,2.73
12.94,30.1,7.27,17.48,13.97,8.39,0.67,5.62,24.79,2.93,5.79,3.34
18.14,36.89,7.57,21.59,16.19,7.69,0.71,8.4,31.53,2.96,5.39,3.06
48.11,92.4,13.64,45.09,32.12,8.72,1.05,14.04,38.94,5.37,8.04,5.42
41.55,80.48,5.24,30.56,19.88,12.69,0.99,6.67,58.45,5.0,7.78,3.71
32.6,67.24,4.72,26.56,17.54,12.21,0.94,8.0,55.43,4.24,6.35,3.15
50.53,64.11,6.98,36.44,22.96,11.29,1.04,27.9,68.2,5.12,7.54,4.11
62.3,101.33,32.35,42.11,46.79,13.2,1.32,6.48,50.55,7.39,9.91,8.19
29.71,62.1,8.95,26.24,21.24,8.06,0.62,10.14,20.75,1.92,5.64,0.65
26.23,61.07,18.86,20.68,26.28,8.03,0.7,9.99,12.16,3.4,8.77,1.09
45.77,82.12,12.66,15.24,16.52,7.59,0.45,13.53,16.28,2.74,7.6,2.4
50.47,94.74,19.86,14.84,5.59,8.75,0.92,7.48,26.05,4.49,10.03,2.42
48.72,108.98,16.61,24.53,26.51,8.96,0.72,13.48,14.31,3.75,11.93,3.6
30.71,82.42,15.06,15.91,20.71,8.4,1.11,15.93,9.32,4.06,9.33,2.72
28.03,75.36,23.69,16.11,26.39,8.58,1.65,14.5,6.85,3.72,9.57,2.67
30.88,66.79,7.24,17.28,13.92,7.43,0.98,11.21,11.83,2.24,6.72,1.74
27.6,67.98,1.01,28.560659061126955,0.14,0.11,0.73,5.63,70.0,2.51,5.62,0.83
23.59,57.01,0.98,28.560659061126955,0.15,0.11,0.72,5.44,65.63,1.96,4.67,0.49
22.41,48.12,0.92,5.76,1.65,0.12,0.71,5.35,49.78,2.59,5.84,1.04
28.03,55.26,2.6,4.43,4.45,0.62,0.79,4.23,62.64,2.69,5.38,1.01
29.4,61.49,5.56,13.63,11.07,0.77,0.75,5.03,68.2,2.67,5.08,0.99
42.25,81.14,6.16,13.34,12.03,1.17,0.83,6.52,75.27,2.89,5.38,1.15
54.75,97.61,6.11,2.68,4.18,1.04,0.8,7.43,79.11,3.19,5.58,1.04
30.55,54.72,4.37,16.56,12.06,1.38,0.76,3.89,63.31,2.92,4.8,1.09
13.1,27.08,5.88,14.82,12.59,3.82,0.74,4.74,42.26,2.61,4.33,1.05
6.48,22.89,7.13,11.61,11.94,1.39,0.74,5.57,29.49,2.63,5.43,1.45
7.8,18.72,8.16,14.27,14.19,1.13,0.76,5.12,22.19,2.55,5.67,1.68
10.89,28.9,7.06,10.62,11.36,1.49,0.71,6.13,30.74,2.58,6.78,1.19
15.12,28.67,1.78,8.23,5.82,1.72,0.63,5.84,31.24,1.93,5.37,0.66
13.71,28.68,5.91,10.58,10.34,7.27,0.82,6.95,19.47,1.58,4.58,0.83
38.17,61.47,4.55,8.68,8.28,2.41,0.79,4.93,42.78,2.83,5.74,0.83
61.5,106.56,4.52,11.39,9.69,2.19,0.91,5.98,75.21,3.53,7.69,1.09
58.56,100.61,2.43,32.45,19.08,12.22,0.93,5.44,80.89,2.76,4.18,1.01
52.48,119.12,12.38,38.01,30.27,13.99,0.59,8.76,15.79,7.64,13.03,2.86
45.48,84.41,2.12,23.2,14.06,15.28,0.56,3.81,52.11,3.07,6.31,1.34
42.47,83.23,7.66,34.41,24.53,12.16,0.62,10.7,20.39,5.0,9.77,1.87
51.89,114.38,7.66,37.22,26.01,11.49,0.72,9.25,23.1,4.26,7.25,2.21
30.53,74.44,9.91,29.04,23.28,7.57,0.56,18.48,12.55,4.26,8.72,2.41
27.49,67.21,5.33,29.4,19.76,9.57,0.57,10.65,17.22,3.54,6.88,2.2
29.82,75.32,5.43,27.29,18.9,8.17,0.52,10.8,21.54,3.7,6.73,2.01
38.7,94.22,7.62,39.01,26.95,7.64,0.6,14.53,20.53,4.06,8.45,2.79
29.16,87.32,3.33,30.39,18.88,6.55,0.44,9.41,54.44,3.46,6.5,1.9
22.21,55.07,6.84,21.58,17.04,7.39,0.5,3.93,19.39,3.05,5.99,2.18
23.84,69.72,5.35,30.58,20.62,7.9,0.43,5.31,23.36,3.21,7.32,2.23
27.42,71.41,6.35,35.01,23.79,5.99,0.49,9.32,44.52,3.52,7.53,2.29
38.43,102.08,9.74,35.61,26.06,9.51,0.56,10.75,14.98,4.36,9.32,2.21
36.88,82.95,8.42,33.99,24.67,9.1,0.53,12.06,13.83,4.42,10.65,2.96
23.42,42.92,2.35,21.57,12.33,6.97,0.31,2.33,65.33,2.3,5.17,1.36
39.79,89.78,14.78,40.3,33.42,8.53,0.58,4.88,23.42,4.77,9.8,3.18
47.17,97.93,10.02,37.12,27.18,10.42,0.63,13.77,29.1,5.24,13.19,4.43
29.43,69.38,11.05,30.01,24.95,8.84,0.52,11.95,18.46,4.99,11.26,2.59
22.09,54.98,10.22,28.51,23.41,11.4,0.5,10.36,17.47,3.85,8.7,2.18
28.25,83.68,13.24,35.98,29.83,8.67,0.51,17.9,17.23,5.39,11.05,3.96
18.89,55.15,11.59,23.41,21.87,8.92,0.56,15.35,12.73,4.25,7.74,2.54
15.53,54.14,10.17,27.48,22.81,10.69,0.48,10.19,14.2,3.34,6.8,1.93
17.15,57.66,10.0,28.43,23.25,9.46,0.48,16.84,20.28,3.51,7.43,2.09
27.23,85.09,11.53,33.99,27.44,11.95,0.64,27.9,13.08,5.94,12.6,3.14
19.46,66.45,17.02,31.74,30.71,10.66,0.51,27.42,14.73,4.38,9.06,2.83
17.86,65.64,9.19,28.5,22.62,9.01,0.48,14.34,24.0,3.85,8.55,2.31
16.36,69.43,9.87,24.01,20.8,10.93,0.57,16.12,11.16,4.25,8.2,2.95
21.74,83.35,6.69,23.61,17.99,9.78,0.59,8.98,15.06,4.52,7.78,2.59
15.93,66.29,12.65,23.5,22.78,8.24,0.34,33.14,12.63,2.95,5.59,1.63
29.64,86.19,8.02,35.29,25.25,11.0,0.59,16.03,20.32,4.32,7.96,2.83
25.81,87.92,11.32,27.12,22.65,8.44,1.77,18.84,18.82,5.55,12.14,3.62
21.97,81.58,12.77,26.51,24.58,8.56,0.52,22.25,12.68,4.77,8.46,2.71
16.34,52.24,7.04,18.01,15.3,11.11,0.38,10.65,15.38,3.83,8.56,1.97
17.59,69.48,9.11,22.83,19.56,9.38,0.44,11.63,13.03,3.36,7.94,1.62
14.44,60.54,9.24,21.94,19.32,10.65,0.4,12.1,13.62,3.43,7.07,2.33
14.65,58.94,5.99,29.04,20.39,9.81,0.43,4.0,37.8,3.07,6.61,2.22
31.6,127.69,15.55,51.33,39.94,11.65,0.61,14.33,25.02,6.29,13.52,4.09
22.42,81.52,8.05,40.78,28.23,9.49,0.46,17.91,23.02,5.37,17.25,3.37
18.79,72.55,9.84,25.71,21.68,9.26,0.42,4.96,15.94,3.87,9.6,2.45
14.83,77.05,10.29,23.09,20.64,7.75,0.53,11.51,13.08,3.58,7.79,1.85
16.6,72.27,12.23,27.91,24.92,8.1,0.52,16.18,14.68,4.06,7.88,2.5
19.95,87.8,8.49,27.69,21.76,9.69,0.61,14.62,18.42,4.71,7.99,2.64
20.57,94.77,12.86,35.37,29.28,9.21,0.53,20.22,13.27,5.88,11.19,2.92
9.35,58.97,6.29,23.46,17.59,8.95,0.41,11.06,21.44,3.45,6.63,2.08
25.41,87.91,16.73,46.17,38.16,9.92,0.42,13.34,21.87,5.43,13.4,4.13
17.96,78.44,14.68,30.47,28.15,9.42,0.5,16.64,11.08,4.81,10.43,2.86
12.0,71.64,11.45,20.48,20.2,10.0,0.55,12.17,10.33,4.39,7.38,2.24
20.89,89.72,10.87,38.54,27.36,11.46,0.61,22.45,24.42,4.36,8.58,2.71
16.73,76.61,5.59,25.98,18.36,12.33,0.32,8.63,10.75,3.11,6.31,1.69
14.85,66.39,10.0,25.75,21.83,10.05,0.37,4.89,14.19,4.18,12.74,2.07
11.81,53.12,7.66,20.44,17.1,9.4,0.37,7.35,11.97,4.17,6.91,1.78
25.1,76.72,10.74,30.18,24.95,12.93,0.48,13.46,13.69,6.47,15.26,2.56
27.11,80.88,6.3,28.35,20.21,11.33,0.39,13.61,22.99,3.86,7.63,2.36
37.85,106.22,3.26,27.18,17.11,12.73,0.41,9.87,37.66,4.47,8.17,2.15
30.78,86.36,7.32,35.75,24.94,13.82,0.54,4.75,30.05,4.28,9.91,2.58
38.25,121.95,10.15,69.53,45.23,20.09,0.55,13.42,14.32,6.38,13.83,4.47
28.43,68.43,3.91,27.3,17.03,17.38,0.4,5.92,62.99,3.59,10.01,2.39
36.75,83.33,7.13,43.22,28.75,11.47,0.45,15.33,36.89,4.5,11.04,2.92
28.69,66.84,7.43,46.76,30.91,11.62,0.41,11.71,32.48,4.06,16.57,1.69
30.94,87.54,7.83,44.8,30.2,10.87,0.41,11.93,29.61,4.57,10.77,2.06
35.48,100.2,21.41,52.86,42.93,10.19,0.93,15.22,10.92,5.37,14.21,3.89
27.05,74.19,1.7,38.98,21.59,12.69,0.46,9.52,26.54,4.28,12.6,3.13
26.17,97.3,1.42,36.83,20.54,12.72,0.54,11.83,24.5,4.89,17.57,2.54
30.0,113.06,1.08,35.52,19.41,11.41,0.43,10.95,40.09,4.61,11.95,3.44
27.29,70.27,1.92,38.39,21.26,8.61,0.45,17.86,16.53,4.77,12.89,3.46
32.92,84.65,1.9,44.95,24.58,9.62,0.7,11.38,12.07,6.03,16.2,4.8
33.78,79.51,1.56,36.11,20.18,12.56,0.43,12.05,24.91,4.69,18.09,3.13
32.22,91.28,1.51,37.53,20.92,10.45,0.56,13.1,21.67,4.77,13.21,3.78
31.92,79.9,1.43,34.59,19.33,11.96,0.48,15.3,20.82,3.84,11.58,2.67
38.8,86.26,2.42,44.72,25.19,11.77,0.5,13.39,18.01,4.59,15.15,4.1
33.39,102.52,2.81,45.59,26.38,11.74,0.45,15.11,22.69,4.95,13.76,3.88
24.36,91.04,2.81,41.02,23.76,9.97,0.43,10.52,16.46,4.87,12.41,3.92
27.25,71.62,11.52,41.73,31.19,10.3,0.54,12.32,16.69,5.05,12.85,4.39
35.14,101.2,12.11,42.5,32.46,9.88,0.58,22.36,14.14,6.26,13.0,4.28
33.26,80.16,9.85,37.76,28.08,10.5,0.5,10.86,17.08,4.77,12.63,2.66
34.32,88.43,9.08,41.61,29.51,10.21,0.49,17.0,20.19,4.67,13.24,3.21
30.08,82.39,10.04,38.24,28.5,10.28,0.47,25.43,17.19,4.23,10.35,3.3
31.55,84.57,22.42,43.01,41.13,13.34,0.4,27.6,9.27,5.11,10.75,4.14
25.83,70.56,19.44,43.68,38.33,16.21,0.85,30.88,9.06,5.31,11.93,5.21
28.16,82.2,14.49,36.77,31.34,11.59,0.45,19.09,12.36,4.54,11.07,3.81
36.57,84.99,16.34,37.66,33.32,9.84,0.54,2.72,7.93,5.02,13.48,4.64
21.84,49.03,14.0,35.28,30.14,6.86,0.42,3.69,5.98,4.51,11.37,3.64
28.49,99.19,12.1,33.71,27.76,15.54,0.52,14.09,9.15,4.64,10.13,3.96
22.82,74.76,12.19,33.08,26.54,17.79,0.37,13.4,12.67,4.46,12.46,3.48
29.86,82.04,12.74,32.84,27.82,12.91,0.49,5.17,12.63,4.07,11.87,3.03
22.54,58.77,12.38,34.15,28.24,13.19,0.39,6.51,13.41,3.85,14.45,3.19
27.9,67.82,24.2,39.37,40.61,9.28,0.55,5.16,7.57,5.45,18.97,4.8
27.85,59.59,20.46,39.62,37.7,7.66,0.58,3.7,8.23,5.86,17.52,5.72
32.61,91.42,11.81,36.09,28.8,7.27,0.51,10.45,11.48,4.88,12.9,4.27
39.1,82.99,16.86,41.31,35.68,9.07,0.6,5.02,8.57,5.21,13.38,4.84
44.7,109.74,11.97,37.98,29.93,10.93,0.61,9.11,13.38,4.69,12.87,3.73
34.35,71.82,20.47,42.32,39.15,8.31,0.6,4.71,6.46,4.96,19.14,4.38
21.86,49.71,21.28,42.23,39.76,11.7,0.48,6.46,7.68,3.7,15.56,3.27
25.69,69.31,12.56,42.03,32.56,35.17,0.53,8.05,9.7,4.41,11.32,3.77
32.84,68.96,14.69,43.43,35.14,17.54,0.56,11.58,8.85,4.72,14.15,4.01
17.9,52.3,10.04,40.17,29.52,38.77,0.51,14.66,11.03,6.97,33.06,1.59
20.96,48.4,14.68,32.21,29.07,11.45,0.85,30.0,9.95,3.55,10.94,3.18
30.03,67.02,12.31,32.93,27.52,10.7,0.88,22.77,13.26,3.98,13.44,3.4
31.38,71.25,9.39,31.63,24.45,11.36,0.91,21.64,16.3,3.8,13.78,2.88
67.45057794890306,39.0,17.574729662029362,28.560659061126955,32.30912333307031,23.48347601937197,0.9,10.65,17.85,2.58,10.55,1.94
39.86,99.71,12.03,37.89,29.94,8.39,1.0,25.01,18.72,4.63,15.94,2.99
45.16,104.47,11.0,41.65,31.1,9.71,0.95,31.5,17.51,5.02,14.31,3.61
39.34,91.6,15.02,39.76,33.36,8.29,0.89,5.25,16.05,5.12,17.24,4.39
62.18,117.69,12.39,42.52,32.7,9.82,1.13,6.77,17.75,6.18,19.36,4.48
33.98,79.99,9.87,32.51,25.32,8.45,0.91,2.35,22.78,4.5,10.37,3.96
41.23,104.04,10.84,40.65,30.44,8.51,1.01,2.47,25.53,5.4,12.87,5.14
38.53,71.96,7.7,31.62,23.08,8.99,0.7,2.13,38.9,3.37,10.12,2.73
29.18,77.84,15.92,28.82,28.26,6.01,0.51,2.37,15.0,4.06,10.87,2.71
28.61,79.11,10.51,31.75,25.44,7.03,0.43,2.01,33.31,4.32,16.88,2.89
34.19,104.24,16.91,38.97,34.49,8.2,0.65,3.82,22.36,5.61,11.4,4.23
36.81,92.5,16.21,34.54,31.55,9.9,0.54,4.44,17.16,4.46,10.57,4.6
18.71,55.55,14.94,27.41,26.73,13.13,0.18,4.46,11.52,4.68,14.01,2.91
28.19,86.03,20.98,26.8,31.31,8.29,0.56,2.81,21.05,4.7,12.99,3.56
49.55,100.07,18.38,51.42,42.3,12.79,0.71,11.62,32.89,5.29,12.87,4.86
40.69,83.99,13.28,29.18,26.32,10.36,0.51,2.9,35.62,3.48,10.58,3.34
53.01,89.9,9.11,33.06,25.0,11.6,0.54,4.91,49.86,3.07,8.1,2.59
37.5,72.83,3.66,19.84,13.53,10.18,0.61,5.71,73.12,3.26,6.37,1.39
22.75,49.88,3.69,16.98,12.03,8.0,0.57,4.18,43.39,2.7,6.1,1.41
30.77,89.68,28.77,42.96,46.24,7.16,0.75,6.5,26.63,4.53,10.11,4.49
42.25,88.83,3.41,15.38,10.95,9.2,0.63,3.94,60.08,2.67,6.45,1.53
47.82,94.72,4.15,16.99,12.42,10.43,0.66,5.07,60.2,2.56,6.14,1.33
24.85,42.28,4.73,15.9,12.29,8.39,0.58,2.94,51.06,2.37,3.63,0.52
5.89,24.42,11.44,36.94,27.3,7.9,0.54,3.65,17.13,3.99,9.58,3.78
23.79,46.15,5.77,26.7,18.9,9.37,2.2485982090856145,3.45,44.56,2.75,8.54,1.84
43.75,76.9,4.81,26.77,18.15,10.63,2.2485982090856145,5.41,65.79,3.06,7.18,1.94
63.48,97.28,4.38,29.34,19.17,12.95,0.62,19.89,78.72,2.8,7.91,1.26
33.27,71.67,6.19,20.37,15.87,8.37,0.68,4.56,15.31,1.43,1.73,0.41
39.61,86.76,17.41,24.55,27.22,8.72,0.72,5.77,13.42,1.92,4.32,0.62
51.81,115.7,24.02,36.12,38.74,9.88,0.83,15.92,17.11,2.06,3.88,0.9
26.93,69.05,9.16,20.86,18.4,19.16,0.55,6.16,25.91,1.38,2.35,0.44
27.8,87.02,9.33,24.13,20.15,16.91,0.73,10.33,15.8,1.93,2.6,0.5
22.27,91.01,11.92,26.61,23.91,15.04,0.67,11.33,12.4,1.54,2.93,0.55
33.92,81.68,16.0,29.37,28.39,14.64,0.77,4.45,27.64,1.6,5.19,0.69
27.95,96.17,26.94,39.08,42.69,9.47,0.86,5.18,13.08,2.69,5.31,1.6
19.08,75.6,18.0,36.5,34.05,9.02,0.61,12.53,9.47,1.17,4.25,0.37
21.22,93.11,16.6,42.49,36.09,7.21,0.83,17.44,9.42,1.53,2.28,0.46
34.35,105.79,12.83,37.82,30.54,11.04,0.62,13.1,15.39,1.44,2.82,0.2
30.15,79.98,8.63,29.19,22.42,9.72,0.57,35.88,34.91,1.85,4.34,0.91
32.39,100.66,13.28,43.73,34.05,9.23,0.68,4.7,21.36,3.68,8.13,2.35
27.53,72.87,6.94,28.71,20.92,9.03,0.64,9.69,20.53,2.39,9.1,0.92
23.36,66.43,10.06,29.64,23.95,7.49,0.79,9.32,22.21,4.19,6.98,1.61
36.33,115.06,16.25,42.43,35.79,8.6,0.96,27.76,10.36,3.94,7.53,1.51
36.77,89.98,15.7,35.59,31.69,7.68,0.83,4.85,15.33,2.95,7.09,0.88
24.49,64.93,13.33,30.89,27.27,6.13,0.7,8.09,8.37,2.08,7.01,0.49
24.5,76.36,12.35,33.42,27.82,6.14,0.68,10.25,12.09,1.57,3.53,0.51
30.49,93.56,9.58,33.41,25.56,6.78,0.77,15.85,14.54,1.81,3.06,0.43
31.8,102.51,9.63,28.23,22.85,7.16,0.83,11.6,15.0,2.38,3.93,0.66
27.02,103.61,20.57,32.42,33.96,4.97,0.87,21.15,4.48,3.23,4.9,1.02
23.63,77.64,21.08,25.85,30.79,5.33,0.72,19.17,4.17,2.34,4.15,0.9
32.96,109.5,13.85,43.6,34.45,6.14,0.63,8.55,9.24,2.85,5.75,0.88
22.42,79.8,14.26,22.97,23.82,4.41,0.8,4.42,5.25,2.47,4.12,0.87
23.73,81.76,19.81,23.77,28.74,5.25,0.85,6.88,5.09,2.87,5.12,0.74
33.69,99.18,14.32,22.46,23.58,5.62,0.66,5.13,9.26,2.02,3.52,0.66
67.45057794890306,118.12710293078135,17.574729662029362,28.560659061126955,32.30912333307031,23.48347601937197,2.2485982090856145,14.53197725590996,34.49143047551845,3.280840304500585,8.700972080037227,3.0701278234985114
27.28,106.57,14.48,42.29,34.27,6.29,0.8,7.57,30.51,3.53,7.25,1.38
20.65,85.16,16.65,31.55,30.32,6.09,0.71,9.19,7.99,2.46,6.18,0.72
28.84,107.04,20.1,36.27,35.64,6.95,0.84,16.08,7.94,3.54,5.54,1.46
22.48,68.45,10.03,18.99,18.27,5.28,0.65,3.89,8.0,1.3,3.58,0.48
21.76,73.93,14.91,28.49,27.27,5.19,0.71,4.05,8.68,1.56,4.51,0.7
25.62,86.99,20.55,44.16,40.2,6.25,0.79,2.61,7.01,3.47,9.56,1.7
29.58,78.81,8.56,33.58,24.82,6.46,0.65,3.6,23.29,2.45,5.58,1.07
26.19,68.03,10.22,26.87,22.6,5.44,0.61,3.32,17.99,1.7,3.72,0.66
21.88,60.43,13.66,22.74,23.2,5.26,0.6,2.76,8.57,1.87,4.71,0.56
37.51,114.06,14.93,23.73,24.76,5.05,0.88,3.31,8.22,2.18,4.54,0.9
18.89,65.88,14.16,15.71,19.87,42.9,0.61,5.58,7.06,1.89,3.17,0.58
12.9,52.79,8.44,15.86,15.3,43.25,0.61,5.1,10.51,1.08,2.73,0.32
59.67,198.42,10.9,49.52,35.21,12.07,1.16,4.15,25.37,5.16,10.52,2.33
50.58,137.62,6.03,33.15,22.59,14.25,0.79,7.03,26.69,4.12,5.68,1.49
29.74,101.8,17.14,44.6,37.79,3.6,0.9,6.22,19.75,4.76,10.42,4.77
50.27,126.08,5.74,31.49,21.31,12.96,0.85,7.79,25.76,4.88,6.84,2.2
37.53,113.19,8.34,49.11,32.91,3.74,0.74,14.49,24.99,5.61,13.34,3.17
40.58,120.64,8.07,45.39,30.84,5.24,0.84,18.11,25.52,5.4,11.08,2.74
28.8,66.8,11.94,41.36,31.71,4.09,0.82,9.01,21.5,5.3,14.08,4.74
39.46,81.53,7.26,37.97,26.09,4.9,0.73,8.51,25.95,6.12,16.7,3.2
35.47,71.35,5.17,28.75,19.5,5.85,0.68,8.96,24.19,4.23,13.81,1.78
22.96,61.28,7.14,26.62,19.97,5.84,0.64,7.11,11.66,3.77,7.76,1.73
30.65,84.08,7.75,27.46,20.91,6.72,0.79,8.36,16.2,3.88,9.33,2.31
40.18,105.25,7.6,47.96,31.68,6.71,0.81,13.28,19.68,5.36,11.1,3.0
30.4,106.57,9.54,50.51,34.62,6.97,0.87,14.79,17.03,7.6,20.77,4.73
20.4,77.9,8.26,39.65,27.81,8.58,0.63,14.86,11.36,5.79,21.77,2.66
29.39,92.4,14.88,50.5,38.96,7.99,0.66,9.93,6.8,5.5,15.59,4.32
25.58,91.73,17.5,39.32,35.15,5.7,0.7,10.14,5.42,5.97,15.23,4.13
34.17,71.59,5.19,24.07,17.02,9.8,0.57,11.45,20.48,4.46,7.92,1.44
20.21,48.5,2.79,12.57,8.96,7.2,0.44,14.75,24.05,1.91,6.87,0.72
29.76,102.17,11.47,35.69,28.3,6.63,0.89,15.27,12.02,5.05,16.02,2.96
29.61,81.88,9.2,35.82,26.53,5.46,1.05,5.87,16.25,4.26,10.06,3.47
19.61,49.3,22.44,40.12,39.59,4.58,0.67,13.09,7.5,5.41,17.78,4.17
17.07,54.79,21.73,40.79,39.36,4.61,0.7,12.45,4.78,5.29,16.02,4.46
27.38,50.55,22.79,39.75,39.68,5.41,0.75,15.04,3.57,4.77,11.66,3.55
24.48,70.71,18.77,38.05,35.49,6.43,0.93,10.33,4.97,4.66,11.24,4.59
26.17,96.67,13.3,36.98,30.48,6.59,0.76,14.9,8.75,5.11,11.05,3.11
17.8,58.85,17.24,32.18,31.13,8.13,0.79,15.37,3.58,4.49,10.4,3.3
25.11,49.19,32.58,45.85,50.87,8.68,0.84,11.42,2.98,6.96,16.1,7.65
29.95,92.72,20.07,38.31,36.69,8.33,0.99,13.0,6.39,5.97,13.49,3.78
21.59,57.12,17.1,41.77,36.12,8.01,0.86,10.46,6.44,6.27,14.99,6.18
22.25,44.55,26.53,38.1,41.84,9.55,0.71,14.35,3.96,6.56,15.0,5.66
14.45,26.19,27.97,35.05,41.39,9.13,0.56,8.44,2.49,8.11,15.38,6.68
24.41,82.32,21.6,29.55,33.27,9.73,0.79,14.27,6.81,4.98,9.74,5.42
30.46,103.55,11.38,38.34,29.64,7.86,0.74,11.71,15.62,6.99,12.1,4.6
36.4,104.83,14.67,40.32,33.38,8.43,0.82,16.17,10.84,6.33,13.76,6.03
42.33,110.48,23.83,40.05,40.68,13.41,1.09,13.23,11.31,8.31,29.15,7.41
46.96,108.8,13.25,16.53,19.51,23.48347601937197,1.06,17.68,13.95,7.57,17.64,7.78
29.83,81.31,9.73,10.6,13.56,4.12,0.73,11.5,21.25,6.11,20.19,7.13
30.77,84.5,9.69,11.86,14.17,2.47,0.88,10.12,10.44,7.66,25.86,6.87
26.34,57.94,6.68,11.76,11.72,2.46,0.57,7.02,4.44,4.05,20.0,2.47
20.11,52.18,19.18,36.1,34.79,9.54,0.71,11.7,19.76,5.35,15.59,5.4
18.05,52.41,19.62,39.29,36.84,8.68,0.77,3.19,14.59,4.48,13.57,4.73
23.49,80.31,11.34,32.1,26.31,7.35,0.84,6.27,21.65,6.41,10.85,3.86
29.19,108.49,12.63,35.22,29.01,6.81,0.94,5.22,27.72,5.47,8.75,3.34
33.52,91.75,15.98,41.39,35.0,5.03,1.03,11.65,20.83,5.76,13.93,4.67
34.27,97.09,21.38,47.83,42.83,6.12,1.06,12.33,17.62,4.73,14.54,5.33
37.09,85.61,6.65,33.06,22.99,6.25,0.68,13.99,32.83,2.16,5.95,1.55
42.98,98.42,7.28,34.0,24.13,7.16,0.84,11.14,38.86,1.87,6.42,2.46
35.14,66.68,4.12,15.97,11.84,6.4,0.47,43.29,39.25,0.57,6.59,0.92
14.11,45.52,14.42,21.64,23.23,4.27,0.5,13.71,18.83,0.99,7.31,2.06
14.75,37.77,9.46,20.6,18.65,4.08,0.54,14.57,35.98,1.18,5.13,1.38
15.09,80.12,24.8,20.87,31.27,3.86,0.61,13.48,18.88,2.72,9.12,2.69
12.12,31.34,25.95,30.68,37.57,3.45,0.89,11.8,16.54,1.64,8.91,4.63
15.48,34.22,25.39,31.57,37.43,3.7,0.93,13.94,15.0,4.6,10.74,3.93
27.57,78.88,34.87,29.53,44.05,6.92,1.19,13.16,12.48,4.48,12.92,3.67
32.77,99.56,32.53,32.42,43.7,10.69,1.32,9.55,13.14,4.6,15.39,4.67
27.7,87.41,31.47,38.3,46.08,13.79,0.96,11.82,15.39,5.14,16.13,4.8
26.46,89.36,39.38,42.8,54.78,15.67,1.24,15.85,15.7,6.83,22.83,6.64
30.49,81.94,23.38,55.32,46.89,27.01,0.85,31.92,22.39,5.57,13.47,5.04
25.84,80.25,23.95,47.16,44.64,15.95,0.93,28.64,20.76,4.82,10.91,3.91
24.45,99.34,26.21,45.24,45.52,2.96,0.72,26.95,14.83,4.74,11.31,4.16
45.56,72.39,2.26,21.17,13.09,3.13,0.62,22.43,66.99,2.78,7.42,1.13
32.93,56.18,5.98,29.73,20.68,1.13,0.74,24.58,52.67,2.97,8.97,1.6
10.32,23.93,17.22,40.82,35.71,1.31,0.8,29.33,19.51,3.62,9.25,2.31
5.29,17.65,6.04,25.84,18.66,2.58,0.53,61.41,26.21,2.15,4.57,0.94
15.67,26.01,21.98,38.11,38.29,1.8,0.78,21.7,21.41,3.18,8.46,2.07
5.08,8.16,13.55,29.46,26.85,2.36,0.69,23.81,17.4,2.45,7.5,1.66
18.29,60.5,25.55,37.56,40.96,4.16,0.8,23.34,31.21,3.26,8.72,2.5
31.24,50.3,3.28,22.14,14.43,3.49,0.82,24.43,42.64,2.38,5.34,0.74
41.58,69.57,7.2,35.0,23.77,3.33,0.79,20.54,43.45,2.15,5.82,1.23
41.18,78.79,3.02,26.24,16.35,10.84,0.92,5.74,70.23,2.91,6.99,1.14
46.69,92.64,2.95,29.13,17.88,10.57,0.72,8.71,69.31,4.39,11.24,1.41
46.28,85.5,2.89,23.71,14.96,11.51,0.71,7.21,66.6,3.98,8.4,1.18
61.52,105.51,3.13,33.07,20.13,9.67,0.8,8.7,71.8,4.72,8.93,1.33
36.8,73.78,3.03,30.32,18.06,7.63,0.62,9.99,66.87,3.34,7.6,0.71
17.03,48.31,3.66,24.57,16.04,6.3,0.68,8.84,46.24,2.22,5.26,1.05
12.79,48.71,6.63,30.6,21.67,6.12,0.91,9.02,42.0,3.15,7.48,1.61
24.02,95.84,29.64,37.62,44.11,7.15,0.95,7.82,40.3,5.08,11.08,4.02
27.82,96.94,29.83,39.95,45.5,7.63,1.03,8.27,36.34,5.69,11.32,4.13
36.82,71.34,4.09,25.16,16.72,13.26,0.89,7.86,65.75,3.01,6.26,1.32
27.12,54.86,3.71,23.35,15.44,13.29,0.84,7.37,54.39,2.7,7.35,1.1
46.59,84.0,3.45,26.75,17.03,14.5,0.96,7.26,66.3,3.37,6.68,1.25
52.33,99.33,3.51,33.7,20.78,11.69,1.13,8.44,70.91,4.67,8.7,1.64
49.66,90.22,3.23,29.88,18.51,11.38,1.08,8.97,59.28,4.79,8.17,1.33
53.48,92.39,3.25,23.58,15.18,11.95,1.09,7.53,62.71,4.97,9.09,1.13
22.7,50.19,3.94,21.94,14.88,10.54,0.97,9.26,44.0,4.14,7.61,0.98
16.07,43.09,3.03,18.26,12.18,10.5,0.84,9.12,52.07,2.92,5.03,0.65
48.21,87.02,2.89,21.46,13.76,12.39,0.96,9.91,64.14,3.4,5.32,0.75
54.65,102.77,3.13,27.04,16.93,13.21,0.95,9.6,69.69,3.69,6.96,1.1
49.43,93.16,2.61,26.01,15.96,12.71,0.9,8.68,72.49,3.38,7.35,1.88
42.17,81.73,4.4,25.01,16.89,10.84,1.03,8.03,45.73,3.42,4.56,0.86
39.3,92.98,15.49,29.13,28.09,9.84,1.04,8.58,30.23,3.77,6.04,1.34
30.99,79.86,4.75,27.19,18.31,9.71,0.81,5.57,45.75,3.42,6.25,1.86
25.31,54.82,3.1,19.27,12.78,9.29,0.79,8.29,39.57,2.44,5.64,0.68
59.54,107.42,3.06,22.1,14.21,11.91,1.02,8.98,38.25,3.48,5.55,0.84
43.35,66.31,4.93,33.9,22.03,9.91,0.98,5.57,57.32,3.59,7.76,1.6
32.75,50.95,3.03,22.34,14.34,9.68,0.9,8.72,60.29,2.59,5.3,0.74
39.45,54.88,2.94,18.85,12.42,10.25,0.88,8.38,66.17,2.81,4.93,0.49
43.56,71.06,17.13,55.23,43.31,10.19,1.31,7.95,42.81,4.75,9.74,2.94
31.28,64.27,6.41,30.03,21.18,10.67,0.9,5.97,29.32,3.25,11.58,0.99
31.23,103.55,21.4,29.43,33.05,10.44,0.91,5.36,21.92,3.79,7.75,3.76
29.14,54.27,3.21,16.32,11.31,10.41,0.82,7.85,30.54,2.55,4.64,0.66
26.04,47.32,2.92,17.92,11.9,10.42,0.81,8.73,32.41,2.79,4.71,2.15
58.03,98.66,2.78,23.95,15.0,12.85,0.96,8.33,46.43,3.24,5.93,0.83
46.15,92.06,2.18,33.42,19.43,12.27,0.93,7.39,14.34,3.17,13.17,1.82
39.52,69.95,2.05,17.39,10.92,11.92,0.92,3.26,17.56,1.63,4.05,0.98
30.9,59.7,2.37,22.46,13.88,12.96,0.84,1.62,14.21,1.61,3.94,0.85
36.68,76.4,2.55,35.01,20.31,11.7,1.22,5.77,20.25,4.01,20.22,2.52
29.42,58.33,2.02,21.19,12.93,11.08,0.91,7.61,24.28,2.98,8.24,1.21
46.6,117.11,2.73,41.14,23.69,11.64,1.05,5.74,21.2,5.0,11.07,3.86
20.02,47.95,2.0,20.44,12.38,13.68,0.87,9.65,14.75,2.13,6.6,1.18
15.11,40.46,2.04,15.5,9.84,13.59,0.67,7.89,12.65,1.56,4.36,0.85
17.77,71.21,2.32,28.78,16.78,11.79,0.92,11.2,11.12,4.46,13.73,1.98
19.48,55.45,2.11,23.76,13.74,11.88,0.74,11.35,12.0,3.01,9.62,1.83
16.23,46.4,1.86,22.56,13.35,11.3,0.76,8.91,11.86,2.49,11.83,1.23
19.9,58.97,2.12,24.48,14.45,10.97,0.79,8.65,11.43,3.59,15.3,2.01
23.84,56.3,2.22,24.28,14.57,12.05,0.67,10.58,12.06,2.92,10.93,1.64
21.5,51.15,2.17,19.43,11.85,11.74,0.45,8.83,12.81,2.14,8.35,0.75
29.97,80.28,3.61,27.41,15.55,11.66,0.81,7.98,12.94,2.2,11.38,1.14
34.29,98.12,2.44,29.32,17.16,12.49,0.87,3.4,14.0,4.03,13.12,3.13
23.97,67.96,11.37,35.13,27.93,11.38,0.87,11.12,37.46,5.28,12.72,5.73
20.57,60.98,8.58,33.67,24.88,10.11,0.76,11.08,18.41,3.35,13.43,2.82
23.57,69.26,12.32,24.78,23.13,10.84,0.66,10.28,19.71,3.08,17.32,1.62
19.59,42.84,7.82,20.91,17.39,9.44,0.72,9.73,26.65,1.79,4.8,1.21
39.49,95.32,14.83,40.71,33.71,23.48347601937197,0.68,16.72,33.77,4.38,8.69,3.25
21.29,57.46,6.26,25.26,18.53,23.48347601937197,0.43,8.2,12.88,4.21,20.06,0.69
32.71,90.8,7.78,24.99,19.62,4.29,0.11,13.37,36.78,2.95,4.86,1.34
31.72,85.01,7.15,24.54,18.86,5.33,0.11,11.29,42.06,3.98,8.19,1.53
22.17,57.42,7.03,22.72,17.81,5.55,0.11,11.33,41.66,4.4,14.07,1.55
21.62,65.48,6.23,24.02,17.83,5.4,0.11,10.42,59.94,4.4,7.79,1.84
18.77,52.17,6.65,25.22,18.82,5.64,0.11,8.52,46.99,3.88,9.99,1.17
30.43,76.29,9.9,33.1,25.65,5.35,0.11,7.39,23.15,4.61,11.32,1.81
23.81,66.29,13.42,32.49,28.43,6.14,0.11,5.91,9.06,2.32,5.32,1.02
30.06,74.16,14.76,33.18,29.88,6.71,0.11,7.37,10.66,3.18,7.75,1.03
25.97,57.81,12.62,29.23,26.03,7.56,0.11,5.47,11.72,2.11,4.58,0.84
22.3,52.05,13.75,31.35,28.06,7.6,0.11,6.29,9.64,2.31,6.2,1.0
16.62,43.83,15.71,29.33,28.59,7.86,0.11,6.27,6.48,2.4,8.3,1.07
23.62,68.95,11.17,33.43,26.86,7.32,0.11,6.02,21.47,3.39,7.85,1.08
16.38,38.99,12.22,26.65,24.11,7.86,0.11,5.51,13.98,1.9,9.53,0.89
20.44,67.82,13.86,31.19,27.86,6.94,0.11,6.81,15.17,3.32,7.74,1.2
18.97,65.8,14.74,29.57,27.71,6.95,0.11,7.14,13.23,2.84,6.59,0.98
21.07,73.21,13.85,32.55,28.58,5.36,0.11,6.32,13.82,2.58,6.53,1.27
21.89,78.22,13.77,36.49,30.61,6.46,0.11,9.16,15.46,3.51,7.6,2.64
15.84,63.94,12.65,31.67,27.13,7.52,0.11,5.51,12.02,2.97,4.85,1.37
9.21,51.65,11.69,30.52,25.73,7.49,0.11,7.41,10.54,2.9,5.48,2.0
14.61,56.17,15.55,33.08,30.24,8.47,0.11,8.72,10.53,2.79,5.07,1.15
18.16,66.09,1.68,16.27,9.74,8.18,0.11,7.01,30.36,2.69,6.72,1.76
11.91,48.54,2.52,16.76,10.83,8.24,0.11,7.46,28.84,2.2,7.86,0.7
23.14,78.4,0.73,23.73,13.11,8.82,0.11,6.94,38.06,4.28,8.47,2.37
18.91,67.79,3.03,24.04,15.15,8.38,0.11,5.84,22.73,2.86,6.47,2.15
17.54,68.24,1.23,15.64,9.1,8.23,0.11,8.31,16.15,2.45,4.1,1.23
8.93,45.07,2.07,12.81,8.43,7.87,0.11,8.22,13.88,2.51,3.47,0.75
11.3,51.48,1.56,18.09,10.73,8.04,0.11,8.88,18.67,2.56,10.04,1.17
9.53,40.67,1.39,12.9,7.95,7.94,0.11,7.32,11.38,1.83,8.55,0.93
14.04,51.69,1.59,14.28,8.87,8.43,0.11,5.58,11.15,1.72,3.72,0.74
26.88,76.7,2.0,28.32,16.46,7.56,0.11,10.13,24.73,2.06,5.23,1.31
15.91,81.11,3.27,23.59,14.25,13.57,0.11,8.48,37.58,2.55,2.85,0.7
10.99,72.39,1.38,20.53,11.8,10.25,0.11,8.73,27.09,2.36,2.94,0.68
18.69,75.86,2.76,21.06,13.59,10.77,0.11,7.19,24.62,2.03,3.31,0.66
12.35,68.72,1.74,20.24,12.06,9.8,0.11,9.69,23.61,2.56,4.76,0.86
26.6,121.23,1.69,20.04,11.9,8.58,0.63,8.42,28.8,2.7,3.33,0.86
26.94,102.0,1.63,20.67,12.23,8.67,0.65,7.34,23.8,2.43,3.76,0.91
16.71,62.53,2.6,23.89,13.61,10.62,0.63,7.79,24.1,1.66,4.0,1.07
28.1,84.8,7.43,50.99,27.93,9.21,0.76,16.45,14.82,3.21,10.1,1.9
15.68,81.88,1.91,20.61,12.15,8.25,0.5,5.82,21.15,2.47,5.02,0.84
17.94,102.58,5.6,30.32,20.59,9.49,0.58,6.48,23.82,2.65,7.59,1.23
19.14,77.06,4.12,35.57,22.18,8.82,0.68,7.19,25.56,3.06,8.18,1.61
29.71,112.53,2.98,44.77,24.69,10.51,0.85,10.64,21.94,4.5,18.1,1.62
29.69,101.97,2.84,35.51,20.66,9.85,0.57,5.32,31.71,3.07,10.65,1.17
31.84,85.41,4.69,50.11,30.35,10.01,0.88,5.06,33.86,4.07,9.24,2.52
32.55,79.28,4.78,44.59,27.38,9.34,0.69,5.9,35.06,2.96,7.89,2.08
37.71,98.53,9.97,52.1,35.79,9.91,0.7,5.59,26.59,5.29,10.38,3.38
37.67,76.27,12.17,53.59,35.52,9.85,0.97,5.74,17.35,4.77,18.89,2.85
22.75,86.77,3.85,38.23,22.6,9.24,0.67,10.7,27.24,3.06,8.49,1.26
21.33,83.23,2.81,34.56,20.43,9.78,0.58,9.37,29.44,2.29,5.91,0.97
24.66,100.53,3.66,37.93,22.97,9.22,0.71,7.02,28.63,3.13,6.12,1.51
21.06,80.51,6.67,40.33,26.81,8.81,0.63,11.09,21.69,3.77,6.55,1.69
17.05,73.22,6.08,36.31,24.23,6.69,0.54,11.08,26.09,2.96,6.96,1.39
21.16,88.8,4.94,42.96,26.79,3.22,0.68,11.05,27.65,4.38,7.65,1.69
26.67,86.29,3.78,37.36,22.46,15.05,0.74,11.76,41.97,3.14,11.89,1.87
25.96,91.75,5.65,40.22,25.78,13.32,0.71,10.1,38.27,3.1,10.26,1.57
33.17,108.22,5.58,42.45,27.06,13.7,0.73,13.65,34.85,3.99,10.24,2.32
25.4,83.38,2.76,34.09,19.92,13.13,0.54,10.4,43.27,2.88,12.03,1.33
34.36,90.9,1.22,23.38,13.12,14.45,0.56,10.92,35.12,2.99,3.15,1.6
13.45,58.54,2.3,21.6,13.09,12.27,0.41,8.19,29.38,1.28,5.64,0.92
24.38,74.09,3.42,26.06,16.53,11.99,0.52,12.72,30.14,0.74,2.21,0.38
22.91,65.73,3.45,29.53,18.33,10.71,0.48,8.42,30.96,0.01,0.01,0.0
16.64,49.97,4.05,29.26,18.8,10.03,0.52,9.84,28.3,0.0,0.0,0.0
