PM2.5,PM10,NO,NO2,NOx,NH3,CO,SO2,O3,Benzene,Toluene,Xylene
94.52,118.12710293078135,24.39,32.66,52.61,23.48347601937197,24.39,67.39,111.33,0.24,0.01,7.67
135.99,118.12710293078135,43.48,42.08,84.57,23.48347601937197,43.48,75.23,102.7,0.4,0.04,25.87
178.33,118.12710293078135,54.56,35.31,72.8,23.48347601937197,54.56,55.04,107.38,0.46,0.06,35.61
139.7,118.12710293078135,30.61,28.4,56.73,23.48347601937197,30.61,33.79,73.6,0.17,0.03,11.87
103.36,118.12710293078135,18.18,39.56,57.33,23.48347601937197,18.18,80.43,40.11,11.29,24.35,3.35
177.33,118.12710293078135,37.49,47.58,77.85,23.48347601937197,37.49,99.72,36.47,17.0,52.66,6.98
113.25,118.12710293078135,15.55,30.5,44.87,23.48347601937197,15.55,69.71,33.78,10.47,28.53,3.22
99.7,118.12710293078135,19.85,28.1,47.31,23.48347601937197,19.85,73.23,30.57,10.28,31.25,4.0
80.61,118.12710293078135,15.96,21.04,35.67,23.48347601937197,15.96,54.7,36.2,8.14,18.75,2.52
100.79,118.12710293078135,16.24,25.93,41.91,23.48347601937197,16.24,43.11,37.43,10.0,32.41,4.04
107.99,118.12710293078135,11.25,30.09,40.47,23.48347601937197,11.25,84.86,31.94,9.2,24.03,3.25
140.29,118.12710293078135,33.84,36.14,68.85,23.48347601937197,33.84,101.53,40.98,20.12,43.51,7.48
239.96,118.12710293078135,61.95,46.25,106.92,23.48347601937197,61.95,84.87,33.55,22.14,53.98,15.44
142.96,118.12710293078135,45.45,48.21,92.32,23.48347601937197,45.45,62.96,34.77,7.35,22.4,8.47
238.41,118.12710293078135,77.7,55.07,131.32,23.48347601937197,77.7,89.07,37.3,50.61,163.64,28.46
118.72,118.12710293078135,12.56,32.01,42.56,23.48347601937197,12.56,61.54,38.8,16.89,46.52,6.05
91.83,118.12710293078135,12.99,28.71,40.76,23.48347601937197,12.99,39.71,38.46,2.69,1.74,2.25
173.01,118.12710293078135,48.44,42.27,90.73,23.48347601937197,48.44,78.76,59.39,9.72,9.96,4.13
105.06,118.12710293078135,46.24,37.05,82.23,23.48347601937197,46.24,53.62,45.65,20.89,75.36,12.7
94.1,118.12710293078135,22.14,36.53,57.49,23.48347601937197,22.14,61.31,46.77,17.5,52.01,7.9
111.89,118.12710293078135,22.25,43.29,64.53,23.48347601937197,22.25,66.44,50.57,18.03,56.86,8.86
108.59,118.12710293078135,25.38,39.34,63.01,23.48347601937197,25.38,75.8,46.68,15.78,48.41,7.07
130.76,118.12710293078135,45.61,41.03,85.76,23.48347601937197,45.61,65.77,41.58,24.12,85.31,12.56
143.55,118.12710293078135,27.3,31.15,57.16,23.48347601937197,27.3,50.98,35.38,18.61,72.78,10.15
165.07,118.12710293078135,23.83,34.48,57.71,23.48347601937197,23.83,64.32,43.79,29.14,64.01,8.51
166.85,118.12710293078135,17.93,43.3,60.07,23.48347601937197,17.93,79.71,53.44,24.09,67.38,9.76
147.38,118.12710293078135,6.4,35.82,40.22,23.48347601937197,6.4,46.89,17.94,14.23,41.88,5.7
85.03,118.12710293078135,3.3,26.7,27.41,23.48347601937197,3.3,59.16,35.89,7.58,29.19,4.08
141.3,118.12710293078135,30.8,36.88,66.53,23.48347601937197,30.8,41.06,37.66,0.66,0.01,28.13
106.68,118.12710293078135,19.91,46.38,54.77,23.48347601937197,19.91,31.56,48.49,1.67,0.0,15.95
106.15,118.12710293078135,13.12,23.02,35.05,23.48347601937197,13.12,65.95,81.6,0.3,0.02,9.69
100.92,118.12710293078135,20.42,18.9,37.83,23.48347601937197,20.42,31.9,22.84,4.9,19.26,8.21
129.58,118.12710293078135,21.23,28.79,45.4,23.48347601937197,21.23,17.66,34.42,20.53,85.73,11.56
100.57,118.12710293078135,7.56,18.79,24.33,23.48347601937197,7.56,38.76,38.83,4.92,17.94,1.54
83.69,118.12710293078135,10.89,17.18,27.15,23.48347601937197,10.89,41.12,35.61,12.62,20.2,17.84
102.49,118.12710293078135,33.31,37.85,71.17,23.48347601937197,33.31,27.32,24.85,19.81,51.29,15.05
127.94,118.12710293078135,11.14,28.38,39.52,23.48347601937197,11.14,25.59,15.17,8.14,29.23,3.24
84.15,118.12710293078135,15.83,32.1,47.93,23.48347601937197,15.83,19.37,23.12,8.34,23.83,4.0
94.02,118.12710293078135,27.14,36.97,64.11,23.48347601937197,27.14,24.88,23.51,10.85,41.2,6.14
150.27,118.12710293078135,15.9,34.86,50.77,23.48347601937197,15.9,26.35,31.96,9.13,37.83,5.06
137.87,118.12710293078135,20.2,32.98,53.18,23.48347601937197,20.2,21.89,17.41,12.76,39.39,12.08
108.68,118.12710293078135,17.03,32.87,49.9,23.48347601937197,17.03,22.59,19.56,12.47,51.84,7.46
145.75,118.12710293078135,20.61,34.71,55.33,23.48347601937197,20.61,24.66,95.94,20.08,51.51,7.31
179.43,118.12710293078135,52.33,39.42,91.75,23.48347601937197,52.33,39.15,112.01,31.75,102.65,14.97
170.52,118.12710293078135,15.49,35.22,48.6,23.48347601937197,15.49,34.03,53.98,10.76,31.62,4.83
203.4,118.12710293078135,23.03,36.63,59.66,23.48347601937197,23.03,94.3,5.36,0.0,0.0,0.0
100.17,118.12710293078135,32.27,34.16,66.43,23.48347601937197,32.27,27.73,23.95,7.62,12.85,5.15
147.35,118.12710293078135,34.64,39.1,73.74,23.48347601937197,34.64,46.09,26.43,5.8,5.08,10.16
206.89,118.12710293078135,145.32,55.67,201.0,23.48347601937197,145.32,20.47,38.0,1.69,3.45,36.0
147.18,118.12710293078135,33.06,36.87,69.93,23.48347601937197,33.06,21.24,131.12,25.83,60.82,9.26
207.13,118.12710293078135,28.41,35.31,60.37,23.48347601937197,28.41,50.33,34.49143047551845,28.86,55.93,8.74
38.13,118.12710293078135,46.51,48.06,43.98,23.48347601937197,46.51,23.13,34.49143047551845,0.0,0.0,0.0
41.39,118.12710293078135,100.77,54.7,48.42,23.48347601937197,100.77,15.75,34.49143047551845,0.0,0.0,0.13
31.71,118.12710293078135,1.67,22.75,18.5,23.48347601937197,1.67,15.47,34.49143047551845,0.0,0.0,0.0
36.87,118.12710293078135,26.51,23.28,47.75,23.48347601937197,26.51,13.74,4.91,4.83,12.77,6.74
46.19,118.12710293078135,86.72,29.66,116.39,23.48347601937197,86.72,14.31,4.77,5.5,26.78,0.99
48.44,118.12710293078135,84.21,30.66,114.87,23.48347601937197,84.21,15.67,4.26,1.62,7.1,0.23
40.18,118.12710293078135,72.58,28.27,100.85,23.48347601937197,72.58,14.63,4.33,0.0,0.3,0.0
33.5,118.12710293078135,79.53,30.42,109.95,23.48347601937197,79.53,14.95,4.81,0.0,0.0,0.0
29.36,118.12710293078135,83.72,29.75,113.47,23.48347601937197,83.72,15.31,3.68,0.0,0.0,0.0
44.59,118.12710293078135,89.85,29.34,119.19,23.48347601937197,89.85,14.18,4.91,0.13,0.0,0.0
50.65,118.12710293078135,10.63,13.0,19.88,23.48347601937197,10.63,13.06,6.21,33.6,19.27,0.09
170.22,118.12710293078135,15.47,17.88,33.33,23.48347601937197,15.47,14.21,10.05,3.98,8.81,1.57
120.35,118.12710293078135,20.67,16.95,37.63,23.48347601937197,20.67,49.8,29.53,0.0,0.0,0.0
140.81,118.12710293078135,18.56,19.3,37.86,23.48347601937197,18.56,15.83,31.21,0.0,0.0,0.0
214.36,118.12710293078135,19.66,18.38,38.03,23.48347601937197,19.66,46.6,33.34,6.05,20.53,11.69
381.69,118.12710293078135,29.49,25.41,54.9,23.48347601937197,29.49,49.33,15.74,13.1,28.16,14.59
182.59,118.12710293078135,26.06,18.2,44.25,23.48347601937197,26.06,23.81,41.0,8.18,19.9,10.1
271.85,118.12710293078135,16.39,15.28,31.68,23.48347601937197,16.39,33.31,41.24,3.52,8.61,5.31
230.76,118.12710293078135,12.95,13.35,26.31,23.48347601937197,12.95,19.34,50.18,2.21,5.96,3.59
203.3,118.12710293078135,11.74,14.79,26.54,23.48347601937197,11.74,16.14,47.43,2.23,6.43,4.65
79.49,118.12710293078135,175.81,28.34,89.33,23.48347601937197,175.81,62.62,18.21,11.23,29.21,2.13
112.25,118.12710293078135,104.94,36.61,141.28,23.48347601937197,104.94,43.78,23.6,21.01,51.59,3.38
133.07,118.12710293078135,70.84,51.06,121.9,23.48347601937197,70.84,61.91,32.46,22.32,55.28,4.05
93.96,118.12710293078135,71.28,46.94,118.1,23.48347601937197,71.28,47.05,6.36,13.78,46.17,2.37
93.7,118.12710293078135,55.17,53.13,108.3,23.48347601937197,55.17,47.28,21.54,19.04,55.69,3.75
96.65,118.12710293078135,24.81,67.28,66.67,23.48347601937197,24.81,67.31,33.84,21.21,60.08,3.37
107.09,118.12710293078135,16.58,95.73,59.61,23.48347601937197,16.58,104.29,44.5,22.37,76.3,5.22
119.02,118.12710293078135,17.91,82.3,53.51,23.48347601937197,17.91,101.88,77.28,21.71,68.45,6.02
83.86,118.12710293078135,36.74,82.94,67.88,23.48347601937197,36.74,90.76,52.82,23.48,82.75,14.62
72.67,118.12710293078135,42.99,108.74,85.13,23.48347601937197,42.99,106.41,27.74,33.58,117.04,39.38
94.32,118.12710293078135,62.88,105.75,98.51,23.48347601937197,62.88,127.84,55.03,45.36,173.76,51.5
89.0,118.12710293078135,38.8,119.82,87.41,23.48347601937197,38.8,131.99,42.9,40.31,152.39,44.36
85.35,118.12710293078135,48.64,105.07,87.55,23.48347601937197,48.64,111.22,62.31,35.32,143.01,39.8
101.25,118.12710293078135,51.7,106.82,90.69,23.48347601937197,51.7,113.03,58.29,34.08,134.63,40.55
90.02,118.12710293078135,47.15,99.02,83.49,23.48347601937197,47.15,130.27,67.89,0.0,0.0,0.0
119.17,118.12710293078135,98.33,98.11,121.12,23.48347601937197,98.33,110.08,48.07,12.51,0.63,8.3
207.19,118.12710293078135,118.02,146.18,159.36,23.48347601937197,118.02,160.06,37.21,63.79,2.22,32.14
148.83,118.12710293078135,45.88,29.79,48.57,23.48347601937197,45.88,113.64,36.02,49.7,1.66,24.73
96.51,118.12710293078135,15.07,84.06,52.25,23.48347601937197,15.07,102.74,74.34,35.22,54.77,37.06
80.52,118.12710293078135,24.0,88.07,60.87,23.48347601937197,24.0,118.4,55.49,3.34,12.65,5.8
92.8,118.12710293078135,45.76,102.15,83.98,23.48347601937197,45.76,143.12,55.83,4.01,14.62,5.88
102.26,118.12710293078135,37.88,111.94,117.06,23.48347601937197,37.88,140.1,45.65,2.18,9.87,4.42
108.19,118.12710293078135,55.69,109.21,94.83,23.48347601937197,55.69,117.82,47.4,12.43,18.84,16.9
93.87,118.12710293078135,69.71,102.93,102.24,23.48347601937197,69.71,122.74,43.8,5.13,30.23,7.32
109.53,118.12710293078135,55.08,117.71,98.52,23.48347601937197,55.08,123.22,43.0,8.31,39.7,8.85
79.34,118.12710293078135,14.63,106.33,62.78,23.48347601937197,14.63,113.88,54.62,17.73,69.72,12.9
93.05,118.12710293078135,40.22,94.66,76.19,23.48347601937197,40.22,104.74,60.03,31.5,104.29,24.51
85.51,118.12710293078135,30.39,98.09,70.53,23.48347601937197,30.39,107.36,40.02,27.59,139.46,21.26
87.13,118.12710293078135,28.06,56.52,48.51,23.48347601937197,28.06,115.96,53.61,26.49,81.22,17.99
67.51,118.12710293078135,20.79,88.83,58.85,23.48347601937197,20.79,112.57,51.5,0.99,5.97,3.92
96.71,118.12710293078135,19.89,101.08,64.15,23.48347601937197,19.89,127.91,54.97,22.98,101.88,17.71
75.14,118.12710293078135,29.6,89.68,65.84,23.48347601937197,29.6,116.39,67.14,19.73,87.41,17.33
69.27,118.12710293078135,15.17,79.33,52.7,23.48347601937197,15.17,85.87,65.28,15.99,69.1,11.46
71.54,118.12710293078135,26.95,89.06,63.56,23.48347601937197,26.95,111.43,65.58,21.84,106.69,16.78
104.13,118.12710293078135,43.47,101.35,81.88,23.48347601937197,43.47,113.39,58.08,29.83,84.76,26.51
88.93,118.12710293078135,30.55,93.2,68.26,23.48347601937197,30.55,112.46,61.52,21.93,99.28,17.48
82.03,118.12710293078135,14.9,92.12,56.06,23.48347601937197,14.9,113.34,65.25,19.32,59.77,9.53
81.1,118.12710293078135,19.42,109.07,67.15,23.48347601937197,19.42,93.3,65.69,19.56,72.46,11.29
73.61,118.12710293078135,25.96,173.08,103.8,23.48347601937197,25.96,93.86,36.51,17.69,61.48,9.93
75.79,118.12710293078135,31.55,146.8,95.16,23.48347601937197,31.55,113.82,41.95,21.18,64.94,11.11
77.87,118.12710293078135,23.19,137.62,84.44,23.48347601937197,23.19,107.58,50.46,16.52,56.8,10.21
77.72,118.12710293078135,8.91,135.66,72.82,23.48347601937197,8.91,101.93,48.73,14.27,49.51,6.42
89.1,118.12710293078135,44.57,137.16,100.17,23.48347601937197,44.57,92.55,59.41,18.16,59.55,18.01
110.34,118.12710293078135,30.4,150.93,94.57,23.48347601937197,30.4,95.48,47.58,16.99,102.25,16.31
82.53,118.12710293078135,20.58,150.48,88.76,23.48347601937197,20.58,106.65,43.23,15.93,76.58,13.48
108.01,118.12710293078135,22.69,132.63,81.63,23.48347601937197,22.69,86.78,10.99,15.14,58.18,10.19
92.94,118.12710293078135,14.34,114.26,66.44,23.48347601937197,14.34,83.85,51.68,11.26,38.97,7.45
87.3,118.12710293078135,44.01,163.43,112.56,23.48347601937197,44.01,127.99,12.21,18.24,77.88,13.33
89.06,118.12710293078135,29.54,132.69,86.77,23.48347601937197,29.54,119.07,41.74,25.0,85.81,13.5
51.61,118.12710293078135,32.42,127.3,86.29,23.48347601937197,32.42,100.99,31.7,14.07,54.29,9.53
91.13,118.12710293078135,65.07,169.17,131.09,23.48347601937197,65.07,128.78,25.03,21.46,61.87,9.84
108.92,118.12710293078135,30.7,273.39,155.55,23.48347601937197,30.7,113.34,59.23,39.79,189.75,48.76
97.88,118.12710293078135,52.63,123.1,111.32,23.48347601937197,52.63,100.55,40.9,25.75,109.29,18.66
128.56,118.12710293078135,89.57,160.65,157.6,23.48347601937197,89.57,124.43,40.06,36.0,111.01,29.73
103.63,118.12710293078135,52.92,173.52,132.44,23.48347601937197,52.92,96.19,43.5,24.12,102.83,20.09
102.16,118.12710293078135,15.17,145.55,82.32,23.48347601937197,15.17,137.02,63.22,13.51,56.14,5.82
89.53,118.12710293078135,35.38,122.51,94.35,23.48347601937197,35.38,156.59,83.69,14.9,82.3,12.69
101.92,118.12710293078135,65.27,189.67,141.23,23.48347601937197,65.27,125.54,41.52,18.18,69.89,13.38
117.99,118.12710293078135,83.78,203.41,161.75,23.48347601937197,83.78,147.58,41.0,24.68,100.81,19.45
115.79,118.12710293078135,42.54,166.11,124.97,23.48347601937197,42.54,151.92,32.24,12.32,41.88,8.79
189.12,118.12710293078135,94.0,178.13,160.97,23.48347601937197,94.0,168.44,39.06,0.74,5.81,3.21
88.37,118.12710293078135,15.14,155.73,87.26,23.48347601937197,15.14,106.29,44.14,0.74,5.81,3.21
96.64,118.12710293078135,73.16,201.59,152.93,23.48347601937197,73.16,146.13,7.97,0.74,5.81,3.21
98.0,118.12710293078135,71.48,201.17,151.47,23.48347601937197,71.48,146.25,7.94,0.74,5.81,3.21
93.31,118.12710293078135,49.85,186.16,128.01,23.48347601937197,49.85,142.83,32.93,0.74,5.81,3.21
104.89,118.12710293078135,25.46,153.96,94.11,23.48347601937197,25.46,121.22,38.11,0.74,5.81,3.21
109.34,118.12710293078135,27.03,156.18,96.35,23.48347601937197,27.03,121.57,49.84,0.74,5.81,3.21
70.25,118.12710293078135,48.11,140.78,105.05,23.48347601937197,48.11,97.56,55.79,0.74,5.81,3.21
103.17,118.12710293078135,108.99,173.67,166.23,23.48347601937197,108.99,125.46,42.09,0.74,5.81,3.21
185.77,118.12710293078135,124.01,172.84,186.66,23.48347601937197,124.01,120.94,40.97,0.74,5.81,3.21
84.48,118.12710293078135,20.33,99.65,63.78,23.48347601937197,20.33,151.24,29.52,0.74,5.81,3.21
89.41,118.12710293078135,28.93,130.93,85.46,23.48347601937197,28.93,110.86,34.08,0.74,5.81,3.21
64.61,118.12710293078135,10.31,117.16,64.84,23.48347601937197,10.31,104.81,51.44,0.74,5.81,3.21
75.13,118.12710293078135,36.67,176.38,113.4,23.48347601937197,36.67,124.9,67.84,0.74,5.81,3.21
83.65,118.12710293078135,47.49,180.34,123.41,23.48347601937197,47.49,130.27,47.95,0.74,5.81,3.21
220.49,118.12710293078135,108.73,177.19,178.15,23.48347601937197,108.73,133.39,41.76,0.74,5.81,3.21
242.66,118.12710293078135,132.47,199.17,246.03,23.48347601937197,132.47,14.53197725590996,44.06,0.74,5.81,3.21
114.78,118.12710293078135,74.41,159.18,138.66,23.48347601937197,74.41,122.06,32.35,9.83,41.52,10.93
92.92,118.12710293078135,66.96,164.78,130.45,23.48347601937197,66.96,123.47,46.91,18.99,134.73,29.26
91.66,118.12710293078135,92.86,135.71,136.23,23.48347601937197,92.86,108.4,46.15,27.37,129.03,30.26
138.4,118.12710293078135,134.85,141.97,169.89,23.48347601937197,134.85,127.68,25.63,28.04,205.68,40.05
49.18,118.12710293078135,30.05,135.69,88.62,23.48347601937197,30.05,123.83,40.63,10.88,75.24,15.72
56.42,118.12710293078135,35.02,152.62,100.58,23.48347601937197,35.02,124.25,44.79,11.98,88.61,18.38
60.36,118.12710293078135,18.78,177.23,100.47,23.48347601937197,18.78,124.95,51.14,15.64,93.04,18.76
32.36,118.12710293078135,25.68,78.27,57.34,23.48347601937197,25.68,71.59,44.82,7.3,76.14,12.58
29.98,118.12710293078135,22.14,114.5,72.38,23.48347601937197,22.14,97.02,37.0,8.94,64.57,11.58
33.3,118.12710293078135,52.23,128.12,111.18,23.48347601937197,52.23,99.65,42.05,20.61,91.72,19.35
56.51,118.12710293078135,10.58,121.56,66.9,23.48347601937197,10.58,81.19,54.42,8.42,53.98,13.31
88.85,118.12710293078135,46.93,147.44,109.62,23.48347601937197,46.93,82.23,67.24,13.08,69.23,13.24
111.68,118.12710293078135,41.3,119.71,108.46,23.48347601937197,41.3,94.48,53.57,17.49,68.66,16.0
114.06,118.12710293078135,52.37,131.09,118.44,23.48347601937197,52.37,82.54,56.94,56.27,107.66,25.67
116.93,118.12710293078135,31.48,118.96,104.3,23.48347601937197,31.48,98.31,53.2,24.48,128.41,25.34
84.19,118.12710293078135,51.41,136.64,105.02,23.48347601937197,51.41,101.89,50.69,21.27,63.94,9.42
98.53,118.12710293078135,70.03,101.27,105.37,23.48347601937197,70.03,82.76,38.63,14.37,58.25,11.7
84.16,118.12710293078135,17.12,91.61,57.46,23.48347601937197,17.12,72.88,24.38,13.56,35.06,6.01
71.82,118.12710293078135,37.72,77.57,75.31,23.48347601937197,37.72,59.98,46.07,15.85,41.29,8.02
80.51,118.12710293078135,80.75,83.56,104.64,23.48347601937197,80.75,45.11,36.86,19.32,76.59,13.9
133.48,118.12710293078135,54.16,112.13,95.12,23.48347601937197,54.16,93.54,45.02,14.09,54.92,9.61
116.54,118.12710293078135,45.17,140.86,103.35,23.48347601937197,45.17,118.35,10.65,11.53,66.97,9.89
160.68,118.12710293078135,14.93,97.06,58.49,23.48347601937197,14.93,51.32,59.78,7.58,39.23,4.58
102.05,118.12710293078135,15.35,81.15,51.04,23.48347601937197,15.35,57.4,47.29,0.99,7.55,6.0
100.33,118.12710293078135,9.58,92.44,52.24,23.48347601937197,9.58,37.78,60.16,0.74,5.89,3.79
99.73,118.12710293078135,30.04,152.23,96.68,23.48347601937197,30.04,75.71,62.24,0.74,6.68,3.21
104.22,118.12710293078135,39.51,142.95,118.86,23.48347601937197,39.51,72.1,52.74,0.74,5.81,3.21
109.8,118.12710293078135,30.62,132.61,87.54,23.48347601937197,30.62,99.72,57.77,0.74,5.81,3.21
124.44,118.12710293078135,42.25,147.48,125.33,23.48347601937197,42.25,119.98,51.56,0.74,5.81,3.21
180.27,118.12710293078135,63.29,156.21,132.31,23.48347601937197,63.29,118.43,50.27,7.21,31.9,6.99
138.6,118.12710293078135,13.28,93.81,55.67,23.48347601937197,13.28,116.67,55.1,12.15,41.59,6.18
154.09,118.12710293078135,51.8,101.12,94.39,23.48347601937197,51.8,111.55,48.08,17.66,60.63,10.61
121.0,118.12710293078135,14.95,93.59,56.81,23.48347601937197,14.95,119.43,50.94,9.17,34.15,4.39
80.56,118.12710293078135,44.37,126.32,95.06,23.48347601937197,44.37,118.21,52.22,10.26,49.38,7.55
103.75,118.12710293078135,22.81,98.54,65.46,23.48347601937197,22.81,117.34,50.17,11.45,56.31,8.65
75.68,118.12710293078135,10.93,70.57,42.58,23.48347601937197,10.93,106.94,68.45,8.15,32.62,4.76
104.23,118.12710293078135,40.3,69.08,63.98,23.48347601937197,40.3,19.21,42.57,15.3,42.19,8.47
91.04,118.12710293078135,5.88,64.6,35.89,23.48347601937197,5.88,74.09,29.65,7.72,23.75,3.88
160.43,118.12710293078135,19.45,65.53,46.48,23.48347601937197,19.45,49.95,55.47,11.37,31.65,4.75
94.55,118.12710293078135,20.11,58.27,43.43,23.48347601937197,20.11,51.53,57.33,3.6,24.02,3.49
124.59,118.12710293078135,30.88,67.31,55.88,23.48347601937197,30.88,82.97,27.52,9.43,37.02,3.85
86.29,118.12710293078135,16.35,60.84,41.88,23.48347601937197,16.35,82.34,31.03,6.17,25.77,3.63
104.21,118.12710293078135,22.52,72.51,52.07,23.48347601937197,22.52,65.42,39.14,10.93,36.5,7.05
88.5,118.12710293078135,26.61,60.36,49.28,23.48347601937197,26.61,3.3,32.95,10.73,32.52,5.64
84.47,118.12710293078135,23.17,61.41,47.25,23.48347601937197,23.17,3.3,45.89,7.15,33.77,4.58
73.54,118.12710293078135,29.4,62.95,52.65,23.48347601937197,29.4,3.3,34.49143047551845,9.83,39.22,5.94
53.89,118.12710293078135,31.91,58.22,52.21,23.48347601937197,31.91,18.91,60.58,2.32,14.65,3.73
60.08,118.12710293078135,48.77,47.34,60.53,23.48347601937197,48.77,22.65,51.62,6.72,30.49,6.85
53.13,118.12710293078135,12.2,44.61,30.87,23.48347601937197,12.2,94.03,36.42,4.19,20.03,4.64
78.18,118.12710293078135,20.3,71.56,50.06,23.48347601937197,20.3,51.41,10.44,6.65,35.04,5.1
56.35,118.12710293078135,25.34,86.03,60.88,23.48347601937197,25.34,15.96,77.4,7.94,40.35,8.15
59.66,118.12710293078135,47.44,77.68,77.3,23.48347601937197,47.44,26.01,63.51,11.44,63.31,9.05
114.6,118.12710293078135,42.76,36.29,49.36,23.48347601937197,42.76,22.99,56.47,9.97,51.66,10.88
74.48,118.12710293078135,9.84,51.25,32.34,23.48347601937197,9.84,48.6,37.97,5.49,26.4,3.76
81.11,118.12710293078135,25.37,48.95,42.76,23.48347601937197,25.37,40.55,26.21,8.55,37.83,5.85
100.39,118.12710293078135,10.39,42.83,28.5,23.48347601937197,10.39,42.89,30.16,5.91,23.33,3.34
65.54,118.12710293078135,13.95,36.07,27.95,23.48347601937197,13.95,87.14,34.49143047551845,11.0,31.53,0.65
45.84,118.12710293078135,26.72,29.72,34.15,23.48347601937197,26.72,61.44,35.85,13.84,45.8,4.61
76.36,118.12710293078135,8.33,33.82,22.72,23.48347601937197,8.33,96.8,51.0,7.07,30.0,0.65
60.05,118.12710293078135,22.86,40.83,36.98,23.48347601937197,22.86,95.07,33.52,16.03,50.15,4.78
56.93,118.12710293078135,10.46,30.45,22.62,23.48347601937197,10.46,102.66,37.12,6.98,33.54,0.87
69.0,118.12710293078135,25.24,7.32,21.03,23.48347601937197,25.24,131.7,34.49143047551845,4.74,30.99,0.65
78.25,118.12710293078135,24.41,35.12,35.35,23.48347601937197,24.41,44.25,14.76,4.86,44.1,1.03
77.84,118.12710293078135,35.49,31.88,42.03,23.48347601937197,35.49,44.19,21.0,7.51,65.42,1.39
69.99,118.12710293078135,39.53,43.61,50.77,23.48347601937197,39.53,30.82,21.49,7.39,57.46,0.72
78.7,118.12710293078135,43.78,42.9,53.6,23.48347601937197,43.78,31.43,20.06,8.43,59.55,1.17
59.96,118.12710293078135,43.3,36.48,50.1,23.48347601937197,43.3,34.88,17.65,8.2,63.22,0.84
48.27,118.12710293078135,38.0,36.24,46.04,23.48347601937197,38.0,34.93,18.73,6.47,60.4,1.3
44.81,118.12710293078135,41.38,35.46,48.18,23.48347601937197,41.38,37.6,34.49143047551845,5.08,62.54,0.94
55.21,118.12710293078135,39.11,35.74,46.62,23.48347601937197,39.11,39.57,34.49143047551845,4.61,64.19,0.96
40.89,118.12710293078135,29.34,44.16,43.44,23.48347601937197,29.34,31.95,34.49143047551845,4.36,62.59,0.8
41.59,118.12710293078135,35.38,49.96,50.77,23.48347601937197,35.38,43.99,34.49143047551845,4.88,66.45,1.15
39.02,118.12710293078135,33.35,49.53,49.05,23.48347601937197,33.35,40.84,34.49143047551845,4.85,66.65,1.88
33.5,118.12710293078135,38.95,49.55,53.24,23.48347601937197,38.95,41.5,34.49143047551845,4.28,67.57,1.39
39.42,118.12710293078135,35.54,51.25,51.52,23.48347601937197,35.54,47.27,34.49143047551845,4.0,65.57,1.1
46.84,118.12710293078135,65.72,54.72,73.09,23.48347601937197,65.72,36.48,23.07,9.31,78.82,13.73
51.63,118.12710293078135,44.96,43.38,54.71,23.48347601937197,44.96,27.32,34.49143047551845,7.05,64.39,2.56
38.12,118.12710293078135,40.63,45.66,52.59,23.48347601937197,40.63,26.76,34.49143047551845,6.64,58.54,0.65
27.79,118.12710293078135,37.69,41.59,48.41,23.48347601937197,37.69,39.2,13.74,6.64,55.54,1.1
36.27,118.12710293078135,25.63,45.79,41.46,23.48347601937197,25.63,54.98,10.53,7.39,39.1,5.67
76.41,118.12710293078135,26.44,53.18,45.67,23.48347601937197,26.44,43.42,2.05,6.07,43.73,1.54
41.37,118.12710293078135,25.53,38.1,37.64,23.48347601937197,25.53,18.91,1.08,4.73,42.94,0.65
302.08,118.12710293078135,27.2,28.1,34.0,23.48347601937197,27.2,46.94,0.88,5.26,43.43,0.65
37.15,118.12710293078135,34.33,58.02,53.92,23.48347601937197,34.33,34.41,1.04,7.62,47.28,5.26
59.76,118.12710293078135,29.58,57.8,50.27,23.48347601937197,29.58,17.67,2.02,6.57,44.61,0.8
72.06,118.12710293078135,24.72,59.1,47.28,23.48347601937197,24.72,32.64,1.26,6.55,29.36,0.75
127.23,118.12710293078135,29.02,37.32,39.86,23.48347601937197,29.02,26.37,0.38,9.88,43.19,1.07
127.37,118.12710293078135,25.58,40.59,38.89,23.48347601937197,25.58,34.39,2.77,9.63,41.09,2.52
36.42,118.12710293078135,30.52,49.52,46.93,23.48347601937197,30.52,37.17,3.29,5.56,58.37,0.65
40.97,118.12710293078135,29.94,113.8,77.86,23.48347601937197,29.94,22.82,3.69,7.93,52.09,0.94
33.38,118.12710293078135,20.68,62.15,45.75,23.48347601937197,20.68,21.06,4.35,4.45,21.03,0.65
29.56,118.12710293078135,30.82,74.11,59.15,23.48347601937197,30.82,19.34,3.34,8.73,35.82,6.65
21.89,118.12710293078135,27.75,63.9,51.88,23.48347601937197,27.75,16.32,3.02,5.8,30.43,0.65
44.87,118.12710293078135,31.41,68.29,56.75,23.48347601937197,31.41,17.39,3.24,10.48,40.62,0.65
33.16,118.12710293078135,31.02,54.23,49.6,23.48347601937197,31.02,17.09,4.47,11.79,37.99,1.16
45.25,118.12710293078135,35.01,61.65,56.2,23.48347601937197,35.01,23.87,2.96,13.66,45.89,0.9
48.95,118.12710293078135,25.57,63.01,49.82,23.48347601937197,25.57,19.19,2.96,9.86,57.34,1.03
42.89,118.12710293078135,34.86,51.28,51.03,23.48347601937197,34.86,19.96,34.49143047551845,8.55,56.71,0.79
48.36,118.12710293078135,43.24,57.71,60.42,23.48347601937197,43.24,21.19,34.49143047551845,9.96,55.29,0.79
51.7,118.12710293078135,39.25,54.05,55.65,23.48347601937197,39.25,20.02,34.49143047551845,10.25,37.19,0.72
43.18,118.12710293078135,29.79,51.27,47.24,23.48347601937197,29.79,18.21,34.49143047551845,6.41,27.58,0.65
35.8,118.12710293078135,29.72,48.89,46.03,23.48347601937197,29.72,19.94,34.49143047551845,5.77,26.88,0.65
37.76,118.12710293078135,23.91,45.39,39.98,23.48347601937197,23.91,19.83,34.49143047551845,4.59,25.32,0.65
38.1,118.12710293078135,27.77,47.92,44.1,23.48347601937197,27.77,25.27,34.49143047551845,4.78,26.7,0.65
39.43,118.12710293078135,29.96,47.83,45.69,23.48347601937197,29.96,24.1,34.49143047551845,4.98,28.67,0.65
51.78,118.12710293078135,28.69,45.29,43.51,23.48347601937197,28.69,61.88,34.49143047551845,5.42,25.96,0.65
63.4,118.12710293078135,26.58,48.24,43.36,23.48347601937197,26.58,109.6,34.49143047551845,5.72,24.87,0.65
58.21,118.12710293078135,25.51,49.85,43.35,23.48347601937197,25.51,106.17,34.49143047551845,5.99,28.19,0.65
47.83,118.12710293078135,25.73,49.36,43.28,23.48347601937197,25.73,113.31,3.22,6.3,23.79,0.65
53.64,118.12710293078135,22.52,52.64,42.05,23.48347601937197,22.52,96.72,2.86,4.54,22.09,0.65
56.75,118.12710293078135,28.82,59.07,49.74,23.48347601937197,28.82,126.12,4.84,5.84,29.82,0.65
41.21,118.12710293078135,25.18,38.73,37.68,23.48347601937197,25.18,83.84,9.92,4.42,26.35,0.65
37.33,118.12710293078135,29.18,47.75,45.07,23.48347601937197,29.18,58.25,6.63,5.0,35.8,0.65
28.74,118.12710293078135,25.17,45.61,41.03,23.48347601937197,25.17,41.84,20.2,5.46,24.83,0.65
34.05,118.12710293078135,27.58,46.79,43.41,23.48347601937197,27.58,29.66,22.77,5.79,24.71,0.65
28.94,118.12710293078135,21.18,53.02,41.66,23.48347601937197,21.18,26.92,16.38,5.76,20.92,0.65
25.06,118.12710293078135,25.26,54.71,45.54,23.48347601937197,25.26,21.64,10.33,4.72,21.53,0.65
32.05,118.12710293078135,29.19,48.62,45.5,23.48347601937197,29.19,42.09,10.76,5.34,21.8,0.65
44.02,118.12710293078135,30.74,54.33,49.44,23.48347601937197,30.74,48.99,7.14,4.95,21.77,0.65
48.73,118.12710293078135,27.87,47.11,43.78,23.48347601937197,27.87,31.19,11.25,5.89,22.14,0.65
31.01,118.12710293078135,26.43,63.76,50.83,23.48347601937197,26.43,128.43,18.69,6.33,27.76,3.17
33.95,118.12710293078135,30.33,67.31,55.47,23.48347601937197,30.33,152.48,14.95,8.26,51.62,16.89
33.7,118.12710293078135,24.01,59.07,46.74,23.48347601937197,24.01,156.24,23.59,7.07,31.28,0.65
48.21,118.12710293078135,29.28,66.43,54.26,23.48347601937197,29.28,151.44,13.38,5.93,25.08,0.65
40.66,118.12710293078135,30.95,61.16,52.93,23.48347601937197,30.95,120.48,14.02,5.55,27.97,0.65
38.65,118.12710293078135,30.68,60.26,52.29,23.48347601937197,30.68,146.84,16.31,5.28,28.84,1.07
49.47,118.12710293078135,34.28,63.28,56.19,23.48347601937197,34.28,88.36,13.94,4.75,23.45,0.65
33.2,118.12710293078135,36.15,56.35,54.46,23.48347601937197,36.15,96.68,8.76,4.88,22.06,0.65
34.52,118.12710293078135,31.19,51.26,48.28,23.48347601937197,31.19,66.48,34.49143047551845,4.46,19.16,0.65
44.57,118.12710293078135,33.12,57.85,52.94,23.48347601937197,33.12,34.74,34.49143047551845,4.75,23.18,1.02
58.92,118.12710293078135,26.74,67.8,53.03,23.48347601937197,26.74,56.88,34.49143047551845,4.68,28.77,0.79
51.03,118.12710293078135,26.37,63.05,50.44,23.48347601937197,26.37,49.27,34.49143047551845,6.52,26.46,0.65
45.77,118.12710293078135,33.34,54.56,51.5,23.48347601937197,33.34,25.47,34.49143047551845,5.48,25.45,0.83
38.22,118.12710293078135,41.0,60.3,60.01,23.48347601937197,41.0,59.94,34.49143047551845,6.74,29.19,0.65
34.44,118.12710293078135,35.18,58.49,54.79,23.48347601937197,35.18,85.34,34.49143047551845,4.8,25.59,0.65
28.8,118.12710293078135,28.47,49.07,45.18,23.48347601937197,28.47,101.38,34.49143047551845,4.38,23.87,0.65
22.14,118.12710293078135,28.37,68.25,54.47,23.48347601937197,28.37,49.31,22.93,3.94,16.02,0.65
19.66,118.12710293078135,24.39,65.16,49.98,23.48347601937197,24.39,56.92,26.6,3.94,16.02,0.65
22.3,118.12710293078135,34.43,74.87,62.22,23.48347601937197,34.43,60.72,34.49143047551845,3.94,16.02,0.65
22.33,118.12710293078135,40.34,74.32,66.36,23.48347601937197,40.34,111.98,34.49143047551845,3.94,16.02,0.65
18.54,118.12710293078135,43.81,58.57,61.27,23.48347601937197,43.81,102.83,34.49143047551845,3.94,16.02,0.65
17.91,118.12710293078135,32.15,57.3,51.94,23.48347601937197,32.15,74.72,34.49143047551845,3.94,16.02,0.65
16.28,118.12710293078135,26.67,57.19,47.8,23.48347601937197,26.67,50.26,34.49143047551845,3.94,16.02,0.65
21.06,118.12710293078135,29.17,53.85,48.04,23.48347601937197,29.17,65.55,34.49143047551845,3.94,16.02,0.65
20.82,118.12710293078135,31.54,53.22,49.5,23.48347601937197,31.54,60.88,34.49143047551845,3.94,16.02,0.65
18.18,118.12710293078135,33.85,62.81,55.9,23.48347601937197,33.85,71.39,34.49143047551845,3.94,16.02,0.65
21.41,118.12710293078135,32.1,75.42,60.74,23.48347601937197,32.1,73.4,34.49143047551845,3.94,16.02,0.65
24.51,118.12710293078135,34.65,82.95,66.32,23.48347601937197,34.65,63.4,34.49143047551845,3.94,16.02,0.65
28.15,118.12710293078135,29.08,88.14,64.7,23.48347601937197,29.08,70.24,34.49143047551845,3.94,16.02,0.65
23.65,118.12710293078135,22.79,74.6,53.4,23.48347601937197,22.79,65.46,34.49143047551845,3.94,16.02,0.65
25.32,118.12710293078135,38.95,85.39,70.72,23.48347601937197,38.95,43.6,34.49143047551845,3.94,16.02,0.65
25.87,118.12710293078135,23.11,100.26,66.16,23.48347601937197,23.11,30.28,34.49143047551845,3.94,16.02,0.65
22.62,118.12710293078135,23.36,121.4,76.65,23.48347601937197,23.36,42.11,34.49143047551845,3.94,16.02,0.65
21.12,118.12710293078135,22.46,66.12,49.02,23.48347601937197,22.46,27.9,34.49143047551845,3.94,16.02,0.65
18.87,118.12710293078135,27.35,85.35,62.04,23.48347601937197,27.35,38.27,34.49143047551845,3.94,16.02,0.65
22.11,118.12710293078135,24.68,100.39,67.38,23.48347601937197,24.68,78.83,34.49143047551845,3.94,16.02,0.65
24.07,118.12710293078135,20.32,133.0,80.04,23.48347601937197,20.32,45.29,75.33,3.94,16.02,0.65
25.9,118.12710293078135,40.29,165.62,110.86,23.48347601937197,40.29,56.95,37.07,3.94,16.02,0.65
29.8,118.12710293078135,42.91,169.17,114.54,23.48347601937197,42.91,64.17,53.0,3.94,16.02,0.65
29.37,118.12710293078135,42.88,163.3,111.66,23.48347601937197,42.88,60.33,44.38,3.94,16.02,0.65
33.95,118.12710293078135,59.21,191.14,136.93,23.48347601937197,59.21,74.04,45.36,3.94,16.02,0.65
31.13,118.12710293078135,26.73,177.13,106.35,23.48347601937197,26.73,53.57,67.63,4.26,14.93,1.28
58.28,118.12710293078135,15.84,127.95,74.24,23.48347601937197,15.84,128.38,66.85,4.41,12.36,3.3
79.37,118.12710293078135,30.71,62.42,50.34,23.48347601937197,30.71,80.71,69.32,3.77,17.32,5.84
78.64,118.12710293078135,32.81,68.8,58.04,23.48347601937197,32.81,75.18,57.87,3.87,21.26,7.16
122.92,118.12710293078135,34.89,94.67,72.22,23.48347601937197,34.89,119.78,40.0,3.87,21.26,7.16
160.05,118.12710293078135,34.65,115.92,82.4,23.48347601937197,34.65,90.5,48.77,3.87,21.26,7.16
113.9,118.12710293078135,46.02,68.38,63.36,23.48347601937197,46.02,100.12,65.26,3.87,21.26,7.16
126.66,118.12710293078135,33.97,112.69,45.73,23.48347601937197,33.97,76.09,55.06,3.87,21.26,7.16
116.02,118.12710293078135,44.47,98.22,48.04,23.48347601937197,44.47,64.62,39.74,3.87,21.26,7.16
96.65,118.12710293078135,25.15,110.33,40.26,23.48347601937197,25.15,53.75,59.62,3.87,21.26,7.16
110.05,118.12710293078135,19.73,114.23,38.17,23.48347601937197,19.73,101.29,51.12,3.87,21.26,7.16
109.84,118.12710293078135,23.16,104.87,37.85,23.48347601937197,23.16,72.69,60.82,3.87,21.26,7.16
140.06,118.12710293078135,28.2,146.82,50.64,23.48347601937197,28.2,98.85,57.6,3.87,21.26,7.16
109.11,118.12710293078135,29.19,118.85,44.54,23.48347601937197,29.19,94.22,60.25,3.87,21.26,7.16
107.26,118.12710293078135,26.76,94.48,37.38,23.48347601937197,26.76,90.9,48.62,3.87,21.26,7.16
105.87,118.12710293078135,18.18,90.33,31.62,23.48347601937197,18.18,97.98,46.82,3.87,21.26,7.16
101.86,118.12710293078135,27.99,105.96,40.8,23.48347601937197,27.99,89.37,54.3,3.87,21.26,7.16
96.15,118.12710293078135,94.41,80.49,71.73,23.48347601937197,94.41,76.61,42.8,3.87,21.26,7.16
88.58,118.12710293078135,112.71,85.92,85.03,23.48347601937197,112.71,90.9,57.78,3.87,21.26,7.16
129.98,118.12710293078135,81.12,97.96,69.53,23.48347601937197,81.12,70.06,34.49143047551845,3.87,21.26,7.16
103.71,118.12710293078135,34.72,111.67,45.91,23.48347601937197,34.72,54.23,119.43,3.87,21.26,7.16
121.11,118.12710293078135,51.7,137.41,61.49,23.48347601937197,51.7,78.64,58.07,3.87,21.26,7.16
82.49,118.12710293078135,30.47,80.4,36.1,23.48347601937197,30.47,61.13,48.85,3.87,21.26,7.16
94.08,118.12710293078135,34.06,50.69,30.89,23.48347601937197,34.06,68.42,47.74,3.87,21.26,7.16
82.88,118.12710293078135,18.59,73.74,27.9,23.48347601937197,18.59,56.89,47.67,7.12,27.68,33.44
88.69,118.12710293078135,26.91,70.9,31.3,23.48347601937197,26.91,68.94,53.16,38.06,34.91,109.23
82.52,118.12710293078135,24.13,69.94,30.08,23.48347601937197,24.13,44.95,64.07,10.47,23.09,3.27
72.11,118.12710293078135,48.7,85.77,47.36,23.48347601937197,48.7,42.51,54.52,8.43,46.89,7.26
78.48,118.12710293078135,49.94,110.63,54.14,23.48347601937197,49.94,67.06,46.93,16.41,36.27,6.95
103.22,118.12710293078135,68.97,102.84,62.88,23.48347601937197,68.97,57.8,52.79,32.77,39.01,15.09
70.39,118.12710293078135,44.04,55.52,37.71,23.48347601937197,44.04,69.83,59.5,77.43,72.18,53.35
107.9,118.12710293078135,43.47,109.59,50.08,23.48347601937197,43.47,49.76,55.01,34.93,68.8,26.9
117.08,118.12710293078135,37.42,106.21,46.11,23.48347601937197,37.42,77.6,55.05,16.14,53.75,11.36
162.18,118.12710293078135,59.53,94.35,59.82,23.48347601937197,59.53,42.01,67.0,16.62,52.51,11.42
205.21,118.12710293078135,93.31,100.87,77.22,23.48347601937197,93.31,75.95,61.17,20.41,55.29,13.92
165.37,118.12710293078135,70.6,95.3,61.99,23.48347601937197,70.6,52.45,39.6,17.88,48.01,11.32
110.7,118.12710293078135,38.01,107.13,76.89,23.48347601937197,38.01,57.58,34.49143047551845,19.05,52.97,12.11
143.72,118.12710293078135,65.62,102.87,75.79,23.48347601937197,65.62,51.92,34.49143047551845,18.27,54.64,15.01
91.56,118.12710293078135,79.42,118.89,73.26,23.48347601937197,79.42,60.97,34.49143047551845,21.11,56.47,13.11
133.13,118.12710293078135,77.55,155.59,80.21,23.48347601937197,77.55,101.13,34.49143047551845,26.28,59.96,15.48
143.52,118.12710293078135,41.62,138.89,56.23,23.48347601937197,41.62,91.74,89.17,3.97,32.2,6.81
83.28,118.12710293078135,33.47,97.9,41.93,23.48347601937197,33.47,48.93,36.84,3.97,32.2,6.81
75.58,118.12710293078135,44.07,68.01,40.73,23.48347601937197,44.07,47.43,68.17,3.97,32.2,6.81
93.73,118.12710293078135,68.52,84.54,96.09,23.48347601937197,68.52,62.65,50.29,3.97,32.2,6.81
127.46,118.12710293078135,108.81,77.65,129.43,23.48347601937197,108.81,63.63,48.32,3.97,32.2,6.81
98.6,118.12710293078135,90.33,86.74,70.77,23.48347601937197,90.33,85.76,52.53,3.97,32.2,6.81
84.71,118.12710293078135,88.34,83.28,83.77,23.48347601937197,88.34,70.31,40.06,3.97,32.2,6.81
86.52,118.12710293078135,115.87,66.59,81.77,23.48347601937197,115.87,44.24,36.0,3.97,32.2,6.81
90.1,118.12710293078135,57.16,87.75,52.58,23.48347601937197,57.16,60.45,41.82,3.97,32.2,6.81
68.52,118.12710293078135,39.47,72.83,39.22,23.48347601937197,39.47,60.58,50.1,3.97,32.2,6.81
86.43,118.12710293078135,34.52,82.76,38.92,23.48347601937197,34.52,62.48,47.34,3.97,32.2,6.81
70.51,118.12710293078135,25.76,98.98,37.9,23.48347601937197,25.76,67.36,47.72,3.97,32.2,6.81
78.48,118.12710293078135,16.91,84.74,29.58,23.48347601937197,16.91,61.98,56.39,3.97,32.2,6.81
63.75,118.12710293078135,11.7,77.73,25.01,23.48347601937197,11.7,64.78,59.28,3.97,32.2,6.81
92.74,118.12710293078135,28.91,80.7,35.3,23.48347601937197,28.91,44.35,46.56,4.03,32.27,6.9
96.58,118.12710293078135,42.1,80.15,42.52,23.48347601937197,42.1,52.73,42.37,4.04,32.3,6.9
91.37,118.12710293078135,28.26,91.43,37.49,23.48347601937197,28.26,51.83,38.19,4.04,32.27,6.89
88.02,118.12710293078135,25.92,83.26,34.25,23.48347601937197,25.92,37.48,42.7,4.07,32.29,6.88
96.82,118.12710293078135,31.36,78.81,36.22,23.48347601937197,31.36,31.51,42.71,4.06,32.31,6.93
96.89,118.12710293078135,28.4,92.83,37.91,23.48347601937197,28.4,33.05,41.44,4.09,32.31,6.94
109.2,118.12710293078135,37.47,104.9,45.83,23.48347601937197,37.47,76.7,43.34,4.08,32.3,6.93
94.95,118.12710293078135,30.29,96.97,39.95,23.48347601937197,30.29,65.02,43.5,4.05,32.34,6.95
75.42,118.12710293078135,11.02,75.02,23.99,23.48347601937197,11.02,49.3,54.91,4.07,32.31,6.93
73.07,118.12710293078135,32.21,86.61,38.54,23.48347601937197,32.21,45.82,51.18,4.08,32.35,6.96
98.25,118.12710293078135,57.51,110.07,58.22,23.48347601937197,57.51,59.11,39.64,4.07,32.35,6.94
118.16,118.12710293078135,60.28,102.68,58.0,23.48347601937197,60.28,104.49,32.76,4.11,32.32,6.95
95.4,118.12710293078135,41.8,78.91,42.06,23.48347601937197,41.8,51.61,39.05,4.09,32.36,6.95
125.16,118.12710293078135,46.84,96.16,48.74,23.48347601937197,46.84,63.66,55.2,4.11,32.33,6.96
106.45,118.12710293078135,56.46,78.1,50.03,23.48347601937197,56.46,83.62,55.5,4.08,32.39,7.0
92.45,118.12710293078135,46.89,85.56,46.28,23.48347601937197,46.89,60.42,34.49143047551845,4.1,32.39,7.0
111.75,118.12710293078135,89.19,90.59,88.27,23.48347601937197,89.19,80.9,62.55,4.09,32.36,6.99
106.19,118.12710293078135,45.76,89.03,47.49,23.48347601937197,45.76,55.16,53.79,4.1,32.37,6.96
94.8,118.12710293078135,23.18,79.56,31.84,23.48347601937197,23.18,56.2,63.95,4.08,32.3,6.94
80.14,118.12710293078135,86.91,71.98,65.41,23.48347601937197,86.91,64.7,47.86,4.09,32.31,6.99
89.14,118.12710293078135,63.43,81.71,55.88,23.48347601937197,63.43,70.0,44.86,4.07,32.37,6.93
80.54,118.12710293078135,71.11,77.0,61.31,23.48347601937197,71.11,64.49,60.07,4.05,32.33,6.93
110.71,118.12710293078135,63.03,111.56,100.04,23.48347601937197,63.03,80.15,57.12,4.08,32.33,6.93
147.57,118.12710293078135,59.56,107.46,129.87,23.48347601937197,59.56,47.7,48.23,4.1,32.34,6.99
131.5,118.12710293078135,119.68,75.82,88.04,23.48347601937197,119.68,55.29,43.25,4.09,32.42,7.0
102.12,118.12710293078135,57.92,95.29,54.93,23.48347601937197,57.92,69.02,51.71,4.09,32.38,6.98
115.0,118.12710293078135,63.86,111.04,61.99,23.48347601937197,63.86,86.65,59.25,4.12,32.43,6.97
84.84,118.12710293078135,40.16,72.85,39.55,23.48347601937197,40.16,52.52,59.42,4.12,32.35,7.02
84.03,118.12710293078135,26.24,90.66,36.19,23.48347601937197,26.24,63.72,72.75,4.13,32.39,7.07
82.79,118.12710293078135,32.14,79.69,36.86,23.48347601937197,32.14,59.98,60.48,4.14,32.36,7.02
76.38,118.12710293078135,42.44,82.76,43.33,23.48347601937197,42.44,70.61,59.68,4.12,32.37,7.02
66.01,118.12710293078135,53.08,73.79,46.37,23.48347601937197,53.08,61.71,73.43,4.11,32.35,6.96
116.42,118.12710293078135,63.2,82.77,54.86,23.48347601937197,63.2,64.52,59.07,4.16,32.4,6.95
75.49,118.12710293078135,9.04,61.8,19.74,23.48347601937197,9.04,34.03,80.26,4.16,32.44,7.03
124.45,118.12710293078135,96.21,97.63,81.12,23.48347601937197,96.21,56.28,53.72,4.11,32.36,6.97
95.15,118.12710293078135,48.24,95.6,49.59,23.48347601937197,48.24,79.66,52.85,4.12,32.33,6.96
73.58,118.12710293078135,32.68,80.71,37.41,23.48347601937197,32.68,56.74,36.97,4.1,32.3,6.96
86.32,118.12710293078135,49.43,104.79,54.37,23.48347601937197,49.43,79.76,35.32,4.1,32.33,6.95
149.26,118.12710293078135,78.38,85.92,65.56,23.48347601937197,78.38,98.89,27.07,4.1,32.4,6.95
70.06,118.12710293078135,26.17,55.69,27.82,23.48347601937197,26.17,62.14,23.56,4.09,32.34,7.02
86.59,118.12710293078135,40.08,82.87,42.04,23.48347601937197,40.08,83.72,32.62,4.11,32.35,6.95
74.12,118.12710293078135,18.26,81.45,29.55,23.48347601937197,18.26,94.78,39.51,4.12,32.33,6.92
52.79,118.12710293078135,18.13,59.21,24.19,23.48347601937197,18.13,37.29,34.49143047551845,4.07,32.34,6.93
63.68,118.12710293078135,22.56,67.41,28.61,23.48347601937197,22.56,37.73,53.12,4.06,32.32,6.93
73.37,118.12710293078135,16.1,77.92,27.51,23.48347601937197,16.1,38.59,39.08,4.05,32.28,6.92
55.24,118.12710293078135,34.37,83.79,39.08,23.48347601937197,34.37,78.4,40.04,4.01,32.3,6.94
83.1,118.12710293078135,37.91,110.77,47.47,23.48347601937197,37.91,94.79,44.33,4.06,32.31,6.93
76.87,118.12710293078135,17.85,77.35,28.34,23.48347601937197,17.85,87.94,36.28,4.05,32.3,6.93
103.13,118.12710293078135,46.91,80.34,45.24,23.48347601937197,46.91,56.3,52.37,4.08,32.31,7.02
117.59,118.12710293078135,61.13,116.34,61.73,23.48347601937197,61.13,76.89,42.29,4.12,32.36,7.06
41.76,118.12710293078135,20.48,77.13,29.76,23.48347601937197,20.48,55.24,44.7,4.06,32.31,6.91
59.98,118.12710293078135,50.93,76.66,46.6,23.48347601937197,50.93,53.21,53.67,4.09,32.32,6.9
82.79,118.12710293078135,45.8,86.15,47.96,23.48347601937197,45.8,93.37,52.04,4.11,32.28,6.99
62.6,118.12710293078135,19.59,65.12,26.31,23.48347601937197,19.59,38.05,57.79,4.1,32.36,6.95
72.53,118.12710293078135,20.61,102.5,35.87,23.48347601937197,20.61,45.85,46.37,4.12,32.31,6.98
54.18,118.12710293078135,35.1,83.9,39.51,23.48347601937197,35.1,51.23,51.56,4.09,32.34,7.03
81.84,118.12710293078135,28.68,104.86,40.93,23.48347601937197,28.68,87.99,43.05,4.1,32.4,7.02
46.48,118.12710293078135,17.55,60.72,24.22,23.48347601937197,17.55,42.93,39.32,4.22,32.37,6.99
62.32,118.12710293078135,64.13,83.57,55.67,23.48347601937197,64.13,38.91,32.1,4.16,32.41,7.0
37.26,118.12710293078135,8.83,37.95,13.95,23.48347601937197,8.83,23.36,29.13,4.1,32.37,7.03
37.96,118.12710293078135,16.2,48.69,20.61,23.48347601937197,16.2,19.56,15.47,4.11,32.4,7.03
64.5,118.12710293078135,56.57,77.32,49.9,23.48347601937197,56.57,52.95,39.14,4.14,32.38,7.02
50.97,118.12710293078135,42.41,49.52,35.15,23.48347601937197,42.41,38.67,43.21,4.1,32.38,7.02
64.44,118.12710293078135,13.19,45.6,18.2,23.48347601937197,13.19,33.91,33.88,4.15,32.37,7.08
45.37,118.12710293078135,23.56,72.21,30.3,23.48347601937197,23.56,45.56,49.33,4.17,32.33,6.98
55.7,118.12710293078135,34.47,72.07,36.24,23.48347601937197,34.47,51.26,52.99,4.12,32.38,7.03
54.11,118.12710293078135,48.38,54.45,38.8,23.48347601937197,48.38,45.55,41.35,4.15,32.45,7.1
52.68,118.12710293078135,29.23,47.19,26.52,23.48347601937197,29.23,15.13,57.32,4.16,32.43,7.08
57.06,118.12710293078135,34.49,100.8,43.19,23.48347601937197,34.49,60.72,48.13,4.11,32.35,7.05
84.14,118.12710293078135,15.24,107.41,34.05,23.48347601937197,15.24,79.47,50.53,4.07,32.43,7.04
62.44,118.12710293078135,26.15,84.42,34.65,23.48347601937197,26.15,48.85,58.49,4.1,32.38,6.98
66.97,118.12710293078135,17.21,91.72,31.41,23.48347601937197,17.21,62.66,59.98,4.11,32.39,7.03
88.33,118.12710293078135,80.16,95.95,73.2,23.48347601937197,80.16,39.24,45.03,4.08,32.36,7.01
78.11,118.12710293078135,13.65,60.29,21.95,23.48347601937197,13.65,40.62,29.9,4.13,32.29,6.97
73.98,118.12710293078135,43.21,64.62,40.71,23.48347601937197,43.21,28.52,48.02,4.1,32.34,6.99
75.84,118.12710293078135,41.7,95.28,46.74,23.48347601937197,41.7,54.31,50.85,4.14,32.29,7.02
92.21,118.12710293078135,26.17,69.96,60.01,23.48347601937197,26.17,39.96,43.76,4.13,32.37,7.03
64.71,118.12710293078135,20.95,81.65,31.09,23.48347601937197,20.95,65.11,38.94,4.09,32.4,6.99
67.44,118.12710293078135,15.64,86.7,29.34,23.48347601937197,15.64,61.6,47.12,4.13,32.33,6.98
69.51,118.12710293078135,54.2,85.74,53.69,23.48347601937197,54.2,69.03,63.51,4.13,32.34,7.03
112.44,118.12710293078135,61.37,88.16,69.9,23.48347601937197,61.37,88.25,41.77,4.19,32.47,7.03
133.21,118.12710293078135,50.0,62.67,47.93,23.48347601937197,50.0,45.16,24.82,4.2,32.49,7.06
89.74,118.12710293078135,33.94,68.97,35.31,23.48347601937197,33.94,9.65,17.76,4.14,32.47,7.07
74.35,118.12710293078135,11.84,58.93,24.38,23.48347601937197,11.84,10.22,28.63,4.16,32.38,7.0
122.78,118.12710293078135,36.74,99.37,75.89,23.48347601937197,36.74,15.97,25.6,4.21,32.53,7.11
109.21,118.12710293078135,47.6,90.25,79.91,23.48347601937197,47.6,13.25,26.93,4.22,32.5,7.17
94.41,118.12710293078135,20.27,84.32,56.25,23.48347601937197,20.27,9.95,21.82,4.2,32.43,7.17
97.92,118.12710293078135,23.05,75.36,53.96,23.48347601937197,23.05,11.42,17.98,4.21,32.54,7.06
97.68,118.12710293078135,21.56,72.48,51.45,23.48347601937197,21.56,12.63,20.2,4.18,32.42,7.08
99.9,118.12710293078135,24.47,56.89,46.01,23.48347601937197,24.47,15.72,15.01,4.21,32.43,7.08
78.55,118.12710293078135,26.28,69.17,53.36,23.48347601937197,26.28,11.52,18.04,4.18,32.45,7.09
73.58,118.12710293078135,19.53,63.23,45.42,23.48347601937197,19.53,11.56,26.46,4.22,32.51,7.09
64.02,118.12710293078135,51.44,40.04,56.47,23.48347601937197,51.44,6.21,13.73,4.16,32.52,7.14
81.22,118.12710293078135,65.1,44.75,67.79,23.48347601937197,65.1,7.27,15.7,4.23,32.46,7.16
75.74,118.12710293078135,21.38,67.43,48.85,23.48347601937197,21.38,8.99,17.56,4.2,32.5,7.11
67.2,118.12710293078135,11.75,57.38,36.76,23.48347601937197,11.75,7.75,46.45,4.23,32.52,7.18
225.49,118.12710293078135,29.7,62.65,51.85,23.48347601937197,29.7,30.33,36.29,4.18,32.5,7.11
182.46,118.12710293078135,15.24,59.22,40.26,23.48347601937197,15.24,49.94,48.98,4.23,32.5,7.17
81.71,118.12710293078135,23.23,128.87,79.56,23.48347601937197,23.23,91.79,77.88,4.2,32.51,7.08
66.39,118.12710293078135,60.25,77.36,83.16,23.48347601937197,60.25,50.53,63.95,4.16,32.47,7.06
92.59,118.12710293078135,35.37,92.43,71.48,23.48347601937197,35.37,72.51,63.21,4.18,32.45,7.07
84.47,118.12710293078135,27.88,85.23,63.88,23.48347601937197,27.88,70.3,59.98,4.21,32.42,7.08
76.98,118.12710293078135,9.49,43.57,28.34,23.48347601937197,9.49,51.35,40.16,4.31,32.51,7.17
91.99,118.12710293078135,75.71,46.84,82.03,23.48347601937197,75.71,42.2,51.25,4.14,32.49,7.13
110.7,118.12710293078135,11.92,49.22,32.91,23.48347601937197,11.92,49.14,57.93,4.15,32.46,7.1
113.47,118.12710293078135,23.43,70.08,51.67,23.48347601937197,23.43,83.88,49.54,4.15,32.44,7.07
101.68,118.12710293078135,24.04,76.61,55.31,23.48347601937197,24.04,106.65,64.47,4.14,32.48,7.02
81.79,118.12710293078135,19.4,58.23,42.89,23.48347601937197,19.4,136.27,3.02,4.15,32.45,7.11
72.54,118.12710293078135,23.99,74.87,54.42,23.48347601937197,23.99,98.42,3.11,4.19,32.45,7.06
33.69,111.73,34.56,68.9,69.77,23.48347601937197,34.56,80.9,36.95,15.53,84.17,13.19
42.31,118.65,17.47,81.84,59.84,23.48347601937197,17.47,89.57,46.68,15.98,83.87,13.6
51.63,156.97,17.96,89.18,63.98,23.48347601937197,17.96,134.22,49.62,15.72,83.2,13.93
63.15,177.87,28.03,100.08,80.78,23.48347601937197,28.03,122.43,50.32,17.05,84.59,13.16
57.47,163.36,21.39,112.68,79.36,23.48347601937197,21.39,143.3,52.19,16.47,84.11,13.58
50.27,156.63,21.02,103.05,74.24,23.48347601937197,21.02,118.55,49.86,16.92,85.28,14.2
48.74,153.69,19.89,91.02,67.08,23.48347601937197,19.89,138.12,52.86,17.04,83.72,13.55
48.1,142.06,23.83,70.71,61.67,23.48347601937197,23.83,142.52,40.22,15.5,84.08,12.18
41.38,119.91,21.8,70.35,59.18,23.48347601937197,21.8,134.76,41.5,15.9,83.78,14.01
46.46,134.2,22.33,74.31,61.71,23.48347601937197,22.33,137.83,47.63,14.5,81.45,10.98
39.68,117.51,20.89,77.12,61.44,23.48347601937197,20.89,139.31,71.62,12.58,79.02,7.46
38.27,113.84,18.87,61.74,51.63,23.48347601937197,18.87,112.15,82.73,115.14,371.65,3.0701278234985114
28.02,104.64,25.92,115.78,86.11,23.48347601937197,25.92,42.55,21.04,6.3,80.04,1.48
42.08,125.62,30.2,155.72,113.35,23.48347601937197,30.2,33.25,41.97,6.3,80.04,1.48
57.49,115.42,21.05,277.31,162.63,23.48347601937197,21.05,37.43,101.47,6.3,80.04,1.48
49.23,97.91,19.38,174.15,107.05,23.48347601937197,19.38,20.97,90.33,6.3,80.04,1.48
70.03,136.54,24.95,213.58,136.58,23.48347601937197,24.95,28.94,52.14,6.3,80.04,1.48
60.03,109.4,25.55,176.24,117.3,23.48347601937197,25.55,35.87,52.95,6.3,80.04,1.48
49.43,102.77,29.88,164.64,114.39,23.48347601937197,29.88,44.06,31.31,6.3,80.04,1.48
59.63,112.5,41.59,184.07,141.36,23.48347601937197,41.59,38.49,21.31,6.3,80.04,1.48
53.13,117.3,29.06,107.86,84.37,23.48347601937197,29.06,30.43,43.43,6.23,79.21,1.46
43.22,104.74,28.45,168.15,117.79,23.48347601937197,28.45,40.42,69.91,6.23,79.21,1.46
44.75,114.84,24.72,119.51,88.78,23.48347601937197,24.72,48.21,58.82,6.3,80.04,1.48
44.27,96.61,24.13,118.73,95.73,23.48347601937197,24.13,47.13,49.16,6.3,80.04,1.48
47.77,102.68,39.11,144.03,114.85,23.48347601937197,39.11,44.8,21.77,6.3,80.04,1.48
47.88,116.88,37.12,106.12,94.1,23.48347601937197,37.12,35.22,23.22,6.3,80.04,1.48
47.71,100.89,34.67,171.04,122.97,23.48347601937197,34.67,40.63,21.04,6.3,80.04,1.48
34.72,80.67,26.15,148.91,102.6,23.48347601937197,26.15,32.86,50.85,6.3,80.04,1.48
37.99,113.3,35.85,113.12,96.06,23.48347601937197,35.85,32.57,27.37,6.3,80.04,1.48
41.69,120.12,36.14,137.36,108.22,23.48347601937197,36.14,30.42,27.49,6.3,80.04,1.48
45.31,128.97,40.51,157.22,122.89,23.48347601937197,40.51,31.64,33.43,6.3,80.04,1.48
43.48,116.84,37.34,103.67,93.15,23.48347601937197,37.34,91.4,30.35,6.3,80.04,1.48
41.97,109.2,30.92,107.17,87.53,23.48347601937197,30.92,96.35,34.38,6.3,80.04,1.48
38.49,101.6,36.22,117.03,98.39,23.48347601937197,36.22,103.19,33.11,6.3,80.04,1.48
41.7,109.85,24.82,102.72,78.41,23.48347601937197,24.82,102.03,49.25,6.3,80.04,1.48
42.43,116.7,32.1,114.44,92.42,23.48347601937197,32.1,142.27,38.2,6.3,80.04,1.48
38.99,114.94,31.97,103.79,87.09,23.48347601937197,31.97,156.48,32.57,6.3,80.04,1.48
34.92,114.11,30.5,110.39,88.63,23.48347601937197,30.5,116.97,37.07,6.3,80.04,1.48
32.7,105.78,26.0,103.72,80.25,23.48347601937197,26.0,132.41,45.92,6.3,80.04,1.48
44.65,120.74,25.34,135.12,94.8,23.48347601937197,25.34,104.15,58.38,6.3,80.04,1.48
51.63,130.55,27.48,156.06,107.47,23.48347601937197,27.48,109.13,52.03,6.3,80.04,1.48
73.98,202.3,17.81,168.45,107.32,23.48347601937197,17.81,35.04,70.3,6.3,80.04,1.48
52.55,172.36,27.02,99.11,79.15,23.48347601937197,27.02,46.88,57.81,6.3,80.04,1.48
48.26,165.97,35.25,157.23,116.89,23.48347601937197,35.25,50.5,29.11,6.3,80.04,1.48
46.8,98.91,34.26,32.44,54.89,23.48347601937197,34.26,57.06,42.64,6.3,80.04,1.48
39.43,98.23,26.55,43.0,50.78,23.48347601937197,26.55,94.84,52.09,6.23,79.17,1.46
47.55,100.1,32.36,30.99,49.24,23.48347601937197,32.36,83.52,47.92,6.17,78.37,1.45
43.84,148.04,33.11,42.69,58.58,23.48347601937197,33.11,70.53,64.25,6.3,80.04,1.48
41.45,118.12710293078135,31.74,30.62,50.01,23.48347601937197,31.74,63.85,43.27,5.77,71.74,1.7
47.31,110.65,59.19,23.06,66.37,23.48347601937197,59.19,50.69,24.93,2.88,24.5,3.39
56.72,139.31,45.45,45.13,68.12,23.48347601937197,45.45,52.12,28.08,2.88,24.5,3.39
45.43,118.95,36.56,30.0,55.58,23.48347601937197,36.56,41.96,30.53,2.51,28.31,1.94
37.7,106.26,25.9,37.43,47.63,23.48347601937197,25.9,39.98,40.88,2.14,32.05,0.52
43.43,153.39,29.34,33.44,49.72,23.48347601937197,29.34,44.51,43.28,2.14,32.05,0.52
50.53,181.39,38.94,57.64,70.29,23.48347601937197,38.94,39.45,41.18,2.14,32.05,0.52
60.09,199.34,40.91,30.12,60.02,23.48347601937197,40.91,40.22,26.52,2.14,32.05,0.52
57.61,195.84,35.46,47.73,62.52,23.48347601937197,35.46,39.76,37.96,2.12,31.72,0.51
44.1,99.59,26.54,72.53,65.64,23.48347601937197,26.54,42.51,45.15,2.14,32.05,0.52
22.26,50.03,28.38,41.31,52.51,23.48347601937197,28.38,45.34,37.92,2.14,32.05,0.52
37.97,95.65,33.04,39.57,56.91,23.48347601937197,33.04,39.94,34.34,2.14,32.05,0.52
46.3,160.82,40.24,47.9,65.63,23.48347601937197,40.24,41.94,33.06,2.1,31.38,0.51
41.77,175.24,28.77,49.65,57.0,23.48347601937197,28.77,37.04,47.71,2.14,32.05,0.52
47.52,184.48,33.11,36.01,55.0,23.48347601937197,33.11,40.95,41.86,2.14,32.05,0.52
50.55,117.04,31.12,52.84,61.24,23.48347601937197,31.12,39.98,31.08,2.14,32.05,0.52
27.6,75.1,33.81,48.35,60.52,23.48347601937197,33.81,42.4,34.06,2.14,32.05,0.52
41.4,143.82,30.09,41.39,53.51,23.48347601937197,30.09,40.05,42.78,2.14,32.05,0.52
44.46,134.58,36.78,73.54,77.37,23.48347601937197,36.78,37.46,45.93,2.14,32.05,0.52
39.88,184.17,34.38,60.79,67.29,23.48347601937197,34.38,26.36,55.36,2.1,31.43,0.51
46.58,138.91,26.7,53.62,56.13,23.48347601937197,26.7,45.91,61.08,2.14,32.05,0.52
36.44,151.31,24.36,60.1,54.16,23.48347601937197,24.36,40.9,69.33,2.03,30.38,0.49
45.37,176.7,24.41,64.69,59.39,23.48347601937197,24.41,43.82,68.52,2.14,32.05,0.52
47.67,182.75,25.81,53.56,53.89,23.48347601937197,25.81,51.27,57.64,2.14,32.05,0.52
45.77,164.31,36.07,56.76,68.79,23.48347601937197,36.07,55.67,29.03,2.14,32.05,0.52
58.51,142.29,46.11,36.67,70.31,23.48347601937197,46.11,44.52,24.36,2.14,32.05,0.52
36.1,88.66,27.22,46.87,53.9,23.48347601937197,27.22,40.52,51.74,2.14,32.05,0.52
38.5,93.7,37.89,47.69,66.19,23.48347601937197,37.89,63.22,28.61,2.14,32.05,0.52
40.53,118.21,36.0,43.33,61.43,23.48347601937197,36.0,49.29,32.49,2.14,32.05,0.52
37.05,111.11,30.71,48.51,58.68,23.48347601937197,30.71,46.13,37.33,2.14,32.05,0.52
31.28,87.45,24.16,47.49,50.72,23.48347601937197,24.16,47.71,47.56,2.14,32.05,0.52
25.64,69.07,25.23,52.47,54.36,23.48347601937197,25.23,48.58,44.0,2.14,32.05,0.52
40.18,82.81,29.4,49.59,57.71,23.48347601937197,29.4,50.91,42.54,2.14,32.05,0.52
39.16,86.22,16.72,62.06,49.34,23.48347601937197,16.72,48.32,77.97,2.14,32.05,0.52
45.55,69.01,20.81,82.99,64.08,23.48347601937197,20.81,50.79,73.91,2.14,32.05,0.52
55.43,80.39,22.28,81.63,67.29,23.48347601937197,22.28,50.6,84.1,2.14,32.05,0.52
35.05,77.28,25.02,54.26,54.98,23.48347601937197,25.02,48.29,53.43,2.14,32.05,0.52
33.15,59.41,18.87,48.34,45.05,23.48347601937197,18.87,44.03,57.52,2.14,32.05,0.52
45.2,69.26,23.33,72.02,63.4,23.48347601937197,23.33,50.39,39.15,2.14,32.05,0.52
59.96,118.12710293078135,40.14,69.61,82.74,23.48347601937197,40.14,64.63,13.0,2.14,32.05,0.52
66.21,171.53,37.54,44.57,56.46,23.48347601937197,37.54,68.54,20.67,2.14,32.05,0.52
38.0,107.96,23.87,53.2,52.89,23.48347601937197,23.87,63.42,26.28,2.14,32.05,0.52
44.41,102.31,36.34,236.79,156.68,23.48347601937197,36.34,59.59,32.92,2.14,32.05,0.52
50.66,126.48,25.45,94.87,76.75,23.48347601937197,25.45,33.42,34.64,2.14,32.05,0.52
73.61,133.78,31.7,129.85,99.5,23.48347601937197,31.7,78.7,31.11,2.93,35.37,2.65
58.49,89.47,18.72,124.86,82.26,23.48347601937197,18.72,102.52,60.11,1.31,23.57,2.28
61.46,103.64,23.56,112.12,81.56,23.48347601937197,23.56,81.76,60.38,1.15,23.41,2.04
39.34,59.29,18.91,96.73,68.75,23.48347601937197,18.91,90.49,48.71,1.15,23.37,2.04
28.2,40.35,18.36,80.73,60.32,23.48347601937197,18.36,82.95,40.22,1.15,23.37,2.04
30.18,48.65,24.72,99.02,76.5,23.48347601937197,24.72,82.66,34.33,1.15,23.37,2.04
20.71,44.65,14.94,79.1,55.63,23.48347601937197,14.94,107.18,33.31,1.15,23.37,2.04
51.11,106.2,21.47,118.26,82.17,23.48347601937197,21.47,129.38,41.28,1.15,23.37,2.04
57.08,126.9,18.9,98.77,69.73,23.48347601937197,18.9,99.59,43.21,14.63,27.09,4.1
49.88,127.47,25.05,101.3,77.98,23.48347601937197,25.05,120.8,48.48,40.9,27.42,6.04
57.65,138.99,49.58,168.74,138.85,23.48347601937197,49.58,153.44,41.05,1.15,23.37,2.04
68.62,117.69,55.22,132.77,102.54,23.48347601937197,55.22,158.04,68.56,1.15,23.37,2.04
99.81,155.39,36.34,162.56,119.48,23.48347601937197,36.34,146.33,68.81,1.15,23.37,2.04
73.52,153.75,45.99,171.17,132.92,23.48347601937197,45.99,154.99,70.66,1.15,23.37,2.04
108.07,195.19,82.73,204.06,176.45,23.48347601937197,82.73,130.56,67.73,1.15,23.37,2.04
117.13,188.14,59.24,199.03,144.33,23.48347601937197,59.24,134.87,62.92,1.15,23.37,2.04
70.26,153.84,34.88,211.8,143.1,23.48347601937197,34.88,139.0,67.9,1.15,23.37,2.04
109.48,212.8,68.52,245.62,197.94,23.48347601937197,68.52,178.58,54.14,1.15,23.37,2.04
194.36,335.86,119.3,207.05,223.66,23.48347601937197,119.3,14.53197725590996,27.16,1.15,23.37,2.04
96.74,208.83,57.78,229.45,160.83,23.48347601937197,57.78,156.5,59.05,1.15,23.37,2.04
90.7,188.75,51.18,219.01,162.35,23.48347601937197,51.18,135.76,77.07,1.15,23.37,2.04
100.06,175.79,39.85,239.1,160.51,23.48347601937197,39.85,134.84,59.32,1.15,23.37,2.04
109.01,174.56,40.53,217.53,148.54,23.48347601937197,40.53,14.53197725590996,73.44,1.15,23.37,2.04
54.57,135.53,22.31,115.84,81.95,23.48347601937197,22.31,129.06,51.69,1.15,23.37,2.04
69.31,112.61,28.8,175.04,118.22,23.48347601937197,28.8,136.74,62.53,2.14,27.52,1.91
112.08,171.65,28.47,192.27,126.26,23.48347601937197,28.47,120.4,79.31,2.14,27.52,1.91
100.47,217.53,47.92,292.02,197.09,23.48347601937197,47.92,14.53197725590996,34.64,2.14,27.52,1.91
88.0,145.34,18.8,226.03,131.69,23.48347601937197,18.8,14.53197725590996,32.59,2.14,27.52,1.91
49.19,116.2,20.01,202.95,121.82,23.48347601937197,20.01,155.16,27.68,2.14,27.52,1.91
43.56,94.58,10.3,121.43,70.98,23.48347601937197,10.3,145.89,16.36,2.14,27.52,1.91
70.05,133.55,28.74,145.72,103.85,23.48347601937197,28.74,156.97,16.41,2.14,27.52,1.91
58.66,78.4,29.52,136.69,100.34,23.48347601937197,29.52,135.46,16.08,2.14,27.52,1.91
62.15,94.91,42.34,147.33,120.16,23.48347601937197,42.34,143.33,15.8,2.14,27.52,1.91
52.04,85.17,39.43,112.69,99.94,23.48347601937197,39.43,158.25,15.84,2.14,27.52,1.91
46.54,93.8,34.48,97.74,87.15,23.48347601937197,34.48,172.68,16.99,2.14,27.52,1.91
55.43,91.22,17.98,109.17,73.76,23.48347601937197,17.98,157.33,15.43,2.14,27.52,1.91
58.97,104.2,19.45,106.63,74.19,23.48347601937197,19.45,132.97,14.99,2.14,27.52,1.91
60.38,98.67,17.72,98.24,68.13,23.48347601937197,17.72,137.97,16.21,2.14,27.52,1.91
64.06,101.44,16.8,92.88,64.46,23.48347601937197,16.8,139.64,30.45,1.83,31.73,1.78
53.91,108.89,11.11,98.4,60.11,23.48347601937197,11.11,142.7,46.08,4.92,38.32,2.02
86.88,143.98,26.73,35.11,36.8,23.48347601937197,26.73,58.5,35.3,3.280840304500585,8.700972080037227,3.0701278234985114
72.3,118.19,26.27,24.48,29.66,23.48347601937197,26.27,54.58,32.36,3.280840304500585,8.700972080037227,3.0701278234985114
62.39,116.84,14.39,14.9,16.14,23.48347601937197,14.39,60.87,24.18,3.280840304500585,8.700972080037227,3.0701278234985114
104.25,163.95,29.17,23.33,32.46,23.48347601937197,29.17,35.42,15.46,3.280840304500585,8.700972080037227,3.0701278234985114
69.1,115.57,34.49,45.08,45.8,23.48347601937197,34.49,68.73,23.67,66.38,271.92,65.59
59.51,106.43,24.98,25.39,30.87,23.48347601937197,24.98,71.69,23.57,1.82,38.68,2.0
51.15,123.03,33.0,25.32,36.81,23.48347601937197,33.0,84.52,23.61,1.15,31.37,1.04
51.32,121.82,20.18,23.56,26.48,23.48347601937197,20.18,50.3,23.6,1.15,31.37,1.04
38.71,88.47,10.39,16.11,15.61,23.48347601937197,10.39,34.63,23.56,1.15,31.37,1.04
41.74,92.88,36.07,26.88,38.15,23.48347601937197,36.07,100.04,30.37,1.02,30.57,1.08
57.28,109.84,36.16,50.06,51.39,23.48347601937197,36.16,83.08,34.61,1.39,30.64,1.05
88.79,125.19,15.2,54.23,37.8,23.48347601937197,15.2,56.67,45.39,1.82,31.52,1.04
80.59,127.97,29.48,59.9,51.22,23.48347601937197,29.48,48.18,41.9,1.15,38.57,0.52
77.56,137.39,30.93,59.03,51.88,23.48347601937197,30.93,59.11,36.15,1.15,38.57,0.52
95.25,160.18,14.56,54.77,37.58,23.48347601937197,14.56,55.99,68.81,1.15,38.57,0.52
83.67,164.2,27.61,56.27,48.05,23.48347601937197,27.61,52.9,44.73,1.15,38.57,0.52
88.83,182.12,57.7,45.43,63.19,23.48347601937197,57.7,40.9,51.73,1.15,38.57,0.52
50.55,116.51,18.72,57.55,42.05,23.48347601937197,18.72,54.6,31.28,1.15,38.57,0.52
73.04,136.02,24.78,67.15,51.25,23.48347601937197,24.78,57.08,53.88,1.08,37.29,0.56
62.48,147.78,43.22,50.12,52.43,23.48347601937197,43.22,57.29,63.76,0.99,34.54,0.59
85.33,163.52,59.34,54.08,67.01,23.48347601937197,59.34,64.71,75.45,1.42,32.61,0.56
114.79,217.94,42.62,80.38,70.43,23.48347601937197,42.62,118.91,43.63,1.76,32.61,0.56
65.74,164.24,22.33,70.75,51.18,23.48347601937197,22.33,72.14,50.08,0.99,32.61,0.56
60.61,133.31,10.49,52.78,33.57,23.48347601937197,10.49,52.84,38.67,0.99,32.61,0.56
73.18,193.22,31.41,94.67,69.62,23.48347601937197,31.41,62.73,46.23,1.79,32.61,0.56
137.81,242.98,70.45,124.33,113.23,23.48347601937197,70.45,103.5,37.79,0.99,32.61,0.56
94.27,177.11,92.96,92.35,114.42,23.48347601937197,92.96,68.76,52.7,2.63,39.93,0.86
79.68,169.52,57.77,91.2,87.59,23.48347601937197,57.77,64.67,50.27,2.85,46.56,1.13
53.86,136.6,17.8,75.13,49.93,23.48347601937197,17.8,64.67,52.74,2.85,46.56,1.13
53.06,123.32,22.34,59.64,45.76,23.48347601937197,22.34,70.8,41.7,2.85,46.56,1.13
56.2,149.92,23.13,62.85,47.92,23.48347601937197,23.13,81.42,34.18,3.02,46.56,1.13
77.58,155.65,21.26,60.32,45.29,23.48347601937197,21.26,119.95,39.83,2.85,46.56,1.13
58.54,124.58,15.45,44.39,33.18,23.48347601937197,15.45,42.86,81.35,2.85,46.56,1.13
101.09,162.86,15.07,43.66,31.13,23.48347601937197,15.07,42.07,44.44,2.85,46.56,1.13
595.88,219.63,12.27,15.87,32.30912333307031,29.09,0.0,4.57,15.85,3.280840304500585,8.700972080037227,3.0701278234985114
157.6,94.34,12.68,16.01,32.30912333307031,29.27,0.0,10.25,16.36,3.280840304500585,8.700972080037227,3.0701278234985114
248.12,445.44,29.93,40.11,70.05,60.89,1.08,9.66,12.32,3.47,7.62,28.33
194.84,917.08,22.27,17.41,39.68,6.45,2.2485982090856145,6.88,28.53,0.7,2.57,4.57
262.84,802.87,18.83,14.54,33.37,6.7,2.2485982090856145,5.26,31.27,0.57,2.54,4.49
145.95,401.62,17.86,13.25,31.1,7.53,2.2485982090856145,8.52,29.86,0.49,2.44,4.6
26.72,486.99,20.32,12.54,29.09,12.08,0.58,10.48,36.15,1.3,1.1,8.72
266.29,118.12710293078135,39.96,50.12,20.48,11.51,1.27,25.45,27.64,3.280840304500585,8.35,3.0701278234985114
88.65,118.12710293078135,22.83,38.75,20.64,10.97,2.21,11.76,27.68,3.280840304500585,8.700972080037227,3.0701278234985114
22.2,118.12710293078135,11.67,34.72,25.65,23.48347601937197,11.03,1.4,7.23,1.51,6.78,3.0701278234985114
16.18,118.12710293078135,9.32,36.8,24.9,23.48347601937197,6.02,1.31,7.9,1.84,6.04,3.0701278234985114
12.79,118.12710293078135,6.26,26.79,17.74,23.48347601937197,8.05,1.36,15.27,1.21,4.3,3.0701278234985114
226.74,118.12710293078135,26.58,26.9,27.96,101.96,0.96,25.11,45.95,0.03,0.03,3.0701278234985114
313.22,607.98,69.16,36.39,110.59,33.85,15.2,9.25,41.68,14.36,24.86,9.84
186.18,269.55,62.09,32.87,88.14,31.83,9.54,6.65,29.97,10.55,20.09,4.29
125.53,308.82,32.69,64.73,87.58,34.39,8.84,18.02,65.08,4.88,17.48,4.88
145.99,366.85,75.13,107.85,150.76,35.82,6.65,26.0,50.27,7.43,35.57,3.0701278234985114
117.76,343.12,19.74,63.18,73.07,35.52,9.64,24.63,75.6,3.99,12.65,3.0701278234985114
106.61,275.6,37.21,64.94,87.55,41.74,8.48,12.9,76.1,1.94,5.71,3.0701278234985114
136.05,393.7,45.61,76.88,83.43,46.56,1.38,8.84,58.0,2.75,6.91,3.0701278234985114
151.57,355.56,71.68,65.07,105.02,41.76,2.19,11.35,42.22,8.42,25.57,3.79
198.1,336.47,91.29,74.62,155.1,36.75,2.17,16.73,101.74,9.5,38.8,1.96
277.53,379.38,60.39,60.17,94.74,51.64,2.41,28.58,84.99,5.45,13.75,3.5
232.4,361.0,67.14,68.4,115.98,42.75,2.05,31.66,136.67,8.28,20.6,23.3
244.78,385.66,51.06,82.74,112.71,45.66,2.09,29.19,99.91,6.91,17.35,2.55
293.49,401.49,105.88,87.47,137.62,56.81,2.54,31.58,114.43,7.99,28.6,1.75
353.86,496.61,42.74,86.59,117.97,67.43,2.76,19.96,107.69,7.34,16.38,1.46
217.55,356.92,32.59,75.98,98.5,49.64,2.84,31.77,103.4,4.83,9.61,1.35
249.95,452.96,88.06,84.89,150.79,69.34,2.64,33.72,115.45,8.75,21.95,2.86
219.68,408.52,24.64,55.72,71.78,48.34,1.5,25.96,89.58,3.82,8.83,0.0
258.48,398.16,30.46,54.69,81.68,47.57,1.84,28.58,75.26,3.64,6.94,0.0
291.66,469.38,27.58,61.66,84.27,50.58,1.75,21.15,101.14,4.46,10.11,0.0
221.68,377.4,19.84,60.05,69.37,48.04,1.72,21.27,90.08,3.98,10.55,0.0
271.42,470.08,139.98,101.44,164.44,64.78,3.28,26.81,124.74,9.41,35.26,3.45
293.73,467.32,102.06,97.76,144.12,63.08,2.96,23.06,114.3,9.99,30.62,2.42
247.27,450.96,101.94,92.32,146.25,63.4,2.73,20.77,116.29,7.9,23.75,2.05
266.95,419.98,123.99,105.29,164.08,74.83,3.49,24.92,132.26,9.04,29.47,3.81
241.61,424.09,115.23,88.74,165.41,67.9,2.6,19.65,113.35,9.14,27.7,4.27
282.76,419.33,116.54,78.48,159.5,73.94,2.51,24.51,131.34,6.23,20.23,0.0
282.01,433.03,154.15,121.11,196.54,68.78,3.4,31.36,129.79,8.33,27.44,3.0701278234985114
249.8,421.49,73.33,103.77,136.43,81.3,3.07,22.34,103.29,4.31,11.83,3.0701278234985114
283.59,478.19,147.22,140.09,204.44,90.35,3.33,23.41,139.79,6.01,20.92,3.0701278234985114
250.69,411.48,82.24,93.99,134.24,61.29,2.74,21.72,131.99,4.96,18.16,3.0701278234985114
321.52,589.93,110.63,102.69,165.11,108.68,2.94,22.66,111.69,9.0,27.03,3.0701278234985114
233.97,391.19,68.54,87.4,133.08,72.74,1.94,22.31,94.75,5.31,12.28,3.0701278234985114
240.97,389.18,85.66,72.93,131.21,72.69,2.38,24.08,87.26,5.58,16.21,0.0
295.71,476.09,86.62,94.04,131.36,79.87,2.42,23.57,108.14,5.81,16.3,0.0
239.21,395.29,69.42,81.22,126.63,65.11,2.15,23.33,90.45,5.79,17.65,3.0701278234985114
270.1,484.82,54.41,76.67,101.63,66.4,2.39,19.94,97.03,5.33,10.78,3.0701278234985114
339.8,586.2,124.31,133.95,164.05,73.73,2.97,27.9,91.2,7.12,19.01,3.0701278234985114
318.1,535.3,106.93,118.81,159.99,78.22,2.85,30.24,131.4,6.45,21.32,3.0701278234985114
305.51,524.01,99.0,103.78,150.4,83.7,3.37,25.78,135.04,7.07,22.16,3.0701278234985114
391.54,587.23,167.73,96.36,213.61,105.21,3.39,26.47,186.07,9.07,32.59,3.0701278234985114
339.87,540.86,109.0,67.85,170.76,98.29,2.34,14.19,150.8,6.61,18.62,3.0701278234985114
158.43,324.64,47.9,60.63,103.82,60.24,2.38,17.94,100.54,3.43,6.7,3.0701278234985114
227.13,411.6,130.64,76.4,179.86,68.11,2.88,23.98,140.72,6.19,19.28,3.0701278234985114
195.21,381.19,98.0,78.61,141.55,64.5,2.06,24.06,131.63,4.26,15.4,3.0701278234985114
269.05,451.43,75.17,78.22,129.46,45.72,2.4,15.42,107.94,3.78,8.46,3.0701278234985114
278.2,430.74,25.48,61.04,81.75,43.49,3.82,12.59,104.61,3.44,7.68,3.0701278234985114
272.1,415.38,25.73,56.67,73.35,40.44,1.84,14.75,100.12,3.93,7.77,3.0701278234985114
294.3,480.0,58.3,78.21,130.91,67.05,2.13,16.81,147.56,11.67,31.39,3.0701278234985114
303.5,446.28,18.81,64.55,84.23,56.64,2.6,14.74,132.54,13.06,20.63,3.0701278234985114
217.05,362.08,27.18,66.89,84.08,44.74,1.32,16.09,103.53,8.15,15.77,3.0701278234985114
308.75,462.91,33.24,80.14,104.98,58.38,1.7,17.97,139.27,9.11,15.21,3.0701278234985114
255.94,424.11,68.34,87.93,136.31,63.16,2.03,17.09,142.54,9.97,27.76,3.0701278234985114
283.03,463.03,96.44,90.45,154.28,68.84,2.09,23.63,151.6,13.06,33.02,3.0701278234985114
311.08,498.38,140.59,117.07,139.36,74.39,2.54,29.99,175.04,17.15,48.03,3.0701278234985114
285.83,450.72,114.59,111.19,202.98,78.01,2.54,27.94,157.74,11.99,36.72,3.0701278234985114
242.05,291.16,22.08,46.17,61.75,53.86,1.77,12.4,75.74,3.93,9.75,3.0701278234985114
224.94,348.14,139.49,85.86,143.3,41.58,2.6,26.22,149.67,11.57,36.79,3.0701278234985114
109.82,314.0,8.63,34.37,35.37,29.71,0.96,15.48,120.76,1.62,8.72,3.0701278234985114
132.11,317.62,81.06,76.99,126.03,42.99,1.54,14.9,98.7,2.16,6.68,3.0701278234985114
144.47,317.13,85.77,92.64,134.38,43.55,1.42,17.2,128.17,2.35,12.39,3.0701278234985114
134.84,327.75,62.55,83.87,120.1,36.52,1.6,16.52,104.67,2.09,5.34,3.0701278234985114
114.3,309.88,70.71,83.3,123.85,31.55,1.05,20.1,93.47,2.28,5.67,3.0701278234985114
132.01,316.53,79.81,89.01,109.33,34.88,1.32,24.72,99.74,1.64,7.21,3.0701278234985114
149.35,346.31,105.43,94.29,129.43,37.11,2.19,27.27,112.83,2.22,11.14,3.0701278234985114
161.49,352.64,80.88,95.27,118.3,39.9,1.6,22.25,101.0,2.12,9.35,3.0701278234985114
140.57,339.79,105.08,91.52,85.54,39.26,1.48,24.66,73.0,1.63,6.63,3.0701278234985114
135.9,361.08,169.53,90.28,98.14,44.98,1.83,24.72,107.03,2.09,7.52,3.0701278234985114
161.11,477.65,166.64,88.27,107.99,46.41,2.14,26.66,32.06,4.5,10.99,3.0701278234985114
140.92,442.68,140.89,84.96,115.83,47.03,1.44,20.7,53.5,3.61,9.22,3.0701278234985114
182.14,372.09,54.87,90.22,85.75,44.08,1.11,19.38,122.74,1.79,5.2,3.0701278234985114
164.51,367.17,68.9,88.17,99.44,37.79,1.42,21.68,109.22,1.62,5.17,3.0701278234985114
209.27,413.49,144.66,111.23,121.37,48.82,1.88,25.0,85.57,4.98,14.6,3.0701278234985114
296.27,535.53,127.68,120.07,126.63,58.75,1.94,23.95,82.06,8.97,24.05,3.0701278234985114
318.57,503.0,137.36,119.42,134.89,64.34,1.91,27.89,107.12,10.61,27.31,3.0701278234985114
350.39,516.59,208.23,162.5,167.24,79.24,2.65,54.38,139.22,13.02,60.08,3.0701278234985114
355.77,528.41,162.93,112.59,142.64,89.56,2.28,40.23,257.73,10.29,35.64,3.0701278234985114
434.92,521.21,181.22,113.21,174.25,95.27,2.36,71.56,153.52,9.61,21.68,3.0701278234985114
394.59,537.51,144.25,120.66,159.5,91.77,2.09,33.34,193.31,9.95,24.21,3.0701278234985114
537.96,693.21,121.1,149.12,157.33,111.69,2.8,26.66,160.01,11.45,30.13,3.0701278234985114
482.4,483.99,127.32,148.92,116.45,104.84,2.78,29.4,108.33,11.64,34.69,3.0701278234985114
342.45,475.1,158.66,131.92,69.68,88.02,2.23,25.93,177.07,9.52,33.1,3.0701278234985114
588.39,763.58,135.71,113.31,90.09,89.1,2.2,22.21,39.05,7.31,16.61,3.0701278234985114
685.36,708.8,155.53,128.15,97.62,96.22,3.23,22.61,39.21,9.98,27.66,3.0701278234985114
488.57,527.64,159.5,123.36,94.03,72.81,2.21,23.88,33.33,8.95,23.12,3.0701278234985114
338.38,471.47,75.56,92.18,54.81,55.65,1.32,21.36,35.0,6.2,11.18,3.0701278234985114
307.08,415.79,111.51,103.26,67.31,58.89,1.38,21.52,33.89,6.99,13.52,3.0701278234985114
291.71,464.27,124.82,133.98,63.54,73.93,1.61,29.45,42.27,5.66,16.26,3.0701278234985114
295.88,491.38,139.59,147.03,56.6,88.96,1.62,35.04,50.03,6.49,22.29,3.0701278234985114
277.67,437.21,145.02,127.18,54.53,81.99,1.49,34.7,43.22,5.22,18.04,3.0701278234985114
228.16,388.97,158.78,113.74,54.67,67.76,1.24,51.78,66.96,5.0,14.05,3.0701278234985114
194.2,266.97,177.98,119.58,63.27,49.95,0.91,22.7,63.1,3.09,8.37,3.0701278234985114
291.98,391.88,131.41,109.65,79.95,53.33,1.34,23.97,35.58,6.64,16.56,3.0701278234985114
351.47,412.95,69.58,96.23,60.3,41.1,0.73,21.65,37.74,5.08,11.4,3.0701278234985114
237.21,409.98,92.48,102.95,55.83,43.06,0.87,23.11,37.26,5.05,11.2,3.0701278234985114
285.71,412.35,112.39,114.11,63.07,55.83,1.16,30.47,48.81,6.3,22.82,3.0701278234985114
323.74,350.18,120.28,117.17,39.98,80.15,1.52,27.23,53.69,6.63,27.78,3.0701278234985114
340.61,439.26,165.78,128.85,62.48,81.94,1.6,26.25,50.47,7.12,21.98,3.0701278234985114
281.76,399.82,127.69,111.52,58.08,63.32,1.55,25.26,32.17,5.53,14.85,3.0701278234985114
174.56,443.12,103.4,98.73,58.08,48.28,1.24,30.13,38.25,5.12,10.79,3.0701278234985114
246.25,437.91,80.12,95.64,54.63,84.51,1.16,20.23,44.16,5.82,15.23,3.0701278234985114
263.61,473.72,100.79,83.15,59.64,79.35,1.25,19.08,49.44,7.06,22.44,3.0701278234985114
263.25,422.11,143.08,101.67,79.26,77.5,1.05,20.38,34.89,8.15,18.27,3.0701278234985114
196.6,432.38,102.23,97.75,54.62,51.11,1.41,23.49,34.86,7.23,16.4,3.0701278234985114
293.91,497.31,110.07,96.68,69.09,56.8,1.86,23.11,38.89,9.28,23.99,3.0701278234985114
283.61,414.27,64.52,81.86,59.67,49.99,1.34,23.69,53.91,8.84,20.43,3.0701278234985114
238.21,374.88,70.46,72.44,52.25,36.31,1.53,22.2,36.02,7.67,15.66,3.0701278234985114
295.62,502.98,106.85,71.44,62.21,40.93,1.66,23.47,38.31,7.92,19.77,3.0701278234985114
189.09,249.35,30.67,58.86,29.83,34.4,0.84,20.83,41.6,5.22,9.15,3.0701278234985114
210.28,365.65,138.78,76.9,56.19,50.66,2.39,23.52,30.87,8.52,20.42,3.0701278234985114
209.91,438.88,143.91,76.81,60.13,40.75,1.32,21.71,32.12,8.55,20.95,3.0701278234985114
229.35,450.31,110.1,88.54,45.05,52.64,1.16,21.22,33.35,7.31,15.69,3.0701278234985114
232.33,433.94,110.14,86.92,62.67,61.3,1.17,21.99,34.3,5.98,12.53,3.0701278234985114
236.24,445.54,87.1,88.02,65.09,61.04,0.92,21.32,31.86,5.95,10.48,3.0701278234985114
364.15,616.99,149.58,122.88,67.02,90.37,1.92,22.09,45.0,7.55,18.78,3.0701278234985114
411.8,605.65,93.94,114.03,41.37,99.22,1.65,19.54,41.56,7.38,22.05,3.0701278234985114
232.41,346.57,30.11,59.88,36.84,61.98,0.7,19.37,38.99,4.04,7.14,3.0701278234985114
273.82,515.41,192.34,129.41,67.59,60.4,1.61,26.1,40.19,7.04,16.43,3.0701278234985114
339.96,535.68,103.69,108.76,33.56,88.44,1.3,21.6,55.09,7.29,18.01,3.0701278234985114
248.01,341.15,186.07,91.07,71.88,68.53,1.55,23.11,41.13,7.26,16.51,3.0701278234985114
216.73,423.24,111.19,79.35,75.14,43.41,0.95,20.33,32.17,6.13,11.09,3.0701278234985114
232.37,426.02,109.5,85.07,71.97,45.76,1.03,24.71,33.09,6.29,12.12,3.0701278234985114
309.28,318.52,113.37,84.75,49.23,36.49,0.37,11.7,29.53,3.22,7.2,3.0701278234985114
286.6,360.04,78.33,63.71,38.59,24.1,0.09,18.75,19.1,1.24,2.6,3.0701278234985114
241.78,370.37,128.62,88.02,51.5,69.27,1.08,23.95,40.58,7.0,21.75,3.0701278234985114
194.99,427.02,155.9,88.38,66.62,62.33,1.26,19.98,39.02,5.72,14.11,3.0701278234985114
186.65,324.14,70.65,62.01,40.48,57.26,0.92,17.04,43.9,4.05,11.24,3.0701278234985114
451.25,104.82,22.53,42.2,16.05,29.63,0.0,6.64,55.11,0.33,2.44,3.0701278234985114
425.22,103.74,28.71,46.64,19.0,34.4,0.0,8.41,55.2,0.39,2.19,3.0701278234985114
328.23,198.09,50.17,59.34,38.8,40.72,0.41,17.55,31.79,1.84,5.09,3.0701278234985114
151.17,342.53,135.8,70.55,29.17,73.23,0.55,27.21,31.7,2.33,5.55,3.0701278234985114
150.76,543.0,61.75,74.99,47.72,51.4,0.35,27.69,35.44,1.68,3.49,3.0701278234985114
151.25,410.15,104.57,77.6,56.4,55.26,0.48,33.4,36.52,2.03,3.68,3.0701278234985114
184.69,371.87,140.56,110.15,65.91,67.47,1.1,50.31,43.31,6.04,29.96,3.0701278234985114
175.23,409.95,114.73,102.55,57.91,38.41,1.12,62.6,40.1,8.34,41.02,3.0701278234985114
145.22,389.03,62.73,102.55,48.4,42.18,0.75,42.39,35.43,5.76,31.63,3.0701278234985114
152.84,400.78,56.91,88.05,32.95,41.14,0.4,44.15,28.65,5.52,23.71,3.0701278234985114
136.35,356.47,90.13,80.08,43.78,50.75,0.67,41.33,32.02,4.79,21.33,3.0701278234985114
145.74,367.73,62.01,97.21,58.52,44.27,1.06,54.83,43.78,3.15,16.32,3.0701278234985114
207.4,429.32,68.51,75.66,56.71,32.24,0.99,46.67,50.69,3.17,12.7,3.0701278234985114
204.56,363.53,126.22,92.19,74.14,37.01,1.5,51.7,43.3,3.96,16.74,3.0701278234985114
220.77,376.33,150.24,92.34,91.72,41.82,2.08,45.39,42.33,4.33,17.84,3.0701278234985114
183.82,392.34,78.17,94.19,68.74,50.62,1.34,52.99,39.49,4.58,16.63,3.0701278234985114
216.96,500.59,47.65,70.84,46.27,35.38,0.89,65.5,66.7,3.33,18.9,3.0701278234985114
198.09,356.85,72.18,87.53,69.94,42.62,1.17,53.24,63.83,4.61,26.2,3.0701278234985114
178.44,505.07,65.22,52.38,37.23,13.02,0.88,40.4,49.89,2.42,13.96,3.0701278234985114
118.43,326.02,135.99,84.21,38.66,56.89,0.89,37.55,39.59,3.5,18.52,3.0701278234985114
426.52,387.13,56.28,54.76,47.28,48.79,1.06,36.85,41.14,2.15,5.54,0.07
213.12,317.52,42.71,50.13,49.3,50.8,1.46,20.55,34.52,0.88,4.02,0.07
517.93,654.68,51.67,65.17,103.77,91.87,2.37,15.29,56.06,5.11,26.96,0.06
639.19,796.88,55.83,77.51,104.65,82.96,2.74,20.46,55.51,7.73,25.53,0.06
495.9,652.21,54.71,81.67,104.52,74.84,2.37,15.68,86.62,6.99,25.25,0.07
370.73,496.48,55.07,80.73,109.98,84.1,2.45,17.84,104.94,7.33,28.06,0.08
363.77,511.44,78.16,78.61,117.92,90.64,2.32,17.8,95.54,8.39,32.33,0.06
465.08,622.4,66.78,70.1,104.82,73.63,2.44,13.94,88.03,7.84,28.2,0.06
354.56,498.63,65.36,65.77,105.48,73.85,2.33,15.58,94.42,5.47,18.48,0.08
254.36,365.91,34.12,56.46,75.36,55.71,1.74,13.67,69.5,4.44,11.39,0.07
261.82,390.1,74.66,65.49,101.07,90.28,2.49,20.17,32.64,7.62,23.27,0.1
230.56,358.86,61.13,64.61,104.85,71.16,2.41,18.29,50.69,5.42,15.21,0.1
218.87,338.45,97.35,71.25,13.13,86.87,2.28,24.39,66.07,5.22,19.42,0.1
293.14,435.23,32.3,61.63,3.57,72.97,1.45,22.54,66.06,4.12,10.87,0.08
273.56,401.15,69.31,60.4,15.32,75.04,1.96,21.01,61.73,6.96,25.19,1.18
306.17,445.58,83.77,66.97,23.13,83.55,1.95,17.97,76.45,7.01,21.12,0.35
303.41,415.09,62.76,63.92,11.79,73.16,1.8,18.58,68.75,5.72,14.77,0.24
277.48,422.59,31.26,53.73,4.26,55.61,1.52,12.43,68.68,3.98,9.71,0.27
217.01,336.87,37.98,52.24,2.87,50.81,1.29,10.28,54.94,3.09,6.6,0.21
252.57,378.9,65.27,59.12,8.53,63.78,1.59,18.15,39.65,5.69,13.64,0.42
276.25,428.08,48.32,55.08,85.75,59.73,2.04,21.02,72.89,5.19,14.81,0.05
253.7,398.16,41.26,49.45,81.11,63.31,1.82,22.27,73.6,5.47,16.52,0.0
119.24,480.07,9.64,30.99,35.73,31.94,0.89,12.08,61.05,1.13,2.73,0.0
261.77,743.98,11.58,25.75,30.62,32.58,0.77,6.91,27.45,2.33,4.31,0.0
225.49,761.91,11.75,25.37,29.01,27.3,0.72,7.22,43.38,2.25,9.35,0.0
153.28,613.34,12.05,24.61,29.31,26.27,0.7,7.31,40.15,2.98,10.64,0.0
127.32,516.85,10.15,25.0,29.76,28.12,0.68,7.29,45.76,3.36,5.58,0.0
205.0,375.23,81.11,57.66,100.04,47.85,2.45,15.62,52.78,8.94,77.78,3.28
263.39,459.45,98.5,70.46,119.07,52.74,2.9,17.62,50.55,10.08,90.31,3.69
225.17,405.94,99.9,68.02,122.87,55.85,2.91,18.11,47.05,9.95,92.3,3.41
236.67,416.97,106.68,71.63,133.14,58.01,2.97,20.12,45.98,10.79,94.12,3.76
361.98,500.01,26.22,48.25,48.8,44.82,1.88,14.63,45.0,5.5,34.14,0.91
177.88,312.87,23.48,43.78,44.84,31.18,1.29,15.37,45.01,3.88,24.85,0.75
420.3,509.73,89.1,64.57,106.68,44.2,2.45,26.52,38.35,9.12,44.0,2.07
300.91,440.76,89.45,68.25,109.68,49.84,2.65,17.41,47.94,9.12,55.65,2.96
288.86,447.4,99.32,79.5,127.11,55.35,3.01,18.01,42.55,10.17,81.74,2.63
256.68,425.12,91.92,70.55,113.81,55.03,2.89,16.2,51.68,9.37,71.1,3.79
271.7,464.28,75.93,71.88,101.5,58.85,2.85,17.4,53.37,9.5,69.49,2.31
265.06,441.43,85.28,74.72,111.18,62.24,2.74,18.72,37.8,9.65,74.6,3.26
264.63,453.77,89.36,66.58,121.45,55.63,2.75,16.74,42.51,8.92,57.53,5.42
274.97,461.98,93.61,68.87,124.9,58.67,2.78,15.49,41.9,8.53,59.75,3.03
209.63,327.23,56.21,55.1,80.05,51.27,1.95,14.64,36.34,6.65,49.37,8.65
258.1,429.33,114.21,68.97,139.08,54.66,2.64,17.68,40.5,8.96,62.49,4.93
252.2,403.18,74.98,66.03,103.06,57.91,2.22,15.9,38.38,7.39,46.63,2.46
326.79,502.83,85.55,78.71,117.64,60.21,2.59,18.47,44.98,8.63,55.27,2.37
401.58,560.68,112.95,77.63,145.67,67.29,3.36,18.21,50.65,10.84,74.07,19.67
378.68,546.59,123.73,75.26,152.77,65.75,3.36,17.86,43.25,10.58,73.62,2.75
268.2,399.37,45.37,61.2,74.6,57.34,1.9,14.14,36.37,6.63,38.49,10.85
241.0,366.1,59.69,65.2,89.51,50.38,1.99,15.37,39.09,6.56,36.39,3.65
290.1,453.45,110.91,78.43,143.91,56.6,2.87,18.03,40.96,10.25,70.74,3.06
249.23,387.84,39.19,60.59,68.5,55.46,1.66,14.8,37.38,5.4,30.25,0.47
248.12,399.14,74.28,64.97,102.0,51.53,1.96,16.49,39.29,6.34,37.55,1.05
336.42,503.99,127.84,76.89,157.78,57.55,2.94,19.91,42.87,9.87,65.05,2.31
319.69,494.51,105.28,70.54,133.87,56.0,2.7,17.38,41.44,9.1,59.74,2.53
287.34,461.02,92.04,69.46,121.07,56.66,2.54,17.77,39.58,8.09,48.84,2.21
331.2,515.72,101.08,75.06,133.85,63.63,2.78,18.27,43.3,10.04,58.7,2.42
355.4,519.34,77.92,66.2,106.99,61.02,2.55,15.12,39.77,8.91,56.57,3.28
246.46,388.79,47.83,57.53,74.39,53.09,2.01,13.22,28.75,6.78,40.5,0.93
262.53,411.49,64.97,60.35,90.67,56.49,2.23,15.59,36.33,8.5,51.69,1.29
278.95,432.2,118.55,76.71,151.4,56.53,2.9,20.03,35.61,10.0,73.38,1.44
311.03,465.89,117.23,85.14,148.93,63.46,3.11,17.81,39.78,10.49,73.27,1.54
272.45,403.32,64.96,66.11,94.9,63.66,2.36,17.83,37.53,7.7,50.53,1.11
358.91,519.49,108.96,84.74,147.7,60.95,3.13,19.63,39.76,10.74,66.34,2.26
237.22,364.61,56.97,68.58,88.33,48.6,2.06,14.7,30.35,7.09,44.42,0.89
262.68,402.21,100.7,77.9,133.24,50.3,2.35,18.07,34.75,8.27,55.89,1.72
314.59,478.43,158.63,106.04,195.81,62.37,3.66,20.98,45.03,12.17,92.09,3.26
175.49,289.4,58.34,63.04,85.11,57.52,1.83,16.82,32.77,6.36,36.57,1.0
301.39,420.35,35.11,48.45,59.73,40.16,1.77,18.03,42.79,4.62,20.55,0.91
287.56,440.77,58.36,60.03,86.74,49.0,2.43,12.71,33.2,5.79,37.17,2.2
279.32,454.35,87.7,63.87,113.63,52.82,2.67,13.81,34.86,6.53,49.5,1.97
314.32,500.04,99.58,71.37,123.63,55.54,2.92,15.86,38.29,7.27,60.46,3.88
388.45,584.15,62.6,73.61,96.68,58.29,2.59,16.32,49.77,7.11,55.43,3.05
320.26,467.74,34.23,54.1,61.32,49.38,1.93,12.88,35.0,5.6,35.45,0.97
582.28,706.58,28.98,49.67,53.58,56.52,2.39,10.2,33.91,6.21,33.78,1.19
272.3,386.16,29.75,44.53,51.48,39.67,1.47,11.68,36.82,4.37,29.56,0.94
384.34,529.59,51.47,66.1,83.09,40.72,2.25,14.41,48.8,5.85,44.03,1.16
383.36,541.19,62.74,73.6,94.33,43.4,2.5,15.12,39.52,7.08,52.12,1.57
371.42,545.66,77.46,82.63,114.67,50.55,2.92,16.26,26.54,8.2,65.31,2.14
423.52,576.12,44.06,59.35,73.02,50.12,2.35,14.14,37.71,7.47,48.7,2.34
174.03,293.0,23.38,42.35,45.36,35.82,1.34,12.89,31.94,4.3,30.34,1.2
241.69,362.1,73.76,69.73,103.48,57.17,2.03,13.41,32.34,7.86,57.33,1.84
239.98,355.16,109.28,68.59,137.04,58.01,2.88,13.69,32.51,8.02,58.12,5.55
299.85,452.65,106.35,85.56,138.71,68.66,3.2,14.71,41.46,8.0,69.03,4.94
284.18,412.59,46.67,64.36,76.85,70.65,2.01,12.61,44.13,6.29,38.83,2.16
316.09,449.06,40.57,60.58,66.4,58.04,2.16,9.92,29.05,6.86,39.35,1.05
249.87,353.94,37.13,50.24,57.35,62.14,1.71,8.52,23.62,5.96,30.95,0.61
275.6,426.12,60.13,55.98,83.47,50.47,1.96,10.26,27.92,6.7,39.22,0.4
326.79,500.15,32.73,57.76,61.51,49.61,1.86,10.25,35.11,6.28,33.0,0.34
333.43,486.35,54.97,55.61,79.04,50.75,2.24,11.15,26.44,8.0,47.12,0.72
245.53,338.18,44.49,47.5,64.57,48.22,1.8,11.03,28.07,4.81,38.4,0.22
372.14,483.87,109.53,64.18,135.0,56.85,3.15,18.49,39.58,8.5,60.79,1.38
327.04,439.31,120.76,64.8,143.71,58.26,3.32,19.95,36.5,9.36,73.11,2.65
228.9,337.04,111.09,55.65,131.13,53.02,2.8,14.93,27.82,6.96,66.8,2.8
348.88,118.12710293078135,4.16,8.97,7.56,23.48347601937197,1.4,14.26,25.18,3.280840304500585,8.700972080037227,3.0701278234985114
67.45057794890306,118.12710293078135,10.29,8.47,7.93,23.48347601937197,1.28,9.53,32.19,3.280840304500585,8.700972080037227,3.0701278234985114
539.41,118.12710293078135,20.24,40.8,36.5,23.48347601937197,1.36,7.28,21.86,3.280840304500585,8.700972080037227,3.0701278234985114
914.94,118.12710293078135,44.34,63.94,42.71,23.48347601937197,1.45,0.64,0.8,3.280840304500585,8.700972080037227,3.0701278234985114
186.4,118.12710293078135,48.3,110.34,45.41,23.48347601937197,2.03,23.38,24.63,3.280840304500585,8.700972080037227,3.0701278234985114
290.86,118.12710293078135,7.84,10.11,17.8,23.48347601937197,1.41,8.86,33.45,2.92,29.24,3.0701278234985114
302.15,118.12710293078135,8.04,10.21,17.91,23.48347601937197,1.06,7.07,35.39,3.8,37.97,3.0701278234985114
561.42,118.12710293078135,7.92,10.11,17.85,23.48347601937197,0.88,5.95,13.97,2.53,25.3,3.0701278234985114
522.1,118.12710293078135,7.75,10.15,17.76,23.48347601937197,1.82,8.89,20.25,2.41,24.04,3.0701278234985114
159.02,118.12710293078135,7.93,10.1,17.91,23.48347601937197,0.92,9.08,16.58,2.91,27.69,3.0701278234985114
446.49,118.12710293078135,7.9,10.07,32.30912333307031,23.48347601937197,2.2485982090856145,6.43,16.47,3.05,30.28,3.0701278234985114
616.19,118.12710293078135,7.94,10.09,32.30912333307031,23.48347601937197,2.2485982090856145,8.11,13.42,3.74,35.61,3.0701278234985114
405.74,118.12710293078135,7.91,10.1,32.30912333307031,23.48347601937197,2.2485982090856145,6.0,16.66,3.18,31.75,3.0701278234985114
269.34,118.12710293078135,7.9,10.13,32.30912333307031,23.48347601937197,2.2485982090856145,4.03,24.94,2.53,24.95,3.0701278234985114
252.46,118.12710293078135,7.89,10.14,32.30912333307031,23.48347601937197,2.2485982090856145,12.73,15.31,2.11,21.05,3.0701278234985114
304.69,118.12710293078135,7.74,10.15,32.30912333307031,23.48347601937197,2.2485982090856145,9.86,13.49,3.06,30.59,3.0701278234985114
346.74,118.12710293078135,7.94,10.16,32.30912333307031,23.48347601937197,2.2485982090856145,4.99,11.71,3.28,32.81,3.0701278234985114
161.45,118.12710293078135,7.88,10.19,32.30912333307031,23.48347601937197,2.2485982090856145,4.18,6.13,3.24,32.42,3.0701278234985114
324.42,118.12710293078135,7.91,10.83,32.30912333307031,23.48347601937197,19.8,13.69,16.49,2.43,21.9,3.0701278234985114
348.57,118.12710293078135,7.9,11.2,32.30912333307031,23.48347601937197,14.04,5.83,23.56,1.51,15.16,3.0701278234985114
393.63,118.12710293078135,7.87,10.57,32.30912333307031,23.48347601937197,27.56,10.53,10.87,1.83,17.63,3.0701278234985114
307.44,118.12710293078135,7.88,10.65,32.30912333307031,23.48347601937197,27.7,4.21,13.25,2.53,25.26,3.0701278234985114
249.77,118.12710293078135,7.99,10.26,32.30912333307031,23.48347601937197,26.76,3.54,5.08,4.04,40.45,3.0701278234985114
349.97,118.12710293078135,7.92,10.29,32.30912333307031,23.48347601937197,39.8,9.92,6.82,3.27,31.17,3.0701278234985114
276.39,118.12710293078135,9.43,10.39,32.30912333307031,23.48347601937197,29.94,9.69,7.21,2.84,28.37,3.0701278234985114
343.01,118.12710293078135,9.56,10.57,32.30912333307031,23.48347601937197,22.53,8.46,8.79,2.71,26.0,3.0701278234985114
248.09,118.12710293078135,2.98,10.52,32.30912333307031,23.48347601937197,22.65,5.83,13.19,4.13,41.31,3.0701278234985114
229.34,118.12710293078135,3.79,10.36,32.30912333307031,23.48347601937197,20.75,4.0,12.72,2.84,28.36,3.0701278234985114
287.49,118.12710293078135,3.19,10.56,32.30912333307031,23.48347601937197,21.5,6.3,20.84,4.26,42.66,3.0701278234985114
367.86,118.12710293078135,3.23,10.64,32.30912333307031,23.48347601937197,23.94,6.32,18.91,3.61,36.15,3.0701278234985114
428.88,118.12710293078135,3.02,10.77,32.30912333307031,23.48347601937197,28.01,8.33,15.19,2.69,26.88,3.0701278234985114
256.67,118.12710293078135,2.72,10.56,32.30912333307031,23.48347601937197,20.58,8.74,15.54,3.13,31.29,3.0701278234985114
223.16,118.12710293078135,4.47,15.47,32.30912333307031,23.48347601937197,12.8,6.65,14.5,3.84,38.42,3.0701278234985114
241.97,118.12710293078135,6.74,7.87,32.30912333307031,23.48347601937197,1.01,8.98,7.55,3.67,36.73,3.0701278234985114
289.36,118.12710293078135,195.71,362.21,32.30912333307031,23.48347601937197,1.16,11.09,17.89,3.98,39.82,3.0701278234985114
389.54,118.12710293078135,1.66,8.91,32.30912333307031,23.48347601937197,0.53,12.99,38.95,0.04,3.58,3.0701278234985114
292.02,118.12710293078135,3.21,8.31,32.30912333307031,23.48347601937197,0.64,14.55,41.41,0.03,3.09,3.0701278234985114
180.07,118.12710293078135,3.88,10.95,32.30912333307031,23.48347601937197,0.61,20.39,37.73,0.02,1.72,3.0701278234985114
368.79,118.12710293078135,4.46,12.31,32.30912333307031,23.48347601937197,0.56,3.02,43.58,0.03,2.66,3.0701278234985114
153.67,118.12710293078135,6.41,12.76,32.30912333307031,23.48347601937197,0.54,8.3,49.37,0.03,2.65,3.0701278234985114
310.69,118.12710293078135,13.91,22.02,32.30912333307031,23.48347601937197,0.51,3.08,43.39,0.04,4.29,3.0701278234985114
146.02,118.12710293078135,5.94,29.87,32.30912333307031,23.48347601937197,0.63,19.27,26.85,0.03,2.92,3.0701278234985114
156.33,118.12710293078135,10.95,34.46,32.30912333307031,23.48347601937197,0.61,2.81,33.86,0.03,3.41,3.0701278234985114
479.2,118.12710293078135,7.02,12.81,32.30912333307031,23.48347601937197,0.64,2.86,56.49,0.03,1.65,3.0701278234985114
128.13,118.12710293078135,10.96,23.05,32.30912333307031,23.48347601937197,0.38,1.81,80.73,0.02,1.36,3.0701278234985114
288.0,118.12710293078135,6.05,13.14,32.30912333307031,23.48347601937197,0.49,3.25,31.32,0.04,4.05,3.0701278234985114
414.62,118.12710293078135,5.92,16.14,32.30912333307031,23.48347601937197,0.4,3.88,19.15,0.02,1.08,3.0701278234985114
454.16,118.12710293078135,6.02,12.27,32.30912333307031,23.48347601937197,0.4,3.67,25.64,0.03,2.94,3.0701278234985114
468.59,118.12710293078135,9.28,26.95,32.30912333307031,23.48347601937197,0.56,1.65,32.81,0.04,4.03,3.0701278234985114
454.35,118.12710293078135,5.95,20.35,32.30912333307031,23.48347601937197,0.49,3.49,21.77,0.02,2.32,3.0701278234985114
97.11,118.12710293078135,5.96,10.06,32.30912333307031,23.48347601937197,0.49,3.85,17.69,0.03,3.62,3.0701278234985114
455.38,118.12710293078135,5.96,10.06,32.30912333307031,23.48347601937197,0.5,3.61,18.06,0.02,2.41,3.0701278234985114
821.42,118.12710293078135,5.94,10.24,32.30912333307031,23.48347601937197,0.49,3.67,12.89,0.03,2.95,3.0701278234985114
75.84,118.12710293078135,5.15,13.83,32.30912333307031,23.48347601937197,0.72,6.08,8.85,0.03,2.57,3.0701278234985114
723.16,118.12710293078135,1.29,4.89,32.30912333307031,23.48347601937197,0.33,23.36,51.31,0.02,2.04,3.0701278234985114
22.36,118.12710293078135,10.95,22.97,32.30912333307031,23.48347601937197,0.16,2.9,7.55,0.0,0.0,3.0701278234985114
858.73,118.12710293078135,1.23,30.18,32.30912333307031,23.48347601937197,0.86,2.53,30.09,0.0,0.0,3.0701278234985114
643.71,118.12710293078135,43.86,32.66,32.30912333307031,23.48347601937197,0.99,5.97,30.46,0.01,0.78,3.0701278234985114
306.42,118.12710293078135,17.09,30.55,33.09,23.48347601937197,1.99,16.21,40.66,1.07,5.96,3.0701278234985114
447.72,118.12710293078135,15.0,22.88,24.91,23.48347601937197,2.7,7.93,21.77,1.1,5.62,3.0701278234985114
462.29,118.12710293078135,18.87,22.78,27.95,23.48347601937197,2.11,9.48,23.35,1.49,5.56,3.0701278234985114
373.47,118.12710293078135,17.26,22.97,26.02,23.48347601937197,1.98,10.28,19.26,0.45,1.2,3.0701278234985114
310.3,118.12710293078135,17.57,23.17,27.05,23.48347601937197,2.07,8.55,28.94,0.56,1.24,3.0701278234985114
364.24,118.12710293078135,12.59,22.99,23.03,23.48347601937197,1.79,6.64,37.87,0.66,1.35,3.0701278234985114
356.97,118.12710293078135,16.17,22.82,25.75,23.48347601937197,1.92,14.53197725590996,24.72,0.73,1.42,3.0701278234985114
329.12,17.16,32.89,24.02,36.49,23.48347601937197,2.31,8.7,19.58,0.77,2.01,3.0701278234985114
360.72,118.12710293078135,45.23,20.52,32.88,23.48347601937197,2.11,14.53197725590996,17.54,0.0,8.700972080037227,3.0701278234985114
230.85,444.17,37.01,19.46,34.05,23.48347601937197,2.26,8.35,16.49,1.05,2.28,3.0701278234985114
293.84,434.45,35.19,22.95,46.19,23.48347601937197,2.82,8.73,19.47,1.59,4.47,3.0701278234985114
181.67,408.64,33.04,20.24,39.5,23.48347601937197,2.67,7.24,24.91,1.65,4.68,3.0701278234985114
551.86,118.12710293078135,11.62,28.12,25.49,23.48347601937197,0.04,1.02,21.26,0.0,8.700972080037227,3.0701278234985114
479.75,118.12710293078135,11.49,27.75,25.2,23.48347601937197,0.05,1.39,24.58,0.02,8.700972080037227,3.0701278234985114
376.76,118.12710293078135,12.73,26.97,25.98,23.48347601937197,0.29,1.17,25.87,0.03,8.700972080037227,3.0701278234985114
230.26,118.12710293078135,13.41,27.12,27.51,23.48347601937197,0.13,1.01,22.69,0.02,8.700972080037227,3.0701278234985114
271.91,354.56,83.44,57.25,103.44,23.48347601937197,1.11,16.35,38.91,6.27,8.41,3.0701278234985114
236.55,280.89,87.83,49.81,103.8,23.48347601937197,1.01,13.67,39.88,6.59,5.11,3.0701278234985114
254.56,341.94,90.85,47.71,102.08,23.48347601937197,1.07,12.53,34.78,9.65,19.97,3.0701278234985114
304.47,303.52,124.47,80.68,126.95,23.48347601937197,1.71,35.77,26.9,0.0,0.0,3.0701278234985114
309.14,401.63,100.31,68.8,116.97,23.48347601937197,1.83,43.29,23.11,0.0,0.0,3.0701278234985114
296.93,359.69,100.38,58.38,116.46,23.48347601937197,1.2,31.63,23.92,0.0,0.0,3.0701278234985114
305.58,374.92,54.52,40.14,70.15,23.48347601937197,0.82,25.86,26.45,0.0,0.0,3.0701278234985114
314.48,447.79,57.78,39.5,72.59,23.48347601937197,1.48,27.05,22.61,0.0,0.0,3.0701278234985114
176.96,370.39,36.06,29.56,51.25,23.48347601937197,1.81,9.18,31.96,0.0,0.0,3.0701278234985114
394.28,581.44,22.92,58.23,55.11,23.48347601937197,1.92,27.89,41.66,2.01,6.01,3.0701278234985114
314.82,491.79,7.01,39.28,31.47,23.48347601937197,1.43,17.94,20.41,2.0,5.97,3.0701278234985114
473.51,651.05,6.4,34.57,27.22,23.48347601937197,1.78,15.13,13.47,2.0,6.01,3.0701278234985114
219.51,319.29,8.14,33.71,28.36,23.48347601937197,0.92,18.77,21.81,1.99,5.99,3.0701278234985114
350.49,481.04,41.37,60.71,72.07,23.48347601937197,1.79,1.71,35.2,2.0,6.02,3.0701278234985114
388.11,513.91,33.53,78.03,74.95,23.48347601937197,2.09,3.01,32.69,1.99,5.98,3.0701278234985114
361.14,573.72,43.29,80.51,87.29,23.48347601937197,2.34,11.93,24.67,2.01,5.99,3.0701278234985114
435.04,638.62,9.76,59.63,46.75,23.48347601937197,1.94,34.95,50.9,2.0,5.98,3.0701278234985114
171.39,299.85,5.96,40.67,31.04,23.48347601937197,1.09,38.3,38.4,2.01,6.01,3.0701278234985114
201.74,384.26,40.07,35.93,53.7,23.48347601937197,3.17,15.63,24.64,2.0,5.99,3.0701278234985114
296.06,357.72,105.65,30.83,109.35,23.48347601937197,3.7,16.5,39.32,1.99,6.0,3.0701278234985114
271.49,281.71,94.2,41.86,158.65,23.48347601937197,4.07,19.11,30.0,2.0,5.98,3.0701278234985114
34.57,492.89,13.08,17.89,40.64,5.68,0.79,15.69,29.29,0.48,8.700972080037227,3.0701278234985114
24.16,847.41,9.21,10.25,26.11,4.6,0.49,11.32,15.89,0.28,8.700972080037227,3.0701278234985114
14.9,554.83,4.03,9.4,16.67,5.36,0.39,11.22,15.63,17.73,8.700972080037227,3.0701278234985114
378.08,489.02,91.88,15.07,166.98,24.31,3.75,13.41,18.45,2.21,8.700972080037227,3.0701278234985114
169.6,237.56,69.18,11.13,125.47,27.33,2.16,13.43,18.12,4.9,8.700972080037227,3.0701278234985114
539.13,118.12710293078135,7.99,8.57,16.2,23.48347601937197,0.73,9.1,37.95,3.280840304500585,8.700972080037227,3.0701278234985114
516.2,82.97,3.03,0.62,2.72,10.78,1.09,4.77,38.74,1.05,5.82,0.47
270.21,104.38,3.12,0.65,2.57,11.2,0.94,8.98,43.41,1.07,6.22,1.58
525.09,94.0,16.96,19.14,34.7,10.53,1.57,8.75,37.36,2.16,13.13,2.85
353.58,95.54,8.53,16.83,23.94,10.47,1.17,9.43,38.86,1.4,9.8,2.38
571.02,118.12710293078135,6.14,10.7,16.83,23.48347601937197,1.07,6.68,16.81,0.11,0.67,0.07
206.93,118.12710293078135,6.75,7.81,14.56,23.48347601937197,1.06,6.27,11.6,0.1,0.68,0.09
126.39,476.74,8.17,30.55,30.89,18.35,0.53,6.64,66.89,0.18,7.64,3.0701278234985114
92.68,473.02,11.35,25.64,31.65,28.48,0.96,13.03,62.1,0.59,4.13,3.0701278234985114
67.45057794890306,466.99,7.03,7.59,32.30912333307031,6.66,0.0,14.53197725590996,86.12,3.280840304500585,8.700972080037227,3.0701278234985114
67.45057794890306,454.92,6.84,6.78,32.30912333307031,6.59,0.0,14.53197725590996,18.39,3.280840304500585,8.700972080037227,3.0701278234985114
67.45057794890306,118.12710293078135,17.574729662029362,28.560659061126955,32.30912333307031,23.48347601937197,2.2485982090856145,14.53197725590996,34.49143047551845,3.280840304500585,8.700972080037227,3.0701278234985114
67.45057794890306,469.99,7.26,7.51,32.30912333307031,6.6,0.0,14.53197725590996,16.59,3.280840304500585,8.700972080037227,3.0701278234985114
67.45057794890306,456.38,7.97,7.84,32.30912333307031,6.72,0.0,82.39,13.21,3.280840304500585,8.700972080037227,3.0701278234985114
67.45057794890306,528.33,7.4,7.89,32.30912333307031,6.7,0.0,103.12,9.27,3.280840304500585,8.700972080037227,3.0701278234985114
67.45057794890306,493.89,7.53,7.87,32.30912333307031,6.63,2.2485982090856145,84.34,10.17,3.280840304500585,8.700972080037227,3.0701278234985114
67.45057794890306,488.84,7.23,7.85,32.30912333307031,6.68,2.2485982090856145,100.25,7.98,3.280840304500585,8.700972080037227,3.0701278234985114
67.45057794890306,499.41,7.23,7.72,32.30912333307031,6.68,2.2485982090856145,100.62,15.21,3.280840304500585,8.700972080037227,3.0701278234985114
67.45057794890306,493.13,7.59,7.77,32.30912333307031,6.66,2.2485982090856145,65.28,13.96,3.280840304500585,8.700972080037227,3.0701278234985114
67.45057794890306,378.14,7.21,7.73,32.30912333307031,6.62,2.2485982090856145,71.42,54.7,3.280840304500585,8.700972080037227,3.0701278234985114
67.45057794890306,484.34,7.11,7.79,32.30912333307031,6.66,2.2485982090856145,57.26,16.6,3.280840304500585,8.700972080037227,3.0701278234985114
67.45057794890306,422.12,7.8,8.1,32.30912333307031,6.7,2.2485982090856145,56.69,17.35,3.280840304500585,8.700972080037227,3.0701278234985114
67.45057794890306,502.23,7.83,7.86,32.30912333307031,6.7,2.2485982090856145,92.36,24.93,3.280840304500585,8.700972080037227,3.0701278234985114
67.45057794890306,559.79,7.5,7.71,32.30912333307031,6.68,2.2485982090856145,77.15,31.63,3.280840304500585,8.700972080037227,3.0701278234985114
67.45057794890306,599.3,8.1,7.99,32.30912333307031,6.74,2.2485982090856145,72.4,58.45,3.280840304500585,8.700972080037227,3.0701278234985114
67.45057794890306,500.88,7.71,7.82,32.30912333307031,6.67,2.2485982090856145,84.93,31.31,3.280840304500585,8.700972080037227,3.0701278234985114
67.45057794890306,549.21,7.72,7.89,32.30912333307031,6.75,2.2485982090856145,88.68,8.46,3.280840304500585,8.700972080037227,3.0701278234985114
276.33,360.75,24.08,65.65,89.73,29.86,1.48,17.82,46.5,7.22,9.91,3.0701278234985114
267.93,418.89,135.62,104.89,231.23,49.27,1.74,24.28,31.93,24.43,48.9,3.0701278234985114
227.13,386.88,134.63,107.29,214.57,35.12,1.11,12.85,26.85,12.51,21.53,3.0701278234985114
199.91,358.27,134.22,84.86,204.4,54.08,1.24,9.08,34.42,19.73,24.02,3.0701278234985114
264.84,385.24,88.23,124.79,155.73,27.33,1.13,17.16,38.73,23.33,35.33,3.0701278234985114
264.75,385.31,152.42,94.91,244.34,28.39,1.42,18.51,29.41,23.17,52.79,3.0701278234985114
282.9,417.05,155.42,124.83,252.14,28.07,1.67,26.99,28.09,26.88,36.94,3.0701278234985114
217.59,320.85,76.15,107.24,151.68,37.09,1.1,17.35,32.47,17.41,37.53,3.0701278234985114
269.06,394.67,95.75,111.71,210.46,51.51,1.99,19.8,28.38,32.84,61.84,3.0701278234985114
252.42,392.0,161.72,95.09,207.49,46.52,1.64,19.09,27.88,27.03,35.68,3.0701278234985114
266.1,419.43,155.98,103.21,237.22,54.25,2.32,19.0,27.81,31.87,44.06,3.0701278234985114
304.74,469.32,197.73,148.03,236.91,55.15,2.75,20.1,26.05,48.97,54.42,3.0701278234985114
282.8,396.97,163.39,105.5,213.42,31.01,2.44,12.3,26.88,38.06,48.45,3.0701278234985114
518.1,118.12710293078135,8.47,25.91,4.22,23.48347601937197,2.05,10.99,59.02,2.56,3.75,3.0701278234985114
674.43,118.12710293078135,7.26,22.05,4.22,23.48347601937197,2.13,11.33,11.61,2.43,3.69,3.0701278234985114
41.71,118.12710293078135,8.14,23.95,4.47,23.48347601937197,2.33,10.59,14.01,2.4,3.38,3.0701278234985114
325.72,118.12710293078135,9.27,22.08,4.47,23.48347601937197,1.64,9.08,55.03,3.280840304500585,8.700972080037227,3.0701278234985114
344.93,118.12710293078135,10.86,21.89,5.45,23.48347601937197,1.38,13.5,65.32,3.280840304500585,8.700972080037227,3.0701278234985114
333.82,118.12710293078135,11.07,21.3,4.22,23.48347601937197,1.73,10.95,66.83,3.280840304500585,8.700972080037227,3.0701278234985114
384.4,118.12710293078135,11.63,22.72,4.22,23.48347601937197,4.46,10.23,61.83,3.280840304500585,8.700972080037227,3.0701278234985114
306.59,118.12710293078135,11.42,19.84,8.33,23.48347601937197,1.26,7.89,63.49,3.280840304500585,8.700972080037227,3.0701278234985114
258.7,118.12710293078135,13.15,20.43,4.22,23.48347601937197,2.31,11.45,50.15,3.280840304500585,8.700972080037227,3.0701278234985114
226.73,118.12710293078135,12.32,19.15,4.22,23.48347601937197,3.61,7.88,42.69,3.280840304500585,8.700972080037227,3.0701278234985114
305.64,118.12710293078135,14.04,17.38,4.22,23.48347601937197,5.99,6.8,51.15,3.280840304500585,8.700972080037227,3.0701278234985114
268.78,118.12710293078135,10.64,18.37,4.81,23.48347601937197,2.77,7.68,49.03,3.280840304500585,8.700972080037227,3.0701278234985114
302.85,118.12710293078135,21.43,16.83,4.3,23.48347601937197,3.01,9.69,47.17,3.280840304500585,8.700972080037227,3.0701278234985114
281.45,118.12710293078135,22.68,14.84,4.22,23.48347601937197,2.92,8.37,43.9,3.280840304500585,8.700972080037227,3.0701278234985114
287.55,118.12710293078135,18.46,15.51,4.05,23.48347601937197,7.74,5.21,29.16,3.280840304500585,8.700972080037227,3.0701278234985114
243.68,118.12710293078135,12.27,18.58,4.22,23.48347601937197,3.2,4.87,37.37,3.280840304500585,8.700972080037227,3.0701278234985114
234.54,118.12710293078135,18.65,20.79,3.38,23.48347601937197,17.43,6.77,26.6,3.280840304500585,8.700972080037227,3.0701278234985114
320.88,118.12710293078135,11.79,19.83,4.81,23.48347601937197,1.94,4.07,28.0,3.280840304500585,8.700972080037227,3.0701278234985114
327.45,118.12710293078135,15.93,59.08,5.06,23.48347601937197,5.2,3.16,44.59,3.280840304500585,8.700972080037227,3.0701278234985114
226.18,118.12710293078135,21.55,16.61,4.22,23.48347601937197,16.09,4.02,39.68,3.280840304500585,8.700972080037227,3.0701278234985114
213.96,118.12710293078135,39.31,70.48,4.22,23.48347601937197,4.08,4.42,35.2,3.280840304500585,8.700972080037227,3.0701278234985114
358.43,118.12710293078135,20.06,35.22,4.38,23.48347601937197,3.09,6.64,44.22,3.280840304500585,8.700972080037227,3.0701278234985114
371.89,118.12710293078135,24.04,40.73,4.47,23.48347601937197,3.52,6.34,43.58,3.280840304500585,8.700972080037227,3.0701278234985114
506.04,118.12710293078135,42.6,48.17,4.47,23.48347601937197,5.1,7.33,36.68,3.280840304500585,8.700972080037227,3.0701278234985114
467.37,118.12710293078135,15.39,20.77,6.16,23.48347601937197,2.01,4.92,45.27,37.16,67.55,3.0701278234985114
385.13,118.12710293078135,71.62,18.69,6.24,23.48347601937197,2.77,11.19,47.33,18.77,50.32,3.0701278234985114
384.13,118.12710293078135,64.39,27.29,5.82,23.48347601937197,2.38,6.2,52.64,0.55,1.05,3.0701278234985114
240.85,118.12710293078135,22.85,36.73,6.27,23.48347601937197,2.43,4.12,39.65,0.19,0.16,3.0701278234985114
343.82,118.12710293078135,14.17,31.23,6.56,23.48347601937197,1.81,4.27,36.36,18.66,47.45,3.0701278234985114
245.71,118.12710293078135,9.59,20.29,4.22,23.48347601937197,1.39,4.49,41.23,7.77,22.08,3.0701278234985114
269.97,118.12710293078135,14.06,8.73,4.22,23.48347601937197,1.69,5.02,41.6,5.99,17.61,3.0701278234985114
277.97,118.12710293078135,10.47,13.02,4.22,23.48347601937197,2.67,5.33,46.88,0.26,0.79,3.0701278234985114
250.73,118.12710293078135,7.72,10.49,3.97,23.48347601937197,2.24,7.17,42.9,3.280840304500585,8.700972080037227,3.0701278234985114
250.67,118.12710293078135,9.21,9.74,2.38,23.48347601937197,1.85,6.86,38.05,13.83,14.25,3.0701278234985114
273.85,118.12710293078135,3.88,12.37,4.22,23.48347601937197,2.51,6.42,17.32,3.280840304500585,8.700972080037227,3.0701278234985114
253.71,118.12710293078135,5.89,11.06,3.88,23.48347601937197,1.37,7.69,21.28,19.5,19.5,3.0701278234985114
241.9,118.12710293078135,11.64,9.29,3.13,23.48347601937197,1.88,8.44,28.9,23.34,23.34,3.0701278234985114
248.76,118.12710293078135,7.27,9.88,3.55,23.48347601937197,1.76,7.45,47.57,3.280840304500585,8.700972080037227,3.0701278234985114
259.11,118.12710293078135,7.18,12.09,3.78,23.48347601937197,2.02,8.84,47.42,0.19,0.77,3.0701278234985114
277.66,118.12710293078135,4.29,14.85,4.22,23.48347601937197,1.61,7.22,39.27,0.13,8.700972080037227,3.0701278234985114
290.47,118.12710293078135,8.79,16.52,5.15,23.48347601937197,1.6,5.96,38.88,3.280840304500585,8.700972080037227,3.0701278234985114
42.82,118.12710293078135,5.51,5.97,2.21,23.48347601937197,1.3,6.35,61.81,2.77,0.91,3.0701278234985114
431.69,118.12710293078135,41.9,62.38,6.24,23.48347601937197,1.89,22.13,25.35,1.74,3.82,3.0701278234985114
243.78,118.12710293078135,31.32,56.84,6.24,23.48347601937197,2.24,10.23,32.19,1.52,3.77,3.0701278234985114
411.23,118.12710293078135,15.53,69.86,32.30912333307031,23.48347601937197,1.72,11.56,30.82,2.06,4.09,3.0701278234985114
495.65,118.12710293078135,32.1,74.57,32.30912333307031,23.48347601937197,1.93,13.19,23.07,2.43,6.99,3.0701278234985114
499.06,118.12710293078135,52.95,75.44,32.30912333307031,23.48347601937197,1.66,12.0,45.86,2.82,8.59,3.0701278234985114
345.54,118.12710293078135,58.36,63.08,32.30912333307031,23.48347601937197,3.15,10.5,40.58,2.82,8.02,3.0701278234985114
305.4,118.12710293078135,94.14,98.34,6.24,23.48347601937197,5.76,4.69,38.3,3.14,11.02,3.0701278234985114
331.04,118.12710293078135,74.46,88.03,6.24,23.48347601937197,2.89,4.25,70.68,2.47,7.71,3.0701278234985114
314.46,118.12710293078135,120.65,108.12,6.24,23.48347601937197,3.26,7.18,48.85,9.29,21.33,3.0701278234985114
244.33,118.12710293078135,54.96,92.85,6.24,23.48347601937197,2.05,6.9,62.79,8.76,21.46,3.0701278234985114
309.53,118.12710293078135,106.54,91.0,6.24,23.48347601937197,2.98,6.55,21.15,7.85,16.86,3.0701278234985114
221.57,118.12710293078135,81.19,73.28,6.24,23.48347601937197,6.9,6.75,28.74,6.88,14.52,3.0701278234985114
345.98,118.12710293078135,49.68,62.0,32.30912333307031,23.48347601937197,1.64,19.17,21.86,5.67,12.63,3.0701278234985114
235.85,118.12710293078135,11.25,47.37,32.30912333307031,23.48347601937197,1.44,12.73,36.47,4.26,8.45,3.0701278234985114
271.83,118.12710293078135,71.5,57.11,32.30912333307031,23.48347601937197,1.63,21.96,30.52,3.28,13.16,3.0701278234985114
273.9,118.12710293078135,37.24,47.51,32.30912333307031,23.48347601937197,2.02,9.53,34.64,3.53,13.6,3.0701278234985114
274.78,118.12710293078135,31.32,43.05,32.30912333307031,23.48347601937197,1.91,8.53,41.88,2.95,12.71,3.0701278234985114
373.48,118.12710293078135,58.67,76.98,32.30912333307031,23.48347601937197,2.02,13.24,48.78,6.47,22.63,3.0701278234985114
266.72,118.12710293078135,33.19,58.2,32.30912333307031,23.48347601937197,2.09,10.68,37.73,6.84,35.2,3.0701278234985114
276.9,118.12710293078135,86.91,72.76,32.30912333307031,23.48347601937197,3.01,9.1,51.97,8.31,20.96,3.0701278234985114
329.55,118.12710293078135,130.41,67.21,32.30912333307031,23.48347601937197,4.49,7.69,41.32,11.29,24.7,3.0701278234985114
294.09,118.12710293078135,38.48,48.04,32.30912333307031,23.48347601937197,1.74,6.54,27.5,5.74,18.18,3.0701278234985114
292.53,118.12710293078135,37.99,53.82,32.30912333307031,23.48347601937197,1.57,9.16,31.52,5.99,12.77,3.0701278234985114
256.58,118.12710293078135,30.74,73.21,32.30912333307031,23.48347601937197,2.53,10.52,40.4,2.29,11.08,3.0701278234985114
272.01,118.12710293078135,48.16,73.74,32.30912333307031,23.48347601937197,2.74,9.84,37.74,2.5,14.06,3.0701278234985114
336.07,118.12710293078135,102.44,83.21,32.30912333307031,23.48347601937197,3.41,11.41,35.47,3.17,14.21,3.0701278234985114
240.42,118.12710293078135,17.87,50.7,32.30912333307031,23.48347601937197,2.02,7.72,31.55,1.76,6.09,3.0701278234985114
301.46,118.12710293078135,18.44,54.86,32.30912333307031,23.48347601937197,1.44,5.99,83.13,2.0,5.18,3.0701278234985114
402.47,118.12710293078135,7.35,24.59,32.30912333307031,23.48347601937197,1.31,3.85,27.63,3.01,5.02,3.0701278234985114
334.9,118.12710293078135,42.34,60.72,66.12,41.97,1.51,9.79,57.2,0.35,1.14,3.0701278234985114
387.84,118.12710293078135,65.64,55.77,82.14,51.92,1.65,9.39,56.13,0.56,2.87,3.0701278234985114
378.39,118.12710293078135,45.74,51.14,63.79,42.02,2.05,8.94,50.44,1.16,1.11,3.0701278234985114
258.15,118.12710293078135,21.19,52.54,44.84,34.8,1.31,10.15,60.8,1.33,1.54,3.0701278234985114
446.68,118.12710293078135,60.76,62.1,76.25,55.7,1.81,10.83,45.74,1.18,1.76,3.0701278234985114
425.31,118.12710293078135,103.0,60.79,116.02,77.23,1.58,10.19,35.99,1.2,1.98,3.0701278234985114
237.11,118.12710293078135,49.14,56.89,69.47,44.19,1.85,9.5,37.48,1.22,1.47,3.0701278234985114
274.25,118.12710293078135,72.96,80.71,101.26,66.11,2.02,8.59,31.53,1.34,3.38,3.0701278234985114
286.15,118.12710293078135,106.63,73.94,124.68,65.03,2.39,8.26,29.09,1.3,3.83,3.0701278234985114
347.73,118.12710293078135,68.28,78.85,95.55,47.94,2.57,10.93,22.79,3.46,3.02,3.0701278234985114
433.0,118.12710293078135,113.36,76.92,131.19,44.06,2.78,13.64,25.31,5.82,5.27,3.0701278234985114
288.47,118.12710293078135,42.66,57.72,65.06,50.96,1.79,12.24,49.22,2.92,2.56,3.0701278234985114
290.8,118.12710293078135,41.47,59.6,64.87,49.9,1.94,8.66,64.21,2.45,1.72,3.0701278234985114
369.35,118.12710293078135,65.49,53.57,73.3,49.48,2.13,9.5,51.08,3.75,2.72,3.0701278234985114
243.94,118.12710293078135,37.62,46.83,50.17,53.46,2.15,10.19,39.17,2.2,1.56,3.0701278234985114
239.01,118.12710293078135,12.12,38.57,28.67,52.42,1.43,7.57,42.66,2.04,6.27,3.0701278234985114
300.46,118.12710293078135,25.08,58.74,40.75,50.55,1.83,9.17,25.25,3.73,5.86,3.0701278234985114
245.76,118.12710293078135,25.68,45.21,44.62,51.86,1.83,8.57,22.39,2.84,5.16,3.0701278234985114
301.74,118.12710293078135,15.11,54.54,40.61,52.73,1.29,9.29,17.78,1.12,2.32,3.0701278234985114
284.77,118.12710293078135,33.23,52.45,59.1,51.37,1.49,10.86,22.37,1.53,2.15,3.0701278234985114
231.89,118.12710293078135,38.7,62.82,65.0,50.05,1.36,9.76,26.75,1.46,3.4,3.0701278234985114
290.41,118.12710293078135,93.85,54.83,104.19,46.14,1.89,9.96,22.2,6.83,12.02,3.0701278234985114
275.53,118.12710293078135,71.72,49.56,81.59,37.18,1.83,9.71,26.45,4.4,24.62,3.0701278234985114
268.33,118.12710293078135,8.23,48.23,28.58,36.18,0.42,8.98,39.44,0.0,0.0,3.0701278234985114
298.35,118.12710293078135,7.38,45.56,41.6,36.26,0.18,6.2,34.49143047551845,0.0,0.0,3.0701278234985114
400.97,118.12710293078135,24.17,54.59,47.4,42.51,2.0,16.73,39.74,0.8,1.73,3.0701278234985114
254.56,118.12710293078135,35.78,52.55,56.68,53.87,1.96,10.04,46.86,0.53,0.94,3.0701278234985114
242.63,118.12710293078135,47.14,59.83,68.35,69.68,2.13,10.69,40.94,1.36,1.35,3.0701278234985114
232.81,118.12710293078135,31.19,56.29,54.66,53.29,1.25,8.32,26.44,0.07,1.26,3.0701278234985114
248.51,118.12710293078135,40.06,61.89,64.7,61.3,1.01,14.7,31.43,0.08,0.9,3.0701278234985114
272.75,118.12710293078135,45.79,62.96,69.19,48.72,1.03,15.52,29.14,0.09,1.04,3.0701278234985114
342.7,118.12710293078135,107.42,78.56,127.24,65.39,1.26,16.56,23.3,0.16,2.8,3.0701278234985114
218.08,118.12710293078135,18.21,58.14,44.7,34.08,0.99,9.0,24.84,0.09,0.99,3.0701278234985114
266.0,118.12710293078135,41.15,48.05,58.21,45.63,0.96,8.31,21.83,0.06,0.52,3.0701278234985114
296.73,118.12710293078135,40.71,94.87,69.53,10.28,1.22,13.13,49.12,4.52,25.82,3.0701278234985114
262.62,118.12710293078135,13.93,67.88,47.15,10.16,0.73,9.95,55.48,4.08,16.76,3.0701278234985114
382.96,118.12710293078135,14.55,55.83,41.39,9.83,0.99,7.8,47.57,2.83,12.67,3.0701278234985114
230.03,118.12710293078135,16.36,49.05,39.12,9.16,0.84,8.92,41.37,3.21,10.78,3.0701278234985114
286.23,118.12710293078135,91.75,86.74,118.48,34.45,2.35,26.48,26.13,8.67,44.56,3.0701278234985114
279.32,118.12710293078135,57.92,24.69,82.28,23.48347601937197,2.32,5.42,10.85,0.46,1.89,0.94
222.41,118.12710293078135,54.94,26.47,81.18,23.48347601937197,2.03,5.89,10.7,0.41,1.92,0.87
315.16,118.12710293078135,167.81,33.24,200.85,23.48347601937197,3.67,8.69,23.89,0.53,1.77,1.43
422.92,118.12710293078135,221.41,36.42,257.82,23.48347601937197,4.1,0.73,4.17,0.76,2.62,2.28
273.82,118.12710293078135,145.01,37.1,181.05,23.48347601937197,3.63,4.29,10.27,0.58,1.93,1.55
305.56,118.12710293078135,123.94,37.41,160.68,23.48347601937197,2.67,2.26,11.87,0.5,1.59,1.28
281.76,118.12710293078135,78.62,34.87,113.53,23.48347601937197,3.43,13.94,11.38,0.45,1.34,1.07
253.51,118.12710293078135,84.94,31.61,116.52,23.48347601937197,2.66,7.21,13.87,0.4,1.24,0.96
242.71,118.12710293078135,92.03,35.95,127.91,23.48347601937197,2.62,5.55,9.59,0.49,1.55,1.24
250.54,118.12710293078135,55.57,38.0,93.55,23.48347601937197,1.86,3.25,12.85,0.42,1.11,0.71
272.46,118.12710293078135,70.6,41.71,111.51,23.48347601937197,2.4,6.59,11.48,0.47,1.36,1.04
321.28,118.12710293078135,89.84,43.6,133.13,23.48347601937197,3.15,6.53,13.86,0.55,1.54,1.2
283.03,118.12710293078135,68.58,44.37,112.57,23.48347601937197,2.08,6.04,12.42,0.46,1.17,0.83
322.19,118.12710293078135,65.08,42.01,106.55,23.48347601937197,2.98,6.64,15.57,0.48,1.32,0.96
645.5,118.12710293078135,199.3,40.82,240.12,23.48347601937197,5.7,3.7,8.66,0.88,2.58,2.17
299.25,118.12710293078135,81.98,42.69,124.58,23.48347601937197,2.55,7.84,14.36,0.49,1.5,1.25
296.46,118.12710293078135,88.5,42.42,130.63,23.48347601937197,2.87,7.31,18.37,0.5,1.58,1.33
281.18,118.12710293078135,107.53,45.18,152.52,23.48347601937197,2.82,7.66,19.77,0.53,1.65,1.43
284.03,118.12710293078135,86.66,43.49,129.92,23.48347601937197,2.16,8.81,22.66,0.43,1.12,0.85
255.32,118.12710293078135,32.94,37.49,70.36,23.48347601937197,1.86,8.02,22.07,0.39,0.99,0.66
364.83,118.12710293078135,60.67,43.96,104.28,23.48347601937197,2.51,7.72,37.67,0.5,1.41,1.05
391.47,118.12710293078135,45.95,45.49,91.44,23.48347601937197,2.35,3.46,48.04,0.51,1.28,0.88
498.75,118.12710293078135,200.37,51.59,251.96,23.48347601937197,8.06,4.57,42.46,0.97,3.16,3.11
498.02,118.12710293078135,195.0,45.11,239.99,23.48347601937197,6.15,7.32,34.48,0.91,2.83,2.52
553.63,118.12710293078135,161.83,39.36,201.04,23.48347601937197,5.75,6.49,36.11,0.88,2.61,2.34
454.15,118.12710293078135,122.14,35.62,167.56,23.48347601937197,3.45,7.22,27.27,0.73,2.0,1.67
406.49,118.12710293078135,96.86,36.59,133.45,23.48347601937197,3.8,2.73,14.47,0.71,2.15,1.79
361.88,118.12710293078135,131.69,34.76,166.08,23.48347601937197,3.55,6.62,25.2,0.66,1.93,1.63
373.44,118.12710293078135,152.73,39.02,141.81,23.48347601937197,3.65,7.05,38.77,0.71,2.07,1.78
451.4,118.12710293078135,196.42,40.48,223.87,23.48347601937197,5.48,6.59,41.75,0.79,2.4,2.16
290.05,118.12710293078135,107.17,42.48,148.83,23.48347601937197,2.8,7.41,13.42,0.5,1.65,1.39
260.51,118.12710293078135,31.8,40.09,71.89,23.48347601937197,1.79,2.93,23.52,0.44,1.33,1.09
301.41,118.12710293078135,118.1,32.02,148.44,23.48347601937197,4.71,11.46,16.89,0.57,1.82,1.57
355.4,118.12710293078135,118.54,25.68,142.41,23.48347601937197,6.21,35.97,17.07,0.58,1.79,1.59
412.87,118.12710293078135,125.48,42.07,167.55,23.48347601937197,4.23,13.69,13.99,0.66,2.06,1.83
312.14,118.12710293078135,78.45,43.25,119.75,23.48347601937197,3.26,10.52,12.36,0.52,1.54,1.26
302.58,118.12710293078135,54.77,41.38,96.15,23.48347601937197,2.12,2.3,14.04,0.76,1.48,1.24
335.55,118.12710293078135,91.57,38.73,130.31,23.48347601937197,2.98,6.6,10.85,0.56,1.51,1.34
298.3,118.12710293078135,102.57,38.43,141.0,23.48347601937197,2.49,6.0,13.55,0.48,1.42,1.23
248.62,118.12710293078135,54.36,39.34,93.7,23.48347601937197,1.84,6.57,15.69,0.41,1.15,0.95
309.87,118.12710293078135,69.83,39.45,109.29,23.48347601937197,2.27,7.19,10.1,0.49,1.4,1.2
337.37,118.12710293078135,64.48,37.33,101.82,23.48347601937197,2.38,6.48,11.12,0.51,1.45,1.29
345.73,118.12710293078135,51.42,37.92,89.34,23.48347601937197,2.25,7.19,12.02,0.49,1.25,0.99
239.65,118.12710293078135,56.72,34.36,91.08,23.48347601937197,2.02,6.88,9.28,0.47,1.25,0.99
415.43,118.12710293078135,14.39,18.96,31.95,23.48347601937197,1.15,9.88,28.5,0.16,0.68,0.42
372.28,118.12710293078135,41.67,30.28,71.94,23.48347601937197,1.76,7.92,18.37,0.23,0.83,0.78
415.99,118.12710293078135,28.54,30.21,58.76,23.48347601937197,1.59,9.1,17.91,0.22,0.81,0.79
173.54,118.12710293078135,16.92,28.01,44.95,23.48347601937197,1.36,9.45,19.87,0.18,0.72,0.82
555.33,118.12710293078135,43.25,25.81,69.05,23.48347601937197,0.76,1.5,13.59,0.22,0.9,1.27
335.78,118.12710293078135,10.26,21.14,30.77,23.48347601937197,1.66,10.38,31.45,0.17,0.59,0.53
211.3,118.12710293078135,39.15,37.8,76.95,23.48347601937197,1.77,2.91,19.55,0.25,0.95,0.86
292.92,118.12710293078135,24.34,36.69,61.04,23.48347601937197,1.77,6.02,23.46,0.24,0.79,0.49
293.74,118.12710293078135,27.92,35.76,63.68,23.48347601937197,2.01,5.74,20.18,0.26,0.8,0.54
265.52,118.12710293078135,23.9,36.2,60.11,23.48347601937197,1.97,7.0,23.32,0.23,0.72,0.48
199.17,118.12710293078135,89.92,41.0,130.92,23.48347601937197,3.07,10.51,28.75,0.25,0.96,0.82
282.43,118.12710293078135,81.46,36.49,93.77,23.48347601937197,2.57,1.56,28.99,0.27,0.88,0.69
279.68,118.12710293078135,111.81,37.82,131.04,23.48347601937197,3.45,2.4,22.22,0.3,1.03,0.88
404.21,118.12710293078135,109.35,41.19,150.54,23.48347601937197,3.34,2.03,14.59,0.4,1.32,1.2
376.52,118.12710293078135,60.77,34.29,95.07,23.48347601937197,2.97,8.46,14.68,0.31,0.99,0.78
461.53,118.12710293078135,84.95,36.2,121.15,23.48347601937197,3.63,8.38,12.39,0.39,1.25,1.1
322.79,118.12710293078135,84.46,37.83,122.29,23.48347601937197,3.42,12.52,12.66,0.34,1.07,0.91
213.92,118.12710293078135,79.32,40.84,120.15,23.48347601937197,2.27,7.02,13.64,0.28,1.02,0.86
238.16,118.12710293078135,42.31,35.18,77.49,23.48347601937197,2.46,7.16,16.52,0.28,0.88,0.64
238.56,118.12710293078135,87.29,34.18,121.35,23.48347601937197,4.64,22.56,18.42,0.3,1.1,0.72
392.31,118.12710293078135,28.96,18.36,47.32,23.48347601937197,2.08,1.29,0.6,0.35,0.72,0.38
420.88,118.12710293078135,97.13,35.34,132.49,23.48347601937197,4.14,8.37,7.06,0.38,1.2,0.98
466.48,118.12710293078135,100.19,36.53,136.84,23.48347601937197,4.18,12.42,5.45,0.4,1.36,1.14
357.91,118.12710293078135,25.66,26.5,52.16,23.48347601937197,2.63,6.35,3.6,0.32,0.89,0.6
392.75,118.12710293078135,153.27,37.22,190.52,23.48347601937197,6.23,12.23,7.2,0.42,1.38,1.18
427.46,118.12710293078135,119.32,31.64,150.94,23.48347601937197,4.31,9.02,4.86,0.38,1.33,1.07
274.23,118.12710293078135,31.48,19.14,50.62,23.48347601937197,2.41,6.63,3.24,0.29,0.77,0.46
242.58,118.12710293078135,40.33,21.6,61.94,23.48347601937197,2.34,3.0,5.13,0.26,0.82,0.57
229.8,118.12710293078135,37.9,18.89,56.73,23.48347601937197,2.55,1.49,4.34,0.25,0.81,0.45
238.36,118.12710293078135,34.01,24.54,58.56,23.48347601937197,2.3,11.88,5.03,0.24,0.73,0.4
174.41,118.12710293078135,35.87,30.7,66.55,23.48347601937197,2.08,11.81,8.5,0.22,0.91,0.57
243.71,118.12710293078135,32.77,34.81,67.58,23.48347601937197,2.15,8.73,15.81,0.24,0.81,0.43
260.54,118.12710293078135,44.33,42.82,87.15,23.48347601937197,2.0,4.95,9.11,0.26,0.91,0.53
422.59,118.12710293078135,69.36,58.09,127.45,23.48347601937197,2.39,4.28,7.53,0.25,0.92,0.56
256.46,118.12710293078135,55.97,55.48,111.46,23.48347601937197,2.06,4.13,10.72,0.19,0.84,0.45
282.41,118.12710293078135,108.87,52.7,161.57,23.48347601937197,2.34,0.63,7.03,0.26,1.03,0.67
273.71,118.12710293078135,141.51,53.67,195.19,23.48347601937197,2.6,1.14,8.56,0.28,1.13,0.63
348.58,118.12710293078135,64.08,39.15,103.21,23.48347601937197,3.12,14.68,10.09,0.18,0.71,0.28
263.04,118.12710293078135,84.05,44.93,128.99,23.48347601937197,3.3,21.77,12.33,0.26,0.93,0.54
277.0,118.12710293078135,167.06,53.5,220.56,23.48347601937197,3.16,4.85,15.41,0.29,1.14,0.78
290.88,118.12710293078135,163.91,55.16,219.07,23.48347601937197,2.95,3.48,18.03,0.28,1.09,0.74
342.0,118.12710293078135,4.06,10.38,14.44,23.48347601937197,1.49,4.4,18.05,0.08,0.5,0.11
296.86,118.12710293078135,56.73,173.39,79.33,23.48347601937197,2.26,20.66,29.74,0.82,4.56,0.57
318.54,118.12710293078135,220.86,266.46,203.0,23.48347601937197,5.08,21.41,29.94,0.98,5.37,0.87
263.01,118.12710293078135,120.78,178.84,132.18,23.48347601937197,2.67,26.09,25.62,1.03,5.7,0.84
203.29,118.12710293078135,36.01,100.81,47.96,23.48347601937197,2.48,18.99,85.1,0.72,4.34,2.9
305.93,118.12710293078135,37.56,53.74,36.7,23.48347601937197,1.99,20.99,52.42,0.76,4.49,2.4
348.67,118.12710293078135,19.26,31.58,19.86,23.48347601937197,2.89,29.86,42.46,0.97,5.39,3.12
284.45,118.12710293078135,11.34,28.56,14.26,23.48347601937197,2.16,20.68,73.76,0.7,4.56,2.1
237.81,118.12710293078135,28.68,29.44,25.02,23.48347601937197,1.56,22.84,65.65,0.7,4.71,2.55
300.46,118.12710293078135,62.56,31.01,45.99,23.48347601937197,1.87,17.53,37.1,1.2,6.19,5.41
339.2,118.12710293078135,67.29,29.49,48.46,23.48347601937197,2.6,16.88,44.29,1.5,7.06,7.2
401.35,118.12710293078135,34.97,28.68,28.65,23.48347601937197,2.93,20.61,37.43,1.19,6.44,5.19
414.58,118.12710293078135,62.58,29.81,45.69,23.48347601937197,2.34,28.35,37.07,1.49,7.21,7.22
279.39,118.12710293078135,21.78,20.7,18.58,23.48347601937197,2.7,23.45,42.65,0.97,5.93,4.05
296.04,118.12710293078135,25.96,21.84,21.4,23.48347601937197,3.06,24.46,43.66,0.88,5.26,3.5
335.71,118.12710293078135,32.13,23.83,25.66,23.48347601937197,4.02,26.59,54.36,0.99,4.81,4.19
363.93,118.12710293078135,31.09,21.09,24.32,23.48347601937197,2.68,25.24,39.96,1.04,5.93,4.08
275.48,118.12710293078135,18.02,14.26,14.62,23.48347601937197,2.82,20.03,45.71,0.92,5.22,3.64
226.61,118.12710293078135,23.4,13.0,17.91,23.48347601937197,1.8,16.82,47.19,0.72,5.22,3.55
279.72,118.12710293078135,63.88,73.19,65.97,23.48347601937197,2.9,34.58,24.56,0.84,4.25,2.65
302.05,118.12710293078135,40.76,103.91,53.79,23.48347601937197,2.36,54.94,35.15,0.73,4.07,2.08
391.54,118.12710293078135,18.36,11.99,14.52,23.48347601937197,4.02,33.04,22.58,1.04,4.81,3.34
265.55,118.12710293078135,10.77,5.83,8.19,23.48347601937197,3.19,34.99,15.09,0.78,3.82,1.83
269.49,118.12710293078135,43.62,34.49,35.53,23.48347601937197,3.47,37.05,13.36,0.82,3.73,2.08
227.69,118.12710293078135,16.8,22.89,16.12,23.48347601937197,2.47,36.7,21.65,0.62,3.03,1.9
257.28,118.12710293078135,12.28,21.22,13.2,23.48347601937197,2.31,30.81,23.45,0.67,3.05,1.44
235.51,118.12710293078135,48.42,69.63,47.68,23.48347601937197,2.15,39.19,46.6,0.48,2.81,1.32
322.31,118.12710293078135,60.44,93.6,61.93,23.48347601937197,2.97,61.32,35.42,0.81,3.87,1.98
247.38,118.12710293078135,22.22,43.78,25.19,23.48347601937197,2.5,52.83,30.75,0.7,3.1,1.61
260.02,118.12710293078135,34.44,69.93,39.86,23.48347601937197,2.44,50.29,30.67,0.64,2.65,1.31
272.9,118.12710293078135,31.92,73.46,39.23,23.48347601937197,2.83,37.73,50.43,0.62,3.12,1.93
295.52,118.12710293078135,9.34,13.56,9.18,23.48347601937197,1.67,32.85,66.77,3.92,23.26,9.93
261.24,118.12710293078135,9.03,2.9,6.19,23.48347601937197,2.32,31.41,77.28,3.73,30.62,9.74
275.6,118.12710293078135,23.43,5.49,15.47,23.48347601937197,3.2,30.7,34.49143047551845,4.94,33.37,25.43
276.11,118.12710293078135,28.63,2.68,16.95,23.48347601937197,2.31,38.44,34.49143047551845,4.59,30.99,19.97
237.86,118.12710293078135,31.34,6.07,18.78,23.48347601937197,2.92,33.15,34.49143047551845,4.91,32.07,23.97
260.83,118.12710293078135,38.96,6.61,23.81,23.48347601937197,3.01,35.12,34.49143047551845,5.78,34.65,21.44
251.83,118.12710293078135,14.59,4.56,10.01,23.48347601937197,2.95,31.97,34.49143047551845,3.77,28.38,14.01
290.17,118.12710293078135,58.22,98.74,63.88,23.48347601937197,3.68,24.44,34.49143047551845,4.69,26.76,20.12
289.43,118.12710293078135,32.86,114.75,49.65,23.48347601937197,2.96,28.69,34.49143047551845,4.43,25.65,16.37
262.16,118.12710293078135,18.95,61.62,27.46,23.48347601937197,2.86,24.78,34.49143047551845,4.11,27.24,15.11
246.52,118.12710293078135,10.49,18.31,11.1,23.48347601937197,2.89,25.16,34.49143047551845,3.68,24.94,14.52
282.8,118.12710293078135,21.37,40.6,23.45,23.48347601937197,2.83,29.52,34.49143047551845,3.91,25.25,13.16
258.02,118.12710293078135,22.99,19.66,18.96,23.48347601937197,2.3,46.42,34.49143047551845,4.21,27.1,14.26
303.44,118.12710293078135,33.38,9.16,22.37,23.48347601937197,3.5,40.06,34.49143047551845,5.45,28.42,24.66
253.4,118.12710293078135,45.55,44.38,46.74,23.48347601937197,2.44,41.9,34.49143047551845,4.76,28.61,25.27
253.49,118.12710293078135,18.0,20.57,13.25,23.48347601937197,2.09,43.64,34.49143047551845,4.41,26.79,20.7
205.41,118.12710293078135,12.23,17.36,8.93,23.48347601937197,1.16,36.54,34.49143047551845,3.3,18.2,11.58
353.24,118.12710293078135,10.97,9.85,9.21,23.48347601937197,2.3,28.81,34.49143047551845,3.96,24.46,13.13
426.71,118.12710293078135,20.03,7.84,13.73,23.48347601937197,2.08,32.46,34.49143047551845,4.11,22.51,15.14
283.17,118.12710293078135,10.48,6.1,7.94,23.48347601937197,2.53,27.61,34.49143047551845,3.67,23.47,11.18
253.38,118.12710293078135,7.14,5.32,5.72,23.48347601937197,1.9,33.02,34.49143047551845,3.61,25.31,10.06
263.32,118.12710293078135,16.2,4.11,10.26,23.48347601937197,2.1,34.63,34.49143047551845,3.79,26.28,12.58
244.4,118.12710293078135,12.3,6.01,8.97,23.48347601937197,2.24,28.16,34.49143047551845,4.11,28.34,15.14
337.17,118.12710293078135,38.91,164.83,62.85,23.48347601937197,2.54,25.07,60.97,4.45,25.92,12.04
359.32,118.12710293078135,40.82,113.29,48.29,23.48347601937197,2.8,25.42,70.44,4.58,24.4,12.79
436.55,118.12710293078135,32.51,21.09,24.91,23.48347601937197,2.86,33.82,53.72,5.47,26.65,17.17
463.51,118.12710293078135,57.56,32.27,45.12,23.48347601937197,3.65,31.81,46.44,6.09,31.66,23.23
398.93,118.12710293078135,29.39,65.46,34.78,23.48347601937197,2.61,34.85,56.93,5.11,28.82,19.92
376.2,118.12710293078135,48.86,44.39,41.14,23.48347601937197,2.18,31.78,57.04,4.75,27.82,17.84
423.94,118.12710293078135,85.64,30.31,59.21,23.48347601937197,2.2,36.1,32.31,6.01,30.56,25.27
230.07,118.12710293078135,27.86,31.34,25.02,23.48347601937197,2.14,33.58,41.91,4.9,31.04,24.23
312.38,118.12710293078135,33.09,17.02,24.43,23.48347601937197,3.15,28.05,63.65,5.11,28.46,21.31
300.4,118.12710293078135,58.83,26.11,42.11,23.48347601937197,2.54,33.52,56.28,4.74,28.76,20.44
295.69,118.12710293078135,26.42,15.35,19.93,23.48347601937197,2.42,33.72,58.98,4.87,30.99,18.76
250.19,118.12710293078135,5.5,7.88,5.37,23.48347601937197,1.03,31.37,85.39,3.26,23.04,11.02
359.72,118.12710293078135,21.95,7.79,15.32,23.48347601937197,2.96,32.07,25.2,4.2,25.03,17.1
337.78,118.12710293078135,13.85,2.82,9.05,23.48347601937197,2.48,31.11,29.4,3.98,26.24,14.33
277.86,118.12710293078135,15.63,22.85,15.29,23.48347601937197,2.11,31.81,35.35,3.71,24.46,11.86
363.78,118.12710293078135,20.84,10.18,14.79,23.48347601937197,2.27,36.53,41.42,3.81,24.79,11.12
478.16,118.12710293078135,51.71,17.36,33.22,23.48347601937197,3.41,30.18,38.13,5.35,26.71,20.69
313.62,118.12710293078135,48.09,188.74,78.51,23.48347601937197,1.89,31.23,42.25,4.36,25.3,19.3
293.0,118.12710293078135,82.01,111.04,78.51,23.48347601937197,2.66,42.2,41.65,3.85,23.47,12.95
237.45,118.12710293078135,23.97,40.06,24.91,23.48347601937197,2.73,42.32,44.55,3.5,22.2,11.51
268.5,118.12710293078135,11.24,27.94,14.11,23.48347601937197,1.59,62.87,67.57,16.1,46.61,40.25
277.48,118.12710293078135,20.09,19.97,17.36,23.48347601937197,2.76,61.83,52.53,13.94,39.51,39.05
271.56,118.12710293078135,12.6,20.2,12.88,23.48347601937197,2.2,66.6,72.26,11.08,28.82,19.9
248.06,118.12710293078135,14.75,21.94,14.63,23.48347601937197,2.11,64.97,68.85,9.93,29.16,24.93
257.38,118.12710293078135,52.63,46.43,65.89,23.48347601937197,1.71,16.08,59.98,2.25,5.79,5.16
301.39,118.12710293078135,35.16,42.23,50.29,23.48347601937197,1.68,12.56,21.67,2.68,7.38,7.02
287.55,118.12710293078135,45.18,37.27,56.54,23.48347601937197,1.63,16.41,18.66,2.69,7.67,7.95
209.27,118.12710293078135,94.66,56.21,106.91,23.48347601937197,2.21,19.22,16.12,2.67,8.32,9.26
271.84,118.12710293078135,67.51,52.12,82.61,23.48347601937197,3.13,17.1,22.44,3.48,10.62,11.82
241.46,118.12710293078135,34.33,17.67,37.31,23.48347601937197,3.31,13.75,15.8,3.34,10.52,12.26
243.08,118.12710293078135,22.68,24.43,31.44,23.48347601937197,2.08,10.48,23.65,2.54,7.4,7.42
273.62,118.12710293078135,17.574729662029362,28.560659061126955,32.30912333307031,23.48347601937197,2.14,8.6,18.34,3.79,7.54,6.22
354.05,118.12710293078135,17.574729662029362,28.560659061126955,32.30912333307031,23.48347601937197,3.58,9.85,16.59,4.38,10.59,10.24
290.28,118.12710293078135,17.574729662029362,28.560659061126955,32.30912333307031,23.48347601937197,3.1,14.46,30.81,3.77,8.66,8.17
242.58,158.08,8.62,42.92,47.85,49.8,2.75,10.66,33.28,3.79,8.3,8.14
238.35,529.88,100.62,94.69,195.22,7.69,2.73,72.67,24.42,0.0,0.0,3.0701278234985114
223.24,428.19,99.67,99.8,183.72,9.87,2.56,78.68,23.63,0.0,0.0,3.0701278234985114
283.31,488.72,173.68,36.38,185.73,28.93,3.3,52.69,30.91,0.0,0.0,3.0701278234985114
217.86,358.15,125.44,31.96,155.71,26.85,2.97,24.63,21.34,0.0,0.0,3.0701278234985114
95.01,444.69,27.84,5.91,22.59,6.77,0.01,22.89,10.33,3.280840304500585,8.700972080037227,3.0701278234985114
107.97,474.87,18.18,1.4,19.57,6.71,2.08,19.59,9.93,3.280840304500585,8.700972080037227,3.0701278234985114
93.4,429.05,20.48,0.53,20.86,6.82,1.88,23.58,10.9,3.280840304500585,8.700972080037227,3.0701278234985114
81.8,466.19,18.83,1.48,19.92,6.75,1.78,28.1,9.04,3.280840304500585,8.700972080037227,3.0701278234985114
110.22,528.3,21.49,0.32,21.42,6.88,1.92,26.37,8.15,3.280840304500585,8.700972080037227,3.0701278234985114
110.75,494.5,51.52,0.25,37.78,9.96,2.96,26.82,6.4,3.280840304500585,8.700972080037227,3.0701278234985114
100.66,507.65,23.27,0.1,22.4,6.98,2.08,28.86,8.24,3.280840304500585,8.700972080037227,3.0701278234985114
88.36,451.12,24.03,0.09,22.83,7.02,1.84,25.13,8.19,3.280840304500585,8.700972080037227,3.0701278234985114
100.93,456.56,25.19,0.02,23.45,7.09,1.86,18.29,8.62,3.280840304500585,8.700972080037227,3.0701278234985114
109.94,423.46,35.6,28.560659061126955,27.97,8.39,2.37,18.03,8.02,3.280840304500585,8.700972080037227,3.0701278234985114
99.88,424.28,23.55,0.03,22.54,6.98,2.34,31.05,10.45,0.0,8.700972080037227,3.0701278234985114
96.65,482.14,32.23,28.560659061126955,27.3,7.47,3.35,28.02,9.83,0.0,8.700972080037227,3.0701278234985114
88.48,444.48,31.82,3.79,27.05,7.44,2.81,19.88,8.99,0.0,8.700972080037227,3.0701278234985114
83.85,370.72,30.51,28.560659061126955,26.37,7.39,2.59,17.27,6.5,0.0,8.700972080037227,3.0701278234985114
129.55,567.83,31.84,28.560659061126955,27.07,7.46,3.69,25.38,14.16,0.0,8.700972080037227,3.0701278234985114
68.38,336.82,35.57,28.560659061126955,29.15,7.66,2.52,16.17,7.5,0.0,8.700972080037227,3.0701278234985114
116.52,768.16,27.89,28.560659061126955,24.94,7.23,4.2,16.71,3.71,0.0,8.700972080037227,3.0701278234985114
71.07,369.02,32.85,28.560659061126955,27.66,7.52,2.96,6.63,8.0,0.0,8.700972080037227,3.0701278234985114
48.32,512.41,41.82,1.21,41.62,8.49,2.11,36.43,13.67,0.0,8.700972080037227,3.0701278234985114
57.45,493.34,39.71,1.9,40.38,8.35,1.68,36.34,13.75,0.0,8.700972080037227,3.0701278234985114
