PM2.5,PM10,NO,NO2,NOx,NH3,CO,SO2,O3,Benzene,Toluene,Xylene
79.84,118.12710293078135,13.85,28.68,41.08,23.48347601937197,13.85,48.49,97.07,0.04,0.0,4.81
74.28,118.12710293078135,8.92,27.3,33.42,23.48347601937197,8.92,54.28,47.42,0.0,0.0,0.27
113.93,118.12710293078135,4.32,24.27,26.86,23.48347601937197,4.32,48.73,39.94,0.02,0.0,3.55
66.52,118.12710293078135,6.34,23.8,28.24,23.48347601937197,6.34,66.58,53.14,9.7,9.63,16.49
93.88,118.12710293078135,18.21,29.38,47.01,23.48347601937197,18.21,62.75,46.79,5.21,2.55,1.55
118.49,118.12710293078135,4.11,28.94,31.83,23.48347601937197,4.11,54.2,53.61,7.9,21.32,2.78
158.25,118.12710293078135,5.86,27.89,32.65,23.48347601937197,5.86,142.36,38.54,13.67,21.24,2.83
237.76,118.12710293078135,4.99,21.8,25.37,23.48347601937197,4.99,96.28,39.77,8.68,14.95,1.28
133.37,118.12710293078135,3.88,17.99,21.02,23.48347601937197,3.88,57.34,39.66,5.76,11.74,1.04
133.3,118.12710293078135,6.52,20.0,26.18,23.48347601937197,6.52,51.58,59.03,9.94,21.13,2.31
96.04,118.12710293078135,3.8,20.07,23.46,23.48347601937197,3.8,62.42,46.61,7.54,13.44,1.65
120.96,118.12710293078135,4.23,20.86,25.02,23.48347601937197,4.23,35.54,35.66,6.05,15.85,1.68
138.63,118.12710293078135,5.65,25.47,30.67,23.48347601937197,5.65,87.43,29.77,11.25,24.67,3.12
144.36,118.12710293078135,15.82,30.69,46.1,23.48347601937197,15.82,66.39,27.34,17.22,49.56,7.71
95.37,118.12710293078135,18.01,26.23,44.34,23.48347601937197,18.01,13.59,41.64,1.21,3.28,20.78
126.04,118.12710293078135,6.99,20.18,26.78,23.48347601937197,6.99,79.56,28.71,0.2,0.0,6.4
71.22,118.12710293078135,16.73,21.32,37.58,23.48347601937197,16.73,50.09,28.39,1.38,23.54,6.09
97.87,118.12710293078135,6.3,17.96,23.45,23.48347601937197,6.3,13.85,34.16,0.21,4.91,2.95
129.04,118.12710293078135,5.69,14.86,19.66,23.48347601937197,5.69,78.27,18.67,0.0,0.0,1.54
126.77,118.12710293078135,15.69,23.93,39.73,23.48347601937197,15.69,93.18,36.71,0.22,0.04,10.0
86.31,118.12710293078135,2.69,10.5,10.9,23.48347601937197,2.69,50.13,90.54,0.47,0.15,12.8
97.48,118.12710293078135,5.31,30.02,33.62,23.48347601937197,5.31,36.05,16.26,10.6,34.91,3.85
129.27,118.12710293078135,14.28,28.33,41.92,23.48347601937197,14.28,70.13,25.4,16.9,44.19,4.97
77.87,118.12710293078135,6.67,17.12,23.0,23.48347601937197,6.67,46.82,16.67,4.79,9.78,5.1
87.03,118.12710293078135,8.05,17.88,25.53,23.48347601937197,8.05,23.84,48.22,0.0,0.0,0.0
151.4,118.12710293078135,10.8,0.36,11.16,23.48347601937197,10.8,7.8,5.46,0.95,3.54,0.12
39.61,118.12710293078135,17.31,14.84,32.15,23.48347601937197,17.31,10.76,5.38,1.67,3.17,0.24
61.79,118.12710293078135,17.24,14.82,32.06,23.48347601937197,17.24,12.39,8.06,0.91,1.81,0.2
43.22,118.12710293078135,17.17,14.82,31.99,23.48347601937197,17.17,11.68,37.87,1.29,3.06,0.14
33.41,118.12710293078135,17.12,14.86,31.98,23.48347601937197,17.12,12.96,86.83,1.08,2.1,0.05
36.9,118.12710293078135,17.08,14.85,31.93,23.48347601937197,17.08,4.73,54.01,0.91,1.25,0.16
36.36,118.12710293078135,17.11,14.79,31.9,23.48347601937197,17.11,8.86,77.3,0.0,0.0,0.06
32.64,118.12710293078135,17.01,14.84,31.85,23.48347601937197,17.01,7.05,62.31,0.0,0.0,0.01
38.23,118.12710293078135,17.07,14.89,31.96,23.48347601937197,17.07,10.9,55.94,0.0,0.0,0.01
39.86,118.12710293078135,16.98,14.83,31.81,23.48347601937197,16.98,10.02,96.83,0.0,0.01,0.02
72.74,118.12710293078135,17.04,14.84,31.88,23.48347601937197,17.04,4.23,99.03,0.0,0.0,0.0
43.2,118.12710293078135,17.05,14.86,31.91,23.48347601937197,17.05,5.96,59.99,0.0,0.0,0.11
63.2,118.12710293078135,17.03,14.82,31.85,23.48347601937197,17.03,3.69,7.57,0.0,0.0,0.0
64.73,118.12710293078135,17.01,14.82,31.83,23.48347601937197,17.01,6.45,12.13,0.0,0.0,0.0
65.28,118.12710293078135,17.04,14.85,31.89,23.48347601937197,17.04,6.13,18.2,0.0,0.0,0.0
67.86,118.12710293078135,16.97,14.87,31.84,23.48347601937197,16.97,8.87,16.53,0.0,0.0,0.0
52.4,118.12710293078135,16.97,14.81,31.78,23.48347601937197,16.97,9.89,22.55,0.0,0.0,0.0
33.33,118.12710293078135,16.95,14.89,31.84,23.48347601937197,16.95,6.88,33.58,0.0,0.0,0.0
29.52,118.12710293078135,16.94,14.88,31.82,23.48347601937197,16.94,8.56,40.65,0.0,0.0,0.02
15.53,118.12710293078135,17.0,14.85,31.85,23.48347601937197,17.0,15.13,34.18,0.0,0.0,0.0
3.04,118.12710293078135,16.31,21.5,37.81,23.48347601937197,16.31,13.73,30.05,0.02,9.33,0.81
19.14,118.12710293078135,10.33,30.6,40.93,23.48347601937197,10.33,10.96,29.36,0.0,8.36,1.0
76.41,118.12710293078135,17.96,34.7,52.67,23.48347601937197,17.96,15.44,31.49,0.0,7.51,1.15
99.73,118.12710293078135,20.16,30.23,50.39,23.48347601937197,20.16,32.74,20.91,8.58,27.22,4.15
92.12,118.12710293078135,18.21,32.5,50.71,23.48347601937197,18.21,31.75,29.97,6.26,26.4,4.3
118.91,118.12710293078135,5.42,29.22,34.64,23.48347601937197,5.42,79.47,24.89,6.23,12.93,1.74
95.9,118.12710293078135,10.38,33.63,44.01,23.48347601937197,10.38,30.06,27.34,3.24,11.06,1.76
90.71,118.12710293078135,18.12,25.73,43.85,23.48347601937197,18.12,17.89,26.02,7.32,43.71,6.04
98.79,118.12710293078135,17.72,31.2,48.92,23.48347601937197,17.72,26.09,30.19,8.22,41.58,5.48
191.01,118.12710293078135,39.61,50.11,89.72,23.48347601937197,39.61,40.78,27.9,17.39,60.02,11.13
192.35,118.12710293078135,9.39,29.04,38.43,23.48347601937197,9.39,29.18,33.21,22.88,52.49,10.86
127.64,118.12710293078135,6.74,31.91,38.64,23.48347601937197,6.74,26.94,47.33,9.55,20.72,4.32
36.54,118.12710293078135,18.76,20.32,33.01,23.48347601937197,18.76,16.78,11.46,6.37,11.68,8.7
93.34,118.12710293078135,9.72,27.88,34.75,23.48347601937197,9.72,13.18,1.4,0.1,0.0,0.0
10.45,118.12710293078135,12.59,17.81,30.41,23.48347601937197,12.59,14.26,5.87,5.66,18.88,3.59
29.87,118.12710293078135,13.53,14.69,28.22,23.48347601937197,13.53,14.56,9.6,8.99,19.6,7.22
35.05,118.12710293078135,7.66,16.07,23.73,23.48347601937197,7.66,16.13,9.81,3.92,7.92,1.36
57.01,118.12710293078135,13.68,11.99,25.67,23.48347601937197,13.68,18.36,20.81,3.0,15.01,4.97
75.06,118.12710293078135,14.78,6.35,21.13,23.48347601937197,14.78,19.31,6.0,4.41,7.7,0.0
85.36,118.12710293078135,14.48,7.59,22.5,23.48347601937197,14.48,7.63,20.62,3.14,11.29,0.0
124.97,118.12710293078135,13.2,9.72,22.91,23.48347601937197,13.2,6.74,26.4,2.99,11.31,0.01
138.94,118.12710293078135,10.27,16.9,27.16,23.48347601937197,10.27,66.98,37.01,0.0,0.0,0.0
155.68,118.12710293078135,16.66,19.69,36.35,23.48347601937197,16.66,61.24,33.7,0.0,0.0,0.0
87.09,118.12710293078135,10.15,13.98,24.12,23.48347601937197,10.15,18.17,29.43,3.79,7.38,2.49
106.86,118.12710293078135,9.38,10.22,19.6,23.48347601937197,9.38,30.72,36.65,3.81,11.32,5.67
96.53,118.12710293078135,9.03,10.8,19.83,23.48347601937197,9.03,26.45,33.14,4.92,11.85,5.33
122.63,118.12710293078135,18.84,16.36,35.2,23.48347601937197,18.84,24.52,31.59,4.44,18.43,10.12
152.03,118.12710293078135,10.97,12.7,23.67,23.48347601937197,10.97,16.78,56.43,1.56,5.4,4.23
176.02,118.12710293078135,7.51,12.78,20.66,23.48347601937197,7.51,66.19,35.0,0.79,2.16,1.69
126.57,118.12710293078135,17.574729662029362,28.560659061126955,46.52,23.48347601937197,2.2485982090856145,14.53197725590996,27.85,11.85,22.28,2.42
140.88,118.12710293078135,6.11,76.05,41.66,23.48347601937197,6.11,130.2,26.06,13.81,0.5,3.84
99.77,118.12710293078135,10.23,73.33,43.4,23.48347601937197,10.23,99.05,37.6,20.24,7.37,3.58
119.99,118.12710293078135,6.84,73.41,40.92,23.48347601937197,6.84,81.21,48.09,9.95,26.94,81.26
111.92,118.12710293078135,15.17,81.11,50.89,23.48347601937197,15.17,112.56,62.34,10.59,22.64,32.4
80.89,118.12710293078135,6.14,71.52,39.47,23.48347601937197,6.14,103.62,78.13,12.02,61.66,7.27
59.74,118.12710293078135,26.28,77.12,57.23,23.48347601937197,26.28,98.31,42.01,23.84,93.18,14.29
70.08,118.12710293078135,11.42,81.65,48.35,23.48347601937197,11.42,116.77,61.73,0.74,5.81,3.21
62.24,118.12710293078135,17.88,88.65,56.59,23.48347601937197,17.88,109.76,48.64,18.08,85.56,12.11
62.07,118.12710293078135,8.72,72.18,41.72,23.48347601937197,8.72,102.25,56.86,14.06,63.32,8.47
77.76,118.12710293078135,25.81,78.94,57.77,23.48347601937197,25.81,110.69,79.46,19.04,87.65,20.17
84.43,118.12710293078135,6.85,74.68,41.54,23.48347601937197,6.85,115.41,90.79,13.58,45.82,6.52
74.57,118.12710293078135,16.31,133.53,77.31,23.48347601937197,16.31,103.2,55.23,12.18,55.8,8.0
89.63,118.12710293078135,9.92,141.29,76.32,23.48347601937197,9.92,124.11,70.9,14.07,48.33,4.11
55.27,118.12710293078135,29.44,86.96,66.11,23.48347601937197,29.44,91.67,47.71,7.96,40.51,7.73
52.18,118.12710293078135,32.36,106.89,76.29,23.48347601937197,32.36,84.2,62.74,0.74,5.81,3.21
98.49,118.12710293078135,17.14,87.62,55.53,23.48347601937197,17.14,56.14,34.49143047551845,7.12,31.65,5.03
139.21,118.12710293078135,61.15,148.06,117.86,23.48347601937197,61.15,103.12,63.73,16.49,48.57,8.29
90.13,118.12710293078135,15.24,81.38,51.07,23.48347601937197,15.24,73.62,73.07,8.88,32.62,5.49
92.5,118.12710293078135,18.14,61.82,43.69,23.48347601937197,18.14,77.85,22.98,7.83,26.62,3.21
53.61,118.12710293078135,16.93,37.01,19.98,23.48347601937197,16.93,51.64,16.92,6.99,21.11,2.51
63.06,118.12710293078135,13.88,28.22,24.09,23.48347601937197,13.88,69.46,25.88,9.26,28.44,0.65
61.24,118.12710293078135,14.21,35.33,27.84,23.48347601937197,14.21,82.15,9.69,8.99,32.13,0.65
55.09,118.12710293078135,15.63,33.93,28.21,23.48347601937197,15.63,57.46,34.49143047551845,15.19,32.95,1.79
50.16,118.12710293078135,13.86,28.17,24.09,23.48347601937197,13.86,80.78,28.52,7.5,31.48,0.65
67.03,118.12710293078135,10.37,38.68,26.61,23.48347601937197,10.37,21.21,32.34,9.79,33.02,0.65
43.37,118.12710293078135,20.03,35.01,32.02,23.48347601937197,20.03,56.38,40.07,8.28,43.42,3.43
44.14,118.12710293078135,18.18,18.82,24.15,23.48347601937197,18.18,109.33,31.1,5.48,30.25,0.65
78.16,118.12710293078135,18.21,55.31,40.57,23.48347601937197,18.21,59.64,15.87,5.1,30.68,0.65
83.27,118.12710293078135,15.82,50.38,36.38,23.48347601937197,15.82,46.16,18.23,6.38,27.68,0.65
63.79,118.12710293078135,14.35,48.44,34.34,23.48347601937197,14.35,56.5,34.49143047551845,5.66,23.81,0.65
54.35,118.12710293078135,11.58,50.45,33.25,23.48347601937197,11.58,49.66,14.85,5.31,25.54,0.65
55.77,118.12710293078135,13.06,45.87,32.12,23.48347601937197,13.06,44.42,13.14,5.04,23.88,0.65
63.58,118.12710293078135,13.97,43.32,31.56,23.48347601937197,13.97,63.59,5.08,6.97,29.52,0.65
103.08,118.12710293078135,16.31,59.19,39.35,23.48347601937197,16.31,53.73,34.49143047551845,9.25,31.08,2.75
62.72,118.12710293078135,21.89,50.49,40.97,23.48347601937197,21.89,22.02,0.72,7.76,21.06,2.85
48.12,118.12710293078135,19.06,61.63,44.28,23.48347601937197,19.06,24.98,0.91,4.82,21.34,1.19
36.8,118.12710293078135,21.07,53.33,41.74,23.48347601937197,21.07,24.97,1.16,5.02,33.98,1.11
71.94,118.12710293078135,17.35,98.32,60.91,23.48347601937197,17.35,25.74,2.03,6.49,55.23,6.37
47.95,118.12710293078135,17.08,151.73,87.48,23.48347601937197,17.08,25.91,2.51,4.57,103.81,2.86
55.91,118.12710293078135,19.87,66.69,47.36,23.48347601937197,19.87,32.64,1.8,4.73,68.95,1.92
33.51,118.12710293078135,17.84,40.85,33.24,23.48347601937197,17.84,28.85,7.95,4.82,20.33,0.65
48.18,118.12710293078135,18.31,51.41,38.75,23.48347601937197,18.31,104.62,2.81,4.08,19.29,0.65
43.54,118.12710293078135,12.25,39.05,28.19,23.48347601937197,12.25,43.71,22.45,4.41,19.58,0.65
28.66,118.12710293078135,18.31,55.15,40.57,23.48347601937197,18.31,32.57,15.68,4.86,19.27,0.65
21.79,118.12710293078135,25.94,63.21,50.19,23.48347601937197,25.94,25.39,34.49143047551845,3.94,16.02,0.65
63.92,118.12710293078135,12.95,102.78,46.66,23.48347601937197,12.95,92.16,69.39,3.65,12.86,4.34
91.23,118.12710293078135,32.82,65.66,33.9,23.48347601937197,32.82,34.58,56.17,4.0,32.25,6.89
70.04,118.12710293078135,14.87,78.1,26.87,23.48347601937197,14.87,69.86,55.89,4.05,32.32,6.94
238.42,118.12710293078135,26.3,73.22,32.07,23.48347601937197,26.3,34.63,63.89,4.08,32.34,6.94
72.1,118.12710293078135,11.61,94.32,28.91,23.48347601937197,11.61,54.74,63.46,4.08,32.37,6.95
79.15,118.12710293078135,12.74,92.85,29.19,23.48347601937197,12.74,64.9,70.54,4.08,32.34,6.94
68.29,118.12710293078135,16.94,82.74,29.12,23.48347601937197,16.94,61.27,51.76,4.05,32.32,6.94
67.75,118.12710293078135,17.63,81.78,29.28,23.48347601937197,17.63,57.37,63.34,4.07,32.3,6.98
89.72,118.12710293078135,13.83,80.78,26.92,23.48347601937197,13.83,56.43,73.64,4.09,32.39,6.99
52.92,118.12710293078135,11.03,63.81,21.32,23.48347601937197,11.03,63.17,43.54,4.07,32.32,6.95
47.01,118.12710293078135,13.12,66.95,23.24,23.48347601937197,13.12,71.48,45.06,4.04,32.33,6.92
54.77,118.12710293078135,11.01,77.02,24.46,23.48347601937197,11.01,64.47,53.55,4.08,32.36,6.94
94.1,118.12710293078135,10.62,44.91,16.6,23.48347601937197,10.62,42.04,55.84,4.08,32.31,6.93
46.5,118.12710293078135,15.39,79.42,27.47,23.48347601937197,15.39,41.88,41.7,4.08,32.33,6.9
46.91,118.12710293078135,14.6,86.07,28.61,23.48347601937197,14.6,51.46,51.3,4.05,32.32,6.92
44.69,118.12710293078135,32.07,75.36,35.79,23.48347601937197,32.07,39.99,53.96,4.1,32.37,6.98
33.38,118.12710293078135,14.07,73.92,25.42,23.48347601937197,14.07,50.46,48.39,4.15,32.38,7.04
42.11,118.12710293078135,14.18,84.67,28.04,23.48347601937197,14.18,49.29,47.63,4.11,32.38,6.94
46.35,118.12710293078135,9.25,69.51,21.69,23.48347601937197,9.25,62.8,69.79,4.08,32.34,7.07
61.32,118.12710293078135,15.88,48.4,20.36,23.48347601937197,15.88,49.88,21.17,4.16,32.45,7.04
46.52,118.12710293078135,17.55,48.97,21.43,23.48347601937197,17.55,38.16,47.77,4.12,32.42,7.08
75.05,118.12710293078135,12.67,96.99,30.14,23.48347601937197,12.67,58.55,64.12,4.11,32.4,6.97
60.5,118.12710293078135,18.21,104.48,35.0,23.48347601937197,18.21,41.81,56.66,4.11,32.34,7.03
62.04,118.12710293078135,24.16,60.52,29.65,23.48347601937197,24.16,38.14,41.42,4.12,32.34,6.98
96.96,118.12710293078135,16.25,88.34,42.22,23.48347601937197,16.25,15.4,30.19,4.21,32.45,7.08
70.14,118.12710293078135,20.83,68.1,48.76,23.48347601937197,20.83,5.29,27.51,4.23,32.6,7.14
95.69,118.12710293078135,9.19,60.62,36.3,23.48347601937197,9.19,85.28,75.85,4.19,32.5,7.12
64.3,118.12710293078135,10.74,95.27,54.49,23.48347601937197,10.74,57.46,74.2,4.19,32.52,7.15
86.07,118.12710293078135,13.77,62.42,40.29,23.48347601937197,13.77,96.27,41.5,4.19,32.43,7.13
72.58,118.12710293078135,14.52,54.32,37.33,23.48347601937197,14.52,77.82,2.97,4.21,32.49,7.08
58.71,118.12710293078135,12.69,70.34,31.99,23.48347601937197,12.69,66.1,2.16,4.18,32.32,7.06
72.51,118.12710293078135,15.56,57.84,39.83,23.48347601937197,15.56,88.54,3.12,4.19,32.52,7.11
33.97,116.32,14.67,79.71,55.61,23.48347601937197,14.67,91.26,51.86,15.55,83.89,13.15
35.48,130.07,18.02,77.61,58.41,23.48347601937197,18.02,98.35,38.99,15.88,83.83,13.34
34.11,138.31,13.27,75.23,51.83,23.48347601937197,13.27,88.66,42.22,15.93,82.73,13.44
24.6,103.88,11.03,81.24,52.21,23.48347601937197,11.03,80.74,46.65,15.31,82.95,11.66
41.39,135.65,14.29,89.1,59.76,23.48347601937197,14.29,105.96,49.7,16.33,83.95,13.48
46.79,148.0,14.31,93.27,61.82,23.48347601937197,14.31,131.04,56.31,15.21,82.4,11.95
42.02,140.66,16.43,71.51,53.58,23.48347601937197,16.43,82.75,52.44,16.99,85.25,13.8
46.51,136.34,16.75,85.37,60.74,23.48347601937197,16.75,145.55,44.53,15.68,84.55,13.67
35.06,127.56,12.63,68.94,48.03,23.48347601937197,12.63,101.14,75.71,26.24,85.15,94.48
30.07,124.01,15.49,122.88,78.85,23.48347601937197,15.49,31.67,70.29,3.280840304500585,8.700972080037227,3.0701278234985114
48.74,135.9,16.38,154.42,94.0,23.48347601937197,16.38,58.6,73.95,7.29,80.04,2.05
35.3,120.77,15.2,146.65,88.87,23.48347601937197,15.2,127.62,81.55,29.46,141.33,14.86
34.31,115.46,16.31,127.02,80.56,23.48347601937197,16.31,121.46,80.39,26.9,256.09,56.49
33.97,107.59,15.38,135.26,83.52,23.48347601937197,15.38,100.23,90.29,7.91,123.47,49.93
41.08,156.33,12.8,140.5,83.14,23.48347601937197,12.8,91.23,85.2,6.3,87.51,33.1
25.56,77.07,13.75,120.8,74.61,23.48347601937197,13.75,58.37,88.79,6.3,80.04,1.48
26.75,103.12,14.4,112.66,71.38,23.48347601937197,14.4,60.94,77.88,6.3,80.04,1.48
32.71,96.84,18.89,116.69,78.46,23.48347601937197,18.89,48.67,53.57,6.3,80.04,1.48
32.79,107.15,25.17,103.69,79.28,23.48347601937197,25.17,30.37,30.45,6.3,80.04,1.48
26.92,72.7,22.25,130.64,89.1,23.48347601937197,22.25,25.9,24.37,6.3,80.04,1.48
69.38,171.87,19.2,145.75,92.99,23.48347601937197,19.2,37.85,7.21,6.3,80.04,1.48
35.67,103.64,18.86,147.44,93.61,23.48347601937197,18.86,25.28,74.84,6.3,80.04,1.48
46.13,102.66,14.35,146.55,87.86,23.48347601937197,14.35,39.92,108.07,6.3,80.04,1.48
48.67,104.86,17.33,152.96,94.37,23.48347601937197,17.33,92.83,76.38,6.3,80.04,1.48
37.73,82.63,13.1,115.28,71.17,23.48347601937197,13.1,53.67,113.3,6.3,80.04,1.48
41.31,142.75,18.93,55.93,48.86,23.48347601937197,18.93,37.66,76.75,3.280840304500585,8.700972080037227,3.0701278234985114
30.82,119.98,21.13,57.44,52.11,23.48347601937197,21.13,39.97,69.77,3.280840304500585,8.700972080037227,3.0701278234985114
38.7,69.84,21.33,61.48,54.01,23.48347601937197,21.33,53.34,71.99,2.14,32.05,0.52
27.17,55.41,11.26,61.34,42.53,23.48347601937197,11.26,78.36,42.49,0.66,0.04,0.02
39.27,73.22,17.41,132.09,84.28,23.48347601937197,17.41,82.79,48.66,3.280840304500585,8.700972080037227,3.0701278234985114
45.4,85.77,13.26,128.45,77.78,23.48347601937197,13.26,90.46,51.35,3.280840304500585,8.700972080037227,3.0701278234985114
59.74,108.29,19.33,112.62,76.98,23.48347601937197,19.33,114.51,43.41,0.96,19.48,1.7
21.94,34.95,11.62,65.04,44.98,23.48347601937197,11.62,101.99,42.88,1.15,23.37,2.04
87.87,154.68,6.94,186.56,98.87,23.48347601937197,6.94,100.46,93.28,1.15,23.37,2.04
82.74,148.8,7.26,186.72,99.36,23.48347601937197,7.26,133.53,90.23,1.15,23.37,2.04
20.1,52.97,16.72,74.41,55.36,23.48347601937197,16.72,134.66,50.0,1.15,23.37,2.04
63.17,145.88,9.85,112.58,66.15,23.48347601937197,9.85,136.87,46.54,1.15,23.37,2.04
33.68,69.15,23.59,115.67,83.3,23.48347601937197,23.59,133.73,36.66,1.44,23.55,1.89
84.29,131.73,17.04,203.26,118.58,23.48347601937197,17.04,138.03,59.57,2.14,27.52,1.91
56.86,79.47,15.77,156.28,94.22,23.48347601937197,15.77,163.2,46.86,2.14,27.52,1.91
64.96,92.32,14.87,157.51,93.79,23.48347601937197,14.87,174.83,27.22,2.14,27.52,1.91
48.99,107.67,14.05,163.7,95.88,23.48347601937197,14.05,167.13,38.58,2.14,27.52,1.91
55.5,95.86,17.1,99.44,68.01,23.48347601937197,17.1,176.88,16.02,2.14,27.52,1.91
73.87,106.75,20.3,110.17,76.89,23.48347601937197,20.3,127.11,15.31,2.14,27.52,1.91
64.87,122.33,14.15,71.51,50.36,23.48347601937197,14.15,36.29,47.75,3.280840304500585,8.700972080037227,3.0701278234985114
78.95,123.59,12.83,54.51,38.77,23.48347601937197,12.83,41.87,54.56,3.280840304500585,8.700972080037227,3.0701278234985114
89.97,155.63,28.91,28.82,33.61,23.48347601937197,28.91,39.43,18.76,3.280840304500585,8.700972080037227,3.0701278234985114
39.89,83.69,17.34,50.41,37.37,23.48347601937197,17.34,53.83,19.03,3.280840304500585,8.700972080037227,3.0701278234985114
53.52,89.41,30.94,43.92,44.52,23.48347601937197,30.94,49.84,23.66,3.280840304500585,8.700972080037227,3.0701278234985114
74.18,126.67,6.36,22.77,15.85,23.48347601937197,6.36,95.2,23.67,3.62,17.96,2.74
89.34,143.84,8.08,19.05,15.32,23.48347601937197,8.08,62.71,23.69,4.45,31.14,2.52
80.24,219.84,20.06,15.61,22.26,23.48347601937197,20.06,36.88,23.62,2.36,34.32,2.3
36.05,79.23,13.05,22.26,20.59,23.48347601937197,13.05,46.67,23.6,1.82,38.68,2.0
36.21,82.86,20.86,15.65,22.94,23.48347601937197,20.86,44.86,23.6,1.47,34.83,1.49
52.31,97.67,9.38,38.28,25.67,23.48347601937197,9.38,36.8,26.07,1.82,31.52,1.04
56.5,121.52,6.1,55.49,31.62,23.48347601937197,6.1,51.41,41.16,1.15,38.57,0.52
66.87,127.71,23.75,53.47,43.78,23.48347601937197,23.75,47.32,53.97,1.15,38.57,0.52
79.58,145.12,12.48,55.78,36.51,23.48347601937197,12.48,48.28,42.4,1.15,38.57,0.52
59.47,124.36,14.28,63.11,41.44,23.48347601937197,14.28,66.39,76.89,1.16,35.51,0.61
54.05,128.08,10.7,28.74,22.0,23.48347601937197,10.7,61.9,45.82,2.85,46.56,1.13
51.32,140.9,12.19,41.31,29.25,23.48347601937197,12.19,45.6,64.01,3.45,46.56,1.13
35.04,85.35,7.87,45.21,27.93,23.48347601937197,7.87,32.78,34.49143047551845,2.85,46.56,1.13
41.72,97.7,6.95,24.99,17.38,23.48347601937197,6.95,27.3,72.25,2.85,46.56,1.13
53.07,112.92,16.02,37.65,30.33,23.48347601937197,16.02,34.49,34.49143047551845,2.85,46.56,1.13
122.88,208.86,5.56,54.87,33.71,17.96,0.27,22.97,68.6,0.36,6.28,0.21
139.38,230.27,35.59,140.17,103.49,8.7,1.24,42.26,20.87,0.13,0.58,0.13
126.47,187.83,9.48,106.1,64.14,9.27,1.43,15.29,26.24,0.12,0.25,0.1
127.94,196.3,6.73,92.41,54.63,11.1,1.33,15.9,28.51,0.11,0.31,0.1
126.66,184.73,9.63,94.51,58.1,13.66,1.45,11.75,26.07,0.12,0.22,0.1
121.47,215.5,17.24,103.31,68.98,13.63,1.5,16.53,24.55,0.12,0.31,0.1
121.81,193.4,11.17,100.16,62.36,8.62,0.96,10.56,24.73,0.1,0.15,0.1
120.33,182.65,5.68,60.37,36.74,17.46,1.02,26.39,21.83,0.08,0.14,0.11
148.47,318.1,12.04,32.77,44.81,48.33,1.17,4.9,12.08,3.47,7.42,27.97
194.47,357.95,13.87,35.42,49.29,50.88,1.25,5.15,10.86,3.45,7.74,28.02
214.73,276.08,18.8,41.72,60.52,54.25,1.17,6.44,12.38,2.9,6.88,26.67
133.53,309.8,18.63,41.42,60.05,62.82,1.19,4.74,20.3,3.0,11.05,27.68
150.33,299.12,9.42,39.46,48.88,62.45,1.13,5.8,12.62,3.24,11.41,25.08
165.75,302.65,15.8,39.01,54.81,66.54,1.42,5.62,13.11,2.98,12.45,25.99
221.93,295.75,14.34,39.44,53.78,67.53,1.3,5.2,14.02,2.91,12.53,26.57
147.44,289.42,15.54,39.07,54.62,67.76,1.37,4.87,10.89,2.91,12.41,25.97
145.27,261.79,17.83,39.11,56.94,66.67,1.11,3.59,15.1,2.83,11.85,25.7
129.13,259.59,14.12,32.27,46.39,62.85,1.15,4.98,14.08,2.85,11.89,26.93
146.53,252.25,8.45,29.28,37.73,62.9,1.31,3.88,15.18,3.71,12.22,26.31
144.73,251.09,16.4,37.42,53.81,68.55,1.87,7.78,12.17,10.91,13.33,29.17
160.69,290.59,6.89,17.91,23.24,12.81,1.79,5.13,15.85,11.55,12.13,28.23
140.05,290.75,51.16,42.09,59.61,28.02,1.77,5.17,20.13,4.12,11.75,26.22
147.97,267.24,40.1,24.95,67.76,42.69,2.27,9.16,36.54,6.34,13.94,25.83
151.19,271.2,59.56,29.61,89.17,32.33,1.89,8.14,31.48,4.64,12.61,24.9
121.54,234.56,55.74,20.89,76.63,22.98,1.8,6.0,23.6,4.15,11.6,24.27
144.45,295.86,54.15,31.96,85.69,11.28,1.38,11.93,29.91,5.18,9.81,15.21
128.92,264.88,61.57,46.82,108.39,14.86,1.17,9.23,33.66,7.86,10.18,15.94
143.36,276.23,76.45,47.59,124.04,13.14,1.87,11.0,32.23,7.85,11.18,17.21
141.64,270.82,82.14,49.18,130.87,12.55,2.31,14.29,54.87,8.3,10.98,17.59
143.81,268.1,93.94,50.9,144.84,10.58,2.44,11.24,21.83,8.29,11.41,18.47
137.81,263.37,100.06,50.56,150.62,9.65,2.5,9.17,24.79,9.65,11.6,18.92
137.05,266.39,73.78,45.09,118.88,14.69,2.52,10.52,60.42,9.0,10.16,16.8
129.76,268.24,83.19,41.77,124.96,15.91,2.65,15.28,52.76,11.13,11.52,18.88
146.1,283.99,90.92,30.53,120.09,12.51,3.08,6.11,44.48,11.29,11.91,19.51
146.1,265.34,86.92,33.22,119.97,9.54,2.91,6.23,27.76,12.97,12.59,20.81
147.77,270.1,96.96,35.25,132.21,8.46,2.47,6.53,26.29,9.47,14.6,22.35
130.16,239.25,66.72,14.57,81.29,3.21,2.31,6.87,19.05,9.79,11.89,20.02
117.47,236.63,38.13,19.17,57.3,2.67,2.15,6.8,20.97,12.27,12.24,19.51
148.9,272.45,7.08,28.1,35.17,3.62,1.22,2.86,19.3,10.16,10.6,12.87
177.53,303.42,8.73,28.78,37.51,3.81,1.37,3.44,23.38,7.56,11.05,13.57
158.06,285.43,8.56,30.4,38.96,3.78,2.11,3.77,19.09,10.6,12.65,12.85
161.69,291.36,7.82,30.43,38.24,3.71,1.7,2.9,18.68,5.76,11.41,10.61
149.97,260.76,9.53,31.25,40.78,3.93,1.74,3.12,18.93,5.17,11.12,9.71
124.02,195.9,23.65,94.18,134.6,16.76,1.92,5.71,20.39,9.63,10.4,8.75
112.18,162.8,26.15,34.1,58.25,8.48,0.0,6.94,11.73,8.95,2.95,11.97
249.1,303.33,43.34,19.85,55.39,20.44,0.31,34.17,17.9,3.43,4.01,2.06
111.47,189.73,29.45,10.03,39.44,13.06,0.46,11.65,18.13,3.7,4.4,2.0
139.65,226.33,17.01,10.01,26.75,13.1,0.31,10.92,16.02,3.44,4.23,1.98
154.49,235.28,17.73,9.94,27.64,12.81,0.37,19.27,15.38,3.53,4.21,2.0
110.95,181.95,17.66,9.91,27.24,12.97,0.52,10.06,11.35,2.69,3.27,2.0
155.83,305.4,17.13,10.98,27.05,13.26,0.34,9.75,14.51,2.75,3.41,2.0
189.44,339.69,17.22,10.0,27.22,13.0,0.48,16.3,15.22,3.13,3.65,2.0
148.61,260.33,17.22,10.09,27.31,12.99,0.56,20.51,10.01,2.81,3.2,2.0
103.87,180.68,17.23,10.0,27.24,12.98,0.65,29.92,9.71,2.41,2.72,2.0
147.55,263.97,17.23,10.0,27.23,13.0,0.56,11.86,12.65,3.55,4.6,2.01
19.27,118.12710293078135,2.21,8.79,6.36,26.67,26.99,2.54,8.96,0.13,24.39,3.0701278234985114
55.51,25.62,4.49,10.06,10.14,18.58,5.8,2.87,34.49143047551845,3.280840304500585,19.31,3.0701278234985114
47.76,173.09,10.82,39.92,0.0,39.88,2.6,6.66,33.28,3.07,7.77,3.0701278234985114
204.25,118.12710293078135,1.55,22.25,0.0,37.1,0.97,7.88,18.31,1.23,2.05,3.0701278234985114
59.11,118.12710293078135,3.0,18.64,9.9,23.48347601937197,0.59,6.12,48.92,0.12,0.43,3.0701278234985114
120.33,254.98,15.08,61.66,45.06,16.17,1.42,37.97,66.82,3.280840304500585,8.700972080037227,3.0701278234985114
132.79,233.3,7.52,72.24,44.54,23.43,1.56,20.84,76.68,3.280840304500585,8.700972080037227,3.0701278234985114
122.7,233.44,6.71,70.44,42.92,22.92,1.54,13.35,76.1,3.280840304500585,8.700972080037227,3.0701278234985114
134.02,196.56,7.96,32.54,23.87,32.17,1.33,9.74,18.93,3.280840304500585,8.700972080037227,3.0701278234985114
126.67,192.81,17.574729662029362,20.16,32.30912333307031,7.97,2.94,5.43,10.51,0.0,8.700972080037227,3.0701278234985114
153.61,227.43,17.574729662029362,18.47,32.30912333307031,8.9,2.78,7.84,16.28,0.0,8.700972080037227,3.0701278234985114
129.38,199.46,17.574729662029362,17.77,32.30912333307031,9.13,2.76,6.52,7.1,0.0,8.700972080037227,3.0701278234985114
115.35,178.56,17.574729662029362,16.99,32.30912333307031,8.88,2.7,6.04,7.03,0.0,8.700972080037227,3.0701278234985114
131.83,276.46,23.92,32.15,56.08,8.92,4.72,12.65,18.97,3.280840304500585,8.700972080037227,3.0701278234985114
138.58,268.78,17.67,30.14,47.81,10.17,4.71,10.92,15.47,3.280840304500585,8.700972080037227,3.0701278234985114
122.68,226.39,19.58,28.96,48.53,10.63,4.71,10.49,10.78,3.280840304500585,8.700972080037227,3.0701278234985114
107.02,206.24,16.15,27.87,44.01,9.86,4.48,10.8,17.8,3.280840304500585,8.700972080037227,3.0701278234985114
133.97,296.79,19.16,27.13,46.29,9.47,3.96,12.02,16.2,0.0,8.700972080037227,3.0701278234985114
109.11,228.41,19.64,27.57,47.19,10.31,3.95,10.01,11.94,0.09,8.700972080037227,3.0701278234985114
138.76,280.15,16.66,27.96,44.61,11.49,4.34,17.91,18.27,0.0,8.700972080037227,3.0701278234985114
105.42,225.99,14.61,23.25,37.84,11.05,4.2,16.3,12.29,0.19,8.700972080037227,3.0701278234985114
111.29,226.09,18.89,29.92,48.81,9.98,4.26,16.68,17.43,0.0,8.700972080037227,3.0701278234985114
191.33,318.98,18.17,31.32,49.48,10.58,4.53,17.73,16.97,0.0,8.700972080037227,3.0701278234985114
175.92,332.84,21.29,34.54,55.81,10.63,4.45,17.75,18.33,0.0,8.700972080037227,3.0701278234985114
142.27,252.49,17.11,33.82,50.91,9.8,4.36,17.18,17.68,0.0,8.700972080037227,3.0701278234985114
165.82,294.65,16.34,34.85,51.19,9.69,4.43,18.57,22.26,0.0,8.700972080037227,3.0701278234985114
165.11,294.93,18.16,36.86,55.0,10.56,4.6,18.19,15.22,0.05,8.700972080037227,3.0701278234985114
142.71,264.81,18.82,35.15,53.94,10.39,4.44,17.09,9.57,0.0,8.700972080037227,3.0701278234985114
190.61,284.15,13.62,34.86,48.47,11.78,4.49,19.25,23.54,0.0,8.700972080037227,3.0701278234985114
170.06,326.35,17.53,35.24,52.73,11.13,4.61,20.89,16.73,0.0,8.700972080037227,3.0701278234985114
152.57,316.75,19.68,37.39,57.05,11.23,4.77,20.84,16.11,0.2,8.700972080037227,3.0701278234985114
114.48,157.27,12.45,22.22,26.72,11.23,0.53,13.29,8.92,0.51,8.700972080037227,3.0701278234985114
128.42,192.96,19.81,23.62,38.45,53.31,1.36,15.05,7.28,6.08,8.700972080037227,3.0701278234985114
119.32,179.41,23.24,17.39,36.55,53.39,1.66,14.16,5.71,26.91,8.700972080037227,3.0701278234985114
144.01,212.12,19.49,28.77,43.34,50.6,3.0,15.81,8.42,16.37,8.700972080037227,3.0701278234985114
120.05,170.37,14.69,23.73,34.61,42.75,3.02,15.05,8.18,10.29,8.700972080037227,3.0701278234985114
144.95,224.11,22.13,32.79,49.01,42.17,3.21,17.73,7.27,0.0,8.700972080037227,3.0701278234985114
157.16,225.75,19.34,27.88,43.45,51.35,3.19,17.69,10.11,0.0,8.700972080037227,3.0701278234985114
158.4,230.38,19.84,26.74,40.66,38.75,3.31,16.54,7.91,0.0,8.700972080037227,3.0701278234985114
131.1,216.29,21.82,31.39,47.63,58.18,3.25,16.63,7.99,0.0,8.700972080037227,3.0701278234985114
118.98,195.88,26.6,30.29,49.1,43.36,3.41,17.2,8.82,0.0,8.700972080037227,3.0701278234985114
158.01,259.0,23.58,30.09,45.53,32.76,3.53,17.95,10.05,0.0,8.700972080037227,3.0701278234985114
90.34,151.27,14.32,24.95,32.4,31.5,3.32,18.04,11.68,0.0,8.700972080037227,3.0701278234985114
130.81,226.76,18.54,23.77,36.1,64.59,3.25,9.57,20.76,0.0,8.700972080037227,3.0701278234985114
67.45057794890306,118.12710293078135,17.574729662029362,28.560659061126955,32.30912333307031,23.48347601937197,2.2485982090856145,14.53197725590996,34.49143047551845,3.280840304500585,8.700972080037227,3.0701278234985114
154.85,224.22,33.17,13.6,33.08,27.94,0.82,9.24,16.2,3.21,6.21,0.76
114.56,166.58,4.58,6.33,7.82,4.2,0.69,9.56,16.51,4.44,6.1,1.05
108.0,141.0,34.59,23.28,40.18,47.58,1.01,8.2,8.47,3.49,0.63,1.15
149.04,118.12710293078135,31.23,112.29,12.77,9.68,0.93,14.04,38.67,3.280840304500585,8.39,3.0701278234985114
140.21,118.12710293078135,16.83,31.79,25.73,10.91,1.41,11.94,44.52,3.280840304500585,8.02,3.0701278234985114
51.69,118.12710293078135,37.45,46.48,16.09,11.41,1.23,6.53,27.62,3.280840304500585,6.94,3.0701278234985114
85.86,118.12710293078135,17.2,26.79,17.04,12.33,1.14,3.96,27.58,3.280840304500585,4.48,3.0701278234985114
23.76,118.12710293078135,2.95,16.71,11.49,23.48347601937197,8.68,1.49,18.08,0.61,2.45,3.0701278234985114
132.38,118.12710293078135,4.37,17.75,14.14,23.48347601937197,1.44,14.2,50.72,1.58,4.23,3.0701278234985114
293.43,118.12710293078135,5.6,14.74,11.86,23.48347601937197,0.0,3.48,30.96,0.24,0.04,3.0701278234985114
144.02,118.12710293078135,6.29,15.81,12.91,23.48347601937197,0.04,3.24,29.88,0.75,0.03,3.0701278234985114
62.95,118.12710293078135,3.46,9.71,6.56,23.48347601937197,0.0,3.08,31.65,0.04,0.02,3.0701278234985114
286.08,118.12710293078135,4.37,10.59,7.75,23.48347601937197,0.0,2.49,13.35,0.2,0.0,3.0701278234985114
153.73,196.29,16.89,18.36,34.75,16.17,1.34,13.94,32.75,0.23,3.84,3.0701278234985114
151.84,241.84,25.01,36.91,48.62,130.36,11.54,4.63,25.36,4.26,9.71,3.34
146.6,219.13,14.01,34.92,38.25,122.88,9.2,3.33,23.2,2.8,6.21,2.96
149.58,252.1,17.21,37.84,42.46,134.97,9.44,3.66,26.83,3.63,7.35,3.47
217.87,376.51,26.99,40.15,52.41,134.82,9.78,5.82,28.96,4.93,9.42,5.21
229.9,360.95,23.34,43.16,51.21,138.13,11.01,3.31,30.51,5.8,11.4,4.83
201.66,397.43,19.18,38.56,45.6,140.6,11.09,3.48,32.94,5.25,11.12,5.26
221.02,361.74,24.79,46.39,55.19,134.06,9.7,5.91,34.12,4.87,9.44,4.76
205.41,393.2,28.46,47.29,57.88,131.1,10.98,5.54,50.37,5.93,10.59,5.36
212.41,345.63,24.77,44.71,54.66,148.51,9.3,5.17,40.08,6.2,10.68,4.59
197.61,301.04,34.28,45.88,62.95,145.48,11.52,5.95,39.54,5.18,9.5,4.17
164.39,227.38,20.78,41.17,48.09,166.7,10.32,4.85,42.05,4.57,10.72,3.06
166.19,283.93,47.91,56.7,79.73,124.64,10.81,6.94,43.25,6.98,20.55,3.08
174.98,309.99,42.33,49.41,70.6,136.4,11.46,4.69,34.7,7.75,15.83,3.75
196.46,356.2,42.18,53.04,80.18,125.49,8.87,5.13,25.77,9.92,17.59,3.36
201.51,359.75,45.51,53.77,75.83,120.45,8.99,5.43,23.22,9.0,20.95,4.03
183.35,305.13,27.32,39.88,55.67,148.49,9.02,4.21,25.34,5.57,12.93,3.62
165.63,257.04,16.47,34.23,37.68,146.31,8.03,4.11,22.69,3.42,6.76,3.28
159.54,235.27,12.27,22.56,33.02,63.23,9.01,7.05,18.56,4.1,8.26,2.72
143.68,183.89,14.75,21.82,34.88,39.65,10.58,8.64,6.94,4.15,9.54,2.78
164.98,200.02,10.38,15.77,25.49,38.77,9.39,8.89,9.35,2.6,5.5,2.94
148.59,203.81,11.82,20.83,28.29,45.62,11.44,5.96,16.65,3.37,6.98,2.94
154.2,217.2,14.41,30.39,34.63,40.96,10.36,6.42,17.11,3.31,6.31,3.07
173.13,277.0,23.14,38.34,48.89,62.03,11.74,5.53,16.29,4.02,9.84,3.42
178.04,272.61,19.8,38.43,44.45,69.78,11.58,6.43,14.91,3.65,6.61,3.35
158.59,207.06,30.67,41.36,57.77,67.66,8.7,5.03,17.51,4.36,8.98,2.54
211.59,371.05,57.56,58.17,93.17,96.69,13.08,9.9,23.28,6.65,15.45,3.36
163.64,219.84,13.7,37.25,39.34,84.49,10.59,5.31,28.38,2.53,4.69,2.58
157.71,194.09,12.28,31.05,34.1,66.38,8.21,5.64,28.56,2.13,4.24,1.12
137.26,147.08,15.21,29.69,36.06,53.28,9.11,5.06,15.07,3.04,6.31,2.79
151.6,330.99,46.66,67.0,84.76,63.45,5.51,9.13,33.92,9.46,19.7,9.77
160.75,210.52,37.54,57.69,71.68,58.15,10.28,6.91,43.44,5.5,14.95,6.68
145.34,215.69,30.54,50.39,61.78,66.72,5.39,8.66,30.43,2.42,6.5,0.57
153.07,218.23,23.41,42.2,48.01,79.54,10.88,5.81,19.02,5.58,7.1,7.93
116.91,316.14,33.79,53.63,64.04,95.13,12.64,7.54,27.17,5.96,5.59,10.72
177.98,394.97,30.48,42.73,58.19,69.47,13.75,9.2,25.58,3.5,7.38,10.65
167.01,328.43,32.23,44.61,55.13,83.96,11.26,7.77,27.62,3.53,7.69,11.45
193.96,412.46,81.47,53.81,107.76,137.27,11.73,9.36,34.22,9.01,17.88,14.17
184.06,497.37,44.16,58.15,75.98,61.89,13.78,9.13,40.91,4.79,8.98,12.44
152.62,310.74,24.32,44.22,49.67,74.74,11.55,6.79,34.36,2.84,5.37,3.49
161.27,195.78,23.71,25.4,42.76,75.66,10.3,5.6,41.62,3.04,5.62,3.78
188.2,253.53,69.2,60.29,104.31,79.83,16.23,8.65,36.54,8.34,16.27,4.38
159.97,193.78,24.53,40.51,47.8,81.44,13.11,5.08,31.88,3.11,6.12,3.49
144.12,162.2,18.1,34.71,40.32,81.04,11.45,5.93,31.61,2.35,6.76,4.07
155.38,191.03,35.51,45.11,57.91,69.59,14.21,12.24,30.11,4.69,16.48,9.41
170.16,238.33,36.04,48.4,60.78,34.14,14.17,9.28,37.39,4.28,22.47,17.65
148.19,169.57,14.79,29.28,34.14,34.91,14.13,5.94,31.57,2.06,6.92,1.75
140.78,171.64,11.34,20.95,26.65,23.22,13.61,6.98,28.72,1.81,6.96,3.64
130.42,163.67,13.85,24.75,31.46,22.36,12.78,12.12,34.08,2.14,8.56,4.34
105.86,169.28,9.21,20.65,25.3,16.49,11.8,12.48,41.38,1.97,7.83,1.25
71.83,98.89,8.49,21.42,19.55,12.44,11.62,10.99,22.51,1.38,4.63,2.6
101.75,163.14,20.56,26.59,34.17,32.04,10.55,5.96,33.67,2.45,9.31,7.14
115.93,203.75,18.48,32.29,37.84,30.72,11.3,7.03,35.05,2.9,12.42,15.16
108.66,173.89,15.61,30.75,37.02,23.31,10.23,10.65,34.05,3.41,14.88,9.81
107.26,201.08,21.52,33.82,42.98,27.92,11.69,11.82,45.78,4.93,11.03,9.98
109.78,217.9,24.1,33.02,44.26,28.0,12.67,9.3,40.0,6.64,10.31,2.53
102.22,212.96,22.14,29.41,40.44,32.82,10.47,17.16,40.23,3.87,9.33,2.54
104.36,202.01,23.55,33.86,43.2,37.35,14.42,16.92,32.84,3.96,9.87,2.51
112.86,167.6,24.6,32.71,45.12,36.05,10.15,19.48,38.45,4.04,9.07,2.42
119.7,195.47,34.3,32.83,59.96,44.66,11.01,16.63,30.32,5.7,14.32,2.64
95.34,120.2,11.64,34.72,37.7,24.84,9.28,17.99,61.68,2.72,7.17,2.06
131.39,234.65,22.86,59.52,72.68,34.01,5.84,21.5,73.72,4.56,14.16,2.57
98.79,161.43,18.39,47.41,45.1,34.8,11.65,13.75,31.14,2.4,7.07,2.16
119.82,268.65,26.27,51.11,66.92,28.99,8.21,17.21,65.72,4.32,13.89,4.52
121.51,336.63,18.14,60.41,68.41,33.63,6.75,20.98,87.04,3.08,10.2,4.6
114.5,327.81,23.52,50.7,63.45,30.3,6.84,19.38,74.49,4.22,13.04,4.27
101.83,279.41,26.26,55.27,72.67,24.36,7.36,19.29,69.41,4.74,14.52,3.72
118.57,273.68,33.93,76.46,96.19,29.32,6.58,21.81,76.14,5.0,18.21,4.45
143.22,313.53,42.58,88.61,108.55,36.5,6.42,26.89,89.42,5.63,22.15,4.61
106.76,318.88,22.5,58.87,71.34,37.0,6.75,17.56,93.54,3.15,12.73,3.99
65.36,160.3,13.17,31.23,38.68,32.83,8.44,12.67,77.43,1.9,6.65,2.72
72.66,206.1,25.56,62.09,76.22,26.99,9.46,16.16,43.06,3.47,15.83,3.0701278234985114
121.94,334.02,52.12,83.3,100.84,35.46,11.95,19.43,41.71,6.62,32.11,3.0701278234985114
108.98,326.71,52.0,85.5,112.64,31.33,8.08,17.53,37.7,6.19,26.87,3.0701278234985114
171.33,346.98,53.42,87.88,122.67,39.27,7.1,25.26,92.66,5.92,28.97,3.0701278234985114
90.66,305.38,25.55,56.54,73.9,30.52,6.65,20.79,74.84,3.96,8.6,3.0701278234985114
106.4,285.38,43.33,63.57,96.25,34.25,9.35,18.15,76.38,4.09,11.93,3.0701278234985114
101.21,283.47,20.83,57.51,65.08,31.32,10.6,16.92,67.97,3.3,10.36,3.0701278234985114
97.57,336.82,11.91,42.7,48.43,36.11,8.79,15.11,87.93,2.21,5.94,3.0701278234985114
96.34,293.26,11.54,43.04,48.09,52.21,6.27,10.84,83.43,1.74,5.4,3.0701278234985114
83.42,174.52,10.5,48.61,45.79,56.95,8.14,9.08,55.62,2.29,7.15,3.0701278234985114
97.87,240.34,27.46,63.55,81.14,44.08,10.81,15.02,77.87,3.2,11.05,3.0701278234985114
97.16,188.39,15.83,57.63,65.15,43.23,8.4,20.15,70.29,1.68,4.74,3.0701278234985114
89.85,240.31,16.42,75.47,70.51,40.32,8.04,14.58,79.55,1.82,5.59,3.0701278234985114
75.54,335.13,27.16,53.03,63.55,56.95,8.25,14.85,42.61,2.16,5.19,3.0701278234985114
67.91,235.99,34.97,56.84,77.1,45.91,8.32,14.77,64.34,1.8,3.94,3.0701278234985114
69.02,313.73,38.94,52.79,75.32,36.5,7.06,10.73,66.63,1.52,3.62,3.0701278234985114
117.27,340.66,51.72,60.65,102.66,40.26,7.66,11.78,95.72,1.69,5.27,3.0701278234985114
96.09,311.08,24.98,51.77,70.51,33.51,5.25,9.9,79.4,1.59,3.57,3.0701278234985114
84.71,231.35,42.01,70.43,91.54,29.05,8.54,17.48,80.71,2.44,5.37,3.0701278234985114
182.76,436.17,54.87,72.67,100.54,35.74,6.89,14.33,83.33,2.5,6.62,3.0701278234985114
92.68,239.12,47.05,65.26,103.71,40.66,7.59,17.68,69.95,2.59,7.66,3.0701278234985114
73.62,236.8,19.04,41.86,52.3,36.27,7.12,13.08,87.47,1.66,3.31,3.0701278234985114
83.02,241.67,16.05,62.63,52.93,75.0,11.36,4.12,52.03,2.6,7.32,3.0701278234985114
44.54,119.29,11.64,46.37,46.37,71.88,11.94,7.37,37.09,2.38,6.02,3.0701278234985114
63.77,166.31,12.93,31.27,34.21,43.33,2.58,5.91,56.84,1.83,3.83,3.0701278234985114
132.21,282.05,45.43,81.57,109.14,59.1,1.73,6.16,82.42,4.07,13.65,3.0701278234985114
123.56,271.79,32.84,70.96,82.45,55.88,1.57,6.95,74.01,3.18,8.21,3.0701278234985114
132.21,268.84,34.59,94.25,108.25,59.55,1.82,9.31,87.24,3.87,10.16,3.0701278234985114
99.5,278.36,33.04,35.31,67.05,17.86,1.17,9.82,72.94,3.85,10.55,4.02
97.31,284.54,50.0,41.7,90.18,23.02,1.36,14.94,71.5,4.88,18.75,3.97
145.97,335.82,62.2,62.84,99.01,34.91,2.26,15.08,44.92,8.8,31.87,3.87
180.52,347.95,80.34,75.42,116.95,36.94,3.15,17.32,45.8,10.88,44.0,3.92
144.04,305.35,25.78,57.05,78.07,37.01,1.73,11.15,49.32,4.97,12.91,3.37
148.44,291.66,35.13,58.32,80.91,29.59,1.96,12.13,66.62,5.52,14.13,3.36
130.22,284.27,56.83,65.15,105.26,27.47,2.5,15.27,63.16,6.66,23.59,3.36
147.71,287.93,100.27,61.29,117.2,29.69,2.48,13.94,58.24,8.33,33.78,3.64
100.7,232.58,74.45,52.92,120.68,33.46,1.98,14.75,65.55,6.67,23.22,2.46
148.29,301.61,60.16,68.24,105.17,33.05,2.07,11.98,84.74,7.38,24.65,3.0701278234985114
90.66,137.89,38.65,20.29,55.07,6.78,1.62,7.56,44.21,3.83,12.78,1.68
170.28,312.88,56.52,61.67,97.82,33.27,2.08,16.24,92.96,7.19,24.25,1.95
158.04,265.39,23.76,46.9,69.79,37.48,2.98,15.64,79.5,4.73,11.36,2.02
143.73,289.01,54.93,67.38,104.71,30.27,2.05,21.35,69.55,7.29,17.19,2.0
169.22,341.7,90.18,71.38,122.15,34.26,3.07,18.2,47.92,10.19,29.74,1.94
147.65,281.8,33.05,56.46,81.78,28.26,1.78,13.81,65.83,6.17,28.38,1.88
113.2,260.46,30.2,49.25,75.03,26.14,1.74,21.2,63.88,6.18,16.14,2.02
112.89,254.24,32.12,43.78,74.53,22.81,2.07,18.61,71.98,4.85,15.43,2.03
245.97,274.06,36.55,35.11,58.72,35.77,1.74,17.66,42.32,1.95,4.3,1.94
161.78,234.94,44.61,63.78,97.34,45.99,1.76,21.21,75.71,4.34,18.32,1.63
201.44,364.2,88.69,79.2,134.41,55.64,2.01,40.75,108.12,7.16,21.36,1.19
214.24,342.13,49.66,83.62,95.98,49.4,2.1,22.68,101.15,5.57,17.11,0.0
184.02,323.56,81.18,85.03,129.22,60.07,2.26,21.27,94.79,5.86,20.12,0.0
136.22,280.47,44.56,57.11,77.4,41.89,2.1,17.53,71.44,2.86,8.42,0.0
188.09,367.46,74.07,74.39,118.88,45.24,2.3,21.78,86.88,5.15,15.24,1.01
238.69,397.16,106.26,96.62,150.98,55.18,2.87,25.59,101.68,7.31,22.27,3.09
149.14,312.85,33.11,54.63,83.28,35.62,1.98,15.97,81.11,3.31,9.24,0.95
182.5,317.46,91.98,69.29,144.14,40.68,1.84,21.35,93.71,4.48,12.18,1.03
193.58,343.26,60.96,71.35,121.32,57.48,1.71,19.49,90.46,4.05,12.37,0.02
172.89,294.29,32.3,47.21,73.76,60.1,1.43,17.09,70.51,2.54,6.88,0.0
190.46,342.59,64.72,51.84,99.82,59.13,1.88,20.73,67.97,3.2,10.58,0.01
183.28,371.83,56.71,83.03,118.88,57.35,1.77,16.48,93.52,4.34,12.02,0.01
170.74,399.64,61.75,95.99,132.93,52.71,1.87,19.04,88.0,4.38,13.3,3.0701278234985114
190.14,412.29,43.24,92.91,109.61,52.48,1.74,19.24,86.19,5.0,12.33,3.0701278234985114
186.64,352.14,64.77,79.52,113.72,43.76,2.28,20.76,88.93,4.47,12.74,3.0701278234985114
218.22,439.01,129.37,113.45,178.2,75.74,3.24,34.05,122.22,6.89,23.51,3.0701278234985114
211.95,386.66,51.4,78.05,114.36,50.46,2.46,22.11,123.11,3.55,9.96,3.0701278234985114
198.38,410.6,57.61,64.21,116.75,57.97,2.1,18.41,119.41,3.74,9.49,3.0701278234985114
184.12,385.05,47.72,55.01,94.66,49.91,1.91,16.09,122.43,3.91,8.27,3.0701278234985114
135.42,338.3,71.54,63.9,118.56,37.83,2.01,18.89,101.58,3.98,9.07,3.0701278234985114
118.6,380.24,56.5,59.09,102.21,38.84,2.7,13.66,79.22,3.4,8.61,3.0701278234985114
152.24,118.12710293078135,54.06,23.07,71.32,59.43,1.89,19.41,29.89,3.07,11.7,3.0701278234985114
136.75,118.12710293078135,49.33,25.24,62.42,65.5,1.52,19.87,20.82,2.76,10.34,3.0701278234985114
181.67,118.12710293078135,100.08,111.18,139.46,126.19,21.22,18.97,20.58,5.34,20.47,3.0701278234985114
135.78,118.12710293078135,62.51,78.99,89.78,100.15,29.46,15.59,20.57,3.02,11.55,3.0701278234985114
204.72,391.9,136.41,136.15,180.15,163.07,11.45,23.64,57.16,6.91,24.84,3.0701278234985114
129.08,486.66,20.45,55.01,53.4,65.53,30.44,13.43,32.42,3.46,6.92,3.0701278234985114
132.56,294.13,37.27,71.91,91.68,62.62,9.61,17.57,75.29,3.54,7.58,3.0701278234985114
158.69,331.93,52.6,88.96,109.95,69.77,10.3,21.02,88.64,3.76,7.95,3.0701278234985114
187.01,375.13,34.43,90.57,99.66,72.76,11.3,21.41,98.88,3.82,7.0,3.0701278234985114
148.77,332.68,23.26,75.69,71.74,69.14,9.27,20.34,85.96,3.02,5.12,3.0701278234985114
159.67,325.05,33.33,73.11,82.43,60.62,2.32,21.23,82.69,3.4,6.16,3.0701278234985114
183.24,345.68,85.1,68.86,119.51,62.87,2.14,24.96,130.02,3.98,9.27,3.0701278234985114
248.59,399.59,25.76,73.18,95.74,68.5,1.62,16.73,95.93,3.34,7.27,3.0701278234985114
196.87,339.06,22.82,55.91,76.14,59.65,1.35,11.82,97.98,2.51,5.49,3.0701278234985114
178.8,259.53,24.84,45.85,67.9,47.42,1.39,10.86,81.66,2.41,5.16,3.0701278234985114
138.86,220.21,16.26,41.92,56.84,35.05,1.55,11.25,67.4,2.31,4.48,3.0701278234985114
179.48,268.5,24.14,58.56,75.29,35.01,1.45,15.89,78.01,2.21,4.79,3.0701278234985114
196.83,318.08,29.85,52.83,74.47,37.76,1.68,11.99,91.52,3.95,8.5,3.0701278234985114
290.66,418.92,58.36,73.9,118.66,48.9,1.94,17.13,136.52,6.63,15.31,3.0701278234985114
121.4,193.5,20.04,60.12,73.48,37.51,1.08,16.33,90.99,2.9,6.96,3.0701278234985114
136.87,273.78,18.78,61.81,80.6,30.46,1.11,24.23,95.15,4.51,8.58,3.0701278234985114
206.72,383.25,103.55,86.15,180.54,38.98,1.82,30.2,121.22,13.75,29.14,3.0701278234985114
170.45,249.91,24.15,72.61,90.15,46.76,1.28,20.74,95.23,5.29,12.12,3.0701278234985114
119.57,186.86,46.36,57.0,102.85,45.57,1.26,19.21,74.61,7.03,15.39,3.0701278234985114
181.76,261.7,53.77,65.45,101.07,44.85,1.46,19.53,106.92,8.52,19.03,3.0701278234985114
216.55,341.38,99.27,81.98,159.3,48.24,2.02,21.61,129.76,10.15,25.69,3.0701278234985114
150.0,270.49,61.14,70.99,101.48,41.33,1.88,21.25,93.1,7.25,31.62,3.0701278234985114
146.03,296.27,41.52,79.43,102.77,35.09,1.56,26.86,117.2,6.5,12.45,3.0701278234985114
110.89,228.81,15.7,56.05,60.22,33.55,2.14,20.94,101.47,3.19,6.06,3.0701278234985114
148.75,217.16,41.39,76.11,115.01,54.55,1.41,26.28,90.48,9.41,24.42,3.0701278234985114
207.1,307.38,54.8,66.45,119.87,67.61,1.76,32.25,108.89,10.6,22.71,3.0701278234985114
150.89,225.66,72.64,47.72,109.23,79.34,1.48,20.15,84.64,8.31,29.83,3.0701278234985114
177.64,309.47,93.53,117.04,150.74,35.85,2.07,50.44,200.41,4.5,14.62,3.0701278234985114
131.69,232.45,53.41,81.93,121.16,36.07,1.6,21.19,97.56,5.66,15.91,3.0701278234985114
144.98,245.96,63.25,86.59,102.02,36.93,1.78,24.43,117.3,3.51,10.6,3.0701278234985114
163.92,263.73,84.62,76.43,114.7,41.99,1.98,21.63,130.99,3.71,11.29,3.0701278234985114
170.12,255.34,85.99,76.4,134.66,49.77,1.99,17.63,137.57,5.5,17.45,3.0701278234985114
213.62,299.88,113.63,102.02,151.93,51.11,2.43,25.49,138.3,10.49,34.16,3.0701278234985114
175.63,244.58,123.21,102.23,181.1,41.75,1.94,25.53,157.07,6.27,24.07,3.0701278234985114
165.22,264.31,116.23,100.71,182.37,48.37,2.61,33.45,113.89,10.66,37.95,3.0701278234985114
115.55,201.71,28.05,60.47,79.02,39.42,1.36,16.6,103.88,3.87,10.79,3.0701278234985114
156.01,228.19,85.62,88.44,138.71,39.36,2.18,24.44,169.36,4.06,10.5,3.0701278234985114
137.99,217.03,47.16,85.91,112.34,44.01,2.1,32.84,142.38,4.46,10.03,3.0701278234985114
130.7,118.12710293078135,5.58,15.89,20.05,23.48347601937197,1.39,12.78,29.69,2.3,5.74,3.0701278234985114
148.22,217.84,63.75,44.98,91.09,62.22,1.68,27.44,69.66,6.9,17.57,3.0701278234985114
132.86,377.61,54.82,31.55,70.95,59.55,1.51,20.54,63.44,8.27,15.68,3.0701278234985114
166.76,272.67,65.1,63.03,122.4,35.12,1.51,46.97,47.93,12.58,21.16,3.0701278234985114
137.48,285.18,88.96,76.2,133.09,34.25,1.98,37.57,85.91,7.75,19.19,3.0701278234985114
129.06,311.93,35.74,63.21,99.16,28.32,1.52,35.73,98.35,6.73,17.39,3.0701278234985114
124.8,283.05,22.33,48.65,66.43,25.14,1.09,29.16,97.22,5.51,9.32,3.0701278234985114
139.37,306.08,71.92,97.93,118.98,29.38,2.08,38.53,86.82,5.89,17.43,3.0701278234985114
162.54,379.7,154.33,108.53,168.05,39.52,2.7,33.53,87.74,9.46,31.19,3.0701278234985114
161.23,354.17,72.12,80.4,126.06,37.83,2.08,35.7,117.59,6.68,18.75,3.0701278234985114
181.49,383.05,62.82,88.26,117.82,32.04,2.14,38.0,56.3,5.69,13.15,3.0701278234985114
142.64,118.12710293078135,30.09,51.53,56.14,16.95,1.82,13.83,59.71,3.38,9.22,3.0701278234985114
103.08,297.94,18.52,61.77,72.09,49.53,1.44,26.13,91.18,4.3,12.28,3.0701278234985114
99.88,250.51,37.0,60.29,80.62,56.26,1.1,16.54,95.52,5.83,18.17,3.0701278234985114
105.51,292.64,46.21,67.71,78.61,52.87,1.44,20.49,86.22,6.12,19.79,3.0701278234985114
128.85,379.8,50.68,57.06,64.22,46.77,1.83,18.7,56.63,6.57,17.73,3.0701278234985114
94.89,247.95,37.68,58.46,85.72,31.0,1.12,21.19,62.4,4.32,10.12,3.0701278234985114
92.95,249.27,32.62,62.4,98.0,29.12,1.19,27.34,89.66,4.72,9.81,3.0701278234985114
117.64,266.72,52.8,80.57,118.39,26.39,1.76,31.96,105.42,5.44,13.84,3.0701278234985114
111.22,293.73,22.75,48.12,58.91,42.29,1.06,11.79,160.06,1.57,5.7,3.0701278234985114
180.71,379.29,25.71,50.38,65.02,43.19,1.29,13.73,169.35,2.65,8.03,3.0701278234985114
81.4,298.5,26.72,49.88,73.71,37.86,1.3,13.87,94.77,4.72,10.98,3.0701278234985114
138.97,296.64,53.59,74.99,108.21,44.94,1.7,21.41,129.18,8.08,24.79,3.0701278234985114
137.81,274.63,26.48,75.26,92.33,47.59,1.48,15.4,115.31,5.88,20.24,3.0701278234985114
96.72,332.91,20.53,34.52,56.84,34.24,3.24,10.14,98.09,4.68,8.25,3.0701278234985114
102.42,330.36,18.12,37.74,55.24,42.47,1.59,11.23,65.24,4.53,17.16,3.0701278234985114
67.12,175.26,4.67,50.91,51.52,43.4,1.09,10.87,79.26,2.77,10.31,3.0701278234985114
50.42,282.23,31.2,34.74,69.03,19.05,2.99,10.61,61.24,1.91,5.54,3.0701278234985114
87.99,277.61,34.45,43.67,76.55,21.51,2.39,10.34,49.75,2.63,9.22,3.0701278234985114
117.28,232.03,40.76,73.71,90.15,40.08,1.4,24.55,109.06,1.82,11.99,3.0701278234985114
159.8,272.34,33.0,78.18,84.42,50.14,1.3,13.68,123.99,2.18,8.16,3.0701278234985114
114.06,274.97,61.5,74.99,105.6,47.26,1.28,14.63,97.13,1.9,6.14,3.0701278234985114
125.8,290.85,79.04,88.86,126.5,39.72,1.24,17.3,112.52,2.65,11.52,3.0701278234985114
86.93,295.1,102.46,81.11,113.0,27.85,0.84,19.17,78.81,2.26,7.16,3.0701278234985114
94.83,303.27,90.53,87.15,111.96,29.54,1.31,20.72,87.84,1.9,7.31,3.0701278234985114
144.98,368.81,80.18,108.83,104.39,34.74,1.26,22.1,120.33,2.27,8.31,3.0701278234985114
115.76,290.42,125.4,82.7,107.03,38.89,1.63,23.46,83.78,2.72,10.24,3.0701278234985114
236.09,399.5,152.13,116.66,80.86,59.24,1.49,21.98,37.37,6.53,16.84,3.0701278234985114
216.1,478.72,133.15,109.5,84.1,55.54,1.21,22.29,35.12,5.57,12.74,3.0701278234985114
136.21,399.13,32.87,68.9,39.01,28.84,0.41,20.99,40.07,3.18,6.51,3.0701278234985114
113.3,325.47,37.55,70.01,43.19,25.22,0.46,23.22,39.94,3.24,6.72,3.0701278234985114
128.7,336.16,35.91,71.29,40.84,26.73,0.65,22.68,38.99,3.16,5.83,3.0701278234985114
236.58,489.62,158.47,133.28,88.78,64.54,1.75,27.59,40.89,7.42,21.69,3.0701278234985114
223.3,426.63,135.19,109.4,54.22,68.69,1.93,22.96,33.98,7.43,18.49,3.0701278234985114
204.6,417.29,91.66,78.79,39.67,27.41,1.55,23.92,31.6,5.88,12.62,3.0701278234985114
199.12,294.81,46.99,50.79,27.33,29.59,1.25,22.65,37.83,6.73,14.23,3.0701278234985114
154.55,336.29,81.54,66.38,45.44,39.57,0.92,18.5,33.54,7.35,15.83,3.0701278234985114
167.64,345.07,67.1,61.53,30.43,32.77,1.06,20.65,34.65,6.85,11.87,3.0701278234985114
200.78,443.63,137.47,85.26,53.52,42.38,1.45,23.5,33.68,7.66,17.03,3.0701278234985114
161.92,324.2,34.1,68.35,45.61,45.61,0.61,22.9,34.48,3.64,5.67,3.0701278234985114
131.95,291.75,51.31,66.67,44.05,40.01,0.81,22.63,33.78,4.0,6.24,3.0701278234985114
187.3,399.43,99.49,82.03,51.92,50.67,1.14,24.9,37.52,5.12,9.98,3.0701278234985114
154.26,307.64,61.69,65.49,56.57,51.87,0.66,22.82,36.31,4.36,7.7,3.0701278234985114
213.2,395.37,114.55,93.45,56.14,47.88,0.94,24.51,36.9,6.13,11.06,3.0701278234985114
231.1,368.9,30.99,62.46,33.89,54.58,0.96,23.47,43.97,6.93,12.43,3.0701278234985114
211.16,353.61,40.62,56.66,44.59,52.53,1.14,23.82,42.84,8.03,17.16,3.0701278234985114
191.5,402.31,103.24,66.19,55.29,55.92,1.31,25.13,50.03,8.39,19.94,3.0701278234985114
247.79,440.18,221.03,95.55,80.85,66.57,1.47,22.29,47.86,8.96,18.92,3.0701278234985114
255.33,390.67,155.29,90.79,53.89,58.97,1.28,25.33,42.9,7.65,13.96,3.0701278234985114
215.42,352.83,141.69,87.15,64.41,61.04,1.24,25.15,41.95,5.73,12.89,3.0701278234985114
194.12,278.62,67.81,65.86,37.59,58.18,0.9,20.52,44.04,5.01,11.17,3.0701278234985114
154.52,170.19,20.42,38.85,20.32,36.9,0.77,22.19,47.75,4.48,7.42,3.0701278234985114
108.26,239.51,55.04,59.2,49.05,28.52,0.71,19.1,36.04,3.76,7.49,3.0701278234985114
146.04,314.69,65.31,67.72,56.02,31.36,0.79,21.36,29.92,4.36,7.8,3.0701278234985114
222.66,281.83,45.03,63.97,33.71,24.33,0.45,17.67,24.93,3.04,6.1,3.0701278234985114
188.08,284.88,38.14,60.94,37.11,39.47,0.93,20.6,33.86,3.98,7.94,3.0701278234985114
177.67,206.63,39.9,51.44,35.24,33.13,0.63,18.44,36.21,3.79,6.3,3.0701278234985114
218.63,268.67,57.03,66.94,38.35,31.97,0.7,20.52,34.21,6.36,13.3,3.0701278234985114
227.68,225.03,30.18,55.95,22.56,25.48,0.6,20.86,34.42,5.75,11.47,3.0701278234985114
217.55,207.03,43.74,63.7,36.69,31.55,0.6,22.23,39.1,4.8,9.03,3.0701278234985114
349.98,226.74,51.87,63.36,30.05,19.27,0.03,17.93,18.33,1.05,1.49,3.0701278234985114
189.45,277.25,80.42,67.27,46.06,33.51,0.53,20.61,20.57,3.67,8.67,3.0701278234985114
230.94,386.49,122.41,92.12,77.3,56.08,1.3,24.56,37.93,7.11,18.8,3.0701278234985114
135.87,166.57,22.6,50.39,27.1,48.42,0.32,22.04,34.78,3.7,8.16,3.0701278234985114
166.71,276.2,110.02,65.43,57.64,40.53,0.83,20.29,36.47,5.54,10.22,3.0701278234985114
214.23,316.16,176.81,82.78,73.16,54.92,0.79,22.81,35.58,6.63,18.38,3.0701278234985114
136.02,251.31,97.62,64.08,50.05,46.63,0.9,19.51,34.75,4.32,9.29,3.0701278234985114
198.24,410.79,190.34,93.86,67.78,60.67,1.26,18.84,36.78,6.76,15.89,3.0701278234985114
146.49,286.46,33.48,49.57,29.4,40.73,0.84,18.3,44.68,2.87,6.0,3.0701278234985114
176.04,414.89,87.2,60.62,54.74,46.21,1.03,17.23,35.21,4.0,9.33,3.0701278234985114
133.12,303.04,61.19,67.24,53.3,39.7,0.75,20.84,36.78,3.34,7.05,3.0701278234985114
120.43,272.12,66.43,62.77,55.46,47.34,0.68,20.09,35.09,3.17,5.86,3.0701278234985114
129.09,275.18,92.87,58.31,59.11,55.54,0.54,17.55,31.87,2.84,5.56,3.0701278234985114
166.55,250.37,97.85,56.97,61.64,95.27,0.38,19.9,31.11,2.2,3.89,3.0701278234985114
168.96,358.24,65.02,81.51,57.92,50.31,0.87,21.87,35.28,4.04,7.54,3.0701278234985114
183.98,386.01,82.12,82.14,64.01,54.38,0.78,21.26,31.92,4.76,8.33,3.0701278234985114
163.86,335.5,62.07,78.82,55.79,55.87,0.72,21.02,31.57,3.67,7.68,3.0701278234985114
112.02,330.9,50.86,72.55,52.64,53.4,0.71,19.33,32.42,3.42,6.45,3.0701278234985114
107.13,352.54,81.6,71.98,57.13,62.34,0.66,19.29,30.24,4.05,7.84,3.0701278234985114
126.74,406.49,152.15,67.45,82.63,83.01,1.06,23.96,35.07,3.79,11.64,3.0701278234985114
106.92,303.47,67.69,60.72,60.22,66.01,0.7,19.57,33.71,3.44,5.9,3.0701278234985114
178.5,255.65,68.74,72.8,57.4,43.29,0.8,21.66,35.64,3.67,7.86,3.0701278234985114
149.73,382.34,135.95,94.66,72.79,76.09,1.42,28.15,38.79,5.21,15.38,3.0701278234985114
127.9,359.47,122.04,79.46,60.34,73.27,0.92,24.07,45.24,5.06,14.64,3.0701278234985114
112.71,319.97,59.15,42.06,30.58,37.36,0.45,23.96,32.01,3.83,9.02,3.0701278234985114
125.8,348.95,73.95,42.18,35.0,43.07,0.52,23.59,31.9,3.93,9.51,3.0701278234985114
114.07,288.64,36.4,38.7,20.84,29.62,0.65,21.42,32.6,3.29,6.72,3.0701278234985114
120.43,350.42,80.86,51.65,41.4,43.17,0.81,22.89,31.83,4.4,9.77,3.0701278234985114
121.21,332.73,41.69,49.53,26.14,34.32,0.77,22.25,30.92,3.66,6.47,3.0701278234985114
128.51,365.67,46.31,51.94,29.59,33.99,0.83,24.38,28.61,4.41,7.75,3.0701278234985114
120.88,405.64,86.41,69.31,31.85,49.03,0.58,28.88,20.88,4.89,10.6,3.0701278234985114
149.42,282.88,45.21,79.52,32.77,76.02,0.68,22.09,19.74,1.7,3.68,3.0701278234985114
168.23,254.71,49.68,83.82,45.26,59.37,0.31,15.18,22.26,1.5,2.76,3.0701278234985114
152.66,289.95,61.08,85.54,53.58,61.73,0.42,18.24,18.81,2.47,4.81,3.0701278234985114
113.62,311.56,77.91,75.87,59.57,58.95,0.45,17.26,15.36,3.28,5.26,3.0701278234985114
105.71,291.02,84.88,81.75,63.72,68.33,0.52,20.05,22.94,2.85,6.71,3.0701278234985114
146.59,253.07,40.88,71.58,39.52,40.69,0.33,24.49,45.45,1.83,6.95,3.0701278234985114
107.69,309.37,45.69,61.17,50.77,43.01,0.64,32.76,33.49,3.08,17.79,3.0701278234985114
163.97,375.82,146.3,87.79,59.71,54.53,1.06,43.82,27.66,4.98,22.01,3.0701278234985114
176.54,343.62,156.79,102.4,58.09,63.27,1.0,42.8,28.5,6.94,42.03,3.0701278234985114
152.99,324.19,145.19,93.15,64.74,64.48,0.9,37.38,49.2,4.42,18.78,3.0701278234985114
130.13,409.7,43.34,103.25,32.82,54.57,0.54,30.82,56.86,2.39,14.76,3.0701278234985114
198.2,313.23,133.01,108.48,65.63,44.95,1.41,50.78,58.08,3.14,16.69,3.0701278234985114
109.91,302.02,44.86,67.76,43.5,34.41,0.83,34.97,45.95,1.7,12.37,3.0701278234985114
109.76,334.65,24.91,65.21,35.7,36.69,0.64,36.94,43.99,2.73,21.07,3.0701278234985114
121.76,334.51,61.83,70.37,58.22,32.57,0.89,44.98,41.08,4.09,23.08,3.0701278234985114
135.54,381.35,89.05,75.55,69.21,37.08,0.7,46.16,34.75,3.43,18.26,3.0701278234985114
123.21,375.15,34.5,54.83,30.75,20.17,0.57,41.96,52.5,2.51,14.55,3.0701278234985114
233.82,352.76,58.84,59.74,41.26,25.31,0.9,36.26,46.67,1.84,11.51,3.0701278234985114
110.1,386.67,72.51,63.7,49.96,39.38,0.99,35.36,40.92,3.31,17.75,3.0701278234985114
123.44,354.35,82.72,131.55,58.97,60.86,1.08,24.75,45.77,3.2,14.9,3.0701278234985114
122.2,362.94,96.1,119.37,71.01,62.41,1.1,23.23,42.56,3.27,14.76,3.0701278234985114
121.1,436.35,89.35,92.68,61.23,55.02,0.72,22.69,29.97,2.38,13.45,3.0701278234985114
71.89,320.91,58.98,64.07,47.44,41.28,0.56,18.63,20.67,1.6,15.57,3.0701278234985114
147.07,208.87,67.91,30.14,23.78,55.52,0.37,14.64,42.39,0.72,3.4,0.09
147.83,195.47,41.91,30.0,15.25,44.61,0.33,14.31,37.15,0.89,3.62,0.09
152.61,213.98,48.82,58.53,40.14,51.88,1.02,23.09,30.49,0.86,3.42,0.09
121.7,212.35,48.01,57.08,49.91,42.92,1.36,17.44,30.46,0.99,3.39,0.09
152.16,204.03,66.01,63.15,55.52,44.57,1.05,27.42,35.86,0.83,3.38,0.08
176.17,259.0,55.94,53.51,53.32,50.7,1.18,22.15,36.35,1.26,4.52,0.08
146.01,201.91,54.57,55.88,31.89,45.72,0.93,24.42,34.88,0.8,4.04,0.08
163.35,242.73,89.4,64.25,63.05,48.44,1.45,27.79,52.91,1.16,4.65,0.09
188.24,331.64,72.71,81.33,87.22,53.82,1.51,23.19,86.13,1.15,5.47,0.07
203.03,326.46,56.81,80.62,57.55,55.14,1.01,23.77,106.16,0.93,5.08,0.07
178.91,290.41,56.9,90.56,63.21,61.45,1.15,24.12,99.71,1.3,4.28,0.07
167.54,293.68,26.14,65.44,52.4,48.68,0.98,21.24,82.93,1.26,4.94,0.06
198.37,329.05,35.39,84.45,60.5,51.2,0.9,27.88,110.71,1.65,7.47,0.07
187.82,300.92,28.91,60.61,57.94,50.6,1.16,25.08,83.99,1.56,6.8,0.08
196.37,308.22,41.29,69.51,64.94,52.67,1.47,23.68,88.38,2.51,5.67,0.09
211.64,323.45,65.55,53.08,75.68,64.28,1.84,19.36,65.34,3.36,11.75,0.08
179.17,265.9,29.65,46.83,43.9,47.36,1.13,16.01,56.79,1.43,6.36,0.07
160.69,227.41,26.09,47.7,56.86,49.88,1.4,17.19,61.91,2.51,9.71,0.07
168.16,239.73,45.29,46.49,60.96,53.2,1.31,15.29,62.16,2.74,6.06,0.07
190.33,292.7,45.11,47.28,74.75,52.75,1.83,18.87,73.16,3.18,5.21,0.07
209.61,334.64,65.25,60.56,97.76,61.8,2.33,19.55,86.74,6.46,12.85,0.08
216.53,330.27,64.5,57.27,96.0,65.81,1.94,18.74,72.82,4.6,14.37,0.07
192.04,279.26,36.7,57.85,79.14,48.83,1.64,19.24,60.28,4.38,13.31,0.07
191.57,278.95,38.61,53.86,82.34,50.06,1.55,22.89,62.01,4.06,12.03,0.12
150.79,220.08,32.01,47.38,70.95,45.56,1.51,16.32,47.92,3.0,8.48,0.18
143.51,202.59,20.23,43.91,50.62,38.55,1.16,13.3,37.68,2.29,5.38,0.08
171.34,249.28,24.44,52.73,64.19,36.28,1.3,13.7,54.08,2.38,6.34,0.1
178.08,253.38,32.84,54.75,75.18,40.58,1.52,15.02,57.13,4.37,10.71,0.1
177.41,258.11,30.75,54.64,74.09,40.37,1.51,18.13,57.6,4.92,11.65,0.1
175.56,251.23,34.73,55.04,70.15,40.03,1.55,18.32,54.34,4.53,11.97,0.1
187.97,256.92,44.24,64.15,82.97,44.62,1.65,19.2,54.02,5.18,13.88,0.11
185.31,268.09,45.12,76.48,88.0,47.81,1.74,17.95,48.1,5.3,15.24,0.1
224.37,338.82,77.85,67.6,101.44,63.81,1.97,21.01,44.82,20.64,17.26,0.1
198.34,328.09,45.64,68.93,87.3,52.5,1.64,18.95,41.09,4.33,13.04,0.1
167.74,290.47,61.44,62.53,93.71,60.94,1.76,19.39,34.78,16.1,19.68,0.1
215.17,327.64,109.88,75.37,132.94,83.31,2.31,20.1,40.91,7.08,28.86,0.11
219.84,344.17,71.11,57.73,108.26,77.53,2.11,16.83,44.4,8.15,23.32,0.1
190.45,309.07,61.21,56.83,94.55,65.47,1.83,17.59,31.62,6.41,20.7,0.1
208.87,324.46,80.33,65.66,102.69,92.4,2.1,20.17,36.62,7.94,25.81,0.1
240.87,359.22,67.41,65.83,99.76,85.25,2.28,19.92,37.61,8.46,26.32,0.1
120.91,210.21,23.19,51.02,68.08,45.92,1.65,20.88,43.68,2.94,8.36,0.12
165.76,268.35,60.14,70.14,9.06,57.73,1.77,24.22,68.58,7.52,17.98,0.18
230.34,341.87,102.0,83.94,16.38,77.11,2.18,25.97,90.07,9.07,29.86,0.25
283.24,410.74,44.05,66.41,5.96,78.25,1.91,25.0,67.35,4.65,14.07,0.05
157.72,241.38,22.11,50.73,2.69,55.36,1.17,20.47,48.84,2.88,7.93,0.19
203.18,301.71,79.8,66.65,9.75,73.83,1.74,23.73,59.85,6.52,14.99,1.04
259.0,368.35,61.55,58.92,7.06,68.61,1.68,23.76,56.1,5.63,15.78,0.39
224.42,326.11,46.41,57.6,6.18,62.83,1.57,22.1,38.93,5.37,12.99,0.42
224.27,317.87,58.71,65.61,9.76,71.71,1.69,23.17,58.98,5.95,18.27,0.03
249.17,362.39,80.57,70.25,11.62,79.07,1.86,25.51,66.0,6.36,23.66,0.0
227.28,347.63,70.6,59.7,10.69,68.22,1.7,25.54,61.36,5.35,19.38,0.77
248.54,377.61,35.56,61.57,4.24,55.17,1.36,14.42,66.31,3.79,8.2,0.39
240.42,360.99,38.73,54.8,4.57,51.36,1.38,13.2,48.57,3.63,8.14,0.26
191.66,292.74,26.49,47.02,4.99,50.09,1.3,16.27,57.39,3.19,6.5,0.22
152.98,259.13,37.51,51.6,5.28,47.52,1.33,17.15,54.55,3.36,7.87,0.34
233.1,355.21,62.59,66.19,10.36,58.65,1.54,21.82,66.79,5.31,13.99,0.68
186.26,294.24,34.44,60.21,3.98,48.38,1.4,18.98,58.51,3.26,7.3,0.7
154.64,243.95,30.06,63.57,3.47,47.42,1.47,17.4,56.22,3.27,6.83,0.7
168.87,281.06,40.02,65.3,3.73,55.07,1.56,24.03,62.37,4.23,11.32,1.39
230.5,355.43,68.69,61.28,3.2,75.88,2.12,24.28,75.14,7.62,21.81,4.23
191.47,308.74,36.32,54.37,1.87,55.35,1.72,22.47,64.8,4.3,10.03,1.71
177.71,309.85,32.47,52.51,2.15,54.6,1.42,19.12,59.73,3.26,7.7,1.26
235.06,353.55,44.3,47.86,34.61,52.37,1.61,14.48,64.1,4.22,12.58,0.32
152.33,252.92,21.5,38.87,53.34,66.51,1.31,14.45,43.18,2.37,4.43,0.0
153.61,274.5,33.93,44.09,63.87,63.25,1.51,16.91,41.49,2.74,7.02,0.0
202.11,352.68,54.86,56.45,72.5,63.15,1.87,21.64,68.33,4.09,10.9,0.0
160.79,248.48,25.98,47.26,67.65,51.07,1.43,14.25,48.67,2.68,6.67,0.0
150.96,248.26,41.85,47.6,73.57,45.66,1.85,10.26,54.01,2.07,4.36,0.84
162.48,272.45,45.81,54.51,74.45,44.78,1.96,12.61,60.56,2.18,5.5,0.76
140.35,282.16,34.69,54.28,71.59,52.36,1.49,12.25,52.12,1.72,5.93,0.79
163.6,308.37,42.64,63.42,78.45,45.41,1.33,14.77,43.11,2.04,4.47,0.36
143.29,274.72,28.45,56.51,67.62,44.96,1.21,14.94,41.11,1.74,4.88,0.42
186.19,338.61,66.23,74.83,86.77,47.89,1.75,13.8,45.91,3.21,6.09,0.78
203.33,348.94,56.38,74.5,84.22,49.6,1.7,14.35,49.11,3.32,6.44,0.61
209.7,373.06,71.59,99.06,86.85,47.52,2.55,13.77,53.31,6.94,11.0,1.21
148.13,300.96,57.19,62.4,82.24,51.43,1.56,14.45,43.54,3.53,5.29,0.67
172.55,315.75,68.88,71.76,88.37,46.22,1.96,15.25,49.74,3.07,5.52,0.79
167.16,317.53,56.44,68.29,87.59,49.25,1.89,14.53,51.27,3.34,5.42,0.53
172.99,346.46,72.82,92.54,94.31,49.47,2.42,13.97,57.47,5.24,8.8,0.93
159.67,313.47,59.65,66.4,90.58,55.72,1.8,15.89,47.69,4.0,8.11,0.55
163.75,333.99,59.63,70.77,92.54,59.64,1.81,16.26,48.62,3.89,9.53,0.0
164.2,349.29,47.09,62.66,80.95,62.61,1.52,15.09,55.26,2.85,5.82,0.27
106.26,222.46,25.0,42.88,59.15,50.57,1.0,14.34,43.87,2.05,3.94,0.2
134.76,274.89,45.51,65.86,75.45,46.02,1.64,18.68,52.43,4.54,6.65,0.0
108.98,314.72,36.34,48.86,66.89,43.23,1.23,16.08,37.77,3.53,5.3,0.0
133.53,280.94,30.35,45.33,66.03,49.85,1.36,24.36,52.82,4.03,5.93,0.0
152.56,337.64,43.18,60.24,76.02,49.53,1.76,19.67,64.73,4.62,6.26,0.0
62.06,208.53,9.34,31.63,35.38,29.3,0.85,16.92,60.81,1.43,2.24,0.0
142.82,397.1,44.46,78.5,78.44,41.32,2.09,17.89,65.07,5.52,6.76,0.0
107.47,336.49,22.69,49.86,54.16,51.03,1.41,12.96,69.49,2.86,4.75,0.0
144.33,353.5,45.32,74.13,88.45,65.63,3.2,17.75,67.9,4.15,5.23,0.0
129.23,324.0,53.83,77.28,86.18,46.95,1.66,17.57,59.46,5.79,9.66,0.0
114.13,298.07,37.09,57.51,67.13,51.03,1.34,17.78,53.43,3.1,6.97,0.0
112.6,312.18,41.22,60.34,66.84,51.9,1.4,11.93,59.1,3.88,5.4,0.0
84.47,289.18,8.45,22.78,27.88,27.53,0.68,6.18,44.56,2.78,6.3,0.0
139.18,342.5,84.92,64.18,100.51,43.63,2.2,19.19,54.38,7.92,78.45,3.04
137.29,323.31,67.3,52.81,81.62,42.22,1.93,17.13,44.29,6.99,63.99,1.98
143.2,337.98,100.87,57.64,112.6,48.05,2.47,18.46,44.65,8.83,83.91,3.63
168.87,328.13,37.49,54.04,59.64,37.9,1.55,19.82,47.64,5.99,54.68,1.57
141.15,294.36,49.17,55.77,71.3,38.07,1.52,20.59,42.61,5.73,57.74,1.59
174.04,384.46,103.62,77.72,129.52,44.37,2.52,20.95,56.09,10.68,100.96,4.26
168.82,368.33,97.53,72.23,120.26,45.37,2.35,22.51,62.29,9.42,88.49,3.59
203.12,396.01,114.02,74.04,133.52,48.25,2.72,20.76,53.02,10.6,94.71,4.01
206.05,408.94,123.46,77.3,143.02,52.18,3.14,19.9,52.9,11.57,103.0,3.47
231.83,427.06,84.12,62.22,104.22,48.43,2.67,16.66,53.2,9.06,74.48,3.04
205.44,373.61,57.41,65.98,86.56,51.21,1.99,19.65,46.13,7.93,64.64,2.6
159.56,298.85,21.22,47.39,45.59,48.63,1.43,17.1,45.43,4.98,35.39,0.89
175.43,300.54,30.57,45.14,52.43,30.5,1.44,19.39,51.22,4.15,20.77,0.44
136.2,225.77,41.75,59.36,67.48,53.0,1.68,16.02,31.95,5.38,42.88,1.87
138.49,230.56,19.55,42.41,41.05,41.19,1.24,14.2,40.74,3.27,24.64,0.86
166.43,313.67,68.53,61.82,92.64,44.39,2.0,16.29,39.51,6.3,48.08,6.73
179.79,319.12,18.31,56.73,47.93,48.41,1.56,16.32,51.15,4.66,33.16,1.68
224.1,374.77,53.4,63.96,80.38,54.51,2.04,16.11,46.03,6.37,51.31,2.77
209.96,349.54,54.16,63.79,81.87,46.84,1.79,14.22,40.22,5.32,42.92,0.94
139.02,292.92,91.36,74.93,120.74,42.27,2.09,16.89,37.22,6.05,56.92,0.92
187.85,331.22,77.16,61.06,102.45,45.84,2.04,16.39,40.01,6.49,61.33,2.27
200.69,362.41,94.45,68.3,120.55,47.15,2.43,20.11,39.8,7.01,61.96,2.34
205.53,378.23,152.0,78.94,176.98,53.89,3.32,18.31,34.02,10.54,92.77,4.61
193.1,356.12,120.37,69.6,146.11,53.87,2.85,15.96,34.61,8.67,73.8,2.44
205.17,363.12,101.42,63.68,124.27,51.41,2.52,12.76,35.79,8.64,78.97,3.41
190.36,340.56,62.12,56.74,86.03,46.35,1.96,13.69,35.79,6.19,48.33,1.91
147.48,297.66,68.71,56.43,90.73,42.49,1.91,14.4,35.45,5.99,46.53,1.44
164.63,331.5,131.08,67.18,152.89,45.3,2.77,16.62,39.35,8.92,70.64,3.02
178.87,356.2,120.66,66.91,144.74,47.02,2.74,16.52,38.44,8.11,66.53,2.75
211.57,393.74,140.77,74.17,169.75,51.21,3.17,16.28,38.12,9.77,84.12,3.2
181.62,345.32,121.66,65.87,142.92,49.26,2.59,15.89,32.33,7.76,60.99,2.6
218.06,395.33,136.49,71.73,156.61,52.53,3.04,16.49,40.87,10.22,86.38,3.23
193.81,353.86,85.29,54.83,105.05,49.16,2.09,14.11,32.45,7.45,57.31,10.5
202.83,358.72,85.16,59.06,107.05,49.42,2.2,15.47,37.6,7.6,57.49,5.16
226.35,388.23,103.19,65.3,127.78,50.23,2.67,18.08,39.85,9.42,70.17,2.02
182.78,322.5,70.9,58.08,94.61,50.27,1.93,16.14,32.85,6.06,44.09,0.95
204.08,339.38,55.86,61.34,82.18,51.04,1.78,17.76,37.13,6.28,43.12,0.95
205.22,351.7,61.91,63.77,89.2,48.82,1.92,17.41,37.05,6.34,39.02,1.35
174.26,254.66,28.3,51.94,54.18,55.71,1.49,13.65,31.48,5.08,31.15,0.52
181.74,283.88,49.0,52.45,72.14,56.06,1.57,15.49,27.11,5.29,34.1,0.59
156.26,242.02,31.32,48.95,54.76,49.69,1.31,14.67,27.37,4.16,24.24,0.4
143.66,238.94,26.14,49.49,50.88,43.53,1.3,15.09,30.9,3.91,22.96,0.5
165.95,278.87,54.31,58.22,80.36,44.67,1.75,16.81,30.92,5.15,33.81,0.81
94.44,173.94,18.5,42.16,40.87,40.52,1.04,15.05,31.33,2.77,19.45,0.1
271.96,424.07,108.12,83.75,142.71,55.19,2.58,20.35,33.75,8.8,53.96,2.04
130.59,218.93,37.42,44.11,58.86,41.06,1.44,15.29,30.57,4.78,44.97,0.43
126.48,212.42,22.97,49.13,46.7,34.49,1.06,15.76,33.6,3.19,20.16,0.17
206.14,334.21,61.02,63.7,89.54,42.99,1.76,24.75,35.84,5.45,42.52,0.71
204.25,335.07,72.47,65.7,101.46,49.6,1.9,20.48,37.52,6.82,50.25,0.36
178.68,265.65,23.24,50.75,48.72,49.42,1.34,17.83,33.12,4.43,26.59,0.1
177.32,266.3,17.57,35.89,35.82,43.55,1.24,11.55,30.88,3.93,22.16,0.12
131.1,209.41,20.77,34.53,37.93,40.43,1.32,11.7,29.44,3.28,20.96,0.14
144.62,248.49,53.8,52.85,76.95,39.88,1.81,14.06,33.42,4.9,33.18,0.88
256.33,408.32,122.8,75.89,153.6,53.81,2.95,22.38,46.33,8.99,77.07,2.92
177.25,270.92,39.1,50.55,62.85,53.76,1.64,15.59,34.4,5.1,33.57,1.37
173.61,304.98,72.35,58.56,95.55,39.17,1.78,17.52,37.03,5.97,41.78,6.94
208.64,357.36,74.17,66.37,101.01,46.24,2.09,19.93,43.29,7.38,59.23,6.24
198.26,336.99,65.24,70.04,96.09,47.95,1.94,18.61,43.36,6.6,46.95,6.47
153.73,237.08,27.78,53.15,54.06,45.64,1.42,14.53,32.61,4.69,29.52,3.87
102.3,185.4,38.46,51.88,63.41,41.41,1.4,17.16,23.68,4.45,40.74,2.78
152.91,355.22,31.7,44.64,52.96,52.01,1.49,21.35,53.16,5.88,27.68,1.04
128.78,378.89,79.63,69.77,103.77,35.25,1.98,22.77,40.32,5.29,41.56,0.64
143.34,415.23,77.12,60.85,100.34,35.57,2.0,25.84,47.34,6.33,51.12,1.21
137.2,414.7,34.13,51.13,57.35,30.33,1.52,23.46,50.71,4.73,35.17,0.65
95.07,320.44,16.0,38.05,34.62,25.68,1.03,17.6,52.66,3.02,21.93,0.29
178.22,503.28,12.49,40.68,33.4,29.53,1.22,19.36,57.85,2.71,18.73,0.19
170.81,351.28,19.85,50.88,44.98,36.48,1.51,33.5,67.84,4.4,24.54,0.45
118.38,487.77,44.64,49.86,65.68,32.16,1.41,13.52,39.96,3.41,31.38,0.34
63.18,294.27,11.09,23.13,22.98,28.61,0.97,9.11,30.81,1.92,18.59,0.07
146.37,279.78,39.0,53.03,62.13,38.12,1.77,13.22,55.69,5.51,36.51,4.29
173.56,346.51,84.08,67.36,108.93,41.69,2.46,18.87,57.94,7.01,50.88,5.3
129.9,270.87,42.42,52.55,64.73,37.02,1.72,15.17,52.25,5.07,35.92,1.92
148.73,290.6,61.19,56.43,83.98,40.14,1.92,12.76,50.59,5.34,38.81,1.52
198.81,321.68,46.63,48.37,68.91,40.04,1.77,13.21,47.27,4.92,30.4,1.56
190.41,296.98,32.28,44.32,53.16,33.01,1.43,13.17,39.23,3.75,28.54,0.68
154.14,253.44,51.48,52.79,73.74,38.97,1.68,14.04,32.33,5.58,47.09,1.01
140.8,230.5,35.56,44.01,56.07,35.4,1.34,11.58,30.42,4.13,33.86,0.79
192.35,296.44,30.88,50.35,56.41,32.4,1.44,13.95,38.5,3.79,29.59,0.55
252.48,380.54,45.96,61.36,75.05,37.01,1.79,15.18,42.35,4.56,39.67,0.83
175.19,295.47,79.63,77.62,106.76,40.19,2.21,14.74,38.99,5.65,45.92,2.19
217.7,363.77,104.83,91.65,135.9,44.56,3.0,19.85,48.43,8.84,71.87,5.87
201.17,332.6,83.99,75.08,113.99,42.17,2.4,16.02,41.54,7.04,56.68,2.72
130.41,224.14,33.69,52.7,60.68,34.6,1.3,11.64,25.58,4.46,33.82,1.0
140.07,241.56,53.47,60.85,82.31,38.81,1.49,11.37,32.57,4.31,31.72,0.65
163.24,277.92,77.61,71.65,107.88,43.21,1.95,13.48,33.48,4.93,42.84,0.67
271.99,416.79,115.56,91.53,148.59,55.2,2.95,14.48,42.41,7.93,71.69,1.9
233.79,348.44,79.28,66.41,107.56,55.32,2.32,15.4,33.69,6.96,47.68,2.22
200.33,311.58,87.59,68.28,114.07,56.75,2.32,12.34,29.47,6.5,45.83,2.04
236.4,363.3,85.62,72.63,115.07,59.1,2.41,12.49,38.14,6.87,50.04,3.14
94.62,124.26,13.29,41.21,32.94,50.03,1.14,7.9,29.14,2.73,16.19,0.22
261.16,385.13,51.02,55.64,72.47,57.3,1.92,9.64,28.22,6.1,34.52,0.52
146.81,202.05,19.33,38.96,36.7,57.51,1.13,6.67,21.48,3.77,17.14,0.18
171.47,240.19,26.86,39.83,44.43,53.04,1.28,7.0,23.8,3.98,23.78,0.32
262.69,401.03,38.02,56.72,64.46,53.3,1.76,8.7,28.17,5.75,38.29,0.82
166.71,258.28,22.4,39.77,40.79,48.52,1.2,6.96,21.13,3.85,22.52,0.29
196.97,299.85,19.25,45.08,41.2,51.83,1.17,6.99,25.73,3.69,22.5,0.25
240.07,371.45,28.66,54.6,54.95,52.64,1.39,7.88,27.55,4.62,32.86,0.2
220.6,327.22,86.58,57.67,110.2,53.46,2.2,12.85,29.94,6.81,48.18,5.45
170.21,257.94,29.99,48.25,54.3,47.94,1.23,9.59,30.21,3.7,28.9,4.8
159.64,247.47,35.49,51.19,60.14,47.01,1.27,11.34,21.99,3.52,31.1,1.13
151.1,245.62,43.83,53.28,69.66,40.97,1.54,11.65,30.98,4.33,28.3,0.86
207.23,325.36,90.44,59.91,113.97,48.65,2.26,12.35,32.47,5.53,39.19,1.56
218.98,329.77,61.38,55.04,84.22,53.64,2.11,11.59,27.98,5.74,34.26,1.58
115.62,163.67,21.19,38.08,40.99,46.34,1.16,9.24,21.62,3.31,23.78,0.31
222.81,348.45,63.49,48.18,83.32,48.02,1.93,12.24,27.6,6.32,39.27,0.85
198.88,296.98,66.0,44.3,82.89,45.17,1.9,10.95,24.63,7.0,36.98,0.79
201.2,309.09,74.63,50.94,95.06,48.8,2.09,12.81,32.7,5.87,33.9,0.83
209.97,330.91,89.41,67.09,116.25,53.66,2.19,14.72,26.6,5.97,36.87,1.36
104.45,149.12,17.85,42.01,37.97,42.76,1.26,11.12,23.29,3.2,18.44,0.09
188.42,340.56,92.85,64.8,115.76,43.09,2.21,15.26,41.0,6.43,47.2,1.45
150.08,255.41,41.58,53.35,67.5,40.07,1.3,13.31,32.03,4.6,27.58,0.4
150.15,253.82,64.24,58.46,88.53,38.38,1.51,14.21,34.75,5.78,31.93,0.44
149.67,238.17,30.62,47.55,54.41,40.72,1.16,14.39,35.72,4.36,18.69,1.12
151.43,247.62,35.28,50.75,60.36,40.04,1.29,14.64,36.29,4.35,17.47,0.46
174.4,292.44,56.93,56.48,82.69,39.99,1.61,14.83,31.92,5.16,26.69,1.72
176.57,306.12,83.94,60.12,107.57,39.73,1.89,14.37,37.22,6.65,40.82,4.01
172.12,295.05,38.78,55.96,64.65,40.92,1.29,16.24,37.86,4.71,24.48,1.32
158.69,282.84,61.48,61.17,88.49,42.77,1.61,18.85,38.6,5.83,30.58,1.2
141.81,258.62,56.86,50.67,78.58,42.7,1.54,17.61,38.64,4.71,31.45,1.53
199.01,118.12710293078135,13.65,16.59,12.93,23.48347601937197,0.28,6.66,0.55,3.280840304500585,8.700972080037227,3.0701278234985114
175.8,118.12710293078135,11.5,19.53,12.39,23.48347601937197,0.48,12.93,20.69,3.280840304500585,8.700972080037227,3.0701278234985114
137.28,118.12710293078135,10.66,9.48,9.46,23.48347601937197,1.38,11.45,25.59,3.280840304500585,8.700972080037227,3.0701278234985114
143.83,118.12710293078135,8.9,11.22,7.91,23.48347601937197,1.44,13.17,28.19,3.280840304500585,8.700972080037227,3.0701278234985114
180.83,118.12710293078135,11.15,14.95,11.32,23.48347601937197,1.37,15.57,18.82,3.280840304500585,8.700972080037227,3.0701278234985114
201.17,118.12710293078135,8.79,10.32,8.06,23.48347601937197,1.45,12.01,24.09,3.280840304500585,8.700972080037227,3.0701278234985114
182.54,118.12710293078135,8.82,10.73,7.98,23.48347601937197,1.49,6.89,18.51,3.280840304500585,8.700972080037227,3.0701278234985114
211.21,118.12710293078135,7.79,10.53,8.1,23.48347601937197,1.43,12.72,24.8,3.280840304500585,8.700972080037227,3.0701278234985114
247.27,118.12710293078135,5.55,10.94,7.67,23.48347601937197,1.48,11.04,29.09,3.280840304500585,8.700972080037227,3.0701278234985114
197.75,118.12710293078135,12.54,33.61,17.27,23.48347601937197,1.46,16.38,26.13,3.280840304500585,8.700972080037227,3.0701278234985114
264.74,118.12710293078135,13.22,50.59,22.91,23.48347601937197,1.57,33.97,27.58,3.280840304500585,8.700972080037227,3.0701278234985114
66.52,118.12710293078135,4.66,36.51,14.63,23.48347601937197,1.13,20.44,29.48,3.280840304500585,8.700972080037227,3.0701278234985114
128.32,118.12710293078135,3.95,27.77,12.0,23.48347601937197,1.08,12.25,36.55,3.280840304500585,8.700972080037227,3.0701278234985114
123.29,118.12710293078135,3.0,10.04,7.01,23.48347601937197,1.0,6.8,42.31,3.280840304500585,8.700972080037227,3.0701278234985114
173.82,118.12710293078135,2.98,13.69,7.81,23.48347601937197,2.73,17.15,43.28,3.280840304500585,8.700972080037227,3.0701278234985114
171.35,118.12710293078135,17.574729662029362,28.560659061126955,32.30912333307031,23.48347601937197,2.85,15.34,48.91,3.280840304500585,8.700972080037227,3.0701278234985114
164.46,118.12710293078135,17.574729662029362,28.560659061126955,32.30912333307031,23.48347601937197,2.12,26.59,52.44,3.280840304500585,8.700972080037227,3.0701278234985114
146.44,118.12710293078135,2.04,6.67,4.12,23.48347601937197,0.97,9.61,42.73,3.280840304500585,8.700972080037227,3.0701278234985114
164.68,118.12710293078135,2.07,18.17,5.92,23.48347601937197,1.23,14.15,26.96,3.280840304500585,8.700972080037227,3.0701278234985114
231.94,118.12710293078135,1.94,5.92,4.95,23.48347601937197,0.36,3.39,28.48,3.280840304500585,8.700972080037227,3.0701278234985114
111.43,118.12710293078135,1.94,5.81,4.93,23.48347601937197,0.35,4.47,17.47,3.280840304500585,8.700972080037227,3.0701278234985114
18.73,118.12710293078135,17.574729662029362,28.560659061126955,32.30912333307031,23.48347601937197,0.36,2.17,34.49143047551845,3.280840304500585,8.700972080037227,3.0701278234985114
76.42,118.12710293078135,17.574729662029362,28.560659061126955,32.30912333307031,23.48347601937197,0.46,7.88,28.98,3.280840304500585,8.700972080037227,3.0701278234985114
194.04,118.12710293078135,8.83,10.17,18.61,23.48347601937197,0.47,2.59,33.06,3.07,30.71,3.0701278234985114
182.17,118.12710293078135,7.86,10.15,17.84,23.48347601937197,0.76,4.99,32.02,3.41,34.07,3.0701278234985114
150.09,118.12710293078135,8.44,10.1,32.30912333307031,23.48347601937197,2.2485982090856145,3.64,30.91,4.22,39.98,3.0701278234985114
291.49,118.12710293078135,7.64,10.24,32.30912333307031,23.48347601937197,2.2485982090856145,13.25,6.4,3.4,34.02,3.0701278234985114
106.74,118.12710293078135,7.96,10.14,32.30912333307031,23.48347601937197,2.2485982090856145,2.88,32.51,2.56,25.63,3.0701278234985114
189.7,118.12710293078135,7.85,10.21,32.30912333307031,23.48347601937197,2.2485982090856145,5.8,27.38,2.18,21.79,3.0701278234985114
112.77,118.12710293078135,7.78,10.19,32.30912333307031,23.48347601937197,2.2485982090856145,2.48,38.36,2.42,24.19,3.0701278234985114
145.24,118.12710293078135,7.94,10.13,32.30912333307031,23.48347601937197,2.2485982090856145,6.87,24.41,2.59,25.52,3.0701278234985114
147.76,118.12710293078135,7.92,10.13,32.30912333307031,23.48347601937197,2.2485982090856145,6.81,20.13,3.55,35.56,3.0701278234985114
211.47,118.12710293078135,7.83,10.17,32.30912333307031,23.48347601937197,2.2485982090856145,7.01,25.87,2.45,24.31,3.0701278234985114
144.36,118.12710293078135,7.8,10.21,32.30912333307031,23.48347601937197,2.2485982090856145,1.74,44.26,2.79,27.69,3.0701278234985114
209.2,118.12710293078135,8.01,10.15,32.30912333307031,23.48347601937197,2.2485982090856145,13.32,23.06,1.22,12.24,3.0701278234985114
234.89,118.12710293078135,7.85,10.13,32.30912333307031,23.48347601937197,2.2485982090856145,5.22,8.75,1.57,15.69,3.0701278234985114
199.76,118.12710293078135,7.83,10.13,32.30912333307031,23.48347601937197,2.2485982090856145,3.7,5.82,2.21,22.13,3.0701278234985114
239.16,118.12710293078135,7.88,10.19,32.30912333307031,23.48347601937197,2.2485982090856145,8.15,4.66,3.88,38.82,3.0701278234985114
228.9,118.12710293078135,7.9,10.34,32.30912333307031,23.48347601937197,2.2485982090856145,6.83,15.43,3.55,35.5,3.0701278234985114
162.03,118.12710293078135,7.87,10.34,32.30912333307031,23.48347601937197,2.2485982090856145,3.24,11.3,3.14,29.74,3.0701278234985114
139.54,118.12710293078135,7.83,10.44,32.30912333307031,23.48347601937197,2.2485982090856145,8.57,13.18,3.81,37.77,3.0701278234985114
199.98,118.12710293078135,7.94,10.4,32.30912333307031,23.48347601937197,2.2485982090856145,9.96,11.54,3.63,36.0,3.0701278234985114
188.7,118.12710293078135,7.99,10.46,32.30912333307031,23.48347601937197,2.2485982090856145,7.37,12.06,4.1,41.04,3.0701278234985114
121.62,118.12710293078135,7.95,10.56,32.30912333307031,23.48347601937197,2.2485982090856145,2.45,14.79,2.04,19.35,3.0701278234985114
217.65,118.12710293078135,7.8,10.74,32.30912333307031,23.48347601937197,2.2485982090856145,10.36,18.09,2.56,25.62,3.0701278234985114
228.15,118.12710293078135,7.86,10.77,32.30912333307031,23.48347601937197,2.2485982090856145,3.98,19.12,2.27,22.72,3.0701278234985114
197.63,118.12710293078135,7.93,10.98,32.30912333307031,23.48347601937197,2.2485982090856145,3.91,21.9,3.44,34.31,3.0701278234985114
216.69,118.12710293078135,7.88,11.02,32.30912333307031,23.48347601937197,2.2485982090856145,4.17,22.04,2.98,27.92,3.0701278234985114
140.04,118.12710293078135,7.89,11.52,32.30912333307031,23.48347601937197,1.45,2.85,37.38,2.65,26.27,3.0701278234985114
207.85,118.12710293078135,7.99,10.58,32.30912333307031,23.48347601937197,2.2485982090856145,1.74,13.46,3.77,37.75,3.0701278234985114
247.81,118.12710293078135,8.57,10.86,32.30912333307031,23.48347601937197,14.55,10.91,19.75,1.41,14.14,3.0701278234985114
203.77,118.12710293078135,7.68,10.43,32.30912333307031,23.48347601937197,23.77,4.6,7.32,3.04,29.1,3.0701278234985114
216.51,118.12710293078135,7.89,10.67,32.30912333307031,23.48347601937197,21.61,7.48,13.66,2.9,28.98,3.0701278234985114
190.41,118.12710293078135,4.02,10.34,32.30912333307031,23.48347601937197,23.21,5.4,4.12,2.71,27.16,3.0701278234985114
179.39,118.12710293078135,5.22,10.22,32.30912333307031,23.48347601937197,15.95,4.16,16.58,1.35,13.46,3.0701278234985114
177.05,118.12710293078135,4.94,10.23,32.30912333307031,23.48347601937197,19.9,6.26,12.16,3.13,31.32,3.0701278234985114
192.79,118.12710293078135,4.9,10.25,32.30912333307031,23.48347601937197,16.17,3.57,21.26,3.44,34.42,3.0701278234985114
224.34,118.12710293078135,3.91,10.37,32.30912333307031,23.48347601937197,16.73,5.64,22.79,4.02,40.18,3.0701278234985114
158.05,118.12710293078135,5.38,10.25,32.30912333307031,23.48347601937197,0.64,4.7,14.22,2.71,26.92,3.0701278234985114
251.06,118.12710293078135,2.56,10.46,32.30912333307031,23.48347601937197,0.9,7.66,11.53,3.24,32.4,3.0701278234985114
123.78,118.12710293078135,6.31,10.18,32.30912333307031,23.48347601937197,0.71,5.61,12.11,4.17,41.67,3.0701278234985114
137.01,118.12710293078135,6.63,9.88,32.30912333307031,23.48347601937197,0.72,6.62,3.72,3.52,35.18,3.0701278234985114
148.95,118.12710293078135,6.19,9.51,32.30912333307031,23.48347601937197,1.0,10.91,12.56,4.14,41.38,3.0701278234985114
243.66,118.12710293078135,4.68,7.64,32.30912333307031,23.48347601937197,1.28,11.42,13.28,3.63,36.28,3.0701278234985114
177.67,118.12710293078135,5.5,7.8,32.30912333307031,23.48347601937197,0.9,5.67,14.05,2.56,25.56,3.0701278234985114
232.03,118.12710293078135,3.12,6.61,32.30912333307031,23.48347601937197,1.12,8.51,19.23,3.34,33.4,3.0701278234985114
168.39,118.12710293078135,4.49,8.65,32.30912333307031,23.48347601937197,0.76,4.34,2.71,2.76,27.59,3.0701278234985114
197.89,118.12710293078135,42.75,24.41,32.30912333307031,23.48347601937197,0.75,4.24,28.8,3.58,35.77,3.0701278234985114
157.03,118.12710293078135,14.04,11.41,32.30912333307031,23.48347601937197,0.71,3.08,34.33,3.42,34.17,3.0701278234985114
135.66,118.12710293078135,7.88,11.2,32.30912333307031,23.48347601937197,0.73,5.49,21.4,1.66,17.5,3.0701278234985114
184.47,118.12710293078135,6.09,7.39,32.30912333307031,23.48347601937197,0.81,6.74,23.38,0.03,3.38,3.0701278234985114
196.09,118.12710293078135,5.21,7.38,32.30912333307031,23.48347601937197,0.76,7.01,28.66,0.03,3.22,3.0701278234985114
151.15,118.12710293078135,6.84,9.52,32.30912333307031,23.48347601937197,0.67,3.49,33.01,0.04,3.97,3.0701278234985114
156.03,118.12710293078135,4.85,8.08,32.30912333307031,23.48347601937197,0.73,5.36,27.57,0.03,3.14,3.0701278234985114
239.49,118.12710293078135,5.16,5.92,32.30912333307031,23.48347601937197,0.89,8.62,33.06,0.03,2.64,3.0701278234985114
182.88,118.12710293078135,6.77,7.82,32.30912333307031,23.48347601937197,0.71,5.05,33.96,0.03,3.25,3.0701278234985114
183.99,118.12710293078135,5.34,7.14,32.30912333307031,23.48347601937197,0.72,5.27,39.27,0.03,3.2,3.0701278234985114
151.33,118.12710293078135,3.03,5.38,32.30912333307031,23.48347601937197,0.71,6.71,30.31,0.03,2.65,3.0701278234985114
159.14,118.12710293078135,2.5,7.12,32.30912333307031,23.48347601937197,0.7,5.18,33.27,0.03,3.43,3.0701278234985114
115.48,118.12710293078135,3.69,6.89,32.30912333307031,23.48347601937197,0.64,4.62,25.0,0.03,2.5,3.0701278234985114
137.97,118.12710293078135,8.05,5.26,32.30912333307031,23.48347601937197,0.87,6.12,15.11,0.03,3.44,3.0701278234985114
163.37,118.12710293078135,3.63,12.42,32.30912333307031,23.48347601937197,0.97,10.97,25.32,0.03,2.76,3.0701278234985114
122.11,118.12710293078135,3.91,13.98,32.30912333307031,23.48347601937197,0.76,13.01,30.88,0.03,2.57,3.0701278234985114
139.89,118.12710293078135,6.07,15.18,32.30912333307031,23.48347601937197,0.65,11.87,45.36,0.03,3.32,3.0701278234985114
161.12,118.12710293078135,7.03,17.49,32.30912333307031,23.48347601937197,0.64,15.89,57.3,0.04,3.55,3.0701278234985114
117.85,118.12710293078135,5.35,15.58,32.30912333307031,23.48347601937197,0.61,20.15,43.46,0.03,3.33,3.0701278234985114
160.37,118.12710293078135,3.02,7.83,32.30912333307031,23.48347601937197,0.72,24.0,43.09,0.02,2.14,3.0701278234985114
151.9,118.12710293078135,4.45,10.8,32.30912333307031,23.48347601937197,0.58,13.33,41.44,0.03,2.59,3.0701278234985114
83.21,118.12710293078135,1.46,6.07,32.30912333307031,23.48347601937197,0.57,17.09,49.3,0.02,2.17,3.0701278234985114
143.02,118.12710293078135,1.56,9.81,32.30912333307031,23.48347601937197,0.49,15.85,72.77,0.02,2.15,3.0701278234985114
177.17,118.12710293078135,3.61,10.79,32.30912333307031,23.48347601937197,0.51,22.44,76.52,0.02,1.41,3.0701278234985114
104.07,118.12710293078135,5.14,10.61,32.30912333307031,23.48347601937197,0.56,29.11,72.13,0.02,1.36,3.0701278234985114
226.83,118.12710293078135,2.89,6.46,32.30912333307031,23.48347601937197,0.86,32.23,49.7,0.02,1.65,3.0701278234985114
215.31,118.12710293078135,2.68,6.84,32.30912333307031,23.48347601937197,0.84,21.98,54.99,0.02,1.27,3.0701278234985114
196.49,118.12710293078135,3.22,7.49,32.30912333307031,23.48347601937197,0.69,23.56,54.34,0.01,0.83,3.0701278234985114
179.5,118.12710293078135,3.42,7.54,32.30912333307031,23.48347601937197,0.66,36.14,60.24,0.02,2.12,3.0701278234985114
208.88,118.12710293078135,3.35,8.57,32.30912333307031,23.48347601937197,0.7,13.63,58.26,0.02,2.12,3.0701278234985114
193.39,118.12710293078135,3.6,9.14,32.30912333307031,23.48347601937197,0.71,19.03,31.15,0.02,1.76,3.0701278234985114
242.41,118.12710293078135,3.24,11.56,32.30912333307031,23.48347601937197,0.58,6.58,29.46,0.03,2.71,3.0701278234985114
129.93,118.12710293078135,5.8,12.78,32.30912333307031,23.48347601937197,0.53,10.69,58.51,0.02,2.53,3.0701278234985114
269.29,118.12710293078135,4.31,13.44,32.30912333307031,23.48347601937197,0.47,34.88,40.66,0.02,2.39,3.0701278234985114
174.87,118.12710293078135,5.45,13.26,32.30912333307031,23.48347601937197,0.49,22.07,42.62,0.02,2.41,3.0701278234985114
118.41,118.12710293078135,5.9,18.31,32.30912333307031,23.48347601937197,0.54,21.75,53.42,0.02,2.26,3.0701278234985114
217.14,118.12710293078135,5.93,17.96,32.30912333307031,23.48347601937197,0.48,7.41,51.83,0.02,2.27,3.0701278234985114
203.45,118.12710293078135,5.96,19.65,32.30912333307031,23.48347601937197,0.62,15.76,60.8,0.03,2.83,3.0701278234985114
181.36,118.12710293078135,5.93,34.12,32.30912333307031,23.48347601937197,0.69,30.42,53.66,0.03,2.75,3.0701278234985114
183.68,118.12710293078135,5.96,31.54,32.30912333307031,23.48347601937197,0.63,37.23,58.54,0.03,2.78,3.0701278234985114
158.7,118.12710293078135,5.52,17.98,32.30912333307031,23.48347601937197,0.7,12.52,84.47,0.03,2.99,3.0701278234985114
186.31,118.12710293078135,7.65,19.64,32.30912333307031,23.48347601937197,0.42,14.3,38.15,0.03,2.47,3.0701278234985114
192.79,118.12710293078135,5.97,17.35,32.30912333307031,23.48347601937197,0.46,3.85,49.95,0.03,3.04,3.0701278234985114
134.78,118.12710293078135,5.83,20.12,32.30912333307031,23.48347601937197,0.53,4.26,45.77,0.02,2.14,3.0701278234985114
187.24,118.12710293078135,5.94,24.73,32.30912333307031,23.48347601937197,0.59,9.16,57.01,0.03,2.87,3.0701278234985114
387.02,118.12710293078135,5.92,19.04,32.30912333307031,23.48347601937197,0.52,16.09,48.23,0.03,2.49,3.0701278234985114
237.12,118.12710293078135,5.94,24.15,32.30912333307031,23.48347601937197,0.52,20.34,52.4,0.03,2.38,3.0701278234985114
308.48,118.12710293078135,5.9,14.46,32.30912333307031,23.48347601937197,0.41,3.54,41.76,0.03,3.0,3.0701278234985114
92.71,118.12710293078135,5.94,14.66,32.30912333307031,23.48347601937197,0.37,3.55,15.22,0.03,3.47,3.0701278234985114
341.49,118.12710293078135,5.93,17.86,32.30912333307031,23.48347601937197,0.41,3.6,15.05,0.03,3.53,3.0701278234985114
107.85,118.12710293078135,5.92,15.21,32.30912333307031,23.48347601937197,0.42,4.04,15.06,0.04,4.21,3.0701278234985114
322.88,118.12710293078135,5.96,15.76,32.30912333307031,23.48347601937197,0.5,3.64,39.7,0.03,3.56,3.0701278234985114
120.38,118.12710293078135,5.99,16.62,32.30912333307031,23.48347601937197,0.51,4.18,35.77,0.04,3.94,3.0701278234985114
175.56,118.12710293078135,6.01,18.53,32.30912333307031,23.48347601937197,0.48,3.5,21.39,0.04,3.6,3.0701278234985114
409.71,118.12710293078135,5.92,15.39,32.30912333307031,23.48347601937197,0.49,3.49,12.3,0.03,3.4,3.0701278234985114
104.96,118.12710293078135,5.94,11.16,32.30912333307031,23.48347601937197,0.47,3.86,34.88,0.02,2.4,3.0701278234985114
159.35,118.12710293078135,5.92,10.2,32.30912333307031,23.48347601937197,0.48,4.19,32.2,0.02,2.43,3.0701278234985114
141.73,118.12710293078135,5.95,12.19,32.30912333307031,23.48347601937197,0.47,3.79,25.67,0.03,2.68,3.0701278234985114
196.21,118.12710293078135,5.93,10.07,32.30912333307031,23.48347601937197,0.49,3.78,25.68,0.01,1.53,3.0701278234985114
167.63,118.12710293078135,5.93,10.21,32.30912333307031,23.48347601937197,0.48,3.56,36.6,0.03,2.67,3.0701278234985114
111.06,118.12710293078135,5.95,10.05,32.30912333307031,23.48347601937197,0.48,3.71,34.39,0.02,1.84,3.0701278234985114
205.23,118.12710293078135,5.96,10.16,32.30912333307031,23.48347601937197,0.49,3.37,22.48,0.03,2.65,3.0701278234985114
359.63,118.12710293078135,5.94,10.14,32.30912333307031,23.48347601937197,0.46,3.74,15.97,0.04,3.82,3.0701278234985114
137.34,118.12710293078135,5.93,10.09,32.30912333307031,23.48347601937197,0.51,3.59,22.11,0.03,3.03,3.0701278234985114
382.31,118.12710293078135,5.92,10.04,32.30912333307031,23.48347601937197,0.61,1.7,15.51,0.03,2.93,3.0701278234985114
264.95,118.12710293078135,8.45,25.57,32.30912333307031,23.48347601937197,0.94,4.37,31.55,0.0,0.0,3.0701278234985114
170.0,118.12710293078135,12.36,28.47,24.04,23.48347601937197,1.13,10.29,38.07,1.08,5.52,3.0701278234985114
108.93,118.12710293078135,13.51,27.88,32.30912333307031,23.48347601937197,1.39,9.35,32.95,1.1,5.63,3.0701278234985114
139.31,118.12710293078135,18.48,27.38,44.54,23.48347601937197,0.0,12.43,31.42,1.1,5.61,3.0701278234985114
157.36,118.12710293078135,16.35,27.71,32.30912333307031,23.48347601937197,0.0,11.94,33.84,1.1,5.62,3.0701278234985114
188.08,118.12710293078135,17.39,27.85,32.30912333307031,23.48347601937197,0.0,8.44,29.87,1.09,5.55,3.0701278234985114
155.83,118.12710293078135,11.35,26.91,32.30912333307031,23.48347601937197,0.0,7.57,30.26,1.09,5.55,3.0701278234985114
160.09,118.12710293078135,11.21,23.76,32.30912333307031,23.48347601937197,0.0,6.71,40.62,1.1,5.61,3.0701278234985114
163.11,118.12710293078135,10.68,23.9,32.30912333307031,23.48347601937197,0.0,6.75,37.19,1.1,5.6,3.0701278234985114
149.85,118.12710293078135,14.27,22.5,32.30912333307031,23.48347601937197,1.41,6.85,34.82,1.1,5.59,3.0701278234985114
186.54,118.12710293078135,17.84,23.04,27.22,23.48347601937197,1.52,7.57,21.56,1.1,5.6,3.0701278234985114
174.9,118.12710293078135,9.87,23.15,20.94,23.48347601937197,1.75,5.49,33.53,1.1,5.61,3.0701278234985114
157.43,118.12710293078135,9.87,23.7,21.23,23.48347601937197,1.68,6.59,45.12,1.1,5.63,3.0701278234985114
171.54,118.12710293078135,16.04,24.04,25.86,23.48347601937197,1.17,6.76,30.22,1.1,5.6,3.0701278234985114
171.96,118.12710293078135,13.87,25.68,24.26,23.48347601937197,1.78,5.96,32.78,1.09,5.59,3.0701278234985114
162.81,118.12710293078135,20.15,24.27,29.6,23.48347601937197,1.52,6.95,34.6,1.08,5.62,3.0701278234985114
168.65,118.12710293078135,17.81,22.3,27.26,23.48347601937197,1.88,7.68,24.93,1.01,5.63,3.0701278234985114
236.77,118.12710293078135,16.28,23.36,26.17,23.48347601937197,2.05,7.86,29.88,1.1,5.63,3.0701278234985114
212.05,118.12710293078135,9.25,22.41,20.02,23.48347601937197,1.9,14.53197725590996,41.87,0.53,1.21,3.0701278234985114
170.67,118.12710293078135,9.12,21.82,19.37,23.48347601937197,0.9,14.53197725590996,37.75,0.5,1.18,3.0701278234985114
194.09,118.12710293078135,9.12,22.41,19.9,23.48347601937197,1.52,14.53197725590996,28.26,0.46,1.14,3.0701278234985114
148.67,118.12710293078135,13.0,20.19,19.44,23.48347601937197,1.59,14.53197725590996,20.93,0.57,1.25,3.0701278234985114
173.23,118.12710293078135,6.01,26.29,19.76,23.48347601937197,1.66,14.53197725590996,27.6,0.69,1.37,3.0701278234985114
152.24,118.12710293078135,4.91,24.87,18.23,23.48347601937197,1.9,14.53197725590996,45.13,0.54,1.21,3.0701278234985114
169.05,118.12710293078135,6.83,22.77,18.69,23.48347601937197,1.85,14.53197725590996,40.78,1.28,0.99,3.0701278234985114
143.54,118.12710293078135,7.58,22.83,19.26,23.48347601937197,1.65,14.53197725590996,36.67,1.36,1.04,3.0701278234985114
137.73,118.12710293078135,6.0,24.36,18.75,23.48347601937197,1.8,14.53197725590996,31.75,1.45,1.13,3.0701278234985114
129.69,118.12710293078135,5.76,24.25,18.29,23.48347601937197,4.81,14.53197725590996,29.15,1.23,0.91,3.0701278234985114
176.81,118.12710293078135,7.67,24.32,19.99,23.48347601937197,2.71,14.53197725590996,25.78,1.16,0.84,3.0701278234985114
153.84,118.12710293078135,8.82,23.82,20.6,23.48347601937197,3.5,7.35,25.51,0.89,0.59,3.0701278234985114
173.98,118.12710293078135,15.55,22.55,25.45,23.48347601937197,2.12,10.85,24.71,1.03,0.71,3.0701278234985114
204.11,118.12710293078135,9.91,22.46,20.76,23.48347601937197,1.99,7.61,27.3,1.1,0.78,3.0701278234985114
205.04,118.12710293078135,14.73,21.94,24.38,23.48347601937197,2.74,10.97,18.35,1.04,0.75,3.0701278234985114
164.81,118.12710293078135,16.7,21.92,25.94,23.48347601937197,1.88,9.23,16.65,1.86,2.21,3.0701278234985114
159.09,118.12710293078135,23.95,16.36,24.94,23.48347601937197,2.18,7.79,23.29,1.17,1.85,3.0701278234985114
173.88,118.12710293078135,30.25,17.64,34.08,23.48347601937197,2.08,10.36,23.16,0.93,1.61,3.0701278234985114
180.22,118.12710293078135,26.52,11.91,26.1,23.48347601937197,1.87,11.12,16.78,0.98,1.67,3.0701278234985114
171.86,118.12710293078135,17.65,13.41,19.13,23.48347601937197,2.15,10.33,21.42,0.98,1.66,3.0701278234985114
198.58,118.12710293078135,12.7,17.33,17.72,23.48347601937197,2.21,8.46,18.03,0.89,1.57,3.0701278234985114
207.67,118.12710293078135,7.53,19.69,16.1,23.48347601937197,2.58,8.77,14.37,1.09,1.77,3.0701278234985114
115.57,118.12710293078135,10.38,18.95,18.1,23.48347601937197,1.74,6.07,20.02,1.0,1.68,3.0701278234985114
140.45,118.12710293078135,9.49,19.6,0.0,23.48347601937197,2.29,8.71,25.82,1.01,1.7,3.0701278234985114
193.87,118.12710293078135,9.51,18.97,0.0,23.48347601937197,2.09,11.07,25.97,1.18,1.86,3.0701278234985114
169.32,118.12710293078135,10.92,19.13,0.0,23.48347601937197,1.52,7.19,15.43,1.27,1.95,3.0701278234985114
169.07,118.12710293078135,10.22,21.29,0.0,23.48347601937197,2.31,5.98,14.9,1.67,2.35,3.0701278234985114
165.99,118.12710293078135,10.64,19.52,0.0,23.48347601937197,1.09,3.68,28.5,1.81,2.49,3.0701278234985114
118.41,118.12710293078135,10.26,19.99,0.0,23.48347601937197,1.04,3.98,31.67,1.73,2.41,3.0701278234985114
173.0,118.12710293078135,10.68,20.37,0.0,23.48347601937197,1.33,5.26,28.04,1.56,2.24,3.0701278234985114
241.52,118.12710293078135,9.98,20.09,0.0,23.48347601937197,1.0,4.23,27.11,1.43,2.11,3.0701278234985114
132.76,118.12710293078135,9.83,20.41,0.0,23.48347601937197,1.28,6.06,31.21,1.48,2.16,3.0701278234985114
203.93,118.12710293078135,5.65,25.1,0.0,23.48347601937197,1.24,11.58,21.64,1.49,2.17,3.0701278234985114
237.11,118.12710293078135,5.76,24.32,0.0,23.48347601937197,1.37,12.14,21.84,1.47,2.15,3.0701278234985114
226.91,118.12710293078135,8.55,20.61,0.0,23.48347601937197,1.13,10.43,22.99,1.24,2.07,3.0701278234985114
199.61,118.12710293078135,7.3,21.79,0.0,23.48347601937197,0.69,7.02,24.92,1.07,2.03,3.0701278234985114
217.74,395.4,86.04,23.48,53.13,23.48347601937197,2.25,7.07,18.47,0.91,2.2,3.0701278234985114
179.21,339.33,31.09,21.19,38.64,23.48347601937197,2.27,8.56,18.69,1.66,3.3,3.0701278234985114
240.06,380.12,24.25,19.77,31.42,23.48347601937197,2.46,8.1,19.16,1.63,4.53,3.0701278234985114
166.13,342.33,28.99,19.77,36.81,23.48347601937197,2.59,7.53,27.37,1.45,4.33,3.0701278234985114
238.69,436.51,26.66,19.26,34.62,23.48347601937197,2.65,7.97,26.25,3.280840304500585,8.700972080037227,3.0701278234985114
159.63,254.48,17.31,25.92,27.9,23.48347601937197,2.52,6.53,33.08,1.58,4.26,3.0701278234985114
129.14,226.75,14.64,20.41,17.04,23.48347601937197,2.31,7.02,40.11,1.66,4.34,3.0701278234985114
145.9,297.21,27.34,17.25,20.99,23.48347601937197,2.38,8.32,28.86,1.7,4.38,3.0701278234985114
191.49,356.04,33.15,18.55,37.48,23.48347601937197,2.7,9.71,24.53,1.72,4.4,3.0701278234985114
159.67,315.22,27.22,20.07,32.96,23.48347601937197,2.83,8.37,26.16,1.72,4.4,3.0701278234985114
172.6,291.64,31.35,20.9,34.18,23.48347601937197,2.13,6.76,34.78,1.7,4.38,3.0701278234985114
214.5,312.18,38.58,21.92,54.22,23.48347601937197,1.84,8.63,22.37,3.280840304500585,8.700972080037227,3.0701278234985114
229.15,666.72,31.06,25.37,46.92,23.48347601937197,1.67,7.04,24.74,3.280840304500585,8.700972080037227,3.0701278234985114
166.73,118.12710293078135,26.79,24.56,43.35,23.48347601937197,1.48,7.99,30.88,0.87,2.55,3.0701278234985114
190.04,118.12710293078135,48.38,20.49,52.55,23.48347601937197,1.59,6.91,23.25,1.16,3.17,3.0701278234985114
176.41,118.12710293078135,49.55,19.16,60.25,23.48347601937197,1.54,6.21,14.67,1.76,4.44,3.0701278234985114
177.59,118.12710293078135,28.83,22.67,43.32,23.48347601937197,1.7,6.59,21.91,2.11,5.13,3.0701278234985114
166.12,118.12710293078135,39.67,21.79,46.68,23.48347601937197,1.5,7.24,15.62,3.280840304500585,8.700972080037227,3.0701278234985114
200.38,253.13,52.22,19.5,47.68,23.48347601937197,1.58,11.87,19.58,3.280840304500585,8.700972080037227,3.0701278234985114
133.82,257.28,17.61,25.17,34.27,23.48347601937197,1.4,5.29,22.04,3.280840304500585,8.700972080037227,3.0701278234985114
134.25,253.95,32.41,21.94,45.89,23.48347601937197,1.66,8.99,18.05,3.280840304500585,8.700972080037227,3.0701278234985114
162.5,351.43,39.61,20.99,46.27,23.48347601937197,1.52,6.69,20.04,3.280840304500585,8.700972080037227,3.0701278234985114
145.36,289.85,60.15,14.59,67.98,23.48347601937197,1.55,12.27,15.55,3.280840304500585,8.700972080037227,3.0701278234985114
162.47,298.95,60.59,14.57,68.33,23.48347601937197,1.52,12.6,14.92,3.280840304500585,8.700972080037227,3.0701278234985114
186.96,401.91,61.09,14.73,68.91,23.48347601937197,1.89,11.09,19.09,3.280840304500585,8.700972080037227,3.0701278234985114
160.71,273.52,58.98,15.16,67.8,23.48347601937197,1.98,12.14,15.98,3.280840304500585,8.700972080037227,3.0701278234985114
139.72,247.37,60.99,13.5,68.14,23.48347601937197,1.81,10.05,15.6,3.280840304500585,8.700972080037227,3.0701278234985114
145.17,172.96,12.58,47.41,35.02,23.48347601937197,1.09,14.53197725590996,80.2,3.280840304500585,8.700972080037227,3.0701278234985114
149.51,180.86,12.6,48.66,36.94,23.48347601937197,1.16,14.53197725590996,84.97,3.280840304500585,8.700972080037227,3.0701278234985114
187.13,180.58,19.53,45.69,38.84,23.48347601937197,1.19,14.53197725590996,82.77,3.280840304500585,8.700972080037227,3.0701278234985114
206.73,236.1,29.5,27.81,23.78,23.48347601937197,0.67,14.53197725590996,35.7,3.280840304500585,8.700972080037227,3.0701278234985114
198.61,313.55,34.18,18.46,35.1,23.48347601937197,2.96,14.53197725590996,13.16,3.280840304500585,8.700972080037227,3.0701278234985114
159.44,253.36,41.45,16.45,23.47,23.48347601937197,0.83,14.53197725590996,10.41,3.280840304500585,8.700972080037227,3.0701278234985114
173.13,376.01,17.19,23.65,32.9,23.48347601937197,0.46,14.53197725590996,36.24,1.95,8.700972080037227,3.0701278234985114
132.65,118.12710293078135,8.81,27.39,19.27,23.48347601937197,0.08,1.89,34.49143047551845,1.37,8.700972080037227,3.0701278234985114
127.06,180.86,9.33,28.58,23.38,23.48347601937197,0.25,1.71,19.88,1.31,8.700972080037227,3.0701278234985114
154.59,248.04,13.06,33.08,37.17,23.48347601937197,0.82,1.93,36.16,1.66,8.700972080037227,3.0701278234985114
219.43,118.12710293078135,12.55,24.32,27.55,23.48347601937197,0.74,0.95,32.94,0.01,8.700972080037227,3.0701278234985114
141.54,118.12710293078135,11.13,23.53,26.97,23.48347601937197,1.06,1.46,38.3,0.11,8.700972080037227,3.0701278234985114
119.39,118.12710293078135,10.59,22.3,26.53,23.48347601937197,0.97,7.53,47.44,0.08,8.700972080037227,3.0701278234985114
173.6,118.12710293078135,10.58,21.56,26.12,23.48347601937197,1.33,10.0,43.45,0.33,8.700972080037227,3.0701278234985114
251.28,118.12710293078135,9.65,21.66,24.77,23.48347601937197,1.49,9.26,65.28,0.12,8.700972080037227,3.0701278234985114
153.17,118.12710293078135,8.62,19.53,21.51,23.48347601937197,1.32,11.77,58.19,0.43,8.700972080037227,3.0701278234985114
171.14,118.12710293078135,8.46,19.98,21.61,23.48347601937197,1.93,9.36,57.77,0.4,8.700972080037227,3.0701278234985114
120.1,118.12710293078135,9.66,26.08,23.49,23.48347601937197,0.66,6.97,15.7,0.21,8.700972080037227,3.0701278234985114
171.29,118.12710293078135,8.74,25.0,22.37,23.48347601937197,0.55,6.21,16.8,0.19,8.700972080037227,3.0701278234985114
155.55,118.12710293078135,8.66,24.98,22.3,23.48347601937197,0.54,5.54,16.13,0.05,8.700972080037227,3.0701278234985114
226.56,118.12710293078135,9.1,21.96,18.6,23.48347601937197,0.51,7.74,28.13,2.24,8.700972080037227,3.0701278234985114
108.71,118.12710293078135,19.52,31.51,32.09,23.48347601937197,0.53,7.16,30.05,2.58,8.700972080037227,3.0701278234985114
226.92,118.12710293078135,33.08,40.48,34.7,23.48347601937197,0.29,6.92,43.1,2.6,8.700972080037227,3.0701278234985114
138.86,118.12710293078135,67.31,27.57,65.16,23.48347601937197,0.16,7.91,32.54,2.37,8.700972080037227,3.0701278234985114
117.02,236.07,45.18,16.42,30.3,23.48347601937197,0.8,8.04,37.65,2.18,8.700972080037227,3.0701278234985114
136.28,237.1,9.61,55.75,32.18,23.48347601937197,1.0,8.6,54.83,3.0,8.700972080037227,3.0701278234985114
147.66,279.22,46.65,57.27,74.91,23.48347601937197,1.44,9.88,39.77,4.16,4.52,3.0701278234985114
162.48,271.89,73.25,59.73,84.59,23.48347601937197,1.0,9.53,32.67,4.12,4.02,3.0701278234985114
159.55,292.22,10.98,32.5,28.09,23.48347601937197,0.96,7.43,47.01,2.75,2.63,3.0701278234985114
192.38,338.49,31.54,39.28,42.7,23.48347601937197,1.11,10.96,41.02,5.67,3.78,3.0701278234985114
233.09,288.47,17.62,28.98,28.19,23.48347601937197,1.24,8.66,37.66,3.61,3.63,3.0701278234985114
126.27,251.38,18.57,30.62,32.5,23.48347601937197,1.27,8.25,34.98,2.24,1.99,3.0701278234985114
147.67,262.3,76.36,42.88,71.55,23.48347601937197,1.02,15.08,32.8,4.7,7.21,3.0701278234985114
176.23,320.25,68.66,43.77,67.95,23.48347601937197,1.09,9.78,40.98,4.66,4.25,3.0701278234985114
200.56,305.58,69.9,63.88,83.16,23.48347601937197,1.1,12.77,40.18,5.17,4.1,3.0701278234985114
227.62,118.12710293078135,130.58,104.13,159.19,23.48347601937197,0.99,14.27,22.88,6.31,4.77,3.0701278234985114
222.63,264.11,155.9,68.92,165.51,23.48347601937197,1.1,12.69,40.89,7.36,4.87,3.0701278234985114
244.57,342.22,59.94,40.73,76.44,23.48347601937197,0.85,12.22,39.85,5.42,5.0,3.0701278234985114
231.84,333.34,51.47,41.14,69.51,23.48347601937197,0.84,12.27,34.63,5.81,5.98,3.0701278234985114
246.16,306.31,79.5,54.83,99.21,23.48347601937197,0.95,11.77,35.83,6.29,4.3,3.0701278234985114
218.31,317.43,32.13,40.28,55.94,23.48347601937197,0.77,10.39,46.08,2.83,3.73,3.0701278234985114
178.76,295.81,22.84,18.37,36.75,23.48347601937197,0.89,7.5,56.68,3.64,5.16,3.0701278234985114
279.25,494.66,26.46,27.22,38.42,23.48347601937197,0.83,12.66,32.01,2.97,6.39,3.0701278234985114
161.84,286.56,25.33,24.28,36.53,23.48347601937197,1.11,10.0,44.16,1.84,4.44,3.0701278234985114
274.14,323.94,82.89,52.77,97.71,23.48347601937197,1.55,19.95,31.18,7.39,13.8,3.0701278234985114
234.57,378.33,75.93,56.69,95.46,23.48347601937197,0.89,10.78,33.8,7.32,20.1,3.0701278234985114
186.09,317.01,55.3,55.8,78.16,23.48347601937197,0.92,12.31,38.34,4.76,11.56,3.0701278234985114
163.74,343.01,80.05,70.85,106.59,23.48347601937197,1.06,14.47,33.9,6.32,17.16,3.0701278234985114
198.94,356.89,57.37,63.71,84.26,23.48347601937197,0.93,10.42,27.92,5.65,15.31,3.0701278234985114
115.37,195.14,30.64,39.46,48.96,23.48347601937197,1.08,8.28,19.92,3.19,10.69,3.0701278234985114
190.98,327.57,28.25,28.02,42.48,23.48347601937197,1.02,10.36,27.8,3.75,9.56,3.0701278234985114
194.91,355.08,34.09,31.2,47.97,23.48347601937197,1.15,11.32,21.4,4.37,12.38,3.0701278234985114
121.51,196.83,89.87,41.9,101.0,23.48347601937197,1.05,12.98,19.29,5.08,22.33,3.0701278234985114
159.05,262.39,55.28,30.75,73.75,23.48347601937197,0.83,10.09,29.13,6.31,20.47,3.0701278234985114
163.8,292.38,94.55,41.26,105.13,23.48347601937197,0.63,14.28,44.96,1.82,2.98,3.0701278234985114
149.7,229.99,123.11,39.19,128.72,23.48347601937197,0.89,13.85,41.87,0.0,0.0,3.0701278234985114
144.35,276.72,66.62,21.89,62.99,23.48347601937197,0.7,11.2,18.37,0.0,0.0,3.0701278234985114
174.45,263.58,87.11,22.51,64.2,23.48347601937197,0.62,21.96,11.67,0.0,0.0,3.0701278234985114
191.18,354.49,63.19,22.54,58.26,23.48347601937197,0.59,12.94,13.02,0.0,0.0,3.0701278234985114
163.91,295.23,72.52,24.64,64.11,23.48347601937197,0.8,21.53,17.24,0.0,0.0,3.0701278234985114
230.83,345.64,8.08,51.35,44.93,23.48347601937197,0.67,12.0,33.31,0.0,0.0,3.0701278234985114
176.72,284.33,27.39,51.14,70.8,23.48347601937197,0.67,9.08,27.44,0.0,0.0,3.0701278234985114
155.15,324.22,190.51,104.4,208.0,23.48347601937197,0.65,14.0,28.84,0.0,0.0,3.0701278234985114
177.18,422.25,28.74,40.53,44.35,23.48347601937197,0.43,8.0,28.69,0.0,0.0,3.0701278234985114
156.46,277.78,73.38,49.95,93.27,23.48347601937197,0.35,9.28,25.04,0.0,0.0,3.0701278234985114
166.81,249.36,70.99,46.58,87.64,23.48347601937197,0.37,16.54,26.76,0.0,0.0,3.0701278234985114
194.52,347.86,24.86,23.88,38.9,23.48347601937197,1.16,4.91,29.99,0.0,0.01,3.0701278234985114
197.45,339.25,60.02,48.11,75.87,23.48347601937197,3.13,9.71,26.66,0.0,0.0,3.0701278234985114
189.0,381.14,35.53,29.14,48.92,23.48347601937197,1.42,13.58,15.31,0.0,0.0,3.0701278234985114
218.77,408.1,33.49,31.7,48.71,23.48347601937197,1.32,22.35,20.82,0.0,0.0,3.0701278234985114
127.51,244.67,31.46,26.48,29.44,23.48347601937197,1.1,28.49,30.05,0.0,0.0,3.0701278234985114
121.68,236.75,15.18,19.67,26.78,23.48347601937197,0.79,22.02,30.93,0.0,0.0,3.0701278234985114
179.83,321.81,95.96,69.1,100.88,23.48347601937197,1.06,18.72,33.27,0.0,0.0,3.0701278234985114
182.46,273.91,98.61,57.5,113.81,23.48347601937197,1.01,20.71,37.12,0.0,0.0,3.0701278234985114
175.61,392.23,40.47,33.49,49.53,23.48347601937197,1.12,21.44,39.99,0.0,0.0,3.0701278234985114
237.94,498.8,74.5,45.69,90.12,23.48347601937197,2.24,5.18,43.84,0.0,0.0,3.0701278234985114
178.96,444.6,97.68,55.67,113.71,23.48347601937197,2.47,12.61,36.36,0.0,0.0,3.0701278234985114
136.27,118.12710293078135,84.84,54.29,102.62,23.48347601937197,2.83,7.55,35.48,0.0,0.0,3.0701278234985114
129.19,171.03,58.67,56.86,80.06,23.48347601937197,2.47,6.28,35.82,0.0,0.0,3.0701278234985114
117.86,241.0,17.74,21.52,28.01,23.48347601937197,2.02,4.0,29.17,0.0,0.0,3.0701278234985114
132.14,264.78,57.64,114.35,105.18,23.48347601937197,0.66,4.96,23.12,0.0,0.0,3.0701278234985114
144.74,317.26,85.69,132.8,131.79,23.48347601937197,0.77,6.33,28.27,0.0,0.0,3.0701278234985114
158.5,326.16,85.16,130.46,122.32,23.48347601937197,0.69,9.94,25.3,0.0,0.0,3.0701278234985114
112.92,234.32,15.09,125.36,69.57,23.48347601937197,0.45,5.89,30.56,0.0,0.0,3.0701278234985114
164.12,392.61,45.7,8.83,47.33,23.48347601937197,0.33,9.62,34.7,0.0,0.0,3.0701278234985114
121.22,315.02,15.69,7.68,18.45,23.48347601937197,0.35,7.52,33.4,0.0,0.0,3.0701278234985114
103.59,378.49,15.75,17.83,29.34,23.48347601937197,0.84,4.65,53.23,0.0,0.0,3.0701278234985114
139.89,395.05,16.74,19.29,28.96,23.48347601937197,0.71,4.01,59.08,0.0,0.27,3.0701278234985114
115.75,330.49,17.67,18.37,29.04,23.48347601937197,0.61,3.3,47.63,1.61,2.73,3.0701278234985114
134.8,404.82,24.51,26.14,46.96,23.48347601937197,0.99,1.84,29.99,0.0,0.0,3.0701278234985114
147.45,513.33,15.98,17.58,26.7,23.48347601937197,0.63,55.43,33.11,0.0,0.0,3.0701278234985114
107.65,294.82,12.69,14.47,20.21,23.48347601937197,0.5,15.85,40.67,0.0,0.0,3.0701278234985114
228.22,425.76,19.03,18.58,31.75,23.48347601937197,0.71,23.35,51.64,0.0,0.0,3.0701278234985114
140.51,233.83,33.96,21.42,38.55,23.48347601937197,0.75,26.7,60.75,0.0,0.0,3.0701278234985114
119.06,118.12710293078135,35.69,43.43,46.56,23.48347601937197,0.29,12.23,90.99,0.0,0.0,3.0701278234985114
224.58,118.12710293078135,38.71,50.08,54.3,23.48347601937197,0.29,9.99,38.56,0.0,0.0,3.0701278234985114
104.68,118.12710293078135,6.29,47.97,21.02,23.48347601937197,0.35,10.07,104.93,0.0,0.0,3.0701278234985114
117.64,206.1,16.07,45.54,40.2,23.48347601937197,0.98,35.03,57.02,2.0,6.0,3.0701278234985114
170.87,219.37,10.52,35.42,30.45,23.48347601937197,0.86,10.4,50.71,0.1,0.31,3.0701278234985114
258.67,355.98,7.63,34.53,27.57,23.48347601937197,1.33,50.62,46.49,2.01,6.01,3.0701278234985114
217.34,344.33,23.91,42.1,46.41,23.48347601937197,1.44,11.12,27.04,1.99,5.97,3.0701278234985114
216.4,361.77,32.57,43.74,54.29,23.48347601937197,1.35,14.56,32.35,1.99,6.0,3.0701278234985114
231.37,369.65,51.0,46.69,71.14,23.48347601937197,1.69,21.81,35.38,1.99,6.0,3.0701278234985114
152.59,244.2,12.67,33.7,31.94,23.48347601937197,0.75,14.77,27.86,2.0,5.99,3.0701278234985114
157.05,255.53,14.41,45.85,42.36,23.48347601937197,1.17,0.21,26.65,2.01,6.0,3.0701278234985114
128.98,214.16,6.12,34.22,28.18,23.48347601937197,0.82,4.53,23.92,2.0,6.01,3.0701278234985114
210.54,330.45,16.44,46.43,42.75,23.48347601937197,1.18,8.95,32.4,2.0,6.01,3.0701278234985114
155.84,260.27,89.84,59.04,119.26,23.48347601937197,1.82,41.95,47.46,2.0,6.0,3.0701278234985114
164.7,279.87,77.76,70.43,118.06,23.48347601937197,2.01,36.62,44.57,2.01,5.99,3.0701278234985114
115.05,201.36,6.72,47.16,36.04,23.48347601937197,0.89,20.42,34.2,1.99,6.03,3.0701278234985114
198.13,296.79,78.22,67.56,113.25,23.48347601937197,2.11,8.38,44.68,2.0,5.99,3.0701278234985114
222.5,364.36,44.43,57.37,74.38,23.48347601937197,2.01,2.61,36.28,2.0,6.0,3.0701278234985114
208.98,343.16,37.09,55.07,64.22,23.48347601937197,1.89,1.53,34.34,2.0,5.98,3.0701278234985114
205.7,315.4,56.66,50.18,78.46,23.48347601937197,2.07,0.92,34.74,1.99,6.02,3.0701278234985114
173.25,265.85,74.23,53.81,93.64,23.48347601937197,2.16,27.89,33.01,2.0,6.02,3.0701278234985114
192.51,299.38,83.85,60.68,106.34,23.48347601937197,2.6,66.06,35.58,2.0,6.0,3.0701278234985114
228.57,342.42,80.09,55.31,106.38,23.48347601937197,2.56,71.45,39.18,1.99,6.01,3.0701278234985114
223.29,359.8,14.04,56.89,45.76,23.48347601937197,1.84,54.08,40.94,2.01,6.03,3.0701278234985114
188.91,360.69,20.29,49.46,49.85,23.48347601937197,2.07,43.23,31.68,2.0,5.99,3.0701278234985114
164.47,324.47,16.87,44.51,43.97,23.48347601937197,2.02,22.78,23.62,2.01,6.0,3.0701278234985114
186.27,422.12,21.55,46.67,47.45,23.48347601937197,2.04,22.91,29.28,2.01,6.0,3.0701278234985114
109.59,226.93,7.16,27.24,22.66,23.48347601937197,1.45,11.71,21.96,1.99,5.99,3.0701278234985114
161.19,319.08,28.04,36.03,42.25,23.48347601937197,1.73,16.78,29.85,1.99,6.02,3.0701278234985114
203.81,398.43,46.31,29.88,56.67,23.48347601937197,2.26,19.97,26.6,2.0,5.98,3.0701278234985114
260.02,533.71,28.67,47.92,48.94,23.48347601937197,2.55,22.79,31.52,2.0,6.0,3.0701278234985114
175.66,282.1,27.64,28.03,36.79,23.48347601937197,2.03,9.83,28.33,2.01,6.0,3.0701278234985114
183.81,216.52,96.93,42.51,116.86,23.48347601937197,3.23,3.52,17.93,2.0,6.0,3.0701278234985114
152.96,218.37,65.9,38.85,79.89,23.48347601937197,2.38,5.69,20.99,2.0,5.99,3.0701278234985114
144.74,233.92,31.39,38.35,50.15,23.48347601937197,2.03,5.0,26.11,2.0,5.99,3.0701278234985114
133.68,201.3,41.24,49.18,64.09,23.48347601937197,1.87,7.5,14.87,2.0,6.0,3.0701278234985114
151.11,243.8,75.06,38.54,86.82,23.48347601937197,2.29,7.12,28.24,2.0,6.0,3.0701278234985114
161.63,241.22,27.86,39.59,54.35,23.48347601937197,2.08,6.02,24.61,2.0,6.03,3.0701278234985114
130.93,216.6,55.55,33.45,70.21,23.48347601937197,2.17,7.38,26.71,1.99,6.0,3.0701278234985114
145.57,249.19,55.87,25.02,61.05,23.48347601937197,2.75,9.72,41.76,1.99,5.98,3.0701278234985114
130.82,284.78,15.08,21.34,25.8,23.48347601937197,1.87,8.86,52.01,1.96,6.02,3.0701278234985114
133.26,219.95,48.9,19.93,101.61,23.86,1.13,25.62,36.21,3.43,8.700972080037227,3.0701278234985114
124.9,237.1,32.68,19.23,74.24,21.46,1.09,24.61,46.36,2.61,8.700972080037227,3.0701278234985114
123.34,206.87,43.05,16.95,88.79,25.52,0.99,23.95,48.98,3.65,8.700972080037227,3.0701278234985114
138.45,258.63,41.09,30.42,100.02,22.77,1.29,23.2,41.21,3.22,8.700972080037227,3.0701278234985114
138.03,280.4,37.55,24.74,88.13,27.43,1.23,20.42,31.23,2.87,8.700972080037227,3.0701278234985114
131.69,322.56,26.94,23.71,69.62,26.43,1.03,17.5,17.1,2.24,8.700972080037227,3.0701278234985114
153.22,269.54,43.03,31.59,104.49,25.47,1.61,27.63,28.29,3.73,8.700972080037227,3.0701278234985114
91.58,145.24,16.57,16.31,44.67,25.42,0.9,21.79,46.73,1.77,8.700972080037227,3.0701278234985114
119.32,225.03,33.81,24.83,82.09,23.34,1.12,24.25,34.24,2.27,8.700972080037227,3.0701278234985114
199.86,258.02,41.87,11.35,80.91,5.61,0.83,10.07,18.06,0.0,8.700972080037227,3.0701278234985114
87.95,132.05,31.03,13.43,65.31,4.58,0.75,9.93,18.32,0.0,8.700972080037227,3.0701278234985114
118.52,174.54,30.25,10.72,61.16,22.66,1.34,12.38,18.47,2.95,8.700972080037227,3.0701278234985114
106.59,161.14,37.5,9.08,71.29,16.26,1.21,12.19,18.2,1.87,8.700972080037227,3.0701278234985114
121.98,172.89,67.71,13.37,125.5,18.43,1.25,12.74,18.27,2.12,8.700972080037227,3.0701278234985114
136.78,205.02,42.12,11.71,81.69,17.71,1.15,12.13,19.6,4.26,8.700972080037227,3.0701278234985114
152.47,209.45,25.57,10.71,53.45,17.01,1.17,11.64,19.04,1.27,8.700972080037227,3.0701278234985114
135.44,197.3,31.24,9.08,61.01,18.17,1.35,11.53,18.22,1.36,8.700972080037227,3.0701278234985114
176.67,254.82,48.55,9.44,89.82,16.06,1.92,11.89,18.04,3.85,8.700972080037227,3.0701278234985114
210.84,338.0,71.18,10.99,128.62,16.63,2.12,11.97,17.89,3.68,8.700972080037227,3.0701278234985114
183.04,267.99,71.29,12.73,130.71,15.45,1.93,12.18,17.98,2.42,8.700972080037227,3.0701278234985114
113.44,162.48,35.78,11.56,71.11,14.77,1.44,12.03,19.09,1.53,8.700972080037227,3.0701278234985114
155.36,226.01,69.52,11.86,126.84,14.3,1.64,12.38,17.93,1.68,8.700972080037227,3.0701278234985114
162.59,254.51,77.51,13.42,141.62,13.83,1.82,12.52,19.55,1.94,8.700972080037227,3.0701278234985114
162.27,248.02,60.31,15.39,115.5,14.34,1.99,12.45,17.99,1.7,8.700972080037227,3.0701278234985114
139.24,199.53,48.88,11.41,92.45,15.06,1.96,12.38,17.9,1.61,8.700972080037227,3.0701278234985114
158.21,278.65,57.71,12.45,108.09,16.3,1.62,12.59,19.67,2.85,8.700972080037227,3.0701278234985114
151.85,224.39,68.87,12.53,126.5,16.43,1.75,12.59,17.92,56.26,8.700972080037227,3.0701278234985114
154.88,210.0,37.72,10.68,73.37,17.9,1.72,12.42,18.01,0.84,8.700972080037227,3.0701278234985114
159.1,225.9,56.18,12.1,105.19,18.47,1.85,12.84,18.31,8.19,8.700972080037227,3.0701278234985114
165.55,242.79,72.6,13.16,133.26,19.26,1.87,12.96,18.02,1.15,8.700972080037227,3.0701278234985114
148.21,225.76,88.08,15.26,160.98,18.04,1.68,13.2,18.03,1.15,8.700972080037227,3.0701278234985114
152.57,240.56,77.03,14.06,141.54,16.55,1.68,13.1,18.18,1.2,8.700972080037227,3.0701278234985114
186.62,270.35,79.92,14.47,146.7,17.74,1.84,13.22,18.17,1.04,8.700972080037227,3.0701278234985114
124.99,202.88,72.13,14.04,133.46,21.27,1.39,13.75,18.2,1.08,8.700972080037227,3.0701278234985114
149.32,240.6,78.64,16.06,146.33,20.37,1.52,14.18,19.69,1.18,8.700972080037227,3.0701278234985114
123.96,196.86,74.81,13.79,137.58,22.25,1.42,13.82,18.24,0.88,8.700972080037227,3.0701278234985114
138.17,218.79,53.28,15.68,104.28,17.02,1.41,13.37,20.42,0.43,8.700972080037227,3.0701278234985114
129.67,204.78,47.92,18.01,97.97,16.87,1.29,13.03,18.18,2.69,8.700972080037227,3.0701278234985114
176.98,260.58,47.71,17.95,97.57,16.17,1.74,13.88,19.0,14.48,8.700972080037227,3.0701278234985114
178.56,286.81,69.9,16.51,132.46,15.74,1.87,13.22,17.92,0.0,8.700972080037227,3.0701278234985114
157.34,241.87,61.04,12.98,114.13,16.12,1.71,13.16,18.13,0.0,8.700972080037227,3.0701278234985114
151.56,242.58,78.62,17.7,148.03,16.7,1.62,13.84,20.67,9.67,8.700972080037227,3.0701278234985114
155.4,247.32,56.68,16.34,110.56,21.83,1.71,13.71,19.0,1.09,8.700972080037227,3.0701278234985114
140.21,223.32,80.4,23.76,157.44,17.55,1.34,15.03,24.66,0.79,8.700972080037227,3.0701278234985114
155.07,256.72,82.09,25.12,161.67,19.22,1.63,14.48,22.17,1.1,8.700972080037227,3.0701278234985114
151.99,243.84,53.41,18.76,107.79,19.64,1.48,15.18,26.85,1.07,8.700972080037227,3.0701278234985114
139.27,233.73,45.24,20.56,96.27,18.53,1.44,13.18,18.57,1.01,8.700972080037227,3.0701278234985114
139.07,240.31,56.08,20.06,113.55,17.57,1.5,13.09,18.46,1.13,8.700972080037227,3.0701278234985114
108.07,190.71,35.9,17.93,78.15,17.92,1.15,12.6,18.11,0.69,8.700972080037227,3.0701278234985114
133.75,253.03,92.84,30.59,184.73,21.57,1.29,15.31,18.56,0.96,8.700972080037227,3.0701278234985114
141.43,264.36,59.76,27.41,127.46,23.68,1.23,13.6,19.34,0.79,8.700972080037227,3.0701278234985114
165.06,279.03,46.86,31.8,111.02,23.71,1.36,13.48,18.98,0.74,8.700972080037227,3.0701278234985114
208.26,300.36,42.27,24.33,95.46,24.27,1.61,13.5,18.58,0.96,8.700972080037227,3.0701278234985114
203.07,299.17,60.9,24.22,125.93,24.88,1.81,13.7,18.6,0.99,8.700972080037227,3.0701278234985114
169.36,319.73,40.71,15.68,83.61,29.04,1.4,14.08,19.54,0.84,8.700972080037227,3.0701278234985114
125.72,214.04,61.18,17.95,119.7,21.01,1.27,14.33,18.5,0.88,8.700972080037227,3.0701278234985114
118.97,203.28,60.84,21.62,123.1,20.84,1.18,14.48,18.68,0.72,8.700972080037227,3.0701278234985114
133.0,206.76,12.18,26.92,22.2,19.62,0.98,17.35,39.22,0.42,8.700972080037227,3.0701278234985114
141.09,215.27,8.68,16.05,14.29,20.71,0.78,16.86,52.63,0.31,8.700972080037227,3.0701278234985114
158.32,118.12710293078135,8.99,20.35,29.34,23.48347601937197,0.95,8.23,40.52,3.280840304500585,8.700972080037227,3.0701278234985114
467.67,118.12710293078135,8.56,4.07,12.59,23.48347601937197,0.62,7.04,16.44,3.280840304500585,8.700972080037227,3.0701278234985114
22.75,118.12710293078135,8.7,4.24,12.93,23.48347601937197,0.61,7.86,16.51,3.280840304500585,8.700972080037227,3.0701278234985114
299.25,118.12710293078135,7.96,12.06,19.81,23.48347601937197,0.73,6.81,15.34,0.8,3.84,0.01
108.69,118.12710293078135,14.8,16.27,30.82,23.48347601937197,0.46,7.24,14.94,0.84,5.1,0.03
114.41,118.12710293078135,6.51,16.11,22.3,23.48347601937197,0.84,6.61,24.37,1.01,6.39,0.02
120.75,92.29,1.92,21.65,15.87,27.65,0.64,2.67,15.85,1.21,5.95,1.22
137.28,93.47,7.99,7.93,15.71,7.42,1.03,8.39,36.15,1.63,8.02,0.22
232.83,108.2,11.17,17.35,26.85,10.58,1.45,8.56,27.64,1.79,9.91,2.41
357.85,118.12710293078135,6.28,6.94,13.22,23.48347601937197,1.03,7.03,10.16,0.09,0.67,0.1
137.56,224.06,39.3,61.48,95.44,35.31,1.31,7.21,63.32,6.81,19.59,3.0701278234985114
165.57,251.58,72.8,118.92,116.25,31.12,0.0,8.99,34.9,8.37,18.88,3.0701278234985114
109.53,200.67,65.54,100.76,99.29,35.43,0.0,8.53,28.37,5.76,11.34,3.0701278234985114
161.94,160.86,23.26,66.57,59.86,19.24,0.0,8.1,114.76,2.12,5.36,3.0701278234985114
311.35,122.86,14.14,21.31,24.59,18.89,0.91,20.56,65.91,0.71,0.83,3.0701278234985114
146.31,200.22,33.72,48.56,73.15,38.87,1.34,9.91,39.47,2.3,8.57,3.0701278234985114
116.5,491.01,9.98,22.31,27.64,18.84,0.81,11.85,61.13,1.05,2.62,3.0701278234985114
84.33,272.87,10.77,21.06,27.49,20.45,0.8,10.45,58.11,0.58,3.53,3.0701278234985114
219.73,317.48,31.8,55.08,74.07,67.92,1.17,22.49,41.49,5.19,12.37,3.0701278234985114
141.99,258.16,30.88,69.79,84.16,69.64,1.23,17.19,42.53,6.06,17.85,3.0701278234985114
67.45057794890306,362.61,7.26,7.68,32.30912333307031,6.55,0.0,14.53197725590996,18.49,3.280840304500585,8.700972080037227,3.0701278234985114
67.45057794890306,358.43,7.22,7.71,32.30912333307031,6.55,0.0,14.53197725590996,16.69,3.280840304500585,8.700972080037227,3.0701278234985114
67.45057794890306,397.63,7.06,7.02,32.30912333307031,6.6,0.0,14.53197725590996,27.74,3.280840304500585,8.700972080037227,3.0701278234985114
67.45057794890306,379.78,6.9,6.94,32.30912333307031,6.65,0.0,14.53197725590996,25.74,3.280840304500585,8.700972080037227,3.0701278234985114
67.45057794890306,320.33,7.58,6.85,32.30912333307031,6.72,0.0,14.53197725590996,24.42,3.280840304500585,8.700972080037227,3.0701278234985114
67.45057794890306,429.17,7.18,6.98,32.30912333307031,6.71,0.0,14.53197725590996,68.7,3.280840304500585,8.700972080037227,3.0701278234985114
67.45057794890306,330.12,9.8,7.46,32.30912333307031,6.79,0.0,14.53197725590996,76.23,3.280840304500585,8.700972080037227,3.0701278234985114
67.45057794890306,339.24,7.23,7.1,32.30912333307031,6.67,0.0,14.53197725590996,27.08,3.280840304500585,8.700972080037227,3.0701278234985114
67.45057794890306,388.77,7.18,7.27,32.30912333307031,6.64,0.0,14.53197725590996,30.43,3.280840304500585,8.700972080037227,3.0701278234985114
67.45057794890306,396.72,6.69,6.6,32.30912333307031,6.63,0.0,14.53197725590996,43.21,3.280840304500585,8.700972080037227,3.0701278234985114
67.45057794890306,488.67,7.45,7.17,32.30912333307031,6.65,0.0,14.53197725590996,15.75,3.280840304500585,8.700972080037227,3.0701278234985114
67.45057794890306,326.64,7.03,7.17,32.30912333307031,6.62,0.0,14.53197725590996,20.61,3.280840304500585,8.700972080037227,3.0701278234985114
67.45057794890306,458.18,7.42,7.63,32.30912333307031,6.65,0.0,70.85,13.01,3.280840304500585,8.700972080037227,3.0701278234985114
67.45057794890306,369.99,7.68,7.83,32.30912333307031,6.6,0.0,72.44,33.52,3.280840304500585,8.700972080037227,3.0701278234985114
67.45057794890306,373.13,7.45,7.82,32.30912333307031,6.61,0.0,84.29,9.01,3.280840304500585,8.700972080037227,3.0701278234985114
67.45057794890306,354.37,7.14,7.66,32.30912333307031,6.67,0.0,80.77,28.14,3.280840304500585,8.700972080037227,3.0701278234985114
67.45057794890306,388.47,7.3,7.73,32.30912333307031,6.57,0.0,56.59,15.8,3.280840304500585,8.700972080037227,3.0701278234985114
67.45057794890306,350.58,7.09,7.21,32.30912333307031,6.67,0.0,60.73,21.87,3.280840304500585,8.700972080037227,3.0701278234985114
67.45057794890306,301.18,7.06,7.26,32.30912333307031,6.62,2.2485982090856145,68.52,19.75,3.280840304500585,8.700972080037227,3.0701278234985114
67.45057794890306,373.4,7.06,7.5,32.30912333307031,6.69,2.2485982090856145,48.49,16.74,3.280840304500585,8.700972080037227,3.0701278234985114
67.45057794890306,519.85,6.7,7.7,32.30912333307031,6.7,2.2485982090856145,31.15,6.79,3.280840304500585,8.700972080037227,3.0701278234985114
67.45057794890306,413.78,7.07,7.47,32.30912333307031,6.69,2.2485982090856145,71.01,18.74,3.280840304500585,8.700972080037227,3.0701278234985114
67.45057794890306,331.19,10.2,12.37,32.30912333307031,6.14,2.2485982090856145,59.22,14.64,3.280840304500585,8.700972080037227,3.0701278234985114
155.38,242.69,10.72,11.21,32.30912333307031,6.37,2.2485982090856145,81.28,12.57,3.280840304500585,8.700972080037227,3.0701278234985114
166.85,262.83,10.9,11.47,32.30912333307031,6.4,2.2485982090856145,86.1,12.37,3.280840304500585,8.700972080037227,3.0701278234985114
179.51,300.54,10.77,11.66,32.30912333307031,6.35,2.2485982090856145,91.58,18.36,3.280840304500585,8.700972080037227,3.0701278234985114
161.22,297.14,9.95,10.85,32.30912333307031,6.28,2.2485982090856145,100.81,53.85,3.280840304500585,8.700972080037227,3.0701278234985114
116.5,192.38,9.97,10.44,32.30912333307031,6.35,2.2485982090856145,55.29,32.22,3.280840304500585,8.700972080037227,3.0701278234985114
159.44,288.67,9.92,10.84,32.30912333307031,6.37,0.0,92.27,31.6,3.280840304500585,8.700972080037227,3.0701278234985114
129.29,228.51,9.72,10.26,32.30912333307031,6.36,2.2485982090856145,114.35,32.31,3.280840304500585,8.700972080037227,3.0701278234985114
118.18,216.22,10.34,10.3,32.30912333307031,6.41,0.0,84.97,10.94,3.280840304500585,8.700972080037227,3.0701278234985114
123.22,250.22,8.84,9.55,32.30912333307031,6.33,2.2485982090856145,26.84,45.06,3.280840304500585,8.700972080037227,3.0701278234985114
136.04,276.18,8.64,9.56,32.30912333307031,6.34,2.2485982090856145,32.44,58.68,3.280840304500585,8.700972080037227,3.0701278234985114
110.73,283.52,8.74,9.36,32.30912333307031,6.3,2.2485982090856145,26.56,45.12,3.280840304500585,8.700972080037227,3.0701278234985114
233.1,264.82,23.69,61.25,84.99,22.69,1.4,10.42,29.94,7.83,10.33,3.0701278234985114
183.88,285.82,23.38,70.35,93.59,25.0,1.31,17.1,52.02,5.45,8.35,3.0701278234985114
171.76,266.69,40.39,62.54,102.93,40.26,1.38,17.15,35.59,6.63,12.02,3.0701278234985114
132.37,210.28,57.51,41.33,98.81,42.32,1.26,13.57,31.44,7.14,9.98,3.0701278234985114
183.64,294.5,110.36,60.11,165.31,23.48,1.63,15.13,29.69,14.2,26.27,3.0701278234985114
190.03,293.29,44.82,81.93,126.75,31.77,1.48,16.03,43.47,16.16,28.48,3.0701278234985114
172.8,299.16,17.72,90.97,107.85,31.5,1.16,27.53,42.49,11.38,23.92,3.0701278234985114
142.65,263.76,18.97,88.85,107.78,50.87,1.6,24.68,46.32,12.76,34.91,3.0701278234985114
156.47,257.04,33.08,63.38,96.46,30.69,1.19,10.25,62.91,9.5,19.98,3.0701278234985114
160.56,241.45,116.81,72.2,194.43,48.37,1.96,13.83,38.35,24.22,39.82,3.0701278234985114
154.97,230.9,98.61,67.2,116.07,36.62,1.55,12.99,36.99,14.56,23.92,3.0701278234985114
199.32,331.35,158.67,59.22,205.0,53.8,2.33,13.86,36.76,15.99,33.92,3.0701278234985114
187.21,297.11,57.74,74.51,131.96,55.7,1.27,14.5,39.48,11.45,25.1,3.0701278234985114
206.07,347.61,122.03,61.56,162.28,68.52,1.54,14.76,37.59,16.7,32.31,3.0701278234985114
243.93,378.31,107.88,71.59,154.73,41.36,1.64,11.52,35.77,17.24,35.73,3.0701278234985114
164.48,272.33,71.9,67.08,119.59,40.0,1.22,10.74,34.35,16.15,22.08,3.0701278234985114
153.41,254.9,91.62,71.93,163.69,51.49,1.27,20.5,33.72,18.5,34.71,3.0701278234985114
153.39,237.95,68.54,66.66,111.44,41.01,0.88,8.68,41.84,11.37,20.1,3.0701278234985114
168.37,285.2,118.78,73.9,176.95,44.92,1.18,10.41,37.71,12.88,18.8,3.0701278234985114
183.93,316.43,95.48,84.28,168.94,18.63,1.52,15.9,44.14,11.67,29.97,3.0701278234985114
239.87,371.23,134.5,96.54,191.3,25.56,1.46,16.57,40.55,15.88,28.32,3.0701278234985114
220.71,349.49,79.46,99.83,174.32,38.68,1.29,16.21,46.99,15.41,28.71,3.0701278234985114
253.8,388.94,77.04,103.32,182.55,41.99,1.38,16.87,41.22,16.55,38.27,3.0701278234985114
211.39,343.07,146.16,62.62,222.15,60.72,1.29,13.58,23.0,20.85,37.64,3.0701278234985114
183.49,306.69,84.94,87.07,155.08,44.28,1.03,21.04,32.67,16.64,23.24,3.0701278234985114
130.86,227.88,48.88,74.48,123.37,46.04,0.85,14.05,36.39,10.83,18.46,3.0701278234985114
204.44,325.61,156.68,69.69,221.78,55.48,1.36,11.34,36.24,17.93,33.05,3.0701278234985114
231.21,349.32,94.83,84.38,183.08,24.58,1.26,16.51,33.35,16.58,34.96,3.0701278234985114
204.65,303.95,63.6,84.79,148.17,22.33,0.86,13.09,33.49,10.28,18.48,3.0701278234985114
177.51,264.89,70.02,90.29,154.22,16.92,0.67,13.81,28.98,11.17,17.93,3.0701278234985114
209.44,341.74,128.06,105.53,216.5,11.43,1.07,15.73,35.91,13.03,21.9,3.0701278234985114
197.41,311.48,110.71,109.6,194.51,15.89,1.09,13.82,39.09,12.74,20.83,3.0701278234985114
258.54,384.73,131.35,137.35,222.65,15.6,1.54,17.99,29.47,19.95,39.21,3.0701278234985114
222.12,336.24,89.06,123.76,202.67,18.61,1.25,15.3,27.13,13.87,24.67,3.0701278234985114
237.11,348.02,121.27,120.58,224.02,17.35,1.26,16.06,32.55,9.72,21.45,3.0701278234985114
187.3,285.55,33.43,105.12,136.55,21.86,0.73,18.29,37.12,4.6,9.56,3.0701278234985114
177.21,276.41,62.52,99.5,130.83,21.22,0.86,17.07,42.57,9.24,19.3,3.0701278234985114
209.31,326.78,77.81,114.44,181.53,22.05,0.95,15.4,30.24,13.11,27.15,3.0701278234985114
172.39,261.09,68.97,107.85,174.35,22.9,0.87,15.62,31.57,12.08,26.17,3.0701278234985114
244.09,381.78,180.0,150.01,293.1,17.46,1.26,26.2,29.72,25.21,38.92,3.0701278234985114
219.26,332.24,107.44,115.8,188.3,27.42,1.17,15.03,27.99,16.59,33.74,3.0701278234985114
159.43,252.16,79.2,103.2,165.36,25.95,0.89,15.71,26.33,14.28,22.28,3.0701278234985114
158.89,263.39,123.86,122.66,204.26,25.3,1.07,18.81,25.28,21.29,28.14,3.0701278234985114
175.47,265.22,114.38,95.12,168.48,26.49,1.07,15.88,26.97,17.98,42.71,3.0701278234985114
189.25,283.42,133.55,85.5,177.89,26.33,1.05,17.69,30.2,18.89,36.31,3.0701278234985114
227.08,326.44,96.3,105.92,176.34,23.65,1.19,17.29,40.45,23.41,35.98,3.0701278234985114
211.01,317.78,100.51,105.53,188.16,25.53,1.24,17.27,41.86,22.38,42.17,3.0701278234985114
219.44,318.17,96.56,95.17,168.99,26.79,1.09,15.44,30.75,19.3,24.87,3.0701278234985114
157.3,255.7,76.58,87.29,129.08,42.75,1.26,20.9,38.73,14.02,21.24,3.0701278234985114
208.75,348.3,140.27,103.67,189.6,52.08,1.59,26.21,30.3,27.91,37.03,3.0701278234985114
230.95,363.72,75.22,127.63,185.42,47.43,1.84,22.4,32.22,25.15,41.97,3.0701278234985114
214.45,322.12,142.88,101.91,220.84,34.88,1.67,13.85,27.88,39.93,43.36,3.0701278234985114
157.14,246.66,100.66,109.37,182.61,32.01,1.24,10.03,26.43,8.39,8.72,3.0701278234985114
163.65,273.34,76.7,107.37,171.45,24.97,1.21,15.86,23.87,0.37,0.47,3.0701278234985114
207.09,322.73,82.5,102.38,173.02,26.82,1.99,17.26,25.28,3.54,4.62,3.0701278234985114
183.64,336.02,117.42,95.84,189.74,24.83,1.84,17.89,25.36,6.33,10.23,3.0701278234985114
164.48,293.11,114.77,112.25,204.14,26.51,1.73,17.94,22.73,6.51,8.28,3.0701278234985114
169.86,290.85,127.55,103.89,194.0,25.08,1.67,20.74,24.65,7.19,10.21,3.0701278234985114
194.51,342.34,116.34,120.72,220.76,26.96,1.83,20.69,23.91,7.14,9.35,3.0701278234985114
180.67,295.97,99.12,130.54,210.32,35.17,1.62,20.81,32.07,11.9,13.05,3.0701278234985114
153.28,264.95,36.39,108.42,144.8,37.98,1.16,14.83,42.62,3.89,5.8,3.0701278234985114
195.34,345.73,70.98,145.21,165.88,62.5,1.99,23.53,31.43,5.83,9.88,3.0701278234985114
206.83,339.86,100.18,136.64,193.43,85.39,1.79,22.63,35.48,6.52,10.6,3.0701278234985114
115.8,208.77,58.12,112.11,157.32,60.77,1.16,18.54,24.87,3.09,6.45,3.0701278234985114
176.49,325.84,151.75,94.33,224.09,39.65,2.22,19.24,35.41,64.44,70.44,10.65
145.88,256.22,103.28,77.25,170.71,35.15,1.79,13.07,38.31,60.97,66.84,8.29
188.69,118.12710293078135,16.41,7.78,4.22,23.48347601937197,1.74,4.39,69.65,3.280840304500585,8.700972080037227,3.0701278234985114
185.78,118.12710293078135,7.95,6.24,4.36,23.48347601937197,1.52,5.33,63.32,3.280840304500585,8.700972080037227,3.0701278234985114
166.1,118.12710293078135,12.73,10.89,4.22,23.48347601937197,1.88,6.46,61.79,3.280840304500585,8.700972080037227,3.0701278234985114
155.09,118.12710293078135,28.27,43.54,3.47,23.48347601937197,5.07,5.95,69.01,3.280840304500585,8.700972080037227,3.0701278234985114
162.6,118.12710293078135,11.96,28.63,4.22,23.48347601937197,5.99,3.98,51.08,3.280840304500585,8.700972080037227,3.0701278234985114
190.97,118.12710293078135,22.35,32.94,4.14,23.48347601937197,2.49,4.95,56.56,3.280840304500585,8.700972080037227,3.0701278234985114
192.37,118.12710293078135,35.79,39.5,4.9,23.48347601937197,2.01,4.81,42.39,3.280840304500585,8.700972080037227,3.0701278234985114
156.6,118.12710293078135,33.88,31.43,4.14,23.48347601937197,1.56,4.94,20.85,3.280840304500585,8.700972080037227,3.0701278234985114
123.29,118.12710293078135,9.34,15.4,4.22,23.48347601937197,9.56,3.03,26.72,3.280840304500585,8.700972080037227,3.0701278234985114
123.44,118.12710293078135,15.19,16.92,4.22,23.48347601937197,8.69,5.91,32.81,3.280840304500585,8.700972080037227,3.0701278234985114
140.75,118.12710293078135,24.02,29.73,4.22,23.48347601937197,2.39,6.41,36.74,3.280840304500585,8.700972080037227,3.0701278234985114
154.01,118.12710293078135,14.6,25.19,4.81,23.48347601937197,2.36,4.65,38.51,3.280840304500585,8.700972080037227,3.0701278234985114
162.51,118.12710293078135,19.1,34.31,4.3,23.48347601937197,1.8,6.14,41.41,3.280840304500585,8.700972080037227,3.0701278234985114
147.9,118.12710293078135,12.9,32.52,4.22,23.48347601937197,1.8,6.72,45.5,3.280840304500585,8.700972080037227,3.0701278234985114
205.62,118.12710293078135,20.32,34.75,4.22,23.48347601937197,4.74,7.71,53.97,3.280840304500585,8.700972080037227,3.0701278234985114
187.6,118.12710293078135,16.48,28.61,4.22,23.48347601937197,4.16,5.66,51.48,3.280840304500585,8.700972080037227,3.0701278234985114
127.49,118.12710293078135,12.14,24.22,4.22,23.48347601937197,7.24,5.23,37.04,3.280840304500585,8.700972080037227,3.0701278234985114
192.7,118.12710293078135,24.97,32.98,4.22,23.48347601937197,2.25,7.36,40.66,3.280840304500585,8.700972080037227,3.0701278234985114
186.9,118.12710293078135,14.18,28.81,4.22,23.48347601937197,1.96,5.76,41.52,3.280840304500585,8.700972080037227,3.0701278234985114
217.75,118.12710293078135,7.2,20.83,4.22,23.48347601937197,1.78,11.18,55.94,3.280840304500585,8.700972080037227,3.0701278234985114
264.18,118.12710293078135,8.22,21.42,4.22,23.48347601937197,3.75,8.47,44.63,3.280840304500585,8.700972080037227,3.0701278234985114
246.37,118.12710293078135,26.38,16.73,4.22,23.48347601937197,5.53,5.16,39.11,3.280840304500585,8.700972080037227,3.0701278234985114
245.14,118.12710293078135,5.03,36.25,4.29,23.48347601937197,2.88,4.61,50.81,3.280840304500585,8.700972080037227,3.0701278234985114
206.35,118.12710293078135,15.78,8.79,4.22,23.48347601937197,1.99,5.53,48.63,5.21,19.67,3.0701278234985114
207.43,118.12710293078135,18.92,9.44,3.8,23.48347601937197,3.12,5.86,55.09,14.38,39.01,3.0701278234985114
174.5,118.12710293078135,15.73,11.88,4.22,23.48347601937197,3.41,5.02,49.4,16.16,40.56,3.0701278234985114
171.81,118.12710293078135,8.65,9.87,4.22,23.48347601937197,1.77,3.35,41.62,7.14,22.1,3.0701278234985114
216.6,118.12710293078135,18.61,11.33,4.22,23.48347601937197,5.87,4.8,55.72,0.44,1.35,3.0701278234985114
209.5,118.12710293078135,20.35,10.65,4.22,23.48347601937197,4.66,5.66,55.87,0.36,1.09,3.0701278234985114
263.23,118.12710293078135,21.02,11.61,4.22,23.48347601937197,3.95,7.0,56.99,0.32,0.95,3.0701278234985114
176.88,118.12710293078135,6.39,13.01,4.22,23.48347601937197,2.39,4.68,40.87,0.3,0.89,3.0701278234985114
119.88,118.12710293078135,5.24,12.53,4.89,23.48347601937197,11.6,5.07,48.63,0.43,1.28,3.0701278234985114
145.11,118.12710293078135,20.03,11.88,10.93,23.48347601937197,1.3,4.23,44.31,0.39,1.16,3.0701278234985114
157.54,118.12710293078135,4.92,16.34,6.15,23.48347601937197,2.11,5.59,48.38,0.41,1.23,3.0701278234985114
152.87,118.12710293078135,2.7,15.2,2.21,23.48347601937197,3.77,5.87,50.53,0.41,1.22,3.0701278234985114
162.39,118.12710293078135,9.36,18.2,3.92,23.48347601937197,2.46,6.0,51.92,0.34,1.02,3.0701278234985114
207.99,118.12710293078135,21.55,17.98,3.3,23.48347601937197,4.27,8.1,50.82,0.21,0.63,3.0701278234985114
203.43,118.12710293078135,11.64,13.27,2.68,23.48347601937197,3.4,6.53,38.97,0.23,0.69,3.0701278234985114
188.05,118.12710293078135,7.22,14.56,3.37,23.48347601937197,2.49,4.82,40.81,0.23,0.69,3.0701278234985114
135.82,118.12710293078135,4.57,15.12,2.21,23.48347601937197,2.58,5.49,50.04,0.33,0.98,3.0701278234985114
137.98,118.12710293078135,8.89,15.24,2.21,23.48347601937197,2.95,5.99,61.74,0.33,1.0,3.0701278234985114
137.01,118.12710293078135,19.46,13.94,3.15,23.48347601937197,4.69,8.53,47.95,0.26,0.78,3.0701278234985114
173.33,118.12710293078135,14.07,14.34,4.22,23.48347601937197,4.04,6.95,64.96,0.37,1.0,3.0701278234985114
149.68,118.12710293078135,7.59,11.58,4.22,23.48347601937197,3.46,7.04,77.59,0.3,0.89,3.0701278234985114
155.57,118.12710293078135,5.74,10.45,4.22,23.48347601937197,2.01,6.77,45.41,2.43,3.26,3.0701278234985114
119.03,118.12710293078135,2.87,12.75,3.38,23.48347601937197,2.46,4.68,41.17,46.87,46.87,3.0701278234985114
192.61,118.12710293078135,6.95,11.88,3.3,23.48347601937197,3.39,6.61,38.63,0.34,0.41,3.0701278234985114
237.84,118.12710293078135,5.66,10.01,4.39,23.48347601937197,2.66,5.8,36.95,0.4,1.01,3.0701278234985114
169.86,118.12710293078135,4.67,10.83,3.38,23.48347601937197,2.31,8.97,34.72,3.280840304500585,8.700972080037227,3.0701278234985114
174.76,118.12710293078135,2.69,11.94,4.22,23.48347601937197,7.15,5.03,30.67,3.280840304500585,8.700972080037227,3.0701278234985114
168.21,118.12710293078135,3.34,11.81,4.3,23.48347601937197,2.06,6.02,37.2,3.280840304500585,8.700972080037227,3.0701278234985114
232.46,118.12710293078135,5.09,11.48,4.22,23.48347601937197,1.93,7.1,36.08,2.85,3.84,3.0701278234985114
139.7,118.12710293078135,2.38,12.38,4.22,23.48347601937197,3.1,5.65,30.12,41.94,42.04,3.0701278234985114
166.38,118.12710293078135,2.57,12.16,4.22,23.48347601937197,3.95,6.09,25.12,20.88,20.88,3.0701278234985114
255.63,118.12710293078135,2.5,12.22,4.22,23.48347601937197,7.43,6.49,46.69,3.280840304500585,8.700972080037227,3.0701278234985114
238.8,118.12710293078135,9.63,10.09,3.96,23.48347601937197,2.42,8.85,39.7,24.05,24.07,3.0701278234985114
212.94,118.12710293078135,4.67,11.53,4.22,23.48347601937197,1.68,8.48,45.31,5.34,31.09,3.0701278234985114
255.85,118.12710293078135,5.38,13.93,4.22,23.48347601937197,1.4,7.75,44.62,0.4,3.23,3.0701278234985114
210.94,118.12710293078135,3.91,15.64,8.87,23.48347601937197,1.53,7.0,38.06,3.280840304500585,8.700972080037227,3.0701278234985114
151.38,118.12710293078135,4.26,14.99,8.81,23.48347601937197,1.64,6.69,37.27,3.280840304500585,8.700972080037227,3.0701278234985114
153.42,118.12710293078135,4.02,14.34,4.74,23.48347601937197,17.2,7.69,52.05,3.280840304500585,8.700972080037227,3.0701278234985114
130.88,118.12710293078135,4.1,15.06,4.22,23.48347601937197,1.87,4.67,71.66,67.52,70.79,3.0701278234985114
178.06,118.12710293078135,2.57,13.51,4.05,23.48347601937197,1.47,5.55,64.32,3.280840304500585,8.700972080037227,3.0701278234985114
253.19,118.12710293078135,8.98,10.93,4.05,23.48347601937197,1.65,6.68,64.37,155.68,157.69,3.0701278234985114
255.81,118.12710293078135,7.04,14.19,4.3,23.48347601937197,1.3,6.08,54.25,3.280840304500585,8.700972080037227,3.0701278234985114
206.49,118.12710293078135,6.49,13.74,4.22,23.48347601937197,1.33,7.04,54.66,167.93,173.07,3.0701278234985114
206.95,118.12710293078135,7.2,11.6,4.22,23.48347601937197,1.4,7.74,62.94,186.43,210.75,3.0701278234985114
209.99,118.12710293078135,5.97,8.03,4.47,23.48347601937197,5.16,8.61,51.53,3.280840304500585,8.700972080037227,3.0701278234985114
168.23,118.12710293078135,5.74,13.61,4.22,23.48347601937197,7.45,6.23,50.12,3.280840304500585,8.700972080037227,3.0701278234985114
147.08,118.12710293078135,6.05,13.14,4.22,23.48347601937197,1.35,6.38,45.07,3.280840304500585,8.700972080037227,3.0701278234985114
162.7,118.12710293078135,6.12,13.6,4.22,23.48347601937197,2.54,7.18,56.83,3.280840304500585,8.700972080037227,3.0701278234985114
171.76,118.12710293078135,5.77,13.81,4.22,23.48347601937197,1.37,6.96,55.8,0.3,0.41,3.0701278234985114
186.0,118.12710293078135,5.96,12.22,4.48,23.48347601937197,2.38,10.14,58.94,3.280840304500585,8.700972080037227,3.0701278234985114
195.12,118.12710293078135,6.47,10.89,4.81,23.48347601937197,1.68,6.7,57.27,3.280840304500585,8.700972080037227,3.0701278234985114
112.33,118.12710293078135,6.82,16.21,4.3,23.48347601937197,1.21,4.71,65.02,0.28,8.700972080037227,3.0701278234985114
147.59,118.12710293078135,19.6,44.96,4.22,23.48347601937197,1.69,5.96,53.88,3.66,6.13,3.0701278234985114
151.15,118.12710293078135,6.62,35.68,5.13,23.48347601937197,1.4,5.65,70.73,3.65,5.23,3.0701278234985114
161.14,118.12710293078135,4.75,26.25,4.79,23.48347601937197,1.37,5.26,59.13,2.36,3.02,3.0701278234985114
152.14,118.12710293078135,6.42,22.59,4.22,23.48347601937197,2.14,5.2,44.25,1.22,2.11,3.0701278234985114
155.6,118.12710293078135,10.26,19.55,4.39,23.48347601937197,1.71,5.45,57.22,0.84,2.27,3.0701278234985114
203.51,118.12710293078135,6.48,15.05,4.22,23.48347601937197,1.37,3.72,56.33,1.36,2.59,3.0701278234985114
132.24,118.12710293078135,3.45,0.97,6.24,23.48347601937197,1.36,3.3,70.0,6.46,8.27,3.0701278234985114
166.73,118.12710293078135,5.37,12.9,4.6,23.48347601937197,1.66,6.16,88.12,2.85,4.02,3.0701278234985114
180.27,118.12710293078135,22.84,18.53,4.22,23.48347601937197,1.91,6.23,60.42,2.44,2.35,3.0701278234985114
164.73,118.12710293078135,9.68,20.65,4.05,23.48347601937197,1.47,6.49,54.17,1.11,2.38,3.0701278234985114
182.82,118.12710293078135,8.86,13.21,3.55,23.48347601937197,1.39,4.61,62.8,0.66,2.47,3.0701278234985114
122.08,118.12710293078135,10.23,17.37,4.22,23.48347601937197,1.51,3.33,52.64,1.63,3.51,3.0701278234985114
141.32,118.12710293078135,12.37,27.7,5.15,23.48347601937197,1.37,5.83,51.56,1.33,4.21,3.0701278234985114
112.53,118.12710293078135,14.69,46.78,4.14,23.48347601937197,6.04,3.79,85.92,1.38,5.77,3.0701278234985114
119.51,118.12710293078135,5.54,66.31,4.22,23.48347601937197,1.47,5.48,74.93,1.22,3.25,3.0701278234985114
145.96,118.12710293078135,11.41,56.17,3.88,23.48347601937197,1.44,6.55,53.57,0.67,0.73,3.0701278234985114
138.17,118.12710293078135,9.74,53.53,4.22,23.48347601937197,1.59,4.57,32.06,1.39,1.62,3.0701278234985114
46.87,118.12710293078135,4.77,43.08,4.4,23.48347601937197,1.97,4.37,47.25,1.42,3.09,3.0701278234985114
143.4,118.12710293078135,7.82,12.32,2.21,23.48347601937197,5.57,12.52,24.82,3.08,0.62,3.0701278234985114
246.56,118.12710293078135,7.27,27.47,4.14,23.48347601937197,1.15,5.53,33.97,0.53,1.09,3.0701278234985114
125.86,118.12710293078135,2.23,41.1,32.30912333307031,23.48347601937197,1.48,6.21,36.75,1.03,2.01,3.0701278234985114
141.57,118.12710293078135,49.68,93.07,32.30912333307031,23.48347601937197,2.35,9.34,49.32,2.15,3.47,3.0701278234985114
172.85,118.12710293078135,84.99,93.99,32.30912333307031,23.48347601937197,2.8,8.12,39.03,2.36,3.08,3.0701278234985114
175.18,118.12710293078135,36.54,67.34,46.41,23.48347601937197,2.01,9.56,52.93,1.51,2.98,3.0701278234985114
147.37,118.12710293078135,35.77,60.78,22.93,23.48347601937197,2.02,7.84,78.91,1.21,3.79,3.0701278234985114
134.61,118.12710293078135,68.75,67.39,8.96,23.48347601937197,2.56,9.43,38.45,1.48,3.8,3.0701278234985114
142.65,118.12710293078135,37.32,60.91,6.24,23.48347601937197,2.16,8.57,26.96,1.2,3.36,3.0701278234985114
126.14,118.12710293078135,21.03,62.02,6.24,23.48347601937197,1.98,9.19,22.17,1.13,3.22,3.0701278234985114
141.16,118.12710293078135,6.48,58.26,6.24,23.48347601937197,1.88,9.65,37.6,1.34,3.99,3.0701278234985114
120.82,118.12710293078135,26.54,56.94,6.24,23.48347601937197,1.81,26.69,33.65,1.39,2.32,3.0701278234985114
139.8,118.12710293078135,62.83,70.97,6.24,23.48347601937197,2.93,20.23,38.51,0.89,4.36,3.0701278234985114
141.16,118.12710293078135,73.74,67.32,6.24,23.48347601937197,2.79,9.46,41.48,0.6,2.75,3.0701278234985114
189.77,118.12710293078135,64.66,95.0,6.24,23.48347601937197,2.07,11.37,51.61,2.02,1.63,3.0701278234985114
238.17,118.12710293078135,26.13,70.32,6.24,23.48347601937197,1.71,11.44,28.86,1.12,0.84,3.0701278234985114
153.13,118.12710293078135,54.95,52.36,6.24,23.48347601937197,5.05,8.73,22.07,1.7,3.69,3.0701278234985114
139.46,118.12710293078135,72.32,68.03,6.24,23.48347601937197,2.48,9.22,16.54,1.81,4.18,3.0701278234985114
290.26,118.12710293078135,34.28,69.81,6.24,23.48347601937197,1.65,6.03,41.28,4.23,11.18,3.0701278234985114
214.41,118.12710293078135,110.74,121.8,6.24,23.48347601937197,3.14,4.07,39.62,2.31,7.16,3.0701278234985114
133.9,118.12710293078135,81.27,71.31,6.24,23.48347601937197,3.55,2.78,46.12,2.28,5.87,3.0701278234985114
149.73,118.12710293078135,42.22,78.27,15.59,23.48347601937197,3.02,6.8,55.53,1.92,4.89,3.0701278234985114
206.45,118.12710293078135,6.45,71.35,12.03,23.48347601937197,0.41,7.19,75.67,1.21,3.58,3.0701278234985114
251.32,118.12710293078135,5.51,77.78,9.11,23.48347601937197,0.6,2.95,71.42,2.0,3.65,3.0701278234985114
179.82,118.12710293078135,7.0,72.6,6.24,23.48347601937197,1.73,3.88,83.59,3.77,9.59,3.0701278234985114
152.49,118.12710293078135,7.7,70.17,6.24,23.48347601937197,1.17,4.13,62.75,2.56,7.99,3.0701278234985114
193.96,118.12710293078135,5.44,69.22,6.24,23.48347601937197,1.61,5.65,64.29,3.36,8.82,3.0701278234985114
183.51,118.12710293078135,6.19,65.28,6.24,23.48347601937197,1.12,4.71,102.91,3.44,8.67,3.0701278234985114
188.38,118.12710293078135,32.98,100.59,6.24,23.48347601937197,2.18,4.43,65.4,4.94,11.97,3.0701278234985114
232.64,118.12710293078135,6.69,83.64,6.24,23.48347601937197,1.52,3.71,53.47,4.79,10.35,3.0701278234985114
181.25,118.12710293078135,78.75,91.36,6.24,23.48347601937197,2.58,6.62,52.92,5.36,12.63,3.0701278234985114
238.99,118.12710293078135,28.25,65.72,6.24,23.48347601937197,2.12,10.72,25.1,5.49,14.55,3.0701278234985114
213.29,118.12710293078135,20.13,35.7,32.30912333307031,23.48347601937197,1.42,12.72,13.58,4.26,13.81,3.0701278234985114
192.84,118.12710293078135,7.96,29.62,32.30912333307031,23.48347601937197,1.21,10.05,19.75,4.38,11.37,3.0701278234985114
171.01,118.12710293078135,10.72,47.52,32.30912333307031,23.48347601937197,1.73,8.93,24.94,3.97,9.12,3.0701278234985114
171.8,118.12710293078135,35.5,62.38,32.30912333307031,23.48347601937197,4.28,12.24,22.05,4.34,10.39,3.0701278234985114
231.07,118.12710293078135,7.64,40.01,32.30912333307031,23.48347601937197,0.84,10.35,26.16,3.44,8.14,3.0701278234985114
145.09,118.12710293078135,27.25,35.84,32.30912333307031,23.48347601937197,1.71,10.7,28.82,3.89,8.96,3.0701278234985114
147.56,118.12710293078135,32.4,42.41,32.30912333307031,23.48347601937197,1.68,13.89,14.26,4.45,9.59,3.0701278234985114
184.44,118.12710293078135,59.12,55.06,32.30912333307031,23.48347601937197,2.57,15.02,27.98,5.13,11.18,3.0701278234985114
236.24,118.12710293078135,13.25,49.75,32.30912333307031,23.48347601937197,1.39,12.83,20.21,4.19,8.41,3.0701278234985114
237.81,118.12710293078135,34.9,60.86,32.30912333307031,23.48347601937197,2.14,12.47,33.56,4.5,10.99,3.0701278234985114
188.21,118.12710293078135,51.21,54.76,32.30912333307031,23.48347601937197,3.04,9.72,42.66,3.13,10.12,3.0701278234985114
256.7,118.12710293078135,16.99,52.84,32.30912333307031,23.48347601937197,1.37,9.56,28.08,3.86,10.48,3.0701278234985114
221.75,118.12710293078135,13.23,47.66,32.30912333307031,23.48347601937197,1.64,11.47,52.68,3.01,10.36,3.0701278234985114
212.41,118.12710293078135,11.52,51.85,32.30912333307031,23.48347601937197,1.52,10.33,61.73,3.77,15.39,3.0701278234985114
203.62,118.12710293078135,17.61,54.12,32.30912333307031,23.48347601937197,1.43,7.76,49.94,4.25,14.39,3.0701278234985114
208.2,118.12710293078135,52.99,69.58,32.30912333307031,23.48347601937197,2.21,11.42,48.98,6.14,17.56,3.0701278234985114
225.89,118.12710293078135,21.54,40.65,32.30912333307031,23.48347601937197,1.65,6.99,37.77,4.27,10.81,3.0701278234985114
184.15,118.12710293078135,24.52,40.82,32.30912333307031,23.48347601937197,1.51,9.27,29.16,5.17,9.25,3.0701278234985114
171.27,118.12710293078135,43.21,50.95,32.30912333307031,23.48347601937197,1.41,13.92,38.03,2.82,11.86,3.0701278234985114
166.35,118.12710293078135,15.18,33.39,32.30912333307031,23.48347601937197,1.39,12.15,21.3,2.02,5.18,3.0701278234985114
183.84,118.12710293078135,17.7,37.34,32.30912333307031,23.48347601937197,1.41,12.01,23.46,2.07,5.43,3.0701278234985114
159.29,118.12710293078135,15.1,31.69,32.30912333307031,23.48347601937197,1.44,9.57,23.4,2.06,6.82,3.0701278234985114
197.95,118.12710293078135,72.68,42.66,32.30912333307031,23.48347601937197,2.75,9.57,20.3,5.7,15.91,3.0701278234985114
189.36,118.12710293078135,29.06,36.81,32.30912333307031,23.48347601937197,2.14,8.56,20.66,4.8,9.33,3.0701278234985114
181.88,118.12710293078135,17.55,37.62,32.30912333307031,23.48347601937197,1.89,6.88,29.13,3.61,8.46,3.0701278234985114
215.86,118.12710293078135,18.8,48.27,32.30912333307031,23.48347601937197,2.13,8.4,17.02,3.9,9.33,3.0701278234985114
171.95,118.12710293078135,26.79,46.3,32.30912333307031,23.48347601937197,2.03,9.44,20.6,3.54,12.95,3.0701278234985114
115.7,118.12710293078135,9.2,36.47,32.30912333307031,23.48347601937197,1.43,5.67,42.01,1.89,6.03,3.0701278234985114
145.41,118.12710293078135,16.16,54.4,32.30912333307031,23.48347601937197,1.73,8.29,62.81,1.77,5.85,3.0701278234985114
222.28,118.12710293078135,61.28,70.21,32.30912333307031,23.48347601937197,3.15,8.98,50.93,2.0,8.8,3.0701278234985114
222.17,118.12710293078135,25.34,47.68,32.30912333307031,23.48347601937197,1.96,7.78,25.42,1.84,6.34,3.0701278234985114
245.59,118.12710293078135,22.92,57.49,32.30912333307031,23.48347601937197,2.23,9.6,44.53,2.21,13.12,3.0701278234985114
132.55,118.12710293078135,11.02,41.19,32.30912333307031,23.48347601937197,1.59,6.22,60.3,1.59,6.16,3.0701278234985114
211.77,118.12710293078135,11.0,48.61,32.30912333307031,23.48347601937197,1.79,8.12,52.92,1.33,6.18,3.0701278234985114
153.33,118.12710293078135,12.07,40.84,32.30912333307031,23.48347601937197,1.69,8.8,57.27,1.23,7.41,3.0701278234985114
158.46,118.12710293078135,25.49,44.38,32.30912333307031,23.48347601937197,2.14,9.07,63.08,2.12,10.74,3.0701278234985114
222.64,118.12710293078135,103.59,53.87,32.30912333307031,23.48347601937197,3.63,13.31,45.84,2.95,21.95,3.0701278234985114
198.86,118.12710293078135,30.98,48.81,32.30912333307031,23.48347601937197,2.06,7.72,53.82,1.67,5.95,3.0701278234985114
179.6,118.12710293078135,27.8,39.97,32.30912333307031,23.48347601937197,2.32,9.62,48.99,4.51,13.19,3.0701278234985114
175.53,118.12710293078135,27.63,40.42,32.30912333307031,23.48347601937197,2.36,8.42,66.29,4.33,11.46,3.0701278234985114
207.97,118.12710293078135,75.8,54.15,73.63,23.48347601937197,3.91,10.81,48.13,4.39,10.22,3.0701278234985114
172.73,118.12710293078135,35.5,46.63,32.30912333307031,23.48347601937197,2.39,9.0,66.82,4.16,11.43,3.0701278234985114
161.52,118.12710293078135,40.53,52.27,32.30912333307031,23.48347601937197,2.54,9.0,69.82,4.2,9.75,3.0701278234985114
202.86,118.12710293078135,36.86,52.5,32.30912333307031,23.48347601937197,2.2,9.01,85.21,1.88,6.56,3.0701278234985114
175.3,118.12710293078135,13.22,44.47,32.30912333307031,23.48347601937197,1.79,8.44,92.44,1.73,5.09,3.0701278234985114
145.02,118.12710293078135,19.01,37.16,32.30912333307031,23.48347601937197,1.94,9.71,106.14,1.54,4.82,3.0701278234985114
154.22,118.12710293078135,17.59,49.81,32.30912333307031,23.48347601937197,2.02,9.53,100.51,1.66,6.77,3.0701278234985114
197.39,118.12710293078135,24.03,52.52,32.30912333307031,23.48347601937197,2.31,10.66,94.62,3.19,10.88,3.0701278234985114
237.51,118.12710293078135,28.05,45.82,32.30912333307031,23.48347601937197,2.52,7.01,72.86,3.54,8.45,3.0701278234985114
226.67,118.12710293078135,21.93,32.84,32.30912333307031,23.48347601937197,2.53,4.82,94.06,3.280840304500585,8.700972080037227,3.0701278234985114
184.29,118.12710293078135,14.42,29.58,32.30912333307031,23.48347601937197,2.1,5.0,107.45,0.0,0.0,3.0701278234985114
115.03,118.12710293078135,32.81,29.67,32.30912333307031,23.48347601937197,2.44,5.65,110.71,3.280840304500585,8.700972080037227,3.0701278234985114
143.07,118.12710293078135,27.2,32.36,32.30912333307031,23.48347601937197,3.95,5.58,82.82,2.43,5.68,3.0701278234985114
148.25,118.12710293078135,49.62,55.62,32.30912333307031,23.48347601937197,3.7,8.45,48.09,3.15,12.0,3.0701278234985114
147.23,118.12710293078135,43.63,33.49,32.30912333307031,23.48347601937197,2.1,6.82,40.72,3.44,9.34,3.0701278234985114
163.19,118.12710293078135,27.94,57.12,32.30912333307031,23.48347601937197,1.84,7.5,40.04,1.48,4.44,3.0701278234985114
140.39,118.12710293078135,8.8,38.71,32.30912333307031,23.48347601937197,1.87,6.08,49.43,1.38,4.41,3.0701278234985114
142.68,118.12710293078135,24.32,52.59,32.30912333307031,23.48347601937197,1.94,9.21,57.99,3.25,11.49,3.0701278234985114
172.13,118.12710293078135,14.32,40.43,32.30912333307031,23.48347601937197,1.89,6.72,79.98,3.03,8.69,3.0701278234985114
187.46,118.12710293078135,16.07,41.96,32.30912333307031,23.48347601937197,2.36,7.5,77.01,3.17,14.79,3.0701278234985114
118.0,118.12710293078135,8.36,27.9,32.30912333307031,23.48347601937197,1.83,7.5,63.47,2.59,7.25,3.0701278234985114
168.85,118.12710293078135,10.47,38.27,32.30912333307031,23.48347601937197,2.28,9.39,71.93,3.04,30.63,3.0701278234985114
161.81,118.12710293078135,11.32,34.5,32.30912333307031,23.48347601937197,1.4,8.02,67.76,3.18,11.31,3.0701278234985114
120.82,118.12710293078135,9.77,29.76,32.30912333307031,23.48347601937197,2.34,7.46,65.19,2.6,7.38,3.0701278234985114
128.32,118.12710293078135,17.61,43.23,32.30912333307031,23.48347601937197,1.87,9.24,60.12,3.81,13.28,3.0701278234985114
151.83,118.12710293078135,8.79,29.38,32.30912333307031,23.48347601937197,1.47,4.8,108.42,2.34,5.69,3.0701278234985114
130.52,118.12710293078135,8.82,23.19,32.30912333307031,23.48347601937197,1.34,4.66,85.96,2.29,5.51,3.0701278234985114
130.82,118.12710293078135,9.9,40.52,32.30912333307031,23.48347601937197,1.37,6.8,102.2,1.8,4.73,3.0701278234985114
119.93,118.12710293078135,9.88,36.53,32.30912333307031,23.48347601937197,1.38,6.98,96.12,1.45,3.53,3.0701278234985114
83.5,118.12710293078135,12.28,46.16,32.30912333307031,23.48347601937197,3.23,5.54,127.74,2.0,5.18,3.0701278234985114
138.46,118.12710293078135,31.4,82.86,32.30912333307031,23.48347601937197,1.5,9.89,62.12,2.0,5.18,3.0701278234985114
100.95,118.12710293078135,15.34,66.08,32.30912333307031,23.48347601937197,1.77,6.92,90.9,2.0,5.18,3.0701278234985114
140.85,118.12710293078135,12.5,57.5,32.30912333307031,23.48347601937197,1.38,9.81,105.68,2.0,5.18,3.0701278234985114
208.65,118.12710293078135,15.65,79.26,32.30912333307031,23.48347601937197,1.57,10.12,91.64,2.0,5.18,3.0701278234985114
140.01,118.12710293078135,7.78,23.93,6.24,23.48347601937197,1.33,4.27,111.37,1.81,4.25,3.0701278234985114
137.79,118.12710293078135,14.18,30.67,6.24,23.48347601937197,1.55,3.88,15.99,2.61,3.82,3.0701278234985114
157.17,118.12710293078135,17.19,34.09,6.24,23.48347601937197,1.59,2.24,21.36,2.54,3.74,3.0701278234985114
122.47,118.12710293078135,9.2,34.29,6.24,23.48347601937197,1.18,3.82,15.7,2.49,3.97,3.0701278234985114
163.59,118.12710293078135,7.66,23.25,6.24,23.48347601937197,1.22,3.04,17.02,1.97,2.93,3.0701278234985114
125.66,118.12710293078135,8.53,23.33,6.24,23.48347601937197,1.22,5.1,15.66,2.2,3.58,3.0701278234985114
152.46,118.12710293078135,8.35,41.85,16.3,23.48347601937197,1.27,4.16,21.4,2.31,3.37,3.0701278234985114
151.47,118.12710293078135,9.58,39.1,7.09,23.48347601937197,2.95,4.25,46.73,2.49,3.64,3.0701278234985114
131.7,118.12710293078135,9.17,30.43,6.24,23.48347601937197,4.99,4.24,44.63,2.11,3.06,3.0701278234985114
150.57,118.12710293078135,10.5,45.77,6.24,23.48347601937197,1.4,4.87,36.67,3.75,6.02,3.0701278234985114
147.38,118.12710293078135,7.72,27.01,6.24,23.48347601937197,1.36,4.18,27.98,4.06,5.41,3.0701278234985114
54.0,118.12710293078135,9.23,27.83,32.30912333307031,23.48347601937197,1.5,3.14,31.87,3.04,4.98,3.0701278234985114
55.41,118.12710293078135,6.31,11.26,32.30912333307031,23.48347601937197,16.0,3.89,54.02,1.06,2.15,3.0701278234985114
138.31,118.12710293078135,14.45,53.25,29.84,5.27,0.87,5.22,31.1,2.15,2.06,3.0701278234985114
128.71,118.12710293078135,15.4,59.68,41.41,3.6,0.89,7.14,39.88,2.01,2.77,3.0701278234985114
169.38,118.12710293078135,29.6,72.26,65.79,2.8,0.73,11.86,28.96,1.1,0.52,3.0701278234985114
176.38,118.12710293078135,39.23,71.24,57.02,4.5,0.67,17.23,19.74,0.77,1.29,3.0701278234985114
194.31,118.12710293078135,47.62,55.68,71.46,13.23,0.97,21.34,18.81,2.11,1.32,3.0701278234985114
173.5,118.12710293078135,13.34,36.49,33.42,37.12,1.61,31.73,17.24,2.91,2.88,3.0701278234985114
172.87,118.12710293078135,11.81,29.79,29.91,37.6,1.51,15.66,15.35,2.24,2.53,3.0701278234985114
229.03,118.12710293078135,34.06,57.38,56.2,31.47,1.44,19.69,26.57,1.89,3.26,3.0701278234985114
196.91,118.12710293078135,56.94,80.44,84.66,25.43,1.53,23.36,28.24,2.06,4.03,3.0701278234985114
199.31,118.12710293078135,59.11,75.27,70.3,27.82,1.76,21.03,26.58,2.43,5.71,3.0701278234985114
209.09,118.12710293078135,68.98,86.12,84.92,23.24,1.78,26.05,31.97,2.33,6.13,3.0701278234985114
204.12,118.12710293078135,65.77,89.66,108.75,19.03,1.34,26.34,25.79,1.97,4.31,3.0701278234985114
161.98,118.12710293078135,51.75,83.17,98.16,22.42,1.66,19.57,33.02,2.04,4.17,3.0701278234985114
171.39,118.12710293078135,52.81,84.41,113.9,20.45,1.44,19.45,29.39,2.08,3.4,3.0701278234985114
184.47,118.12710293078135,10.52,55.4,45.39,29.86,1.14,14.33,42.12,9.43,2.47,3.0701278234985114
155.1,118.12710293078135,29.63,59.52,55.14,21.02,1.28,10.32,37.37,2.71,3.21,3.0701278234985114
151.16,118.12710293078135,16.17,44.85,36.76,27.52,1.15,7.29,37.03,1.46,2.48,3.0701278234985114
172.33,118.12710293078135,21.31,51.53,44.44,31.08,1.17,7.06,47.5,0.95,2.32,3.0701278234985114
195.75,118.12710293078135,20.56,56.67,46.54,33.57,1.75,6.81,46.69,1.48,4.33,3.0701278234985114
198.64,118.12710293078135,31.33,52.58,52.5,33.37,1.38,7.25,44.73,0.39,1.42,3.0701278234985114
195.99,118.12710293078135,48.24,49.04,66.41,36.48,2.76,8.52,46.58,0.62,0.72,3.0701278234985114
200.8,118.12710293078135,40.04,50.59,60.42,35.47,1.22,9.71,42.18,0.15,1.19,3.0701278234985114
230.94,118.12710293078135,32.32,59.57,58.14,38.07,1.35,10.21,46.2,0.4,2.22,3.0701278234985114
239.63,118.12710293078135,13.34,38.8,30.59,34.76,1.17,10.89,60.88,1.28,1.06,3.0701278234985114
191.15,118.12710293078135,51.97,54.05,70.19,36.71,1.79,9.39,29.43,1.26,2.88,3.0701278234985114
181.72,118.12710293078135,26.03,46.83,45.63,44.11,1.28,8.03,37.44,1.28,1.07,3.0701278234985114
190.16,118.12710293078135,13.86,50.47,37.86,40.6,1.07,9.27,42.82,1.28,0.99,3.0701278234985114
192.63,118.12710293078135,11.75,49.27,35.5,55.39,0.89,24.02,40.77,1.48,0.8,3.0701278234985114
139.29,118.12710293078135,10.67,42.64,31.15,52.54,0.85,13.4,58.37,1.32,0.76,3.0701278234985114
171.74,118.12710293078135,11.57,48.07,34.77,55.5,1.0,6.62,69.72,1.34,0.67,3.0701278234985114
187.09,118.12710293078135,13.66,59.73,42.64,55.77,1.18,8.11,61.73,1.33,0.94,3.0701278234985114
167.77,118.12710293078135,13.14,60.97,43.51,58.61,1.19,8.36,54.78,1.35,0.9,3.0701278234985114
171.75,118.12710293078135,11.99,63.91,43.54,59.47,1.22,9.02,52.9,1.33,2.52,3.0701278234985114
194.67,118.12710293078135,25.07,73.69,59.61,64.29,1.28,11.13,54.83,1.29,2.79,3.0701278234985114
181.66,118.12710293078135,11.0,59.21,40.24,58.07,0.82,11.19,64.86,1.35,0.68,3.0701278234985114
230.28,118.12710293078135,11.95,60.42,41.65,57.76,1.03,12.16,65.26,1.3,1.55,3.0701278234985114
178.03,118.12710293078135,25.23,66.88,55.7,67.52,1.43,8.69,51.4,1.37,1.1,3.0701278234985114
236.79,118.12710293078135,101.11,92.62,130.14,96.77,2.29,10.96,34.01,1.34,2.98,3.0701278234985114
220.65,118.12710293078135,54.29,68.12,79.94,54.55,1.72,8.96,31.63,1.54,2.13,3.0701278234985114
226.91,118.12710293078135,44.37,69.83,72.57,55.3,1.68,8.77,29.46,1.4,1.66,3.0701278234985114
210.11,118.12710293078135,29.32,68.83,60.04,53.82,1.48,9.54,27.96,1.39,1.63,3.0701278234985114
194.41,118.12710293078135,17.21,54.82,42.85,49.47,1.25,10.58,29.49,1.47,0.73,3.0701278234985114
237.17,118.12710293078135,12.01,48.21,36.02,48.53,1.15,11.95,44.14,1.42,4.78,3.0701278234985114
119.24,118.12710293078135,11.68,46.04,33.79,45.96,0.96,8.77,43.58,1.41,12.75,3.0701278234985114
178.06,118.12710293078135,54.19,64.87,77.61,49.98,1.01,15.34,38.22,4.03,3.16,3.0701278234985114
235.17,118.12710293078135,55.31,73.96,79.86,50.87,1.52,13.86,27.02,5.24,7.82,3.0701278234985114
164.75,118.12710293078135,36.96,73.78,68.51,49.74,1.6,10.23,28.25,2.87,4.33,3.0701278234985114
193.96,118.12710293078135,50.36,72.23,77.96,50.39,1.82,10.5,22.08,3.47,5.0,3.0701278234985114
173.02,118.12710293078135,11.72,60.94,41.47,51.16,0.81,8.87,29.12,1.76,1.26,3.0701278234985114
169.94,118.12710293078135,8.44,47.79,31.95,55.73,0.68,8.43,25.2,1.57,0.79,3.0701278234985114
155.69,118.12710293078135,8.01,49.63,33.77,52.78,0.7,11.8,24.85,1.51,0.76,3.0701278234985114
130.22,118.12710293078135,7.63,47.58,31.24,50.33,0.51,8.63,32.47,1.14,3.23,3.0701278234985114
206.45,118.12710293078135,14.63,67.75,47.82,51.3,1.27,9.83,29.55,1.8,1.14,3.0701278234985114
207.16,118.12710293078135,9.61,52.36,35.32,55.77,1.19,11.66,80.06,1.16,1.11,3.0701278234985114
158.89,118.12710293078135,27.36,54.32,51.76,51.04,0.93,9.16,77.57,1.93,1.1,3.0701278234985114
218.33,118.12710293078135,26.01,59.58,52.15,50.56,1.88,8.54,64.36,2.89,1.52,3.0701278234985114
233.41,118.12710293078135,18.8,49.73,41.29,52.94,2.01,7.07,61.54,1.68,0.93,3.0701278234985114
227.18,118.12710293078135,30.87,52.13,52.01,51.05,1.81,8.41,63.43,1.8,1.13,3.0701278234985114
196.62,118.12710293078135,19.0,56.08,44.54,53.78,2.03,7.24,28.32,1.79,1.16,3.0701278234985114
235.15,118.12710293078135,12.19,53.25,37.95,54.29,2.14,7.64,49.5,1.78,1.12,3.0701278234985114
170.51,118.12710293078135,9.57,41.05,28.79,54.74,1.89,6.89,60.19,2.52,1.23,3.0701278234985114
199.89,118.12710293078135,36.7,34.35,40.59,52.31,1.39,8.56,50.44,5.56,3.19,3.0701278234985114
250.36,118.12710293078135,13.96,46.68,34.5,51.9,1.6,7.77,30.7,2.78,7.18,3.0701278234985114
241.25,118.12710293078135,18.05,48.41,39.93,50.49,1.45,9.07,15.74,2.25,5.87,3.0701278234985114
192.99,118.12710293078135,30.98,49.57,50.65,49.05,1.67,8.87,27.13,3.07,4.82,3.0701278234985114
252.98,118.12710293078135,35.25,53.94,49.26,49.78,1.81,8.86,25.4,3.45,5.49,3.0701278234985114
235.73,118.12710293078135,18.32,46.46,39.3,52.24,2.1,8.8,27.65,2.92,5.43,3.0701278234985114
260.93,118.12710293078135,19.85,48.82,42.21,52.21,1.62,9.82,32.01,2.17,3.11,3.0701278234985114
238.68,118.12710293078135,46.87,61.77,70.75,49.7,2.48,8.7,29.12,2.47,4.15,3.0701278234985114
198.9,118.12710293078135,12.28,45.9,33.04,53.15,1.57,9.81,39.04,1.57,3.46,3.0701278234985114
211.58,118.12710293078135,26.3,47.58,43.64,52.78,1.96,10.82,16.64,2.08,4.04,3.0701278234985114
210.07,118.12710293078135,46.68,46.32,57.82,51.67,1.97,9.9,27.45,2.57,3.89,3.0701278234985114
183.73,118.12710293078135,21.64,49.43,43.51,52.38,2.16,10.46,24.45,2.46,4.84,3.0701278234985114
197.86,118.12710293078135,26.7,49.76,47.75,51.64,1.16,9.56,36.88,1.27,5.79,3.0701278234985114
242.99,118.12710293078135,43.71,51.54,60.5,47.15,1.34,8.87,33.49,2.57,4.52,3.0701278234985114
162.78,118.12710293078135,11.42,37.49,29.79,50.41,1.05,10.27,28.72,1.24,18.98,3.0701278234985114
157.0,118.12710293078135,12.06,31.58,24.61,50.77,1.06,8.1,20.9,1.75,18.65,3.0701278234985114
178.63,118.12710293078135,13.42,35.09,26.22,46.37,1.31,8.58,42.45,1.92,16.63,3.0701278234985114
179.67,118.12710293078135,12.78,36.02,26.06,45.36,1.28,9.7,57.25,2.15,13.28,3.0701278234985114
202.52,118.12710293078135,17.7,38.93,31.53,42.65,1.53,8.36,55.88,2.94,15.75,3.0701278234985114
201.04,118.12710293078135,17.19,45.62,33.49,41.63,1.13,9.83,59.69,3.37,18.14,3.0701278234985114
155.06,118.12710293078135,12.86,34.43,27.1,44.78,1.14,7.78,66.28,1.92,9.56,3.0701278234985114
162.83,118.12710293078135,15.66,33.39,27.21,55.29,1.04,8.27,61.06,1.67,3.58,3.0701278234985114
164.95,118.12710293078135,48.6,40.26,50.47,52.78,1.37,9.1,62.13,2.88,3.57,3.0701278234985114
235.22,118.12710293078135,98.89,54.6,85.06,40.78,2.02,12.83,56.21,4.84,5.69,3.0701278234985114
163.84,118.12710293078135,12.92,32.99,24.26,53.87,1.39,9.75,59.09,0.76,1.91,3.0701278234985114
158.45,118.12710293078135,9.48,34.06,24.02,53.55,0.86,10.79,71.31,0.55,0.78,3.0701278234985114
161.37,118.12710293078135,8.8,28.92,24.7,55.88,0.69,11.05,59.51,0.56,0.4,3.0701278234985114
125.72,118.12710293078135,11.41,35.64,27.97,54.95,1.28,9.24,46.54,0.58,0.53,3.0701278234985114
148.44,118.12710293078135,7.98,25.39,22.13,56.2,0.62,13.72,28.0,0.28,0.14,3.0701278234985114
225.93,118.12710293078135,7.58,21.43,21.53,63.7,0.68,15.47,30.65,0.31,0.14,3.0701278234985114
226.87,118.12710293078135,9.38,26.73,25.88,54.65,0.71,15.7,29.86,0.46,0.26,3.0701278234985114
194.03,118.12710293078135,13.24,36.45,30.06,54.24,0.8,15.42,25.56,0.64,0.39,3.0701278234985114
199.58,118.12710293078135,10.31,37.62,30.55,44.14,0.8,15.91,30.61,0.77,0.58,3.0701278234985114
143.78,118.12710293078135,23.01,41.48,39.68,42.51,0.91,19.75,28.9,0.61,0.63,3.0701278234985114
228.66,118.12710293078135,95.81,50.36,85.51,37.55,1.23,19.24,25.85,2.48,2.11,3.0701278234985114
233.24,118.12710293078135,45.77,48.38,55.94,42.25,1.15,20.89,23.8,1.87,1.62,3.0701278234985114
228.21,118.12710293078135,75.28,55.31,74.73,39.33,1.41,21.32,21.08,2.74,2.48,3.0701278234985114
198.75,118.12710293078135,38.5,54.01,52.21,43.39,1.14,21.7,42.51,1.79,1.78,3.0701278234985114
183.9,118.12710293078135,9.7,31.02,26.11,47.51,0.87,14.64,94.71,0.66,0.61,3.0701278234985114
101.97,118.12710293078135,6.93,19.72,23.22,49.33,0.68,11.36,87.92,0.23,0.11,3.0701278234985114
170.76,118.12710293078135,19.28,44.32,51.26,41.16,0.87,15.43,42.5,1.0,0.66,3.0701278234985114
166.43,118.12710293078135,52.89,58.62,77.86,43.37,0.87,18.86,25.22,2.22,1.88,3.0701278234985114
137.04,118.12710293078135,27.38,50.15,48.68,44.21,0.54,20.64,22.33,1.4,1.24,3.0701278234985114
163.42,118.12710293078135,23.57,60.3,47.29,30.05,0.49,13.52,38.72,0.56,0.85,3.0701278234985114
215.09,118.12710293078135,48.83,64.5,59.0,23.04,0.48,13.0,38.59,0.0,0.0,3.0701278234985114
139.75,118.12710293078135,18.98,42.53,26.89,23.06,0.34,10.26,48.9,0.0,0.0,3.0701278234985114
171.75,118.12710293078135,22.58,77.7,45.82,29.29,0.44,11.04,69.55,0.0,0.0,3.0701278234985114
123.16,118.12710293078135,7.61,48.53,29.03,36.26,0.5,13.17,42.32,0.0,0.0,3.0701278234985114
191.59,118.12710293078135,5.83,43.8,25.92,36.15,0.44,10.5,39.41,0.0,0.0,3.0701278234985114
152.65,118.12710293078135,5.37,45.31,26.18,36.24,0.47,10.36,40.03,0.0,0.0,3.0701278234985114
157.41,118.12710293078135,7.45,45.39,29.22,36.26,0.16,7.18,34.49143047551845,0.0,0.0,3.0701278234985114
151.54,118.12710293078135,12.47,56.21,34.12,36.21,0.45,9.41,59.43,0.0,0.0,3.0701278234985114
126.34,118.12710293078135,8.39,26.36,20.72,41.2,1.03,9.48,12.78,0.61,1.34,3.0701278234985114
155.05,118.12710293078135,8.86,28.43,22.14,41.15,0.82,8.56,14.93,0.61,1.35,3.0701278234985114
128.3,118.12710293078135,15.76,46.95,37.01,49.33,1.57,8.04,41.64,0.8,1.28,3.0701278234985114
166.67,118.12710293078135,42.64,58.31,62.44,64.43,1.43,9.36,31.61,0.3,0.46,3.0701278234985114
189.48,118.12710293078135,54.51,90.95,91.04,75.89,2.2,8.1,21.2,0.68,0.98,3.0701278234985114
168.41,118.12710293078135,52.26,75.24,81.44,67.51,1.5,8.52,25.6,0.73,0.94,3.0701278234985114
174.27,118.12710293078135,56.42,76.26,84.15,92.26,1.79,10.29,26.93,1.16,1.07,3.0701278234985114
163.73,118.12710293078135,38.15,62.28,63.47,61.3,1.87,7.41,23.82,1.2,1.0,3.0701278234985114
165.78,118.12710293078135,101.1,67.07,111.56,148.11,1.83,7.13,20.51,0.94,0.8,3.0701278234985114
147.83,118.12710293078135,87.2,78.79,109.83,136.55,1.63,8.71,24.58,0.7,0.76,3.0701278234985114
138.52,118.12710293078135,46.72,68.95,74.42,66.56,1.3,9.8,24.6,0.45,0.75,3.0701278234985114
146.28,118.12710293078135,68.11,70.3,93.21,31.52,1.55,10.77,28.62,0.94,1.04,3.0701278234985114
186.57,118.12710293078135,81.63,82.88,108.27,44.63,2.31,11.77,30.11,0.57,1.43,3.0701278234985114
165.8,118.12710293078135,29.6,76.48,63.46,35.75,1.72,7.61,32.63,0.43,1.04,3.0701278234985114
139.28,118.12710293078135,12.0,50.08,35.72,34.78,1.2,5.09,48.28,0.46,1.57,3.0701278234985114
185.64,118.12710293078135,10.08,40.27,28.33,27.78,1.32,6.35,54.67,0.56,1.41,3.0701278234985114
218.8,118.12710293078135,25.03,55.44,49.28,35.55,1.69,13.34,51.55,0.52,1.52,3.0701278234985114
198.19,118.12710293078135,32.25,62.06,58.38,46.8,1.8,8.22,40.5,0.98,1.14,3.0701278234985114
214.85,118.12710293078135,59.74,69.47,84.84,50.8,2.01,9.17,38.12,1.27,1.35,3.0701278234985114
233.96,118.12710293078135,94.34,83.09,118.49,61.13,1.84,10.35,36.14,1.55,1.75,3.0701278234985114
185.54,118.12710293078135,36.19,59.14,60.15,49.19,1.88,8.48,33.35,0.22,1.32,3.0701278234985114
159.24,118.12710293078135,30.07,50.62,50.0,45.88,2.16,8.04,32.19,0.19,1.09,3.0701278234985114
212.78,118.12710293078135,37.51,66.97,65.15,41.62,2.84,11.68,41.96,0.23,1.04,3.0701278234985114
203.65,118.12710293078135,46.98,87.45,83.48,50.54,2.98,9.93,36.48,2.17,1.55,3.0701278234985114
242.99,118.12710293078135,70.41,84.92,100.43,56.71,2.77,10.39,33.63,1.19,1.66,3.0701278234985114
218.3,118.12710293078135,40.37,66.59,65.02,42.51,2.44,9.37,30.57,0.65,1.47,3.0701278234985114
162.5,118.12710293078135,26.53,65.27,54.87,39.92,1.95,9.07,26.57,1.0,1.26,3.0701278234985114
142.38,118.12710293078135,18.07,63.59,47.99,36.57,1.96,8.49,39.37,0.57,1.12,3.0701278234985114
135.5,118.12710293078135,18.76,61.83,45.74,38.81,1.8,9.05,33.89,0.56,0.94,3.0701278234985114
229.22,118.12710293078135,64.45,73.13,90.57,68.46,2.51,10.05,19.52,0.86,1.75,3.0701278234985114
255.17,118.12710293078135,102.18,83.37,124.82,60.66,2.58,10.39,19.57,2.05,2.06,3.0701278234985114
194.98,118.12710293078135,76.89,72.25,99.86,36.71,2.03,10.0,13.86,2.88,2.33,3.0701278234985114
165.85,118.12710293078135,33.98,57.9,57.85,23.23,2.05,7.94,16.44,1.57,2.03,3.0701278234985114
199.95,118.12710293078135,11.53,55.45,38.48,28.45,2.01,7.15,29.72,0.91,1.81,3.0701278234985114
181.48,118.12710293078135,27.99,57.18,52.47,32.65,2.03,7.82,25.7,1.64,1.86,3.0701278234985114
188.15,118.12710293078135,81.1,74.59,104.37,47.66,2.18,8.52,21.72,1.12,1.82,3.0701278234985114
163.02,118.12710293078135,25.45,60.3,51.88,38.46,2.03,7.83,27.87,0.79,1.56,3.0701278234985114
224.13,118.12710293078135,44.75,72.27,73.75,41.4,2.21,8.77,22.96,2.72,2.58,3.0701278234985114
215.02,118.12710293078135,23.29,56.12,47.87,33.82,1.97,7.25,28.35,1.04,1.74,3.0701278234985114
217.33,118.12710293078135,23.94,65.41,53.62,38.33,2.09,7.77,28.7,1.03,2.31,3.0701278234985114
190.39,118.12710293078135,21.81,55.29,46.55,32.84,2.02,7.53,27.51,0.65,1.7,3.0701278234985114
187.66,118.12710293078135,33.39,64.2,60.28,34.51,1.83,6.67,25.08,0.63,2.07,3.0701278234985114
191.1,118.12710293078135,53.07,62.52,75.26,42.06,2.25,6.98,24.21,0.35,2.26,3.0701278234985114
269.3,118.12710293078135,156.78,80.22,168.23,52.95,3.06,9.42,20.17,1.07,4.64,3.0701278234985114
194.03,118.12710293078135,37.45,71.15,67.28,23.32,2.27,7.83,21.5,0.55,2.33,3.0701278234985114
191.15,118.12710293078135,33.87,67.55,62.66,21.1,2.13,6.82,17.88,0.28,2.8,3.0701278234985114
147.38,118.12710293078135,12.38,49.54,35.67,23.83,1.68,6.97,19.2,0.08,0.6,3.0701278234985114
157.84,118.12710293078135,35.11,56.53,57.35,43.52,2.33,7.67,24.04,0.08,1.71,3.0701278234985114
145.81,118.12710293078135,26.41,50.78,47.69,45.99,2.03,7.36,23.91,1.28,0.65,3.0701278234985114
157.54,118.12710293078135,12.15,50.68,36.4,44.27,2.0,7.75,32.04,0.07,0.84,3.0701278234985114
185.2,118.12710293078135,10.78,53.32,36.56,46.67,1.74,7.28,28.53,0.08,1.28,3.0701278234985114
180.46,118.12710293078135,12.21,53.25,37.62,44.1,0.99,8.74,32.96,0.09,0.58,3.0701278234985114
236.91,118.12710293078135,60.02,70.06,86.36,62.39,1.76,9.91,28.51,0.11,1.35,3.0701278234985114
166.0,118.12710293078135,14.77,53.54,38.8,43.56,1.13,7.96,33.07,0.1,0.88,3.0701278234985114
165.37,118.12710293078135,12.58,44.5,31.82,39.51,1.05,10.46,38.3,0.18,0.37,3.0701278234985114
178.64,118.12710293078135,18.71,49.62,40.92,41.88,1.06,9.22,33.34,0.09,0.36,3.0701278234985114
159.21,118.12710293078135,12.88,46.26,33.69,40.11,0.87,10.99,28.24,0.07,2.58,3.0701278234985114
153.63,118.12710293078135,8.28,35.07,24.82,34.77,0.72,8.72,29.98,0.08,0.28,3.0701278234985114
200.84,118.12710293078135,17.8,45.98,38.3,43.22,0.81,13.86,36.71,0.57,0.2,3.0701278234985114
258.08,118.12710293078135,41.93,60.69,65.59,65.01,0.95,14.27,32.4,0.06,0.86,3.0701278234985114
205.72,118.12710293078135,47.54,48.86,63.12,41.41,1.05,8.46,26.35,0.08,1.19,3.0701278234985114
256.56,118.12710293078135,55.4,64.58,77.95,51.0,1.12,9.5,21.6,0.1,0.69,3.0701278234985114
185.35,118.12710293078135,9.71,38.08,26.99,31.5,0.89,6.86,27.44,0.04,0.27,3.0701278234985114
189.97,118.12710293078135,46.48,67.86,72.65,36.73,1.16,8.36,17.19,0.12,1.59,3.0701278234985114
196.35,118.12710293078135,47.93,64.1,72.04,43.75,1.27,14.64,21.35,0.11,0.8,3.0701278234985114
247.31,118.12710293078135,49.66,57.64,69.4,52.35,0.95,11.44,21.44,0.07,0.73,3.0701278234985114
123.74,118.12710293078135,9.43,29.47,22.63,26.73,0.8,6.75,21.1,0.04,0.14,3.0701278234985114
201.61,118.12710293078135,41.62,59.97,64.84,39.84,1.1,9.01,25.62,0.05,0.3,3.0701278234985114
166.95,118.12710293078135,12.42,43.9,32.96,31.04,1.04,6.77,28.03,0.03,0.31,3.0701278234985114
146.52,118.12710293078135,12.04,47.99,34.34,34.77,1.2,8.94,30.68,0.03,0.28,3.0701278234985114
200.11,118.12710293078135,43.44,57.68,65.11,47.8,1.41,10.39,31.84,0.08,0.51,3.0701278234985114
221.07,118.12710293078135,50.93,53.49,68.52,61.31,1.44,8.37,30.66,0.08,0.54,3.0701278234985114
199.91,118.12710293078135,11.12,36.59,27.72,34.31,1.17,8.31,40.16,0.03,0.24,3.0701278234985114
107.47,118.12710293078135,13.12,33.59,27.42,33.18,1.19,8.18,24.96,0.04,0.26,3.0701278234985114
176.21,118.12710293078135,66.45,38.96,72.12,54.07,1.49,9.04,11.27,0.08,0.54,3.0701278234985114
173.26,118.12710293078135,82.8,60.3,98.18,54.68,1.14,9.86,15.54,5.83,0.21,3.0701278234985114
170.24,118.12710293078135,37.03,57.06,59.29,43.14,1.29,9.8,18.87,0.06,0.35,3.0701278234985114
165.91,118.12710293078135,17.09,46.98,37.83,37.32,0.97,9.25,22.52,0.05,0.24,3.0701278234985114
181.48,118.12710293078135,5.77,33.37,21.29,26.2,0.84,6.58,19.59,0.08,0.1,3.0701278234985114
204.17,118.12710293078135,53.57,59.33,73.63,43.74,1.95,10.4,8.89,0.14,0.89,3.0701278234985114
171.14,118.12710293078135,86.31,57.48,97.46,63.21,1.58,9.9,22.79,0.12,0.64,3.0701278234985114
206.21,118.12710293078135,74.04,51.57,85.74,74.76,1.62,9.37,19.44,0.03,0.14,3.0701278234985114
111.88,118.12710293078135,7.01,32.71,22.06,35.25,0.84,6.82,22.07,0.04,0.05,3.0701278234985114
168.15,118.12710293078135,32.13,50.2,51.45,49.59,1.24,7.43,23.11,0.14,1.4,3.0701278234985114
142.49,118.12710293078135,10.01,31.52,29.57,16.9,1.51,8.29,24.5,0.31,1.45,3.0701278234985114
159.65,118.12710293078135,22.04,90.13,62.64,19.2,1.83,12.14,33.22,1.82,4.72,3.0701278234985114
142.6,118.12710293078135,21.63,67.79,51.61,21.72,1.68,10.69,43.71,1.65,6.1,3.0701278234985114
175.0,118.12710293078135,10.52,55.78,36.5,4.18,2.07,7.76,40.34,1.35,3.58,3.0701278234985114
132.84,118.12710293078135,10.29,35.22,26.69,30.81,1.68,7.29,42.04,0.98,1.89,3.0701278234985114
123.56,118.12710293078135,5.82,35.22,22.6,19.94,1.24,8.04,42.78,0.31,1.03,3.0701278234985114
167.31,118.12710293078135,8.31,38.12,26.57,23.82,1.63,9.23,33.47,0.48,1.24,3.0701278234985114
130.14,118.12710293078135,13.22,36.43,29.98,43.0,1.19,4.38,29.96,2.78,14.89,3.0701278234985114
212.66,118.12710293078135,31.7,67.87,61.07,33.4,1.42,11.27,28.37,1.85,5.94,3.0701278234985114
172.24,118.12710293078135,27.21,68.2,57.93,31.7,1.22,9.43,26.64,1.74,4.56,3.0701278234985114
180.88,118.12710293078135,18.63,61.6,51.36,31.26,1.28,7.83,24.85,3.26,9.87,3.0701278234985114
226.63,118.12710293078135,24.34,80.61,61.41,18.85,1.16,9.22,24.81,3.68,10.91,3.0701278234985114
239.79,118.12710293078135,26.51,81.36,58.9,10.4,1.33,11.59,37.76,4.19,43.06,3.0701278234985114
184.59,118.12710293078135,19.35,57.36,46.3,11.19,0.93,9.32,24.88,3.91,12.67,3.0701278234985114
221.38,118.12710293078135,45.51,72.7,73.07,17.31,1.33,13.16,29.59,4.61,19.53,3.0701278234985114
188.06,118.12710293078135,42.16,66.58,70.2,16.35,1.27,14.77,32.97,4.38,22.45,3.0701278234985114
161.6,118.12710293078135,33.33,60.77,59.48,29.8,1.18,10.19,31.36,2.97,10.3,3.0701278234985114
180.1,118.12710293078135,21.72,49.0,43.45,11.77,1.56,10.11,47.48,2.97,8.32,3.0701278234985114
205.01,118.12710293078135,35.97,58.81,57.71,11.76,2.1,13.71,42.41,3.58,12.39,3.0701278234985114
178.75,118.12710293078135,51.87,66.02,73.59,24.54,1.31,15.81,54.08,4.33,17.08,3.0701278234985114
160.59,118.12710293078135,36.92,56.97,59.61,39.62,1.66,15.97,47.44,3.15,8.91,3.0701278234985114
150.74,118.12710293078135,31.51,57.04,55.69,36.21,1.42,14.16,44.06,3.78,14.22,3.0701278234985114
159.64,118.12710293078135,24.64,49.1,45.72,26.36,1.14,11.22,48.28,3.3,10.2,3.0701278234985114
152.58,118.12710293078135,15.23,54.4,40.9,26.31,1.05,11.77,42.84,2.55,8.68,3.0701278234985114
149.87,118.12710293078135,15.13,48.49,37.99,26.35,1.26,9.73,38.32,2.31,8.0,3.0701278234985114
230.11,118.12710293078135,39.48,76.96,71.13,20.32,1.63,18.23,49.53,3.37,17.15,3.0701278234985114
207.97,118.12710293078135,12.66,46.79,34.59,20.42,1.32,13.69,50.64,2.16,4.98,3.0701278234985114
212.9,118.12710293078135,8.7,37.0,26.59,20.42,1.09,9.28,49.72,1.84,3.6,3.0701278234985114
186.49,118.12710293078135,40.71,71.21,70.5,30.11,0.95,15.7,41.39,5.41,10.32,3.0701278234985114
198.7,118.12710293078135,45.23,59.47,67.92,30.11,1.02,16.09,28.97,4.45,8.45,3.0701278234985114
161.68,118.12710293078135,67.22,56.84,84.03,30.11,1.18,20.77,26.27,3.78,17.34,3.0701278234985114
184.31,118.12710293078135,38.92,53.69,59.6,30.12,1.12,18.48,22.69,3.64,9.84,3.0701278234985114
148.87,118.12710293078135,20.55,53.29,44.55,30.99,1.3,12.07,24.75,3.75,10.27,3.0701278234985114
162.21,118.12710293078135,41.42,56.73,59.81,33.57,1.9,14.18,15.74,4.47,13.65,3.0701278234985114
207.35,118.12710293078135,40.01,87.6,73.2,22.01,1.82,15.6,18.73,4.59,13.67,3.0701278234985114
159.23,118.12710293078135,31.42,81.37,58.51,5.25,1.24,16.29,16.58,3.58,6.27,3.0701278234985114
107.6,118.12710293078135,9.75,17.29,16.0,1.46,1.08,11.24,19.93,2.32,1.55,3.0701278234985114
185.45,118.12710293078135,16.12,30.62,29.06,1.41,1.86,12.57,12.75,2.97,18.78,3.0701278234985114
215.0,118.12710293078135,28.06,42.09,44.87,1.41,1.89,27.4,17.22,4.61,28.7,3.0701278234985114
177.24,118.12710293078135,11.75,30.53,25.65,1.07,1.73,12.27,13.55,3.48,10.19,3.0701278234985114
140.5,118.12710293078135,9.51,19.6,17.99,1.27,1.56,13.91,12.52,3.79,9.99,3.0701278234985114
158.8,118.12710293078135,9.03,19.94,17.81,7.9,1.52,15.12,11.28,3.64,7.71,3.0701278234985114
186.34,118.12710293078135,11.27,18.74,19.02,15.24,1.63,24.4,11.47,2.94,9.08,3.0701278234985114
162.49,118.12710293078135,8.21,33.24,24.25,12.86,1.06,11.49,16.71,3.15,7.15,3.0701278234985114
180.21,118.12710293078135,11.65,74.98,49.95,13.63,1.11,10.2,34.48,4.0,8.64,3.0701278234985114
184.93,118.12710293078135,17.43,82.19,57.03,32.89,1.53,12.63,25.59,2.77,22.44,3.0701278234985114
148.01,118.12710293078135,12.94,76.29,51.12,32.73,1.18,12.61,29.92,2.44,12.94,3.0701278234985114
157.85,118.12710293078135,26.55,59.32,49.67,32.46,1.23,10.24,29.28,3.41,10.92,3.0701278234985114
244.22,118.12710293078135,60.88,92.38,85.91,33.48,1.91,21.58,26.22,7.15,35.48,3.0701278234985114
182.39,118.12710293078135,42.06,83.43,83.02,32.23,2.5,28.94,23.98,5.17,34.33,3.0701278234985114
123.99,118.12710293078135,26.23,80.79,61.45,31.45,1.38,8.49,19.37,2.89,5.49,3.0701278234985114
156.42,118.12710293078135,29.29,104.77,78.58,29.93,1.45,18.43,18.09,1.01,14.9,3.0701278234985114
190.4,118.12710293078135,13.07,77.03,51.08,40.88,1.18,13.23,22.01,1.52,8.51,3.0701278234985114
227.28,118.12710293078135,73.36,86.61,90.26,42.74,1.76,27.16,30.04,6.2,44.71,3.0701278234985114
210.89,118.12710293078135,22.88,56.48,43.38,41.06,1.23,20.11,24.18,3.31,10.6,3.0701278234985114
165.2,118.12710293078135,41.47,82.31,63.95,40.18,1.85,7.87,34.9,3.43,17.73,3.0701278234985114
179.18,118.12710293078135,50.39,97.65,82.0,40.33,2.24,9.84,17.6,5.12,29.09,3.0701278234985114
166.91,118.12710293078135,54.32,73.59,73.94,5.77,1.74,13.29,21.36,4.6,16.38,3.0701278234985114
153.83,118.12710293078135,30.88,80.18,57.59,5.98,2.25,10.76,23.44,3.01,8.45,3.0701278234985114
150.69,118.12710293078135,36.21,84.52,72.79,6.5,2.12,11.15,23.99,5.55,16.88,3.0701278234985114
168.34,118.12710293078135,16.79,48.86,38.85,7.92,1.88,10.07,34.09,4.02,8.33,3.0701278234985114
137.5,118.12710293078135,6.01,28.59,17.61,9.95,1.92,7.79,36.45,1.65,2.52,3.0701278234985114
151.07,118.12710293078135,45.18,65.73,71.28,24.97,2.51,10.4,24.37,3.5,11.28,3.0701278234985114
144.71,118.12710293078135,10.75,45.01,31.96,21.38,1.38,6.4,35.96,1.65,3.8,3.0701278234985114
122.18,272.19,128.76,39.76,168.54,23.48347601937197,2.92,29.82,64.46,3.84,8.700972080037227,3.0701278234985114
120.64,118.12710293078135,38.14,26.28,64.28,23.48347601937197,1.2,5.17,10.64,0.25,1.66,0.52
136.26,118.12710293078135,56.63,24.67,81.3,23.48347601937197,1.67,5.24,8.7,0.34,1.95,0.81
201.0,118.12710293078135,107.88,26.66,134.55,23.48347601937197,1.34,5.1,7.39,0.46,2.5,1.25
192.0,118.12710293078135,124.67,26.57,151.24,23.48347601937197,1.58,7.94,6.88,0.48,2.53,1.42
132.89,118.12710293078135,71.05,25.7,96.75,23.48347601937197,1.42,7.61,7.97,0.38,1.97,0.98
128.25,118.12710293078135,43.21,28.0,71.14,23.48347601937197,1.57,7.3,8.07,0.33,1.65,0.68
170.54,118.12710293078135,80.22,31.08,111.22,23.48347601937197,2.31,7.4,8.11,0.48,2.13,1.23
217.82,118.12710293078135,89.47,30.86,119.82,23.48347601937197,2.53,7.46,8.71,0.48,2.19,1.25
211.84,118.12710293078135,65.54,33.03,98.57,23.48347601937197,2.41,4.93,8.24,0.46,2.19,1.19
183.37,118.12710293078135,79.56,33.5,112.96,23.48347601937197,1.96,3.33,9.27,0.48,2.24,1.14
217.98,118.12710293078135,57.12,28.78,85.53,23.48347601937197,1.84,7.83,8.55,0.44,1.86,0.93
225.05,118.12710293078135,31.22,23.99,55.6,23.48347601937197,1.46,5.87,6.86,0.35,1.57,0.62
214.09,118.12710293078135,39.6,26.9,66.24,23.48347601937197,1.54,8.19,9.32,0.36,1.82,0.67
200.98,118.12710293078135,42.59,28.02,71.77,23.48347601937197,1.61,6.51,9.37,0.35,1.64,0.77
240.12,118.12710293078135,47.53,25.54,72.67,23.48347601937197,1.71,5.57,9.93,0.35,1.65,0.76
249.21,118.12710293078135,51.04,27.83,78.88,23.48347601937197,1.2,4.4,8.5,0.4,1.88,0.91
238.43,118.12710293078135,51.63,24.26,75.78,23.48347601937197,1.81,5.96,10.87,0.39,1.86,0.72
195.85,118.12710293078135,85.91,23.62,109.16,23.48347601937197,2.48,6.74,11.4,0.42,1.87,1.04
275.71,118.12710293078135,100.47,27.91,128.09,23.48347601937197,2.74,12.26,13.92,0.46,1.84,1.19
240.39,118.12710293078135,124.65,43.46,168.01,23.48347601937197,3.17,5.06,13.64,0.47,1.52,1.29
199.25,118.12710293078135,75.13,42.36,117.27,23.48347601937197,1.69,2.41,11.18,0.41,1.28,0.99
119.5,118.12710293078135,66.11,38.99,105.1,23.48347601937197,0.78,2.62,8.33,0.3,0.95,0.59
221.33,118.12710293078135,77.93,36.98,114.87,23.48347601937197,3.24,7.26,12.05,0.48,1.58,1.27
247.61,118.12710293078135,99.48,32.13,131.53,23.48347601937197,3.0,5.91,13.58,0.48,1.5,1.22
189.19,118.12710293078135,55.75,31.95,87.67,23.48347601937197,1.94,5.75,12.14,0.37,1.1,0.83
160.84,118.12710293078135,54.16,28.14,81.43,23.48347601937197,2.32,6.93,12.67,0.34,1.11,0.8
230.61,118.12710293078135,79.11,31.59,110.54,23.48347601937197,3.31,6.54,18.58,0.47,1.46,1.16
174.18,118.12710293078135,66.75,31.43,98.1,23.48347601937197,1.89,6.05,9.49,0.39,1.12,0.75
186.38,118.12710293078135,61.1,29.32,90.35,23.48347601937197,1.97,6.17,9.81,0.41,1.14,0.81
198.38,118.12710293078135,42.86,25.24,68.09,23.48347601937197,1.88,4.89,9.83,0.41,0.94,0.58
169.68,118.12710293078135,50.1,27.61,75.62,23.48347601937197,2.67,11.43,13.29,0.4,1.0,0.66
150.2,118.12710293078135,41.55,33.72,73.22,23.48347601937197,1.79,5.72,11.9,0.34,0.9,0.6
194.92,118.12710293078135,46.71,38.96,84.41,23.48347601937197,2.0,5.81,15.19,0.39,1.11,0.77
276.74,118.12710293078135,57.85,36.49,93.45,23.48347601937197,2.58,6.15,12.67,0.46,1.33,0.96
207.56,118.12710293078135,53.99,43.54,96.5,23.48347601937197,1.88,6.7,12.77,0.36,1.03,0.69
208.42,118.12710293078135,42.34,42.36,83.27,23.48347601937197,1.92,6.36,12.94,0.36,1.0,0.67
218.97,118.12710293078135,37.1,36.14,73.08,23.48347601937197,1.93,7.72,20.77,0.39,1.13,0.76
324.5,118.12710293078135,73.44,38.86,112.29,23.48347601937197,2.26,3.12,13.72,0.5,1.3,0.96
196.61,118.12710293078135,30.53,35.89,66.13,23.48347601937197,1.56,7.2,20.94,0.32,0.86,0.56
156.03,118.12710293078135,52.24,38.34,90.31,23.48347601937197,1.69,3.38,20.75,0.34,1.06,0.7
234.13,118.12710293078135,99.54,39.03,139.37,23.48347601937197,2.59,6.78,18.32,0.46,1.48,1.2
195.43,118.12710293078135,30.28,37.64,67.95,23.48347601937197,2.34,4.94,16.45,0.34,0.9,0.62
190.89,118.12710293078135,25.18,43.84,69.02,23.48347601937197,2.31,2.24,17.56,0.38,1.16,0.91
194.96,118.12710293078135,41.78,40.07,81.16,23.48347601937197,2.8,13.02,18.78,0.34,0.91,0.62
211.12,118.12710293078135,29.91,32.87,62.78,23.48347601937197,1.39,1.79,9.24,0.43,1.29,1.12
184.21,118.12710293078135,34.16,29.41,63.4,23.48347601937197,1.36,5.98,7.81,0.3,0.82,0.59
167.6,118.12710293078135,28.16,26.51,54.67,23.48347601937197,1.36,5.5,7.52,0.3,0.79,0.54
159.71,118.12710293078135,26.06,26.42,52.45,23.48347601937197,1.06,3.44,7.69,0.3,0.71,0.47
269.74,118.12710293078135,34.11,28.89,62.99,23.48347601937197,1.93,6.71,12.45,0.36,0.87,0.57
272.65,118.12710293078135,58.16,36.55,94.72,23.48347601937197,1.85,9.28,14.59,0.37,0.8,0.53
212.25,118.12710293078135,51.58,35.96,87.54,23.48347601937197,1.4,2.75,10.95,0.43,1.18,0.9
102.21,118.12710293078135,22.75,34.18,56.93,23.48347601937197,1.16,6.94,21.31,0.25,0.75,0.56
365.0,118.12710293078135,55.28,39.23,94.5,23.48347601937197,2.22,2.26,6.03,0.42,1.2,1.03
194.24,118.12710293078135,32.97,28.56,61.54,23.48347601937197,1.6,6.16,14.19,0.35,0.92,0.66
248.22,118.12710293078135,80.01,32.37,112.39,23.48347601937197,2.36,7.32,12.9,0.49,1.55,1.3
181.54,118.12710293078135,46.97,29.52,76.49,23.48347601937197,1.95,11.96,15.76,0.36,1.07,0.84
223.92,118.12710293078135,100.45,33.75,134.2,23.48347601937197,2.84,3.99,15.66,0.61,2.06,1.9
189.19,118.12710293078135,83.16,32.71,115.88,23.48347601937197,1.98,8.13,11.44,0.44,1.39,1.18
196.19,118.12710293078135,75.46,33.11,108.57,23.48347601937197,1.6,3.57,8.78,0.46,1.48,1.31
198.92,118.12710293078135,144.3,31.9,176.2,23.48347601937197,1.02,3.21,2.9,0.38,1.4,1.27
116.36,118.12710293078135,23.25,25.19,48.45,23.48347601937197,1.06,6.85,19.66,0.23,0.65,0.38
130.5,118.12710293078135,16.67,23.81,40.48,23.48347601937197,0.62,3.35,11.63,0.25,0.54,0.25
131.62,118.12710293078135,47.8,31.58,79.35,23.48347601937197,1.36,5.11,13.84,0.36,1.22,0.87
161.57,118.12710293078135,45.84,32.15,75.87,23.48347601937197,1.37,6.1,14.02,0.38,1.2,0.91
112.65,118.12710293078135,27.26,27.51,54.77,23.48347601937197,0.79,1.62,11.55,0.33,1.08,0.77
146.86,118.12710293078135,46.43,31.03,77.46,23.48347601937197,1.46,4.86,20.18,0.3,0.9,0.51
91.83,118.12710293078135,15.84,20.05,32.75,23.48347601937197,1.24,2.97,13.36,0.4,1.51,1.23
144.07,118.12710293078135,33.61,27.11,60.76,23.48347601937197,1.57,6.15,15.78,0.32,1.06,0.71
180.16,118.12710293078135,55.02,30.15,85.13,23.48347601937197,1.51,6.04,15.7,0.36,1.6,0.85
175.65,118.12710293078135,49.02,30.56,79.59,23.48347601937197,2.68,6.45,19.27,0.37,2.46,0.83
247.52,118.12710293078135,67.39,25.74,93.13,23.48347601937197,1.67,5.76,15.35,0.42,1.61,0.9
205.0,118.12710293078135,47.69,18.5,66.19,23.48347601937197,1.26,1.74,3.12,0.38,1.25,0.8
155.15,118.12710293078135,45.57,26.99,72.49,23.48347601937197,1.7,10.28,25.85,0.27,0.89,0.54
142.83,118.12710293078135,12.38,19.8,32.13,23.48347601937197,1.54,6.44,34.88,0.3,0.9,0.56
151.61,118.12710293078135,11.23,15.07,26.3,23.48347601937197,1.53,6.36,17.53,0.31,1.06,0.74
147.27,118.12710293078135,10.54,13.8,24.31,23.48347601937197,1.82,8.53,32.96,0.26,0.9,0.58
135.87,118.12710293078135,5.71,8.48,14.2,23.48347601937197,2.01,7.18,24.68,0.22,0.79,0.49
103.2,118.12710293078135,9.72,3.17,9.44,23.48347601937197,1.49,4.06,21.94,0.34,1.31,1.08
113.64,118.12710293078135,6.02,3.13,9.14,23.48347601937197,1.39,7.37,18.68,0.22,0.84,0.57
121.02,118.12710293078135,34.85,20.87,55.73,23.48347601937197,1.56,5.08,13.92,0.17,0.6,0.37
114.1,118.12710293078135,7.77,15.32,23.09,23.48347601937197,1.02,4.96,22.08,0.11,0.33,0.1
133.25,118.12710293078135,16.89,24.85,41.75,23.48347601937197,1.3,6.25,25.06,0.15,0.52,0.2
122.43,118.12710293078135,20.12,31.12,51.24,23.48347601937197,1.47,5.28,17.43,0.18,0.62,0.31
149.04,118.12710293078135,8.35,18.9,27.26,23.48347601937197,1.14,5.11,24.98,0.14,0.37,0.14
163.83,118.12710293078135,10.97,35.43,46.41,23.48347601937197,1.35,2.63,27.23,0.21,0.72,0.44
195.54,118.12710293078135,14.76,26.36,41.12,23.48347601937197,1.52,6.9,23.82,0.19,0.52,0.34
160.62,118.12710293078135,23.88,30.24,54.13,23.48347601937197,1.68,7.23,17.26,0.23,0.92,1.41
144.73,118.12710293078135,33.5,27.65,73.62,23.48347601937197,1.87,11.1,15.93,0.22,0.87,1.23
191.33,118.12710293078135,37.49,28.01,65.49,23.48347601937197,1.48,2.12,20.27,0.25,0.83,0.84
156.08,118.12710293078135,22.14,33.14,55.28,23.48347601937197,1.41,9.68,19.23,0.19,0.82,0.97
136.93,118.12710293078135,40.11,30.42,70.54,23.48347601937197,1.63,9.83,20.89,0.22,0.97,1.88
221.38,118.12710293078135,67.12,31.43,98.55,23.48347601937197,2.03,8.85,16.08,0.24,1.0,1.62
177.99,118.12710293078135,9.66,20.26,29.93,23.48347601937197,1.35,7.51,24.83,0.16,0.62,0.7
262.44,118.12710293078135,15.02,31.13,46.15,23.48347601937197,1.44,2.43,18.96,0.21,0.75,0.76
176.06,118.12710293078135,22.0,30.7,52.71,23.48347601937197,1.61,8.9,19.08,0.19,0.75,0.64
211.58,118.12710293078135,28.01,37.76,65.77,23.48347601937197,1.51,2.34,15.87,0.21,0.75,0.6
179.71,118.12710293078135,27.35,28.36,54.57,23.48347601937197,1.6,6.85,21.19,0.2,0.73,0.55
150.36,118.12710293078135,31.12,36.95,68.08,23.48347601937197,1.86,8.43,19.09,0.21,0.85,0.68
144.75,118.12710293078135,22.73,34.09,56.82,23.48347601937197,1.54,6.8,21.31,0.19,0.79,0.61
154.15,118.12710293078135,19.5,37.96,57.46,23.48347601937197,1.52,6.73,19.64,0.2,0.82,0.63
256.14,118.12710293078135,32.52,39.88,72.4,23.48347601937197,1.82,7.21,21.4,0.22,0.9,1.3
244.5,118.12710293078135,30.13,41.3,71.44,23.48347601937197,1.92,7.42,24.17,0.24,0.86,0.75
204.53,118.12710293078135,40.34,43.63,83.96,23.48347601937197,2.23,9.49,22.68,0.24,0.92,0.68
254.83,118.12710293078135,47.54,39.57,87.11,23.48347601937197,2.13,2.32,20.25,0.26,0.92,0.73
192.35,118.12710293078135,90.22,50.69,140.91,23.48347601937197,3.45,10.03,15.52,0.31,1.17,1.08
251.92,118.12710293078135,35.33,25.2,60.53,23.48347601937197,2.21,6.01,11.12,0.26,0.74,0.52
188.04,118.12710293078135,22.17,26.77,48.95,23.48347601937197,1.87,5.62,17.87,0.18,0.63,0.38
278.25,118.12710293078135,50.93,31.83,82.76,23.48347601937197,2.63,6.26,16.35,0.26,0.82,0.6
196.16,118.12710293078135,32.08,32.81,64.88,23.48347601937197,2.39,6.42,10.96,0.25,0.78,0.54
175.96,118.12710293078135,35.83,27.05,62.9,23.48347601937197,2.11,6.79,10.99,0.23,0.72,0.49
207.79,118.12710293078135,25.95,27.46,53.41,23.48347601937197,1.79,5.74,7.67,0.18,0.59,0.32
201.17,118.12710293078135,26.56,22.1,48.63,23.48347601937197,1.87,4.72,7.71,0.2,0.54,0.23
152.52,118.12710293078135,19.51,18.88,38.38,23.48347601937197,1.86,4.13,7.31,0.19,0.52,0.21
207.5,118.12710293078135,25.35,29.14,54.5,23.48347601937197,2.38,7.05,10.22,0.23,0.75,0.46
188.93,118.12710293078135,18.5,24.18,42.69,23.48347601937197,1.96,7.46,13.19,0.18,0.51,0.2
246.42,118.12710293078135,51.17,28.44,79.62,23.48347601937197,2.91,6.58,10.95,0.29,0.86,0.46
197.94,118.12710293078135,23.47,29.47,52.95,23.48347601937197,2.26,8.29,9.33,0.22,0.77,0.5
296.0,118.12710293078135,73.86,33.41,107.28,23.48347601937197,3.4,8.76,15.03,0.28,0.89,0.71
179.13,118.12710293078135,12.1,14.69,26.78,23.48347601937197,1.53,0.88,1.95,0.2,0.58,0.26
170.28,118.12710293078135,24.86,24.61,49.48,23.48347601937197,1.98,4.4,7.17,0.2,0.71,0.43
269.91,118.12710293078135,33.53,22.76,56.3,23.48347601937197,2.41,2.57,4.28,0.26,0.82,0.5
158.75,118.12710293078135,35.89,20.13,56.01,23.48347601937197,1.82,1.19,5.09,0.25,0.75,0.51
199.0,118.12710293078135,8.72,18.69,27.48,23.48347601937197,1.16,0.95,2.69,0.18,0.48,0.12
180.95,118.12710293078135,19.14,17.02,36.16,23.48347601937197,1.76,5.77,4.16,0.18,0.56,0.25
205.62,118.12710293078135,36.6,17.87,54.46,23.48347601937197,2.31,9.2,5.19,0.21,0.6,0.33
195.2,118.12710293078135,43.54,32.98,76.53,23.48347601937197,2.57,8.79,8.51,0.23,0.87,0.47
223.67,118.12710293078135,72.2,27.63,99.84,23.48347601937197,2.72,9.47,6.99,0.25,0.84,0.53
268.38,118.12710293078135,102.71,35.12,137.84,23.48347601937197,3.25,12.9,6.71,0.3,1.06,0.7
136.67,118.12710293078135,14.58,24.84,39.42,23.48347601937197,1.46,14.23,13.17,0.14,0.56,0.28
138.12,118.12710293078135,22.26,32.3,54.55,23.48347601937197,1.72,9.79,16.93,0.17,0.6,0.32
181.93,118.12710293078135,34.0,38.0,72.0,23.48347601937197,1.95,8.88,14.76,0.2,0.79,0.5
220.1,118.12710293078135,24.91,29.58,55.47,23.48347601937197,2.47,15.99,18.1,0.17,0.65,0.27
250.54,118.12710293078135,32.92,30.79,63.74,23.48347601937197,2.23,8.45,17.32,0.22,0.78,0.36
136.57,118.12710293078135,31.87,54.87,86.74,23.48347601937197,1.15,4.28,21.18,0.15,0.62,0.25
140.83,118.12710293078135,28.93,49.75,78.68,23.48347601937197,1.59,3.96,22.35,0.13,0.52,0.17
201.33,118.12710293078135,52.48,56.87,109.35,23.48347601937197,1.25,4.21,9.84,0.16,0.6,0.14
218.21,118.12710293078135,60.44,50.27,110.68,23.48347601937197,2.18,1.41,10.86,0.2,0.81,0.48
179.29,118.12710293078135,86.81,51.11,137.92,23.48347601937197,1.72,3.14,7.46,0.2,0.84,0.42
174.62,118.12710293078135,61.56,47.22,108.78,23.48347601937197,1.54,0.67,6.13,0.17,0.73,0.39
135.36,118.12710293078135,55.95,48.37,104.31,23.48347601937197,1.6,1.9,10.46,0.16,0.68,0.29
155.23,118.12710293078135,36.26,36.71,72.97,23.48347601937197,1.52,1.29,12.59,0.16,0.64,0.27
172.17,118.12710293078135,53.5,38.73,92.25,23.48347601937197,1.71,8.97,5.78,0.18,0.67,0.22
110.38,118.12710293078135,39.12,45.31,84.43,23.48347601937197,1.12,2.61,23.88,0.12,0.53,0.15
146.47,118.12710293078135,23.33,42.09,65.49,23.48347601937197,1.05,4.92,34.67,0.09,0.42,0.08
120.12,118.12710293078135,124.7,114.26,238.96,23.48347601937197,1.83,2.23,14.83,0.16,0.66,0.46
99.37,118.12710293078135,119.24,120.15,239.39,23.48347601937197,1.54,2.15,20.65,0.12,0.6,0.24
152.52,118.12710293078135,176.54,114.12,259.54,23.48347601937197,1.88,2.18,23.5,0.19,0.76,0.52
185.6,118.12710293078135,87.74,94.13,181.86,23.48347601937197,2.3,2.24,22.15,0.25,0.92,0.76
169.79,118.12710293078135,120.23,91.24,211.47,23.48347601937197,1.89,2.26,14.82,0.2,0.75,0.51
145.47,118.12710293078135,0.72,0.69,1.41,23.48347601937197,1.71,14.53197725590996,11.87,0.16,0.7,0.55
76.75,118.12710293078135,3.22,4.78,6.07,23.48347601937197,1.85,14.53197725590996,12.25,0.13,0.57,0.38
253.65,118.12710293078135,8.87,4.84,9.88,23.48347601937197,0.87,2.17,5.82,0.12,0.66,0.2
157.29,118.12710293078135,8.56,13.28,18.78,23.48347601937197,1.46,2.29,8.99,0.14,0.96,0.36
146.17,118.12710293078135,4.12,11.63,15.76,23.48347601937197,1.78,5.33,19.05,0.13,0.58,0.15
124.34,118.12710293078135,16.55,44.6,39.43,23.48347601937197,0.53,12.86,13.99,0.09,0.61,0.14
185.62,118.12710293078135,45.73,65.7,72.98,23.48347601937197,1.56,13.47,13.77,0.17,0.97,0.37
158.58,118.12710293078135,20.02,45.43,40.44,23.48347601937197,1.19,9.57,37.19,0.18,1.35,0.35
165.01,118.12710293078135,20.16,42.9,41.76,23.48347601937197,1.01,7.66,39.35,0.13,1.18,0.26
146.45,118.12710293078135,57.56,85.82,94.11,23.48347601937197,0.79,21.46,36.22,0.1,0.48,0.32
113.67,118.12710293078135,31.78,55.14,55.14,23.48347601937197,0.84,10.6,33.95,0.16,1.34,0.44
246.45,118.12710293078135,64.93,173.62,84.36,23.48347601937197,2.17,24.95,33.79,0.75,4.52,0.55
192.85,118.12710293078135,56.27,141.94,70.91,23.48347601937197,1.76,23.98,38.29,0.75,5.35,0.55
173.11,118.12710293078135,116.65,169.82,114.74,23.48347601937197,2.7,21.17,18.27,0.85,5.22,0.7
166.83,118.12710293078135,137.77,239.18,166.51,23.48347601937197,2.98,21.39,37.81,1.02,6.22,3.5
106.35,118.12710293078135,71.19,137.59,78.83,23.48347601937197,1.48,20.43,41.86,0.77,5.42,3.59
136.59,118.12710293078135,125.54,177.7,136.55,23.48347601937197,2.19,22.27,50.07,0.81,5.27,3.59
165.27,118.12710293078135,70.47,173.97,87.81,23.48347601937197,1.75,26.1,35.41,0.76,5.47,3.46
181.46,118.12710293078135,17.17,112.13,39.46,23.48347601937197,1.19,24.59,82.15,0.45,4.1,1.69
136.75,118.12710293078135,16.6,110.96,38.81,23.48347601937197,0.87,19.85,118.98,0.41,3.48,1.44
210.4,118.12710293078135,20.28,115.89,42.31,23.48347601937197,1.37,20.66,102.94,0.44,3.76,1.64
262.21,118.12710293078135,9.56,76.32,25.56,23.48347601937197,1.26,21.75,103.64,0.5,3.81,1.29
195.21,118.12710293078135,112.77,142.62,107.68,23.48347601937197,2.69,58.61,27.95,0.74,4.74,2.81
215.61,118.12710293078135,110.69,166.19,114.79,23.48347601937197,3.0,37.5,35.63,0.8,4.95,3.33
244.8,118.12710293078135,42.92,152.65,67.03,23.48347601937197,2.62,30.54,41.95,0.67,4.58,2.57
182.27,118.12710293078135,28.12,121.4,57.63,23.48347601937197,2.01,38.42,45.27,0.55,4.24,2.0
127.78,118.12710293078135,27.74,114.96,47.53,23.48347601937197,1.64,59.67,54.55,0.42,3.76,1.74
140.22,118.12710293078135,25.41,104.52,43.36,23.48347601937197,1.71,46.3,61.51,0.43,3.69,1.67
179.33,118.12710293078135,24.17,78.7,35.74,23.48347601937197,1.93,39.91,42.81,0.43,3.79,1.53
244.25,118.12710293078135,17.91,36.81,20.69,23.48347601937197,2.51,38.89,43.82,0.57,4.02,1.47
205.39,118.12710293078135,12.63,15.5,11.85,23.48347601937197,2.19,46.2,39.39,0.69,4.18,2.59
179.74,118.12710293078135,30.41,89.01,45.13,23.48347601937197,1.87,45.23,47.73,0.45,3.69,1.82
235.52,118.12710293078135,70.66,122.68,75.53,23.48347601937197,2.83,50.93,62.93,0.5,3.65,1.88
260.0,118.12710293078135,13.1,95.82,32.78,23.48347601937197,1.82,54.55,65.15,0.7,3.39,1.3
217.84,118.12710293078135,21.98,44.58,25.24,23.48347601937197,2.23,41.33,42.82,0.48,3.48,1.73
310.21,118.12710293078135,33.79,31.26,28.9,23.48347601937197,2.01,34.09,37.79,0.68,4.1,2.26
198.35,118.12710293078135,30.96,72.24,38.14,23.48347601937197,2.26,53.72,24.38,0.6,3.56,1.29
282.47,118.12710293078135,26.43,48.77,29.5,23.48347601937197,2.6,51.63,46.37,0.47,2.96,1.1
277.9,118.12710293078135,24.37,54.31,29.69,23.48347601937197,2.46,42.33,42.28,0.55,2.78,1.41
249.54,118.12710293078135,69.54,96.31,67.77,23.48347601937197,2.36,56.84,43.32,0.56,3.33,1.31
207.29,118.12710293078135,51.44,56.84,53.95,23.48347601937197,2.08,45.91,38.33,0.56,2.82,1.56
216.37,118.12710293078135,52.26,78.47,52.96,23.48347601937197,2.07,66.87,22.32,0.58,2.75,1.46
249.93,118.12710293078135,66.51,92.22,65.07,23.48347601937197,2.49,70.52,47.96,0.53,3.16,1.31
191.93,118.12710293078135,13.0,30.04,15.67,23.48347601937197,2.08,44.99,28.99,0.68,2.84,1.0
210.23,118.12710293078135,48.43,63.83,46.99,23.48347601937197,2.15,53.83,50.5,0.52,2.82,1.42
191.17,118.12710293078135,88.3,80.13,82.87,23.48347601937197,2.61,59.01,20.54,0.84,3.56,2.39
201.14,118.12710293078135,22.41,34.98,23.04,23.48347601937197,2.56,49.61,37.25,0.83,3.98,2.32
181.73,118.12710293078135,25.15,28.23,20.22,23.48347601937197,1.67,43.97,36.57,0.6,3.67,1.91
163.57,118.12710293078135,59.13,47.74,49.99,23.48347601937197,3.42,45.92,35.99,0.9,3.94,2.85
168.88,118.12710293078135,25.85,65.33,33.14,23.48347601937197,2.91,47.68,34.98,0.63,3.45,1.4
202.77,118.12710293078135,28.45,44.39,29.03,23.48347601937197,3.4,49.05,37.59,0.67,3.7,1.98
197.48,118.12710293078135,54.58,70.96,52.97,23.48347601937197,3.25,47.83,35.37,0.73,3.71,2.73
172.43,118.12710293078135,24.51,38.37,24.81,23.48347601937197,1.99,49.66,42.45,0.61,3.34,2.36
250.32,118.12710293078135,23.92,23.39,20.84,23.48347601937197,2.78,29.76,45.14,0.63,3.66,1.89
201.07,118.12710293078135,17.11,14.36,14.09,23.48347601937197,2.29,31.86,30.84,0.65,3.64,1.81
264.93,118.12710293078135,60.26,85.07,67.17,23.48347601937197,2.82,35.29,35.32,0.61,3.27,2.11
214.56,118.12710293078135,11.01,15.13,10.81,23.48347601937197,2.85,33.66,34.56,0.64,3.36,1.61
197.7,118.12710293078135,12.22,8.15,9.66,23.48347601937197,2.97,37.48,51.5,0.67,3.18,1.76
153.21,118.12710293078135,43.94,94.99,78.6,23.48347601937197,2.76,39.67,49.6,0.81,3.75,2.52
106.65,118.12710293078135,35.43,121.91,53.8,23.48347601937197,2.33,34.47,38.82,0.6,3.66,1.98
159.2,118.12710293078135,9.53,21.11,11.26,23.48347601937197,1.68,38.42,22.82,0.35,3.22,0.83
151.62,118.12710293078135,11.12,25.05,13.57,23.48347601937197,1.43,36.21,25.15,0.35,2.9,1.22
107.21,118.12710293078135,6.58,22.2,9.93,23.48347601937197,0.88,30.96,42.16,0.35,2.9,0.88
153.9,118.12710293078135,17.22,49.33,25.73,23.48347601937197,1.03,35.52,47.54,0.35,2.53,0.79
165.68,118.12710293078135,26.08,50.97,29.26,23.48347601937197,1.59,54.87,61.85,0.39,3.26,0.96
156.35,118.12710293078135,14.87,27.98,16.43,23.48347601937197,1.36,50.76,60.19,0.46,3.19,1.71
162.34,118.12710293078135,23.56,53.98,36.75,23.48347601937197,1.49,42.64,47.8,0.42,2.99,1.49
184.38,118.12710293078135,20.78,37.18,22.49,23.48347601937197,2.05,39.32,49.68,0.43,3.31,1.55
214.8,118.12710293078135,17.23,24.31,16.93,23.48347601937197,2.16,38.02,43.38,0.5,3.68,1.69
159.75,118.12710293078135,8.04,16.69,9.39,23.48347601937197,1.28,38.49,90.06,0.43,3.14,1.47
228.6,118.12710293078135,10.55,15.04,10.54,23.48347601937197,1.82,37.43,61.37,0.49,3.14,1.55
164.77,118.12710293078135,8.85,12.49,8.73,23.48347601937197,1.6,38.53,55.83,0.4,3.25,1.17
173.39,118.12710293078135,8.01,10.87,7.83,23.48347601937197,1.46,27.21,49.19,0.38,3.04,1.12
117.12,118.12710293078135,7.3,12.2,7.74,23.48347601937197,1.2,35.57,68.24,0.35,2.91,0.8
147.49,118.12710293078135,8.88,11.46,8.48,23.48347601937197,1.31,33.35,68.57,0.35,3.29,0.87
132.89,118.12710293078135,11.4,43.3,25.26,23.48347601937197,1.35,42.83,85.98,0.33,2.63,0.74
175.83,118.12710293078135,4.53,30.15,10.7,23.48347601937197,1.82,33.4,94.7,0.33,2.96,0.53
129.08,118.12710293078135,43.87,133.91,63.94,23.48347601937197,1.88,36.91,67.27,0.35,2.94,0.84
164.86,118.12710293078135,42.8,136.34,62.19,23.48347601937197,2.09,45.05,72.81,0.39,3.42,1.08
176.83,118.12710293078135,16.25,91.67,34.25,23.48347601937197,1.79,44.85,76.81,0.41,3.02,0.98
154.58,118.12710293078135,17.46,60.8,26.55,23.48347601937197,1.68,41.25,48.2,0.35,2.72,0.93
139.8,118.12710293078135,12.25,25.52,14.21,23.48347601937197,1.8,46.51,75.1,0.32,2.94,0.92
172.53,118.12710293078135,11.47,24.01,13.4,23.48347601937197,1.96,50.87,34.49143047551845,0.41,3.89,1.36
128.19,118.12710293078135,11.21,19.49,12.04,23.48347601937197,1.74,48.0,34.49143047551845,0.42,3.78,1.57
142.11,118.12710293078135,14.26,13.69,12.35,23.48347601937197,2.1,49.48,4.61,0.5,3.69,1.77
139.06,118.12710293078135,12.09,17.46,11.98,23.48347601937197,1.64,49.89,51.76,0.49,4.87,1.71
111.45,118.12710293078135,5.35,11.04,6.24,23.48347601937197,1.24,47.22,64.24,0.35,2.81,0.88
103.02,118.12710293078135,10.26,7.16,8.22,23.48347601937197,1.7,49.2,54.29,0.2,2.98,0.79
127.1,118.12710293078135,18.06,60.37,30.04,23.48347601937197,1.64,49.87,80.45,0.4,3.17,1.46
125.18,118.12710293078135,34.98,81.21,42.26,23.48347601937197,2.59,37.04,54.97,3.78,34.64,15.12
125.04,118.12710293078135,9.46,28.98,13.25,23.48347601937197,1.57,32.07,63.49,3.62,42.12,11.05
141.92,118.12710293078135,14.42,25.55,15.36,23.48347601937197,1.83,31.31,85.76,3.6,34.33,12.18
122.46,118.12710293078135,12.78,24.62,14.12,23.48347601937197,1.83,31.98,90.01,3.8,34.75,14.32
140.29,118.12710293078135,9.5,20.9,11.18,23.48347601937197,1.68,35.23,99.7,3.29,27.49,10.68
147.16,118.12710293078135,20.53,25.08,18.94,23.48347601937197,2.24,33.53,93.85,3.8,31.26,13.87
171.12,118.12710293078135,26.49,25.59,22.7,23.48347601937197,3.07,34.53,142.43,4.47,31.25,19.37
136.71,118.12710293078135,37.13,50.79,37.86,23.48347601937197,2.35,26.81,69.53,4.04,30.05,19.03
132.09,118.12710293078135,19.56,31.28,19.96,23.48347601937197,1.59,27.37,41.53,3.52,33.06,14.99
137.34,118.12710293078135,17.72,15.58,14.79,23.48347601937197,1.57,26.47,35.67,3.62,30.54,15.7
155.93,118.12710293078135,30.27,14.98,22.24,23.48347601937197,2.55,26.5,49.93,4.52,35.53,21.2
158.76,118.12710293078135,19.71,15.05,15.86,23.48347601937197,2.32,24.61,53.49,4.29,32.71,18.39
148.34,118.12710293078135,16.1,11.22,12.67,23.48347601937197,1.84,28.16,51.42,3.62,31.06,13.87
170.84,118.12710293078135,22.08,8.7,15.65,23.48347601937197,2.53,22.35,64.15,4.3,34.96,17.58
180.68,118.12710293078135,30.69,78.14,45.28,23.48347601937197,2.33,29.15,51.9,4.38,29.5,18.72
180.15,118.12710293078135,10.64,77.33,26.47,23.48347601937197,1.42,31.25,95.46,3.11,26.43,11.05
258.99,118.12710293078135,16.79,61.86,26.2,23.48347601937197,1.67,36.17,94.96,2.88,25.61,7.34
186.59,118.12710293078135,8.23,12.18,8.15,23.48347601937197,1.33,37.44,72.55,2.92,26.21,9.0
185.14,118.12710293078135,9.62,11.49,8.81,23.48347601937197,1.56,34.72,79.94,3.28,27.94,11.45
228.08,118.12710293078135,8.86,7.84,7.4,23.48347601937197,1.79,29.33,81.01,3.48,30.7,11.51
235.81,118.12710293078135,7.51,5.58,6.0,23.48347601937197,1.86,33.72,65.29,3.5,28.69,10.28
229.06,118.12710293078135,6.32,3.26,4.68,23.48347601937197,1.69,32.52,86.95,3.11,29.55,7.7
172.82,118.12710293078135,22.27,23.75,26.86,23.48347601937197,1.68,32.99,123.27,3.19,25.96,12.04
149.27,118.12710293078135,9.64,20.9,11.27,23.48347601937197,1.64,34.17,34.49143047551845,2.72,26.06,11.15
135.62,118.12710293078135,7.36,14.12,8.13,23.48347601937197,1.26,32.77,34.49143047551845,2.6,26.31,9.86
185.02,118.12710293078135,19.84,12.83,15.36,23.48347601937197,2.59,33.14,34.49143047551845,3.26,29.22,11.87
259.86,118.12710293078135,39.28,9.89,26.16,23.48347601937197,2.75,34.64,34.49143047551845,4.92,31.04,23.74
214.56,118.12710293078135,16.91,12.27,13.41,23.48347601937197,2.6,31.94,34.49143047551845,3.93,28.01,19.14
210.55,118.12710293078135,13.39,10.83,10.93,23.48347601937197,2.55,34.8,34.49143047551845,3.32,27.44,11.18
253.65,118.12710293078135,16.19,9.22,12.07,23.48347601937197,3.16,33.66,34.49143047551845,4.41,30.47,11.74
204.45,118.12710293078135,24.01,8.22,16.57,23.48347601937197,3.36,42.79,34.49143047551845,4.55,29.55,21.89
161.01,118.12710293078135,36.53,27.72,32.01,23.48347601937197,2.32,50.93,34.49143047551845,3.78,26.09,19.45
195.57,118.12710293078135,27.69,12.48,20.04,23.48347601937197,3.58,51.82,34.49143047551845,4.0,25.94,18.78
195.42,118.12710293078135,16.81,9.65,12.7,23.48347601937197,3.0,45.49,34.49143047551845,3.85,26.22,17.72
251.78,118.12710293078135,10.89,7.58,8.57,23.48347601937197,2.79,32.36,34.49143047551845,3.59,26.4,14.65
260.82,118.12710293078135,34.03,23.02,29.59,23.48347601937197,2.95,33.19,34.49143047551845,4.01,25.22,15.16
207.54,118.12710293078135,47.87,19.84,31.18,23.48347601937197,2.83,43.91,34.49143047551845,5.26,28.8,29.33
234.72,118.12710293078135,37.09,20.22,24.74,23.48347601937197,2.7,35.35,34.49143047551845,5.21,30.52,28.28
159.5,118.12710293078135,12.24,20.19,9.65,23.48347601937197,1.19,37.27,34.49143047551845,3.02,23.89,12.92
160.16,118.12710293078135,13.49,19.21,10.16,23.48347601937197,1.29,35.83,34.49143047551845,3.02,25.18,11.65
120.06,118.12710293078135,27.48,39.95,25.13,23.48347601937197,1.87,33.23,34.49143047551845,3.25,19.65,12.57
343.85,118.12710293078135,14.22,16.5,12.91,23.48347601937197,2.76,28.34,34.49143047551845,4.2,21.35,14.56
240.54,118.12710293078135,6.74,4.75,5.28,23.48347601937197,1.82,28.1,34.49143047551845,3.06,24.19,8.34
203.88,118.12710293078135,23.84,11.34,20.82,23.48347601937197,1.74,28.76,34.49143047551845,3.57,25.35,11.06
249.73,118.12710293078135,62.72,96.82,69.6,23.48347601937197,2.61,44.55,15.18,4.12,25.04,13.33
214.9,118.12710293078135,19.54,26.93,18.83,23.48347601937197,1.19,32.0,26.97,3.94,27.38,15.72
131.75,118.12710293078135,7.39,24.25,10.77,23.48347601937197,0.37,33.24,42.37,2.9,24.38,10.87
162.64,118.12710293078135,6.93,24.67,10.59,23.48347601937197,1.14,32.73,69.1,2.94,24.28,10.18
241.28,118.12710293078135,27.56,20.83,22.04,23.48347601937197,1.42,35.12,72.31,3.79,25.48,13.45
122.77,118.12710293078135,17.7,27.69,19.78,23.48347601937197,0.85,30.88,76.55,2.72,22.28,9.96
234.01,118.12710293078135,24.82,12.69,18.33,23.48347601937197,2.56,32.24,33.83,3.67,24.28,14.44
176.15,118.12710293078135,62.02,133.07,74.17,23.48347601937197,0.89,43.74,39.51,2.98,21.14,11.72
191.67,118.12710293078135,54.13,95.22,57.49,23.48347601937197,1.62,45.36,17.91,3.13,23.05,11.69
177.96,118.12710293078135,15.48,33.82,18.15,23.48347601937197,1.17,46.11,15.48,2.62,20.65,8.29
100.17,118.12710293078135,6.96,27.08,11.24,23.48347601937197,0.59,45.77,30.5,1.89,21.39,6.04
262.54,118.12710293078135,68.88,97.43,67.08,23.48347601937197,2.24,46.97,41.73,3.51,21.35,12.12
202.97,118.12710293078135,9.5,27.64,12.92,23.48347601937197,2.07,42.02,67.5,2.57,20.6,7.26
138.09,118.12710293078135,10.45,23.6,12.46,23.48347601937197,1.84,45.34,74.99,2.26,18.61,7.74
151.31,118.12710293078135,10.21,23.07,12.17,23.48347601937197,1.86,44.51,58.45,2.5,20.27,8.32
189.49,118.12710293078135,13.27,17.14,12.5,23.48347601937197,2.43,46.63,70.9,2.68,19.53,8.34
234.28,118.12710293078135,15.53,14.14,13.08,23.48347601937197,2.48,44.88,55.76,3.52,22.77,10.4
119.02,118.12710293078135,7.71,9.98,7.26,23.48347601937197,1.42,43.89,24.71,2.19,17.92,7.65
164.09,118.12710293078135,26.06,93.55,40.03,23.48347601937197,1.59,44.72,54.96,2.55,19.26,7.38
173.68,118.12710293078135,15.33,35.66,18.54,23.48347601937197,1.52,43.26,44.39,2.46,20.95,7.84
161.38,118.12710293078135,14.94,21.55,14.64,23.48347601937197,1.39,42.37,22.13,2.41,21.16,7.91
154.22,118.12710293078135,48.15,88.51,52.14,23.48347601937197,2.43,48.97,65.38,2.65,20.62,8.99
150.62,118.12710293078135,15.93,39.14,19.81,23.48347601937197,1.79,45.96,55.67,2.34,19.37,7.77
144.92,118.12710293078135,19.26,36.57,21.16,23.48347601937197,2.4,29.84,52.14,2.42,20.39,8.05
160.57,118.12710293078135,18.53,28.96,18.75,23.48347601937197,2.34,29.32,53.33,2.75,21.95,9.74
170.92,118.12710293078135,32.56,13.8,23.23,23.48347601937197,1.71,30.61,54.18,2.83,21.81,12.94
129.83,118.12710293078135,19.04,79.05,32.03,23.48347601937197,1.44,36.02,66.71,1.94,19.51,5.71
140.06,118.12710293078135,12.75,6.95,9.54,23.48347601937197,1.89,33.56,73.37,2.14,19.01,6.95
176.31,118.12710293078135,66.28,112.88,67.58,23.48347601937197,3.93,39.06,51.01,2.32,17.53,5.3
145.0,118.12710293078135,48.0,36.81,43.66,23.48347601937197,2.67,55.87,41.52,22.83,82.66,105.76
126.19,118.12710293078135,12.1,46.95,19.48,23.48347601937197,0.96,73.04,70.63,15.27,56.29,59.13
138.71,118.12710293078135,4.61,26.61,13.23,23.48347601937197,1.23,53.8,86.75,11.58,31.21,21.88
144.21,118.12710293078135,7.94,27.71,11.99,23.48347601937197,1.59,51.61,68.19,16.28,50.96,46.74
134.29,118.12710293078135,9.14,18.27,10.0,23.48347601937197,1.69,52.31,64.03,15.62,52.85,41.88
202.96,118.12710293078135,18.22,26.12,17.68,23.48347601937197,2.17,69.38,63.16,17.09,53.86,50.18
191.01,118.12710293078135,21.07,24.33,19.08,23.48347601937197,2.29,60.47,61.18,18.94,69.14,73.39
175.6,118.12710293078135,15.18,22.88,15.13,23.48347601937197,1.69,67.27,71.28,15.54,50.15,45.97
241.85,118.12710293078135,16.92,23.4,16.21,23.48347601937197,2.95,68.51,63.67,14.52,43.35,39.44
232.45,118.12710293078135,11.56,20.68,12.37,23.48347601937197,1.79,64.74,86.33,9.04,22.54,13.93
181.24,118.12710293078135,14.68,23.49,14.99,23.48347601937197,1.76,66.24,91.81,8.52,26.35,24.03
181.71,118.12710293078135,22.69,23.75,19.75,23.48347601937197,2.43,64.57,78.19,10.99,37.79,43.15
202.0,118.12710293078135,28.08,20.49,22.23,23.48347601937197,2.61,66.01,51.07,13.14,48.66,58.56
126.4,118.12710293078135,45.64,67.53,44.34,23.48347601937197,1.62,57.23,43.33,10.17,38.1,41.3
158.7,118.12710293078135,67.77,121.62,72.61,23.48347601937197,1.99,62.22,90.88,9.3,31.95,35.88
233.2,118.12710293078135,79.64,113.8,75.81,23.48347601937197,1.95,72.33,77.64,12.3,41.17,46.92
218.57,118.12710293078135,77.88,107.39,74.46,23.48347601937197,2.12,65.75,73.26,11.99,43.06,48.29
157.47,118.12710293078135,58.07,91.54,58.93,23.48347601937197,1.79,57.33,77.31,9.58,32.12,30.48
135.94,118.12710293078135,47.3,83.98,49.82,23.48347601937197,1.45,62.93,77.82,8.0,24.78,20.98
153.46,118.12710293078135,37.59,86.38,45.18,23.48347601937197,1.47,50.06,111.09,5.11,14.66,10.36
143.66,118.12710293078135,38.84,79.08,43.74,23.48347601937197,1.6,41.97,76.54,5.59,16.85,13.79
140.54,118.12710293078135,72.99,91.57,67.99,23.48347601937197,2.02,37.05,77.39,6.24,21.14,21.42
164.05,118.12710293078135,82.15,78.77,75.24,23.48347601937197,1.69,37.69,63.54,6.05,21.41,19.08
179.12,118.12710293078135,38.35,75.13,59.19,23.48347601937197,2.55,15.09,56.33,2.32,8.08,8.63
235.96,118.12710293078135,81.71,44.73,89.3,23.48347601937197,2.42,14.52,34.16,2.5,7.38,7.71
232.59,118.12710293078135,28.59,64.29,56.45,23.48347601937197,1.6,17.66,41.43,1.83,4.23,3.23
264.9,118.12710293078135,50.25,51.54,67.31,23.48347601937197,2.4,14.41,13.49,2.62,7.7,7.43
241.26,118.12710293078135,96.24,71.73,112.23,23.48347601937197,1.89,14.84,31.69,5.77,19.04,17.3
145.94,118.12710293078135,26.18,67.59,57.23,23.48347601937197,1.32,13.81,17.68,2.12,6.95,5.61
140.88,118.12710293078135,28.19,64.53,57.24,23.48347601937197,1.27,11.14,17.9,1.87,5.53,3.88
208.02,118.12710293078135,68.77,79.12,98.01,23.48347601937197,2.04,13.62,27.51,2.5,7.3,6.47
216.25,118.12710293078135,55.38,79.39,87.26,23.48347601937197,2.15,13.35,34.16,2.54,7.18,6.9
234.11,118.12710293078135,95.41,78.46,119.3,23.48347601937197,2.9,13.77,22.43,3.08,9.22,9.91
153.67,118.12710293078135,40.56,26.29,46.84,23.48347601937197,1.79,11.9,13.23,2.63,7.93,8.81
150.79,118.12710293078135,40.99,45.43,57.49,23.48347601937197,0.81,13.34,20.05,2.19,6.7,6.75
211.92,118.12710293078135,39.64,23.76,44.86,23.48347601937197,2.55,12.3,20.21,2.87,8.62,9.04
222.8,118.12710293078135,30.79,25.21,38.43,23.48347601937197,2.3,12.6,19.69,2.68,8.41,8.79
262.2,118.12710293078135,49.5,38.01,60.46,23.48347601937197,2.91,12.47,18.71,2.92,9.08,9.78
153.66,118.12710293078135,8.84,13.97,14.62,23.48347601937197,1.06,13.99,20.57,1.74,4.69,4.1
115.75,118.12710293078135,10.06,10.64,13.84,23.48347601937197,1.46,7.91,25.28,1.82,6.15,6.22
172.06,118.12710293078135,15.85,10.88,18.67,23.48347601937197,1.74,6.41,14.8,2.08,6.44,5.64
165.12,118.12710293078135,10.9,9.47,13.89,23.48347601937197,1.66,8.45,14.24,1.81,4.87,4.51
147.88,118.12710293078135,8.46,8.95,11.64,23.48347601937197,1.2,9.23,42.24,1.77,4.89,4.3
123.38,118.12710293078135,8.53,9.09,11.77,23.48347601937197,0.93,12.14,16.82,2.56,7.68,7.11
196.64,118.12710293078135,14.65,26.12,25.76,23.48347601937197,1.42,11.67,10.94,3.14,7.4,5.33
229.94,118.12710293078135,17.574729662029362,28.560659061126955,32.30912333307031,23.48347601937197,1.92,8.87,15.06,3.3,7.61,6.29
151.31,198.02,21.11,31.33,43.25,49.83,1.47,8.33,14.76,2.84,1.49,4.32
161.92,208.07,20.62,29.77,48.57,25.25,1.42,8.13,13.67,3.2,0.87,2.85
188.15,232.98,31.1,34.5,64.26,27.59,1.81,8.64,13.74,3.23,1.38,3.35
195.81,246.0,46.5,36.69,82.49,28.8,2.41,7.45,15.66,4.76,1.74,4.59
214.23,271.06,45.23,36.74,81.09,27.28,2.71,7.99,16.47,4.49,2.17,5.32
207.2,269.1,46.55,35.29,78.83,31.46,3.03,9.22,16.96,7.08,3.16,7.18
150.5,193.93,40.49,31.59,70.31,33.33,2.17,8.14,16.89,5.51,2.37,5.47
169.64,234.58,49.98,35.42,84.61,34.62,2.41,7.14,17.36,3.8,1.34,4.84
172.07,236.51,54.75,32.84,86.53,30.9,2.45,8.47,18.56,4.17,1.47,5.06
154.59,174.78,69.89,25.34,94.37,14.62,4.16,12.28,9.91,3.42,1.25,4.85
177.59,210.76,67.57,36.23,98.56,18.88,4.05,12.23,12.94,1.28,1.32,3.76
140.36,200.43,64.27,36.59,99.28,27.83,3.27,10.93,11.89,0.77,1.42,4.47
149.59,219.96,92.59,40.53,131.91,32.43,1.69,10.37,16.59,1.37,8.17,2.35
152.45,237.4,81.87,45.89,124.91,36.34,1.46,10.59,16.34,1.53,8.6,2.76
135.85,341.78,26.92,27.72,54.67,6.63,2.5,14.53197725590996,18.54,3.280840304500585,8.700972080037227,3.0701278234985114
172.05,381.02,48.0,45.34,93.33,10.19,2.62,14.53197725590996,17.65,3.280840304500585,8.700972080037227,3.0701278234985114
143.05,314.95,83.26,55.96,139.18,9.55,2.56,14.53197725590996,11.32,3.280840304500585,8.700972080037227,3.0701278234985114
173.67,411.74,33.86,54.41,88.22,8.64,2.09,63.77,18.61,0.0,0.0,3.0701278234985114
193.1,415.79,70.66,68.73,139.34,6.54,1.77,66.46,26.16,0.0,0.0,3.0701278234985114
174.89,336.83,44.88,48.53,93.46,5.88,1.42,69.76,25.58,0.0,0.0,3.0701278234985114
209.23,448.44,70.66,69.51,140.12,5.42,1.96,79.83,24.45,0.0,0.0,3.0701278234985114
138.1,293.77,41.74,47.28,89.11,5.73,1.3,57.58,23.4,0.0,0.0,3.0701278234985114
135.54,290.37,23.46,32.28,55.72,8.2,1.23,39.42,21.31,0.0,0.0,3.0701278234985114
183.64,337.62,49.2,48.33,97.52,7.93,1.54,57.99,25.19,0.0,0.0,3.0701278234985114
172.69,365.85,36.01,44.13,80.14,15.4,2.34,57.81,29.15,0.0,0.0,3.0701278234985114
174.97,356.57,30.62,37.09,65.96,15.49,2.12,51.47,25.24,0.0,0.0,3.0701278234985114
207.2,446.6,46.95,59.91,106.99,12.05,2.41,59.2,21.31,0.0,0.0,3.0701278234985114
159.51,373.57,51.59,59.94,99.82,10.19,2.08,51.38,21.7,0.0,0.0,3.0701278234985114
202.82,450.74,81.8,76.15,153.57,13.07,2.69,45.31,20.57,0.0,0.0,3.0701278234985114
186.41,378.45,121.17,27.03,124.82,30.09,2.05,38.16,21.77,0.0,0.0,3.0701278234985114
198.3,392.54,113.49,32.55,118.98,28.91,2.43,50.51,26.23,0.0,0.0,3.0701278234985114
166.3,395.0,73.59,27.44,90.31,27.32,2.35,47.24,27.58,0.0,0.0,3.0701278234985114
173.38,404.44,80.8,30.83,104.99,25.67,2.27,50.81,24.1,0.0,0.0,3.0701278234985114
145.3,329.78,57.74,26.55,82.66,23.23,1.93,57.6,23.11,0.0,0.0,3.0701278234985114
147.24,333.81,73.26,35.12,101.13,25.13,2.05,59.84,29.6,0.0,0.0,3.0701278234985114
144.24,279.06,78.09,28.4,97.95,26.96,2.06,32.51,29.23,0.0,0.0,3.0701278234985114
82.18,164.53,32.1,27.52,59.55,23.7,1.69,60.2,6.41,0.0,0.0,3.0701278234985114
100.51,230.12,29.47,28.68,44.97,23.66,1.86,11.95,27.49,0.0,0.0,3.0701278234985114
183.49,355.28,110.03,32.85,142.85,10.97,3.19,70.46,21.09,0.0,0.0,3.0701278234985114
88.86,338.63,9.61,6.27,13.33,6.0,0.0,27.64,13.05,3.280840304500585,8.700972080037227,3.0701278234985114
89.14,345.01,15.52,2.58,18.1,6.55,1.9,19.73,13.65,3.280840304500585,8.700972080037227,3.0701278234985114
97.94,409.14,14.82,3.56,16.79,6.39,1.08,23.78,14.22,3.280840304500585,8.700972080037227,3.0701278234985114
80.16,345.27,33.69,5.52,23.7,6.86,0.02,19.06,9.75,3.280840304500585,8.700972080037227,3.0701278234985114
71.14,290.4,25.62,4.38,37.14,13.68,0.04,20.63,7.13,3.280840304500585,8.700972080037227,3.0701278234985114
85.04,420.2,22.47,0.15,21.96,6.93,1.62,31.4,11.35,3.280840304500585,8.700972080037227,3.0701278234985114
66.17,354.59,20.45,0.56,20.83,6.83,1.16,30.04,8.78,3.280840304500585,8.700972080037227,3.0701278234985114
66.46,368.49,22.89,0.34,22.18,6.96,1.21,30.7,7.11,3.280840304500585,8.700972080037227,3.0701278234985114
86.22,477.66,23.12,0.43,22.3,6.98,1.5,32.57,7.67,3.280840304500585,8.700972080037227,3.0701278234985114
95.3,440.33,22.67,0.33,22.04,6.94,2.22,29.56,8.46,3.280840304500585,8.700972080037227,3.0701278234985114
114.58,340.97,43.75,28.560659061126955,25.74,9.16,2.25,16.33,7.74,3.280840304500585,8.700972080037227,3.0701278234985114
164.15,379.95,7.82,6.14,13.42,6.0,4.74,36.42,10.82,3.280840304500585,8.700972080037227,3.0701278234985114
144.06,392.33,9.04,5.82,13.86,6.04,4.25,32.94,10.61,3.280840304500585,8.700972080037227,3.0701278234985114
149.95,391.11,10.25,4.88,15.1,6.18,4.07,32.26,8.41,3.280840304500585,8.700972080037227,3.0701278234985114
141.72,364.26,10.8,4.94,15.39,6.22,4.07,32.54,7.78,0.0,8.700972080037227,3.0701278234985114
151.23,388.52,11.55,5.19,15.81,6.26,4.16,33.8,6.71,0.0,8.700972080037227,3.0701278234985114
136.62,405.86,13.35,5.46,16.8,6.36,4.23,34.22,6.64,0.0,8.700972080037227,3.0701278234985114
94.54,248.18,14.49,5.92,17.43,6.42,3.33,22.56,7.05,0.0,8.700972080037227,3.0701278234985114
117.54,284.65,8.68,5.76,13.95,6.06,2.66,14.53197725590996,6.22,0.0,8.700972080037227,3.0701278234985114
126.07,309.11,9.07,5.36,14.43,6.1,2.95,14.53197725590996,6.74,0.0,8.700972080037227,3.0701278234985114
148.86,331.98,9.76,5.04,14.79,6.14,3.43,14.53197725590996,8.78,0.0,8.700972080037227,3.0701278234985114
129.5,394.06,9.77,5.05,14.78,6.13,3.31,14.53197725590996,8.79,0.0,8.700972080037227,3.0701278234985114
102.03,387.57,10.75,4.75,15.34,6.19,2.29,21.12,5.73,0.0,8.700972080037227,3.0701278234985114
115.57,385.7,11.0,5.06,9.54,5.88,1.77,30.61,16.34,0.0,8.700972080037227,3.0701278234985114
131.89,327.92,29.87,6.78,26.48,7.17,1.79,40.84,37.78,0.63,8.700972080037227,3.0701278234985114
104.12,375.0,20.27,0.51,20.72,6.81,2.2,30.04,12.35,0.0,8.700972080037227,3.0701278234985114
113.96,439.84,22.2,0.14,21.77,6.91,2.47,30.65,12.79,0.0,8.700972080037227,3.0701278234985114
95.67,362.96,28.49,28.560659061126955,25.24,7.26,3.05,27.86,10.52,0.0,8.700972080037227,3.0701278234985114
102.53,356.48,40.45,28.560659061126955,24.94,9.09,2.94,27.38,8.94,0.0,8.700972080037227,3.0701278234985114
99.74,421.57,27.75,28.560659061126955,24.82,7.23,3.25,28.85,10.57,0.0,8.700972080037227,3.0701278234985114
101.98,444.2,30.1,28.560659061126955,26.11,7.36,3.22,30.3,9.33,0.0,8.700972080037227,3.0701278234985114
82.05,386.16,31.41,28.560659061126955,26.83,7.42,2.87,24.02,10.03,0.0,8.700972080037227,3.0701278234985114
87.87,402.77,36.04,28.560659061126955,29.38,7.69,2.87,15.84,8.78,0.0,8.700972080037227,3.0701278234985114
106.94,502.63,29.05,28.560659061126955,25.58,7.31,3.33,30.23,10.23,0.0,8.700972080037227,3.0701278234985114
90.51,420.1,37.29,28.560659061126955,30.08,7.74,3.35,12.95,8.59,0.0,8.700972080037227,3.0701278234985114
94.73,427.68,38.14,28.560659061126955,30.54,7.8,3.78,15.27,12.42,0.0,8.700972080037227,3.0701278234985114
81.52,404.66,28.45,28.560659061126955,25.23,7.28,3.24,13.26,6.94,0.0,8.700972080037227,3.0701278234985114
85.0,392.46,25.44,7.38,32.83,7.59,1.85,32.51,11.68,0.0,8.700972080037227,3.0701278234985114
100.74,328.79,246.66,28.59,228.96,33.43,1.4,37.86,16.7,0.39,8.700972080037227,3.0701278234985114
203.95,305.67,24.57,27.87,52.44,23.48347601937197,0.8,39.72,17.08,0.0,8.700972080037227,3.0701278234985114
176.96,267.86,11.44,33.2,44.65,23.48347601937197,0.55,27.52,23.96,0.0,8.700972080037227,3.0701278234985114
169.9,235.1,11.81,33.06,44.87,23.48347601937197,0.32,15.89,37.04,0.0,8.700972080037227,3.0701278234985114
178.44,283.56,12.24,32.91,45.14,23.48347601937197,0.8,16.86,19.16,0.0,8.700972080037227,3.0701278234985114
137.35,204.65,10.81,33.51,44.32,23.48347601937197,0.47,11.81,28.76,0.0,8.700972080037227,3.0701278234985114
154.06,358.01,2.28,26.65,6.31,1.62,2.53,32.39,18.0,0.0,8.700972080037227,3.0701278234985114
186.5,338.01,3.0,24.71,8.47,1.91,2.29,30.12,20.07,0.0,8.700972080037227,3.0701278234985114
183.89,370.31,4.74,18.48,16.79,2.79,2.49,36.3,20.73,0.0,8.700972080037227,3.0701278234985114
153.15,305.06,0.78,18.97,16.05,2.72,1.99,32.83,30.07,0.0,8.700972080037227,3.0701278234985114
112.9,269.45,0.75,18.83,16.46,2.74,1.74,29.78,0.1,0.0,8.700972080037227,3.0701278234985114
230.77,379.17,17.574729662029362,23.19,10.53,2.18,3.14,25.9,19.7,0.0,8.700972080037227,3.0701278234985114
138.79,232.22,17.574729662029362,22.44,11.55,2.27,1.72,22.85,17.19,0.0,8.700972080037227,3.0701278234985114
136.05,303.35,1.43,22.55,11.27,2.26,2.07,2.54,27.09,0.0,8.700972080037227,3.0701278234985114
174.63,371.73,17.574729662029362,24.96,7.94,1.92,2.24,2.93,21.51,9.68,8.700972080037227,3.0701278234985114
173.53,356.94,178.12,25.1,69.59,15.64,2.12,5.97,8.62,0.46,8.700972080037227,3.0701278234985114
176.28,305.29,13.18,19.38,11.5,1.71,0.73,25.32,12.74,0.2,8.700972080037227,3.0701278234985114
151.02,253.09,8.25,10.45,17.91,1.61,1.29,19.29,22.41,0.0,8.700972080037227,3.0701278234985114
142.69,293.03,5.63,11.25,16.88,1.5,1.27,16.61,11.29,0.0,8.700972080037227,3.0701278234985114
136.38,264.73,5.51,11.27,16.77,1.49,1.46,15.52,6.46,0.0,8.700972080037227,3.0701278234985114
155.15,315.76,6.32,10.93,17.21,1.54,1.71,14.59,14.84,0.0,8.700972080037227,3.0701278234985114
133.73,243.63,8.21,10.1,18.32,1.64,1.31,13.24,14.46,0.0,8.700972080037227,3.0701278234985114
124.49,272.16,11.35,8.77,20.12,1.82,1.17,11.71,21.59,0.0,8.700972080037227,3.0701278234985114
192.23,320.31,14.12,7.6,21.72,1.99,1.43,9.89,9.33,0.0,8.700972080037227,3.0701278234985114
214.85,358.07,6.51,5.71,12.21,1.27,1.98,28.96,32.16,0.0,8.700972080037227,3.0701278234985114
193.13,321.8,8.91,5.71,30.93,2.85,1.82,13.53,17.04,0.0,8.700972080037227,3.0701278234985114
110.94,184.9,7.85,5.15,13.0,1.35,1.02,12.29,23.84,0.0,8.700972080037227,3.0701278234985114
118.16,196.93,17.77,6.59,17.76,1.68,1.92,31.01,29.85,0.0,8.700972080037227,3.0701278234985114
142.21,237.02,4.81,8.43,8.36,0.89,1.73,26.86,23.95,0.0,8.700972080037227,3.0701278234985114
145.62,242.7,6.84,5.59,12.43,1.28,1.72,28.01,26.1,0.0,8.700972080037227,3.0701278234985114
127.29,212.16,6.7,5.61,12.31,1.29,1.8,27.68,31.85,0.0,8.700972080037227,3.0701278234985114
152.3,253.76,13.2,4.98,16.16,1.62,2.07,29.0,42.85,0.0,8.700972080037227,3.0701278234985114
159.45,265.74,9.52,4.76,13.42,1.4,1.97,29.09,37.18,0.0,8.700972080037227,3.0701278234985114
109.82,187.89,11.14,5.05,14.27,1.47,1.99,40.37,27.18,0.0,8.700972080037227,3.0701278234985114
128.34,254.08,34.94,69.88,65.57,21.94,1.64,15.88,50.55,5.62,7.25,2.76
199.94,283.0,36.34,62.91,62.89,27.2,2.11,14.33,37.74,5.08,7.05,2.3
113.89,203.02,20.08,47.37,41.32,19.15,1.37,11.01,60.7,4.12,5.69,1.9
198.38,196.15,25.58,41.63,42.95,10.07,0.73,19.32,43.18,5.24,11.26,4.25
148.04,285.83,25.44,103.9,75.95,16.96,1.38,29.16,93.29,5.72,9.61,4.75
139.55,244.16,30.48,92.53,73.99,15.53,1.25,23.07,106.51,5.24,8.18,3.98
132.1,199.8,12.3,73.49,49.08,14.04,1.12,11.81,99.07,4.12,6.2,1.99
119.16,250.09,17.85,87.59,61.1,13.93,1.2,14.7,60.8,4.78,7.46,2.51
137.45,285.72,29.95,87.03,70.65,15.99,1.4,21.05,105.07,5.14,7.97,3.39
135.46,227.11,17.84,67.15,50.23,18.86,1.08,16.33,121.45,4.15,7.06,2.42
203.05,306.16,20.25,80.39,59.22,16.24,1.71,36.83,83.48,5.91,8.06,3.12
125.44,228.39,26.37,74.49,61.06,10.36,1.24,31.84,99.66,4.72,7.96,3.32
125.76,267.76,35.02,78.53,70.25,10.11,1.29,20.76,80.84,6.18,9.65,4.29
143.69,283.17,20.65,62.47,50.02,12.72,1.3,26.0,42.56,6.25,12.15,4.08
129.7,254.44,20.44,59.43,48.23,11.0,1.24,16.05,17.55,5.88,9.23,4.31
118.46,137.7,34.77,76.17,68.79,16.81,1.09,19.4,30.27,5.57,9.22,3.82
109.46,194.85,24.05,61.03,51.98,16.76,1.27,18.52,42.93,7.01,18.57,3.76
177.2,326.4,37.86,79.29,72.95,22.01,2.08,16.45,44.07,9.4,15.42,7.65
